asset,market_key,market_title,tf_slug,side,signal_ts,signed_open_pct,signed_move_30s_pct,ask_c,rule_key,entry_j,entry_ts,entry_price,size_usd,shares,exit_j,exit_ts,exit_price,exit_reason,won_up,won_side,pnl,return_pct
btc,btc:h1:1775340000,"Bitcoin Up or Down - April 4, 6PM ET",h1,UP,2026-04-04T22:17:10.535000+00:00,0.0856304706706842,0.0173547191771908,67.0,btc|h1|Up,4006,2026-04-04 22:17:10.535,0.67,12.870000000000001,19.208955223880597,4146.0,2026-04-04 22:17:45.970,0.61,stop_loss,True,True,-1.1525373134328376,-8.955223880597028
btc,btc:h1:1775372400,"Bitcoin Up or Down - April 5, 3AM ET",h1,DOWN,2026-04-05T07:33:28.978000+00:00,0.0834852244475695,0.0294301508452463,64.0,btc|h1|Down,5872,2026-04-05 07:33:28.978,0.64,14.075,21.9921875,6048.0,2026-04-05 07:34:31.194,0.58,stop_loss,True,False,-1.3195312500000007,-9.375000000000005
btc,btc:h1:1775545200,"Bitcoin Up or Down - April 7, 3AM ET",h1,UP,2026-04-07T07:25:10.704000+00:00,0.0808827979672718,0.0525461091013548,66.0,btc|h1|Up,4577,2026-04-07 07:25:10.704,0.66,12.870000000000001,19.5,4824.0,2026-04-07 07:26:45.169,0.6,stop_loss,True,True,-1.1700000000000017,-9.090909090909104
btc,btc:h1:1775545200,"Bitcoin Up or Down - April 7, 3AM ET",h1,DOWN,2026-04-07T07:22:19.444000+00:00,0.0759242420154666,0.0520356695180904,63.0,btc|h1|Down,4002,2026-04-07 07:22:19.444,0.63,14.075,22.34126984126984,4070.0,2026-04-07 07:22:40.615,0.57,stop_loss,True,False,-1.340476190476192,-9.523809523809534
btc,btc:h1:1775548800,"Bitcoin Up or Down - April 7, 4AM ET",h1,UP,2026-04-07T08:17:39.560000+00:00,0.0964085624676096,-0.0177924508423317,67.0,btc|h1|Up,3698,2026-04-07 08:17:39.560,0.67,12.870000000000001,19.208955223880597,3761.0,2026-04-07 08:18:04.660,0.61,stop_loss,True,True,-1.1525373134328376,-8.955223880597028
btc,btc:h1:1775559600,"Bitcoin Up or Down - April 7, 7AM ET",h1,UP,2026-04-07T11:12:11.300000+00:00,0.1128551232430545,0.0336909399215439,66.0,btc|h1|Up,3158,2026-04-07 11:12:11.300,0.66,12.870000000000001,19.5,3602.0,2026-04-07 11:14:35.421,0.6,stop_loss,True,True,-1.1700000000000017,-9.090909090909104
btc,btc:h1:1775563200,"Bitcoin Up or Down - April 7, 8AM ET",h1,UP,2026-04-07T12:22:40.060000+00:00,0.084496853790741,0.0387002906106681,56.99999999999999,btc|h1|Up,5525,2026-04-07 12:22:40.060,0.57,12.870000000000001,22.578947368421055,7424.0,2026-04-07 12:33:07.327,0.51,stop_loss,True,True,-1.3547368421052628,-10.526315789473681
btc,btc:h1:1775563200,"Bitcoin Up or Down - April 7, 8AM ET",h1,DOWN,2026-04-07T12:20:48.131000+00:00,0.0771957403636412,0.0275657268470735,60.0,btc|h1|Down,5065,2026-04-07 12:20:48.131,0.6,14.075,23.458333333333332,5131.0,2026-04-07 12:21:06.109,0.54,stop_loss,True,False,-1.4074999999999989,-9.999999999999993
btc,btc:h1:1775566800,"Bitcoin Up or Down - April 7, 9AM ET",h1,UP,2026-04-07T13:11:44.711000+00:00,0.2445747452413479,-0.0188764271002964,65.0,btc|h1|Up,2057,2026-04-07 13:11:44.711,0.65,12.870000000000001,19.8,2511.0,2026-04-07 13:14:13.084,0.57,stop_loss,False,False,-1.5840000000000014,-12.307692307692317
btc,btc:h1:1775566800,"Bitcoin Up or Down - April 7, 9AM ET",h1,DOWN,2026-04-07T13:44:37.419000+00:00,0.1113723820471847,0.0496986643794732,67.0,btc|h1|Down,10386,2026-04-07 13:44:37.419,0.67,14.075,21.007462686567163,10435.0,2026-04-07 13:44:48.707,0.61,stop_loss,False,True,-1.2604477611940297,-8.955223880597014
btc,btc:h1:1775570400,"Bitcoin Up or Down - April 7, 10AM ET",h1,DOWN,2026-04-07T14:21:50.823000+00:00,0.2337026615078063,-0.1933550240356328,69.0,btc|h1|Down,7405,2026-04-07 14:21:50.823,0.69,14.075,20.398550724637683,7664.0,2026-04-07 14:22:42.682,0.61,stop_loss,False,True,-1.6318840579710123,-11.594202898550709
btc,btc:h1:1775833200,"Bitcoin Up or Down - April 10, 11AM ET",h1,UP,2026-04-10T15:11:58.929000+00:00,0.2761936490959418,0.0155399217572507,60.0,btc|h1|Up,3023,2026-04-10 15:11:58.929,0.6,12.870000000000001,21.450000000000003,3289.0,2026-04-10 15:13:06.198,0.53,stop_loss,False,False,-1.5014999999999983,-11.666666666666654
btc,btc:h1:1775833200,"Bitcoin Up or Down - April 10, 11AM ET",h1,DOWN,2026-04-10T15:28:18.381000+00:00,0.1149926778577114,0.0478404652156128,67.0,btc|h1|Down,7490,2026-04-10 15:28:18.381,0.67,14.075,21.007462686567163,,2026-04-10 15:59:59.908,,settlement,False,True,6.932462686567163,49.25373134328358
btc,btc:h1:1775840400,"Bitcoin Up or Down - April 10, 1PM ET",h1,DOWN,2026-04-10T17:20:44.564000+00:00,0.1327810743950744,0.0247149255270979,68.0,btc|h1|Down,4542,2026-04-10 17:20:44.564,0.68,14.075,20.698529411764703,5125.0,2026-04-10 17:23:05.623,0.62,stop_loss,True,False,-1.2419117647058844,-8.82352941176472
btc,btc:h1:1775844000,"Bitcoin Up or Down - April 10, 2PM ET",h1,DOWN,2026-04-10T18:21:06.838000+00:00,0.1208670425607137,-0.07278280159628,71.0,btc|h1|Down,4653,2026-04-10 18:21:06.838,0.71,14.075,19.823943661971832,12406.0,2026-04-10 18:57:05.943,0.64,stop_loss,False,True,-1.3876760563380266,-9.859154929577455
btc,btc:h1:1775847600,"Bitcoin Up or Down - April 10, 3PM ET",h1,UP,2026-04-10T19:11:45.235000+00:00,0.1107006476938455,0.0706361231547091,56.99999999999999,btc|h1|Up,2284,2026-04-10 19:11:45.235,0.57,12.870000000000001,22.578947368421055,2869.0,2026-04-10 19:15:43.581,0.51,stop_loss,True,True,-1.3547368421052628,-10.526315789473681
btc,btc:h1:1775847600,"Bitcoin Up or Down - April 10, 3PM ET",h1,DOWN,2026-04-10T19:21:16.596000+00:00,0.0811959773521228,0.0251685644083317,68.0,btc|h1|Down,3770,2026-04-10 19:21:16.596,0.68,14.075,20.698529411764703,6088.0,2026-04-10 19:34:57.958,0.61,stop_loss,True,False,-1.4488970588235315,-10.294117647058838
btc,btc:h1:1775851200,"Bitcoin Up or Down - April 10, 4PM ET",h1,UP,2026-04-10T20:32:02.428000+00:00,0.0906793234483935,-0.0479681468565429,61.0,btc|h1|Up,7720,2026-04-10 20:32:02.428,0.61,12.870000000000001,21.098360655737707,7812.0,2026-04-10 20:32:21.748,0.55,stop_loss,True,True,-1.2659016393442606,-9.836065573770478
btc,btc:h1:1775851200,"Bitcoin Up or Down - April 10, 4PM ET",h1,DOWN,2026-04-10T20:22:45.969000+00:00,0.0959226392448532,0.1022583124988897,68.0,btc|h1|Down,5610,2026-04-10 20:22:45.969,0.68,14.075,20.698529411764703,6335.0,2026-04-10 20:26:01.970,0.58,stop_loss,True,False,-2.069852941176473,-14.705882352941194
btc,btc:h1:1775854800,"Bitcoin Up or Down - April 10, 5PM ET",h1,DOWN,2026-04-10T21:23:21.661000+00:00,0.2449235077495404,-0.1025194624768767,71.0,btc|h1|Down,4123,2026-04-10 21:23:21.661,0.71,14.075,19.823943661971832,4298.0,2026-04-10 21:24:17.716,0.55,stop_loss,False,True,-3.1718309859154914,-22.53521126760562
btc,btc:m15:1775340900,"Bitcoin Up or Down - April 4, 6:15PM-6:30PM ET",m15,UP,2026-04-04T22:19:06.660000+00:00,0.0442798032457162,0.0329427490635015,51.0,btc|m15|Up,940,2026-04-04 22:19:06.660,0.51,16.299999999999997,31.960784313725483,,2026-04-04 22:29:59.599,,settlement,True,True,15.660784313725486,96.078431372549
btc,btc:m15:1775352600,"Bitcoin Up or Down - April 4, 9:30PM-9:45PM ET",m15,DOWN,2026-04-05T01:33:42.155000+00:00,0.0537611903791319,-0.0149411122056654,60.0,btc|m15|Down,551,2026-04-05 01:33:42.155,0.6,11.2,18.666666666666668,,2026-04-05 01:44:59.961,,settlement,False,True,7.466666666666669,66.66666666666669
btc,btc:m15:1775354400,"Bitcoin Up or Down - April 4, 10:00PM-10:15PM ET",m15,DOWN,2026-04-05T02:03:33.130000+00:00,0.0898859655660772,-0.0207348885742021,61.0,btc|m15|Down,1103,2026-04-05 02:03:33.130,0.61,11.2,18.360655737704917,,2026-04-05 02:14:59.691,,settlement,False,True,7.160655737704918,63.934426229508205
btc,btc:m15:1775376000,"Bitcoin Up or Down - April 5, 4:00AM-4:15AM ET",m15,UP,2026-04-05T08:04:46.643000+00:00,0.0448663766165602,-0.0163272904898897,72.0,btc|m15|Up,865,2026-04-05 08:04:46.643,0.72,16.299999999999997,22.638888888888886,,2026-04-05 08:14:59.864,,settlement,True,True,6.338888888888889,38.88888888888889
btc,btc:m15:1775379600,"Bitcoin Up or Down - April 5, 5:00AM-5:15AM ET",m15,DOWN,2026-04-05T09:07:06.682000+00:00,0.0463596679554129,0.0619423729755652,55.00000000000001,btc|m15|Down,1650,2026-04-05 09:07:06.682,0.55,11.2,20.36363636363636,,2026-04-05 09:14:59.980,,settlement,False,True,9.16363636363636,81.81818181818178
btc,btc:m15:1775388600,"Bitcoin Up or Down - April 5, 7:30AM-7:45AM ET",m15,DOWN,2026-04-05T11:36:02.678000+00:00,0.0450081002642039,0.0169377300397519,71.0,btc|m15|Down,1256,2026-04-05 11:36:02.678,0.71,11.2,15.774647887323944,,2026-04-05 11:44:59.114,,settlement,False,True,4.574647887323945,40.84507042253522
btc,btc:m15:1775393100,"Bitcoin Up or Down - April 5, 8:45AM-9:00AM ET",m15,UP,2026-04-05T12:52:34.623000+00:00,0.0424601093714832,0.0476889654655805,70.0,btc|m15|Up,1446,2026-04-05 12:52:34.623,0.7,16.299999999999997,23.285714285714285,,2026-04-05 12:59:59.975,,settlement,True,True,6.9857142857142875,42.857142857142875
btc,btc:m15:1775393100,"Bitcoin Up or Down - April 5, 8:45AM-9:00AM ET",m15,DOWN,2026-04-05T12:48:38.815000+00:00,0.0611731215821436,0.0144430294404066,60.0,btc|m15|Down,670,2026-04-05 12:48:38.815,0.6,11.2,18.666666666666668,,2026-04-05 12:59:59.975,,settlement,True,False,-11.2,-100.0
btc,btc:m15:1775394900,"Bitcoin Up or Down - April 5, 9:15AM-9:30AM ET",m15,UP,2026-04-05T13:19:18.582000+00:00,0.0492806965564457,0.0431243542206716,72.0,btc|m15|Up,863,2026-04-05 13:19:18.582,0.72,16.299999999999997,22.638888888888886,,2026-04-05 13:29:59.921,,settlement,False,False,-16.299999999999997,-100.0
btc,btc:m15:1775397600,"Bitcoin Up or Down - April 5, 10:00AM-10:15AM ET",m15,UP,2026-04-05T14:03:20.653000+00:00,0.0781872517405303,0.0194346897251785,69.0,btc|m15|Up,854,2026-04-05 14:03:20.653,0.69,16.299999999999997,23.623188405797098,,2026-04-05 14:14:59.540,,settlement,False,False,-16.299999999999997,-100.0
btc,btc:m15:1775401200,"Bitcoin Up or Down - April 5, 11:00AM-11:15AM ET",m15,UP,2026-04-05T15:10:09.592000+00:00,0.0404823632733906,0.0694282243514817,65.0,btc|m15|Up,3248,2026-04-05 15:10:09.592,0.65,16.299999999999997,25.076923076923073,,2026-04-05 15:14:59.934,,settlement,True,True,8.776923076923076,53.846153846153854
btc,btc:m15:1775403000,"Bitcoin Up or Down - April 5, 11:30AM-11:45AM ET",m15,UP,2026-04-05T15:38:03.167000+00:00,0.0667555654452655,0.0395407465986325,57.99999999999999,btc|m15|Up,3844,2026-04-05 15:38:03.167,0.58,16.299999999999997,28.103448275862068,,2026-04-05 15:44:58.693,,settlement,False,False,-16.299999999999997,-100.0
btc,btc:m15:1775403000,"Bitcoin Up or Down - April 5, 11:30AM-11:45AM ET",m15,DOWN,2026-04-05T15:35:14.104000+00:00,0.0474666736987785,0.0558814897602224,63.0,btc|m15|Down,2979,2026-04-05 15:35:14.104,0.63,11.2,17.777777777777775,,2026-04-05 15:44:58.693,,settlement,False,True,6.577777777777776,58.73015873015871
btc,btc:m15:1775403900,"Bitcoin Up or Down - April 5, 11:45AM-12:00PM ET",m15,DOWN,2026-04-05T15:48:43.845000+00:00,0.0943247800435406,-0.0147544656726036,71.0,btc|m15|Down,795,2026-04-05 15:48:43.845,0.71,11.2,15.774647887323944,,2026-04-05 15:59:59.869,,settlement,False,True,4.574647887323945,40.84507042253522
btc,btc:m15:1775404800,"Bitcoin Up or Down - April 5, 12:00PM-12:15PM ET",m15,UP,2026-04-05T16:06:30.928000+00:00,0.0723405488165022,0.0303090407857086,72.0,btc|m15|Up,1192,2026-04-05 16:06:30.928,0.72,16.299999999999997,22.638888888888886,,2026-04-05 16:14:59.718,,settlement,False,False,-16.299999999999997,-100.0
btc,btc:m15:1775405700,"Bitcoin Up or Down - April 5, 12:15PM-12:30PM ET",m15,UP,2026-04-05T16:19:38.912000+00:00,0.0694998079356448,-0.0155434678427886,70.0,btc|m15|Up,768,2026-04-05 16:19:38.912,0.7,16.299999999999997,23.285714285714285,,2026-04-05 16:29:59.077,,settlement,True,True,6.9857142857142875,42.857142857142875
btc,btc:m15:1775406600,"Bitcoin Up or Down - April 5, 12:30PM-12:45PM ET",m15,UP,2026-04-05T16:34:48.954000+00:00,0.0602891204204947,-0.0173633855066712,67.0,btc|m15|Up,733,2026-04-05 16:34:48.954,0.67,16.299999999999997,24.32835820895522,,2026-04-05 16:44:59.745,,settlement,True,True,8.028358208955222,49.25373134328358
btc,btc:m15:1775408400,"Bitcoin Up or Down - April 5, 1:00PM-1:15PM ET",m15,UP,2026-04-05T17:06:46.855000+00:00,0.050972570329812,0.0129142414028906,67.0,btc|m15|Up,1537,2026-04-05 17:06:46.855,0.67,16.299999999999997,24.32835820895522,,2026-04-05 17:14:59.270,,settlement,True,True,8.028358208955222,49.25373134328358
btc,btc:m15:1775409300,"Bitcoin Up or Down - April 5, 1:15PM-1:30PM ET",m15,UP,2026-04-05T17:27:22.831000+00:00,0.0459687569991527,0.0236011594292355,69.0,btc|m15|Up,2203,2026-04-05 17:27:22.831,0.69,16.299999999999997,23.623188405797098,,2026-04-05 17:30:00.000,,settlement,True,True,7.323188405797101,44.92753623188406
btc,btc:m15:1775410200,"Bitcoin Up or Down - April 5, 1:30PM-1:45PM ET",m15,DOWN,2026-04-05T17:34:17.906000+00:00,0.049807282644461,0.027205409005565,60.0,btc|m15|Down,676,2026-04-05 17:34:17.906,0.6,11.2,18.666666666666668,,2026-04-05 17:44:57.542,,settlement,True,False,-11.2,-100.0
btc,btc:m15:1775411100,"Bitcoin Up or Down - April 5, 1:45PM-2:00PM ET",m15,DOWN,2026-04-05T17:50:45.734000+00:00,0.0553733118748184,0.0242425250111477,71.0,btc|m15|Down,1356,2026-04-05 17:50:45.734,0.71,11.2,15.774647887323944,,2026-04-05 17:59:59.050,,settlement,True,False,-11.2,-100.0
btc,btc:m15:1775412000,"Bitcoin Up or Down - April 5, 2:00PM-2:15PM ET",m15,DOWN,2026-04-05T18:05:47.823000+00:00,0.0542942313937643,-0.030486700733393,68.0,btc|m15|Down,993,2026-04-05 18:05:47.823,0.68,11.2,16.470588235294116,,2026-04-05 18:14:59.710,,settlement,False,True,5.270588235294117,47.05882352941176
btc,btc:m15:1775416500,"Bitcoin Up or Down - April 5, 3:15PM-3:30PM ET",m15,UP,2026-04-05T19:19:13.756000+00:00,0.0576846431435733,0.0172653444636454,70.0,btc|m15|Up,733,2026-04-05 19:19:13.756,0.7,16.299999999999997,23.285714285714285,,2026-04-05 19:29:59.989,,settlement,True,True,6.9857142857142875,42.857142857142875
btc,btc:m15:1775417400,"Bitcoin Up or Down - April 5, 3:30PM-3:45PM ET",m15,DOWN,2026-04-05T19:35:27.500000+00:00,0.0638847690706497,0.0427479522041298,64.0,btc|m15|Down,750,2026-04-05 19:35:27.500,0.64,11.2,17.5,,2026-04-05 19:44:57.275,,settlement,False,True,6.300000000000001,56.250000000000014
btc,btc:m15:1775418300,"Bitcoin Up or Down - April 5, 3:45PM-4:00PM ET",m15,DOWN,2026-04-05T19:49:56.434000+00:00,0.0477203646061611,0.0463238159533213,62.0,btc|m15|Down,913,2026-04-05 19:49:56.434,0.62,11.2,18.064516129032256,,2026-04-05 19:59:59.649,,settlement,True,False,-11.2,-100.0
btc,btc:m15:1775419200,"Bitcoin Up or Down - April 5, 4:00PM-4:15PM ET",m15,UP,2026-04-05T20:04:03.166000+00:00,0.0508751279115382,-0.0314722121892131,69.0,btc|m15|Up,737,2026-04-05 20:04:03.166,0.69,16.299999999999997,23.623188405797098,,2026-04-05 20:14:57.752,,settlement,True,True,7.323188405797101,44.92753623188406
btc,btc:m15:1775421000,"Bitcoin Up or Down - April 5, 4:30PM-4:45PM ET",m15,UP,2026-04-05T20:37:24.519000+00:00,0.0458660941234665,0.0241704683410022,51.0,btc|m15|Up,1236,2026-04-05 20:37:24.519,0.51,16.299999999999997,31.960784313725483,,2026-04-05 20:44:59.589,,settlement,True,True,15.660784313725486,96.078431372549
btc,btc:m15:1775548800,"Bitcoin Up or Down - April 7, 4:00AM-4:15AM ET",m15,UP,2026-04-07T08:03:29.137000+00:00,0.0959422574496183,-0.0909731946017727,72.0,btc|m15|Up,1120,2026-04-07 08:03:29.137,0.72,16.299999999999997,22.638888888888886,,2026-04-07 08:14:58.308,,settlement,True,True,6.338888888888889,38.88888888888889
btc,btc:m15:1775549700,"Bitcoin Up or Down - April 7, 4:15AM-4:30AM ET",m15,UP,2026-04-07T08:19:59.415000+00:00,0.0543973467945056,0.0703862968151505,67.0,btc|m15|Up,929,2026-04-07 08:19:59.415,0.67,16.299999999999997,24.32835820895522,,2026-04-07 08:29:58.519,,settlement,True,True,8.028358208955222,49.25373134328358
btc,btc:m15:1775549700,"Bitcoin Up or Down - April 7, 4:15AM-4:30AM ET",m15,DOWN,2026-04-07T08:19:06.648000+00:00,0.0663708735160506,-0.0305084878919728,71.0,btc|m15|Down,675,2026-04-07 08:19:06.648,0.71,11.2,15.774647887323944,,2026-04-07 08:29:58.519,,settlement,True,False,-11.2,-100.0
btc,btc:m15:1775551500,"Bitcoin Up or Down - April 7, 4:45AM-5:00AM ET",m15,UP,2026-04-07T08:51:19.590000+00:00,0.0449513131427896,0.037246617442703,59.0,btc|m15|Up,1430,2026-04-07 08:51:19.590,0.59,16.299999999999997,27.627118644067792,,2026-04-07 08:59:58.594,,settlement,True,True,11.327118644067795,69.49152542372882
btc,btc:m15:1775552400,"Bitcoin Up or Down - April 7, 5:00AM-5:15AM ET",m15,UP,2026-04-07T09:03:21.545000+00:00,0.0529326102159367,0.0223973554873772,62.0,btc|m15|Up,770,2026-04-07 09:03:21.545,0.62,16.299999999999997,26.290322580645157,,2026-04-07 09:14:59.726,,settlement,True,True,9.99032258064516,61.29032258064516
btc,btc:m15:1775556900,"Bitcoin Up or Down - April 7, 6:15AM-6:30AM ET",m15,DOWN,2026-04-07T10:25:40.989000+00:00,0.0493938085354476,0.0936363826319511,67.0,btc|m15|Down,1948,2026-04-07 10:25:40.989,0.67,11.2,16.71641791044776,,2026-04-07 10:29:59.892,,settlement,False,True,5.51641791044776,49.25373134328358
btc,btc:m15:1775557800,"Bitcoin Up or Down - April 7, 6:30AM-6:45AM ET",m15,DOWN,2026-04-07T10:33:52.761000+00:00,0.0451139983164735,0.0394983893676943,53.0,btc|m15|Down,692,2026-04-07 10:33:52.761,0.53,11.2,21.132075471698112,,2026-04-07 10:44:56.282,,settlement,False,True,9.932075471698113,88.67924528301887
btc,btc:m15:1775558700,"Bitcoin Up or Down - April 7, 6:45AM-7:00AM ET",m15,DOWN,2026-04-07T10:48:32.604000+00:00,0.0750355608389584,0.0469958027987081,62.0,btc|m15|Down,760,2026-04-07 10:48:32.604,0.62,11.2,18.064516129032256,,2026-04-07 10:59:59.134,,settlement,False,True,6.864516129032257,61.29032258064515
btc,btc:m15:1775559600,"Bitcoin Up or Down - April 7, 7:00AM-7:15AM ET",m15,UP,2026-04-07T11:07:08.816000+00:00,0.0401389667007981,0.0356106933489965,66.0,btc|m15|Up,2189,2026-04-07 11:07:08.816,0.66,16.299999999999997,24.696969696969692,,2026-04-07 11:14:59.897,,settlement,True,True,8.396969696969695,51.515151515151516
btc,btc:m15:1775560500,"Bitcoin Up or Down - April 7, 7:15AM-7:30AM ET",m15,UP,2026-04-07T11:26:06.150000+00:00,0.0466325299574064,0.0721948235989522,71.0,btc|m15|Up,2692,2026-04-07 11:26:06.150,0.71,16.299999999999997,22.957746478873236,,2026-04-07 11:29:59.599,,settlement,True,True,6.657746478873239,40.845070422535215
btc,btc:m15:1775560500,"Bitcoin Up or Down - April 7, 7:15AM-7:30AM ET",m15,DOWN,2026-04-07T11:19:34.424000+00:00,0.050158868118609,0.0406041012337062,65.0,btc|m15|Down,1169,2026-04-07 11:19:34.424,0.65,11.2,17.23076923076923,,2026-04-07 11:29:59.599,,settlement,True,False,-11.2,-100.0
btc,btc:m15:1775561400,"Bitcoin Up or Down - April 7, 7:30AM-7:45AM ET",m15,UP,2026-04-07T11:37:47.987000+00:00,0.0407293016540861,0.1299535276474457,63.0,btc|m15|Up,1281,2026-04-07 11:37:47.987,0.63,16.299999999999997,25.87301587301587,,2026-04-07 11:44:55.555,,settlement,True,True,9.573015873015873,58.73015873015874
btc,btc:m15:1775563200,"Bitcoin Up or Down - April 7, 8:00AM-8:15AM ET",m15,UP,2026-04-07T12:03:22.635000+00:00,0.0423727945589466,0.0255173182703155,62.0,btc|m15|Up,871,2026-04-07 12:03:22.635,0.62,16.299999999999997,26.290322580645157,,2026-04-07 12:14:59.934,,settlement,False,False,-16.299999999999997,-100.0
btc,btc:m15:1775563200,"Bitcoin Up or Down - April 7, 8:00AM-8:15AM ET",m15,DOWN,2026-04-07T12:06:45.897000+00:00,0.2164875235823131,0.2967119823415595,63.0,btc|m15|Down,1483,2026-04-07 12:06:45.897,0.63,11.2,17.777777777777775,,2026-04-07 12:14:59.934,,settlement,False,True,6.577777777777776,58.73015873015871
btc,btc:m15:1775564100,"Bitcoin Up or Down - April 7, 8:15AM-8:30AM ET",m15,UP,2026-04-07T12:18:50.152000+00:00,0.0436647385923456,0.0491283237969509,57.99999999999999,btc|m15|Up,957,2026-04-07 12:18:50.152,0.58,16.299999999999997,28.103448275862068,,2026-04-07 12:29:59.599,,settlement,True,True,11.80344827586207,72.4137931034483
btc,btc:m15:1775565000,"Bitcoin Up or Down - April 7, 8:30AM-8:45AM ET",m15,DOWN,2026-04-07T12:34:46.543000+00:00,0.0804403877390282,-0.0380279594652995,71.0,btc|m15|Down,892,2026-04-07 12:34:46.543,0.71,11.2,15.774647887323944,,2026-04-07 12:44:58.826,,settlement,False,True,4.574647887323945,40.84507042253522
btc,btc:m15:1775565900,"Bitcoin Up or Down - April 7, 8:45AM-9:00AM ET",m15,UP,2026-04-07T12:54:09.323000+00:00,0.0393439052514521,0.0166274837669807,65.0,btc|m15|Up,1763,2026-04-07 12:54:09.323,0.65,16.299999999999997,25.076923076923073,,2026-04-07 12:59:59.677,,settlement,True,True,8.776923076923076,53.846153846153854
btc,btc:m15:1775565900,"Bitcoin Up or Down - April 7, 8:45AM-9:00AM ET",m15,DOWN,2026-04-07T12:48:45.416000+00:00,0.0569666961453193,0.0760824477295374,63.0,btc|m15|Down,755,2026-04-07 12:48:45.416,0.63,11.2,17.777777777777775,,2026-04-07 12:59:59.677,,settlement,True,False,-11.2,-100.0
btc,btc:m15:1775566800,"Bitcoin Up or Down - April 7, 9:00AM-9:15AM ET",m15,UP,2026-04-07T13:04:36.737000+00:00,0.0440108796064196,0.0399899520676279,57.99999999999999,btc|m15|Up,837,2026-04-07 13:04:36.737,0.58,16.299999999999997,28.103448275862068,,2026-04-07 13:14:59.855,,settlement,True,True,11.80344827586207,72.4137931034483
btc,btc:m15:1775568600,"Bitcoin Up or Down - April 7, 9:30AM-9:45AM ET",m15,DOWN,2026-04-07T13:33:35.540000+00:00,0.0835110931469245,0.0420841004457921,64.0,btc|m15|Down,1334,2026-04-07 13:33:35.540,0.64,11.2,17.5,,2026-04-07 13:44:59.307,,settlement,False,True,6.300000000000001,56.250000000000014
btc,btc:m15:1775569500,"Bitcoin Up or Down - April 7, 9:45AM-10:00AM ET",m15,UP,2026-04-07T13:51:34.534000+00:00,0.0417334726595329,0.0588248808174216,60.0,btc|m15|Up,2158,2026-04-07 13:51:34.534,0.6,16.299999999999997,27.166666666666664,,2026-04-07 13:59:59.665,,settlement,False,False,-16.299999999999997,-100.0
btc,btc:m15:1775569500,"Bitcoin Up or Down - April 7, 9:45AM-10:00AM ET",m15,DOWN,2026-04-07T13:49:32.468000+00:00,0.1106551613784445,-0.0660682430076227,67.0,btc|m15|Down,1431,2026-04-07 13:49:32.468,0.67,11.2,16.71641791044776,,2026-04-07 13:59:59.665,,settlement,False,True,5.51641791044776,49.25373134328358
btc,btc:m15:1775570400,"Bitcoin Up or Down - April 7, 10:00AM-10:15AM ET",m15,DOWN,2026-04-07T14:03:32.471000+00:00,0.0959813577207252,0.0725612615781588,66.0,btc|m15|Down,1299,2026-04-07 14:03:32.471,0.66,11.2,16.96969696969697,,2026-04-07 14:14:59.193,,settlement,False,True,5.7696969696969695,51.515151515151516
btc,btc:m15:1775571300,"Bitcoin Up or Down - April 7, 10:15AM-10:30AM ET",m15,UP,2026-04-07T14:20:22.630000+00:00,0.045557811433976,0.090732660340527,61.0,btc|m15|Up,1879,2026-04-07 14:20:22.630,0.61,16.299999999999997,26.72131147540983,,2026-04-07 14:29:59.711,,settlement,True,True,10.421311475409833,63.93442622950819
btc,btc:m15:1775571300,"Bitcoin Up or Down - April 7, 10:15AM-10:30AM ET",m15,DOWN,2026-04-07T14:18:33.375000+00:00,0.0723651883527398,0.055249709243058,56.99999999999999,btc|m15|Down,1292,2026-04-07 14:18:33.375,0.57,11.2,19.649122807017545,,2026-04-07 14:29:59.711,,settlement,True,False,-11.2,-100.0
btc,btc:m15:1775572200,"Bitcoin Up or Down - April 7, 10:30AM-10:45AM ET",m15,UP,2026-04-07T14:33:53.200000+00:00,0.0911648588742228,0.1799819988654699,65.0,btc|m15|Up,1000,2026-04-07 14:33:53.200,0.65,16.299999999999997,25.076923076923073,,2026-04-07 14:44:59.931,,settlement,False,False,-16.299999999999997,-100.0
btc,btc:m15:1775572200,"Bitcoin Up or Down - April 7, 10:30AM-10:45AM ET",m15,DOWN,2026-04-07T14:33:36.421000+00:00,0.1045175100210853,-0.0518405675845197,65.0,btc|m15|Down,883,2026-04-07 14:33:36.421,0.65,11.2,17.23076923076923,,2026-04-07 14:44:59.931,,settlement,False,True,6.030769230769231,53.84615384615385
btc,btc:m15:1775573100,"Bitcoin Up or Down - April 7, 10:45AM-11:00AM ET",m15,UP,2026-04-07T14:48:49.853000+00:00,0.1021329387036147,-0.0454855549906941,68.0,btc|m15|Up,1143,2026-04-07 14:48:49.853,0.68,16.299999999999997,23.970588235294112,,2026-04-07 14:59:59.626,,settlement,False,False,-16.299999999999997,-100.0
btc,btc:m15:1775573100,"Bitcoin Up or Down - April 7, 10:45AM-11:00AM ET",m15,DOWN,2026-04-07T14:55:58.164000+00:00,0.0452502595235532,0.0458237922246958,65.0,btc|m15|Down,2605,2026-04-07 14:55:58.164,0.65,11.2,17.23076923076923,,2026-04-07 14:59:59.626,,settlement,False,True,6.030769230769231,53.84615384615385
btc,btc:m15:1775574000,"Bitcoin Up or Down - April 7, 11:00AM-11:15AM ET",m15,UP,2026-04-07T15:03:51.431000+00:00,0.0428821016297052,0.0464629781575356,56.99999999999999,btc|m15|Up,1421,2026-04-07 15:03:51.431,0.57,16.299999999999997,28.596491228070175,,2026-04-07 15:14:59.977,,settlement,True,True,12.296491228070177,75.4385964912281
btc,btc:m15:1775574000,"Bitcoin Up or Down - April 7, 11:00AM-11:15AM ET",m15,DOWN,2026-04-07T15:05:15.161000+00:00,0.0883430238041303,0.1188762590538679,65.0,btc|m15|Down,1918,2026-04-07 15:05:15.161,0.65,11.2,17.23076923076923,,2026-04-07 15:14:59.977,,settlement,True,False,-11.2,-100.0
btc,btc:m15:1775806200,"Bitcoin Up or Down - April 10, 3:30AM-3:45AM ET",m15,UP,2026-04-10T07:33:31.554000+00:00,0.0445755203010348,0.0343971875453992,71.0,btc|m15|Up,824,2026-04-10 07:33:31.554,0.71,16.299999999999997,22.957746478873236,,2026-04-10 07:44:57.397,,settlement,False,False,-16.299999999999997,-100.0
btc,btc:m15:1775807100,"Bitcoin Up or Down - April 10, 3:45AM-4:00AM ET",m15,DOWN,2026-04-10T07:50:45.969000+00:00,0.0602002852605998,0.0376216896297213,49.0,btc|m15|Down,1258,2026-04-10 07:50:45.969,0.49,11.2,22.857142857142858,,2026-04-10 07:59:59.534,,settlement,False,True,11.657142857142858,104.08163265306125
btc,btc:m15:1775808000,"Bitcoin Up or Down - April 10, 4:00AM-4:15AM ET",m15,UP,2026-04-10T08:06:05.517000+00:00,0.0456899198887395,0.05262874421968,68.0,btc|m15|Up,1596,2026-04-10 08:06:05.517,0.68,16.299999999999997,23.970588235294112,,2026-04-10 08:14:59.949,,settlement,True,True,7.670588235294115,47.05882352941176
btc,btc:m15:1775808000,"Bitcoin Up or Down - April 10, 4:00AM-4:15AM ET",m15,DOWN,2026-04-10T08:03:54.652000+00:00,0.0625893146302246,0.0650374885373073,57.99999999999999,btc|m15|Down,829,2026-04-10 08:03:54.652,0.58,11.2,19.310344827586206,,2026-04-10 08:14:59.949,,settlement,True,False,-11.2,-100.0
btc,btc:m15:1775808900,"Bitcoin Up or Down - April 10, 4:15AM-4:30AM ET",m15,UP,2026-04-10T08:19:55.243000+00:00,0.0483884549754771,0.0343257784501446,68.0,btc|m15|Up,919,2026-04-10 08:19:55.243,0.68,16.299999999999997,23.970588235294112,,2026-04-10 08:29:59.544,,settlement,True,True,7.670588235294115,47.05882352941176
btc,btc:m15:1775809800,"Bitcoin Up or Down - April 10, 4:30AM-4:45AM ET",m15,UP,2026-04-10T08:35:54.768000+00:00,0.0399897994605692,0.0807054172708649,72.0,btc|m15|Up,1076,2026-04-10 08:35:54.768,0.72,16.299999999999997,22.638888888888886,,2026-04-10 08:44:57.144,,settlement,True,True,6.338888888888889,38.88888888888889
btc,btc:m15:1775836800,"Bitcoin Up or Down - April 10, 12:00PM-12:15PM ET",m15,UP,2026-04-10T16:03:21.149000+00:00,0.0793397672746234,0.0546090553323555,67.0,btc|m15|Up,951,2026-04-10 16:03:21.149,0.67,16.299999999999997,24.32835820895522,,2026-04-10 16:14:59.682,,settlement,True,True,8.028358208955222,49.25373134328358
btc,btc:m15:1775837700,"Bitcoin Up or Down - April 10, 12:15PM-12:30PM ET",m15,UP,2026-04-10T16:18:32.291000+00:00,0.0507325125524515,0.02619162253251,62.0,btc|m15|Up,764,2026-04-10 16:18:32.291,0.62,16.299999999999997,26.290322580645157,,2026-04-10 16:29:59.974,,settlement,True,True,9.99032258064516,61.29032258064516
btc,btc:m15:1775837700,"Bitcoin Up or Down - April 10, 12:15PM-12:30PM ET",m15,DOWN,2026-04-10T16:21:01.102000+00:00,0.0620812985762496,0.0957287296237857,63.0,btc|m15|Down,1546,2026-04-10 16:21:01.102,0.63,11.2,17.777777777777775,,2026-04-10 16:29:59.974,,settlement,True,False,-11.2,-100.0
btc,btc:m15:1775838600,"Bitcoin Up or Down - April 10, 12:30PM-12:45PM ET",m15,DOWN,2026-04-10T16:33:38.497000+00:00,0.0914951681948637,-0.0957002630383011,69.0,btc|m15|Down,1026,2026-04-10 16:33:38.497,0.69,11.2,16.231884057971016,,2026-04-10 16:44:59.343,,settlement,False,True,5.031884057971016,44.927536231884076
btc,btc:m15:1775839500,"Bitcoin Up or Down - April 10, 12:45PM-1:00PM ET",m15,UP,2026-04-10T16:48:20.726000+00:00,0.0917360038306161,0.0320546582115311,72.0,btc|m15|Up,998,2026-04-10 16:48:20.726,0.72,16.299999999999997,22.638888888888886,,2026-04-10 16:59:59.392,,settlement,True,True,6.338888888888889,38.88888888888889
btc,btc:m15:1775840400,"Bitcoin Up or Down - April 10, 1:00PM-1:15PM ET",m15,DOWN,2026-04-10T17:03:31.372000+00:00,0.0898313562534679,-0.0196184996423493,68.0,btc|m15|Down,852,2026-04-10 17:03:31.372,0.68,11.2,16.470588235294116,,2026-04-10 17:14:58.496,,settlement,False,True,5.270588235294117,47.05882352941176
btc,btc:m15:1775841300,"Bitcoin Up or Down - April 10, 1:15PM-1:30PM ET",m15,UP,2026-04-10T17:19:08.286000+00:00,0.0719686697488978,-0.0148219228315841,72.0,btc|m15|Up,908,2026-04-10 17:19:08.286,0.72,16.299999999999997,22.638888888888886,,2026-04-10 17:29:58.507,,settlement,True,True,6.338888888888889,38.88888888888889
btc,btc:m15:1775844900,"Bitcoin Up or Down - April 10, 2:15PM-2:30PM ET",m15,DOWN,2026-04-10T18:18:36.334000+00:00,0.057930332823029,0.0163638823940447,65.0,btc|m15|Down,900,2026-04-10 18:18:36.334,0.65,11.2,17.23076923076923,,2026-04-10 18:29:59.746,,settlement,False,True,6.030769230769231,53.84615384615385
btc,btc:m15:1775845800,"Bitcoin Up or Down - April 10, 2:30PM-2:45PM ET",m15,DOWN,2026-04-10T18:33:34.269000+00:00,0.04531187849457,0.0118383619653152,63.0,btc|m15|Down,858,2026-04-10 18:33:34.269,0.63,11.2,17.777777777777775,,2026-04-10 18:44:59.976,,settlement,False,True,6.577777777777776,58.73015873015871
btc,btc:m15:1775846700,"Bitcoin Up or Down - April 10, 2:45PM-3:00PM ET",m15,UP,2026-04-10T18:51:10.429000+00:00,0.0482503755853059,0.0130769483830553,70.0,btc|m15|Up,1100,2026-04-10 18:51:10.429,0.7,16.299999999999997,23.285714285714285,,2026-04-10 18:59:59.663,,settlement,True,True,6.9857142857142875,42.857142857142875
btc,btc:m15:1775848500,"Bitcoin Up or Down - April 10, 3:15PM-3:30PM ET",m15,DOWN,2026-04-10T19:19:17.928000+00:00,0.0500028903009986,0.0120668357845797,66.0,btc|m15|Down,673,2026-04-10 19:19:17.928,0.66,11.2,16.96969696969697,,2026-04-10 19:29:58.384,,settlement,False,True,5.7696969696969695,51.515151515151516
btc,btc:m15:1775849400,"Bitcoin Up or Down - April 10, 3:30PM-3:45PM ET",m15,DOWN,2026-04-10T19:37:58.808000+00:00,0.0512076259635056,0.0224940935880302,59.0,btc|m15|Down,1796,2026-04-10 19:37:58.808,0.59,11.2,18.983050847457626,,2026-04-10 19:44:59.869,,settlement,False,True,7.783050847457627,69.49152542372882
btc,btc:m15:1775850300,"Bitcoin Up or Down - April 10, 3:45PM-4:00PM ET",m15,UP,2026-04-10T19:48:19.923000+00:00,0.0656376129294646,0.0217558253381411,70.0,btc|m15|Up,694,2026-04-10 19:48:19.923,0.7,16.299999999999997,23.285714285714285,,2026-04-10 19:59:59.861,,settlement,True,True,6.9857142857142875,42.857142857142875
btc,btc:m15:1775851200,"Bitcoin Up or Down - April 10, 4:00PM-4:15PM ET",m15,UP,2026-04-10T20:05:02.213000+00:00,0.0398027748610236,0.016972503997336,65.0,btc|m15|Up,1586,2026-04-10 20:05:02.213,0.65,16.299999999999997,25.076923076923073,,2026-04-10 20:14:59.996,,settlement,False,False,-16.299999999999997,-100.0
btc,btc:m15:1775851200,"Bitcoin Up or Down - April 10, 4:00PM-4:15PM ET",m15,DOWN,2026-04-10T20:07:08.989000+00:00,0.0638756023327277,0.0785678101373415,61.0,btc|m15|Down,1991,2026-04-10 20:07:08.989,0.61,11.2,18.360655737704917,,2026-04-10 20:14:59.996,,settlement,False,True,7.160655737704918,63.934426229508205
btc,btc:m15:1775852100,"Bitcoin Up or Down - April 10, 4:15PM-4:30PM ET",m15,UP,2026-04-10T20:18:42.918000+00:00,0.0398673019584908,0.0249307169096543,71.0,btc|m15|Up,829,2026-04-10 20:18:42.918,0.71,16.299999999999997,22.957746478873236,,2026-04-10 20:29:58.542,,settlement,True,True,6.657746478873239,40.845070422535215
btc,btc:m15:1775852100,"Bitcoin Up or Down - April 10, 4:15PM-4:30PM ET",m15,DOWN,2026-04-10T20:22:34.355000+00:00,0.0463525651195474,0.032057679794017,55.00000000000001,btc|m15|Down,1687,2026-04-10 20:22:34.355,0.55,11.2,20.36363636363636,,2026-04-10 20:29:58.542,,settlement,True,False,-11.2,-100.0
btc,btc:m15:1775853000,"Bitcoin Up or Down - April 10, 4:30PM-4:45PM ET",m15,DOWN,2026-04-10T20:33:58.047000+00:00,0.0480141762640387,0.0341983257155066,60.0,btc|m15|Down,1263,2026-04-10 20:33:58.047,0.6,11.2,18.666666666666668,,2026-04-10 20:44:59.804,,settlement,False,True,7.466666666666669,66.66666666666669
btc,btc:m15:1775856600,"Bitcoin Up or Down - April 10, 5:30PM-5:45PM ET",m15,DOWN,2026-04-10T21:38:36.983000+00:00,0.0449950681903055,0.0301380769909515,54.0,btc|m15|Down,1598,2026-04-10 21:38:36.983,0.54,11.2,20.740740740740737,,2026-04-10 21:44:59.167,,settlement,False,True,9.540740740740738,85.18518518518516
btc,btc:m15:1775857500,"Bitcoin Up or Down - April 10, 5:45PM-6:00PM ET",m15,UP,2026-04-10T21:49:26.608000+00:00,0.0487107127024797,0.0153016512507424,68.0,btc|m15|Up,831,2026-04-10 21:49:26.608,0.68,16.299999999999997,23.970588235294112,,2026-04-10 21:59:59.244,,settlement,True,True,7.670588235294115,47.05882352941176
btc,btc:m15:1775858400,"Bitcoin Up or Down - April 10, 6:00PM-6:15PM ET",m15,DOWN,2026-04-10T22:03:31.896000+00:00,0.0772229575163119,-0.0440356673876546,61.0,btc|m15|Down,1108,2026-04-10 22:03:31.896,0.61,11.2,18.360655737704917,,2026-04-10 22:14:59.171,,settlement,False,True,7.160655737704918,63.934426229508205
btc,btc:m15:1775859300,"Bitcoin Up or Down - April 10, 6:15PM-6:30PM ET",m15,DOWN,2026-04-10T22:19:09.771000+00:00,0.0571096372444488,0.0267915004784959,55.00000000000001,btc|m15|Down,1013,2026-04-10 22:19:09.771,0.55,11.2,20.36363636363636,,2026-04-10 22:29:59.342,,settlement,False,True,9.16363636363636,81.81818181818178
btc,btc:m5:1775327400,"Bitcoin Up or Down - April 4, 2:30PM-2:35PM ET",m5,UP,2026-04-04T18:32:04.997000+00:00,-0.024830699774268,-0.0224397053582045,35.0,btc|m5|Up,313,2026-04-04 18:32:04.997,0.35,23.925,68.35714285714286,,2026-04-04 18:34:59.982,,settlement,False,False,-23.925,-100.0
btc,btc:m5:1775328900,"Bitcoin Up or Down - April 4, 2:55PM-3:00PM ET",m5,UP,2026-04-04T18:58:14.203000+00:00,-0.0399579921183145,-0.0184787145707075,8.0,btc|m5|Up,455,2026-04-04 18:58:14.203,0.08,23.925,299.0625,,2026-04-04 19:00:00.000,,settlement,False,False,-23.925,-100.0
btc,btc:m5:1775329800,"Bitcoin Up or Down - April 4, 3:10PM-3:15PM ET",m5,UP,2026-04-04T19:11:38.966000+00:00,0.0218092994852962,0.0270316623552517,60.0,btc|m5|Up,410,2026-04-04 19:11:38.966,0.6,23.925,39.875,,2026-04-04 19:14:58.599,,settlement,True,True,15.95,66.66666666666666
btc,btc:m5:1775330100,"Bitcoin Up or Down - April 4, 3:15PM-3:20PM ET",m5,UP,2026-04-04T19:16:17.688000+00:00,-0.1080044961871875,-0.0146820926915675,11.0,btc|m5|Up,512,2026-04-04 19:16:17.688,0.11,23.925,217.5,,2026-04-04 19:19:58.016,,settlement,False,False,-23.925,-100.0
btc,btc:m5:1775330400,"Bitcoin Up or Down - April 4, 3:20PM-3:25PM ET",m5,UP,2026-04-04T19:21:49.834000+00:00,-0.0220194880624589,-0.0193652871445004,28.000000000000004,btc|m5|Up,202,2026-04-04 19:21:49.834,0.28,23.925,85.44642857142857,,2026-04-04 19:24:59.714,,settlement,False,False,-23.925,-100.0
btc,btc:m5:1775330700,"Bitcoin Up or Down - April 4, 3:25PM-3:30PM ET",m5,UP,2026-04-04T19:26:51.735000+00:00,-0.0291433574216132,-0.0291433574216132,17.0,btc|m5|Up,238,2026-04-04 19:26:51.735,0.17,23.925,140.73529411764704,,2026-04-04 19:29:58.921,,settlement,False,False,-23.925,-100.0
btc,btc:m5:1775331000,"Bitcoin Up or Down - April 4, 3:30PM-3:35PM ET",m5,UP,2026-04-04T19:31:20.626000+00:00,-0.0233204662549534,-0.0181694784825356,20.0,btc|m5|Up,243,2026-04-04 19:31:20.626,0.2,23.925,119.625,,2026-04-04 19:34:57.422,,settlement,False,False,-23.925,-100.0
btc,btc:m5:1775331600,"Bitcoin Up or Down - April 4, 3:40PM-3:45PM ET",m5,UP,2026-04-04T19:41:36.933000+00:00,-0.0294135115070492,-0.0294135115070492,18.0,btc|m5|Up,200,2026-04-04 19:41:36.933,0.18,23.925,132.91666666666669,,2026-04-04 19:44:58.959,,settlement,False,False,-23.925,-100.0
btc,btc:m5:1775332500,"Bitcoin Up or Down - April 4, 3:55PM-4:00PM ET",m5,UP,2026-04-04T19:58:40.823000+00:00,-0.0456158842500158,-0.0228599302705276,4.0,btc|m5|Up,716,2026-04-04 19:58:40.823,0.04,23.925,598.125,,2026-04-04 19:59:59.517,,settlement,False,False,-23.925,-100.0
btc,btc:m5:1775332800,"Bitcoin Up or Down - April 4, 4:00PM-4:05PM ET",m5,UP,2026-04-04T20:02:50.981000+00:00,-0.0422360935209925,-0.0305253117846928,10.0,btc|m5|Up,501,2026-04-04 20:02:50.981,0.1,23.925,239.25,,2026-04-04 20:04:58.866,,settlement,False,False,-23.925,-100.0
btc,btc:m5:1775337000,"Bitcoin Up or Down - April 4, 5:10PM-5:15PM ET",m5,UP,2026-04-04T21:13:01.188000+00:00,-0.0383188119206269,-0.022548346657714,22.0,btc|m5|Up,409,2026-04-04 21:13:01.188,0.22,23.925,108.75,,2026-04-04 21:14:59.546,,settlement,False,False,-23.925,-100.0
btc,btc:m5:1775339400,"Bitcoin Up or Down - April 4, 5:50PM-5:55PM ET",m5,UP,2026-04-04T21:51:34.829000+00:00,-0.0218682362309848,-0.0199976335391359,32.0,btc|m5|Up,332,2026-04-04 21:51:34.829,0.32,23.925,74.765625,,2026-04-04 21:54:59.230,,settlement,True,True,50.840625,212.5
btc,btc:m5:1775339700,"Bitcoin Up or Down - April 4, 5:55PM-6:00PM ET",m5,UP,2026-04-04T21:57:04.963000+00:00,-0.0325156796926648,-0.019981122511852,42.0,btc|m5|Up,519,2026-04-04 21:57:04.963,0.42,23.925,56.964285714285715,,2026-04-04 21:59:59.258,,settlement,False,False,-23.925,-100.0
btc,btc:m5:1775339700,"Bitcoin Up or Down - April 4, 5:55PM-6:00PM ET",m5,DOWN,2026-04-04T21:57:04.963000+00:00,0.0325156796926648,0.019981122511852,59.0,btc|m5|Down,519,2026-04-04 21:57:04.963,0.59,23.43,39.71186440677966,,2026-04-04 21:59:59.258,,settlement,False,True,16.28186440677966,69.49152542372882
btc,btc:m5:1775340300,"Bitcoin Up or Down - April 4, 6:05PM-6:10PM ET",m5,UP,2026-04-04T22:06:14.991000+00:00,-0.0421521836315266,-0.0137885135893201,38.0,btc|m5|Up,343,2026-04-04 22:06:14.991,0.38,23.925,62.96052631578947,,2026-04-04 22:09:59.841,,settlement,True,True,39.03552631578947,163.15789473684208
btc,btc:m5:1775340300,"Bitcoin Up or Down - April 4, 6:05PM-6:10PM ET",m5,DOWN,2026-04-04T22:06:14.991000+00:00,0.0421521836315266,0.0137885135893201,63.0,btc|m5|Down,343,2026-04-04 22:06:14.991,0.63,23.43,37.19047619047619,,2026-04-04 22:09:59.841,,settlement,True,False,-23.43,-100.0
btc,btc:m5:1775340600,"Bitcoin Up or Down - April 4, 6:10PM-6:15PM ET",m5,DOWN,2026-04-04T22:11:14.265000+00:00,0.0346238753362422,0.0184175864947644,62.0,btc|m5|Down,253,2026-04-04 22:11:14.265,0.62,23.43,37.79032258064516,,2026-04-04 22:14:58.429,,settlement,True,False,-23.43,-100.0
btc,btc:m5:1775340900,"Bitcoin Up or Down - April 4, 6:15PM-6:20PM ET",m5,UP,2026-04-04T22:16:32.422000+00:00,0.0230747634206131,0.0140229269662177,67.0,btc|m5|Up,268,2026-04-04 22:16:32.422,0.67,23.925,35.708955223880594,,2026-04-04 22:19:58.237,,settlement,True,True,11.783955223880593,49.25373134328356
btc,btc:m5:1775341200,"Bitcoin Up or Down - April 4, 6:20PM-6:25PM ET",m5,UP,2026-04-04T22:21:15.627000+00:00,-0.0499700179892021,-0.0216932155246764,45.0,btc|m5|Up,318,2026-04-04 22:21:15.627,0.45,23.925,53.166666666666664,,2026-04-04 22:24:59.982,,settlement,True,True,29.241666666666664,122.22222222222221
btc,btc:m5:1775341200,"Bitcoin Up or Down - April 4, 6:20PM-6:25PM ET",m5,DOWN,2026-04-04T22:21:15.627000+00:00,0.0499700179892021,0.0216932155246764,56.00000000000001,btc|m5|Down,318,2026-04-04 22:21:15.627,0.56,23.43,41.83928571428571,,2026-04-04 22:24:59.982,,settlement,True,False,-23.43,-100.0
btc,btc:m5:1775341500,"Bitcoin Up or Down - April 4, 6:25PM-6:30PM ET",m5,UP,2026-04-04T22:26:17.062000+00:00,-0.0280215786912777,-0.017480127659801,34.0,btc|m5|Up,265,2026-04-04 22:26:17.062,0.34,23.925,70.36764705882352,,2026-04-04 22:29:59.599,,settlement,False,False,-23.925,-100.0
btc,btc:m5:1775341500,"Bitcoin Up or Down - April 4, 6:25PM-6:30PM ET",m5,DOWN,2026-04-04T22:26:17.062000+00:00,0.0280215786912777,0.017480127659801,67.0,btc|m5|Down,265,2026-04-04 22:26:17.062,0.67,23.43,34.97014925373134,,2026-04-04 22:29:59.599,,settlement,False,True,11.540149253731343,49.25373134328358
btc,btc:m5:1775341800,"Bitcoin Up or Down - April 4, 6:30PM-6:35PM ET",m5,UP,2026-04-04T22:32:20.861000+00:00,-0.0411403194855847,-0.0506912804620523,21.0,btc|m5|Up,409,2026-04-04 22:32:20.861,0.21,23.925,113.92857142857143,,2026-04-04 22:34:58.209,,settlement,False,False,-23.925,-100.0
btc,btc:m5:1775341800,"Bitcoin Up or Down - April 4, 6:30PM-6:35PM ET",m5,DOWN,2026-04-04T22:32:28.434000+00:00,0.0305067185226605,0.0304918878379007,65.0,btc|m5|Down,444,2026-04-04 22:32:28.434,0.65,23.43,36.04615384615384,,2026-04-04 22:34:58.209,,settlement,False,True,12.616153846153843,53.84615384615383
btc,btc:m5:1775342700,"Bitcoin Up or Down - April 4, 6:45PM-6:50PM ET",m5,UP,2026-04-04T22:47:07.182000+00:00,-0.0892015571289543,-0.0167493784572501,9.0,btc|m5|Up,470,2026-04-04 22:47:07.182,0.09,23.925,265.83333333333337,,2026-04-04 22:49:59.844,,settlement,False,False,-23.925,-100.0
btc,btc:m5:1775343000,"Bitcoin Up or Down - April 4, 6:50PM-6:55PM ET",m5,UP,2026-04-04T22:52:02.611000+00:00,-0.0256225561578392,-0.0269578370230332,23.0,btc|m5|Up,331,2026-04-04 22:52:02.611,0.23,23.925,104.02173913043478,,2026-04-04 22:54:59.649,,settlement,False,False,-23.925,-100.0
btc,btc:m5:1775343600,"Bitcoin Up or Down - April 4, 7:00PM-7:05PM ET",m5,UP,2026-04-04T23:02:54.346000+00:00,-0.0376409942326271,-0.0199703501131631,31.0,btc|m5|Up,493,2026-04-04 23:02:54.346,0.31,23.925,77.17741935483872,,2026-04-04 23:04:59.952,,settlement,False,False,-23.925,-100.0
btc,btc:m5:1775343900,"Bitcoin Up or Down - April 4, 7:05PM-7:10PM ET",m5,UP,2026-04-04T23:09:10.020000+00:00,-0.0354917439761314,0.0145024817501623,20.0,btc|m5|Up,684,2026-04-04 23:09:10.020,0.2,23.925,119.625,,2026-04-04 23:09:59.946,,settlement,False,False,-23.925,-100.0
btc,btc:m5:1775344800,"Bitcoin Up or Down - April 4, 7:20PM-7:25PM ET",m5,UP,2026-04-04T23:22:08.710000+00:00,-0.0259358122051247,-0.0149498356557179,23.0,btc|m5|Up,283,2026-04-04 23:22:08.710,0.23,23.925,104.02173913043478,,2026-04-04 23:24:58.659,,settlement,False,False,-23.925,-100.0
btc,btc:m5:1775345700,"Bitcoin Up or Down - April 4, 7:35PM-7:40PM ET",m5,UP,2026-04-04T23:37:42.011000+00:00,-0.026423964263027,-0.0186408516863856,11.0,btc|m5|Up,252,2026-04-04 23:37:42.011,0.11,23.925,217.5,,2026-04-04 23:39:54.691,,settlement,False,False,-23.925,-100.0
btc,btc:m5:1775346000,"Bitcoin Up or Down - April 4, 7:40PM-7:45PM ET",m5,UP,2026-04-04T23:43:07.627000+00:00,-0.0502073672736644,-0.0181721249410267,13.0,btc|m5|Up,449,2026-04-04 23:43:07.627,0.13,23.925,184.03846153846155,,2026-04-04 23:44:59.040,,settlement,True,True,160.11346153846154,669.2307692307692
btc,btc:m5:1775346300,"Bitcoin Up or Down - April 4, 7:45PM-7:50PM ET",m5,UP,2026-04-04T23:46:43.935000+00:00,-0.0670030931931193,-0.0142442842766963,8.0,btc|m5|Up,466,2026-04-04 23:46:43.935,0.08,23.925,299.0625,,2026-04-04 23:49:58.562,,settlement,False,False,-23.925,-100.0
btc,btc:m5:1775347500,"Bitcoin Up or Down - April 4, 8:05PM-8:10PM ET",m5,UP,2026-04-05T00:07:06.122000+00:00,-0.0347554126837485,-0.0156317632079172,15.0,btc|m5|Up,314,2026-04-05 00:07:06.122,0.15,23.925,159.5,,2026-04-05 00:09:59.891,,settlement,False,False,-23.925,-100.0
btc,btc:m5:1775347800,"Bitcoin Up or Down - April 4, 8:10PM-8:15PM ET",m5,UP,2026-04-05T00:12:16.798000+00:00,-0.0532425168400528,-0.0230687845158357,19.0,btc|m5|Up,446,2026-04-05 00:12:16.798,0.19,23.925,125.92105263157895,,2026-04-05 00:14:58.256,,settlement,False,False,-23.925,-100.0
btc,btc:m5:1775349000,"Bitcoin Up or Down - April 4, 8:30PM-8:35PM ET",m5,UP,2026-04-05T00:33:36.422000+00:00,-0.0230121850114421,0.0179280976251776,25.0,btc|m5|Up,587,2026-04-05 00:33:36.422,0.25,23.925,95.7,,2026-04-05 00:34:59.323,,settlement,False,False,-23.925,-100.0
btc,btc:m5:1775350200,"Bitcoin Up or Down - April 4, 8:50PM-8:55PM ET",m5,UP,2026-04-05T00:52:45.959000+00:00,-0.0236452147067416,-0.019362307891931,16.0,btc|m5|Up,311,2026-04-05 00:52:45.959,0.16,23.925,149.53125,,2026-04-05 00:54:59.742,,settlement,False,False,-23.925,-100.0
btc,btc:m5:1775350500,"Bitcoin Up or Down - April 4, 8:55PM-9:00PM ET",m5,UP,2026-04-05T00:57:30.766000+00:00,-0.0558947791568665,-0.0543772738403847,16.0,btc|m5|Up,463,2026-04-05 00:57:30.766,0.16,23.925,149.53125,,2026-04-05 00:59:59.986,,settlement,False,False,-23.925,-100.0
btc,btc:m5:1775350800,"Bitcoin Up or Down - April 4, 9:00PM-9:05PM ET",m5,UP,2026-04-05T01:03:29.356000+00:00,-0.0264187430271398,-0.0313573819263692,20.0,btc|m5|Up,989,2026-04-05 01:03:29.356,0.2,23.925,119.625,,2026-04-05 01:04:59.523,,settlement,False,False,-23.925,-100.0
btc,btc:m5:1775351100,"Bitcoin Up or Down - April 4, 9:05PM-9:10PM ET",m5,UP,2026-04-05T01:07:30.831000+00:00,-0.0242236881168205,-0.0295240156949276,16.0,btc|m5|Up,488,2026-04-05 01:07:30.831,0.16,23.925,149.53125,,2026-04-05 01:09:59.454,,settlement,False,False,-23.925,-100.0
btc,btc:m5:1775351400,"Bitcoin Up or Down - April 4, 9:10PM-9:15PM ET",m5,UP,2026-04-05T01:12:10.777000+00:00,0.0387494385650199,0.0183024827042404,50.0,btc|m5|Up,380,2026-04-05 01:12:10.777,0.5,23.925,47.85,,2026-04-05 01:14:58.471,,settlement,True,True,23.925,100.0
btc,btc:m5:1775351700,"Bitcoin Up or Down - April 4, 9:15PM-9:20PM ET",m5,UP,2026-04-05T01:16:39.611000+00:00,-0.0280995575659244,-0.0150171893983272,18.0,btc|m5|Up,339,2026-04-05 01:16:39.611,0.18,23.925,132.91666666666669,,2026-04-05 01:19:59.575,,settlement,False,False,-23.925,-100.0
btc,btc:m5:1775352000,"Bitcoin Up or Down - April 4, 9:20PM-9:25PM ET",m5,UP,2026-04-05T01:24:07.289000+00:00,-0.0283190584136474,-0.0224080877563294,7.000000000000001,btc|m5|Up,811,2026-04-05 01:24:07.289,0.07,23.925,341.7857142857143,,2026-04-05 01:24:59.999,,settlement,False,False,-23.925,-100.0
btc,btc:m5:1775352300,"Bitcoin Up or Down - April 4, 9:25PM-9:30PM ET",m5,UP,2026-04-05T01:26:38.639000+00:00,-0.0281025715565785,-0.0220859107675617,23.0,btc|m5|Up,326,2026-04-05 01:26:38.639,0.23,23.925,104.02173913043478,,2026-04-05 01:29:58.478,,settlement,False,False,-23.925,-100.0
btc,btc:m5:1775352600,"Bitcoin Up or Down - April 4, 9:30PM-9:35PM ET",m5,UP,2026-04-05T01:32:52.598000+00:00,-0.0291374032645097,-0.0258601902183839,13.0,btc|m5|Up,418,2026-04-05 01:32:52.598,0.13,23.925,184.03846153846155,,2026-04-05 01:34:58.279,,settlement,False,False,-23.925,-100.0
btc,btc:m5:1775352900,"Bitcoin Up or Down - April 4, 9:35PM-9:40PM ET",m5,UP,2026-04-05T01:36:18.065000+00:00,-0.0431620483870864,-0.0189066756655922,17.0,btc|m5|Up,151,2026-04-05 01:36:18.065,0.17,23.925,140.73529411764704,,2026-04-05 01:39:59.792,,settlement,False,False,-23.925,-100.0
btc,btc:m5:1775353200,"Bitcoin Up or Down - April 4, 9:40PM-9:45PM ET",m5,UP,2026-04-05T01:43:30.486000+00:00,0.0299008739819731,0.038262982807442,61.0,btc|m5|Up,567,2026-04-05 01:43:30.486,0.61,23.925,39.22131147540984,,2026-04-05 01:44:59.961,,settlement,True,True,15.29631147540984,63.93442622950821
btc,btc:m5:1775354400,"Bitcoin Up or Down - April 4, 10:00PM-10:05PM ET",m5,UP,2026-04-05T02:02:12.978000+00:00,-0.1038682268763405,-0.0837594097040885,6.0,btc|m5|Up,638,2026-04-05 02:02:12.978,0.06,23.925,398.75,,2026-04-05 02:04:59.313,,settlement,False,False,-23.925,-100.0
btc,btc:m5:1775354700,"Bitcoin Up or Down - April 4, 10:05PM-10:10PM ET",m5,UP,2026-04-05T02:06:20.525000+00:00,-0.0287280242174698,-0.0346347207855327,34.0,btc|m5|Up,191,2026-04-05 02:06:20.525,0.34,23.925,70.36764705882352,,2026-04-05 02:09:59.245,,settlement,False,False,-23.925,-100.0
btc,btc:m5:1775354700,"Bitcoin Up or Down - April 4, 10:05PM-10:10PM ET",m5,DOWN,2026-04-05T02:06:20.525000+00:00,0.0287280242174698,0.0346347207855327,67.0,btc|m5|Down,191,2026-04-05 02:06:20.525,0.67,23.43,34.97014925373134,,2026-04-05 02:09:59.245,,settlement,False,True,11.540149253731343,49.25373134328358
btc,btc:m5:1775355000,"Bitcoin Up or Down - April 4, 10:10PM-10:15PM ET",m5,UP,2026-04-05T02:12:08.009000+00:00,-0.028605412287253,-0.0147279822261604,25.0,btc|m5|Up,417,2026-04-05 02:12:08.009,0.25,23.925,95.7,,2026-04-05 02:14:59.691,,settlement,False,False,-23.925,-100.0
btc,btc:m5:1775355900,"Bitcoin Up or Down - April 4, 10:25PM-10:30PM ET",m5,UP,2026-04-05T02:27:52.694000+00:00,0.0321572875819697,-0.0239465992327357,69.0,btc|m5|Up,488,2026-04-05 02:27:52.694,0.69,23.925,34.673913043478265,,2026-04-05 02:29:59.125,,settlement,True,True,10.748913043478264,44.927536231884076
btc,btc:m5:1775358900,"Bitcoin Up or Down - April 4, 11:15PM-11:20PM ET",m5,UP,2026-04-05T03:19:40.658000+00:00,-0.048341901072044,-0.0166845046495687,3.0,btc|m5|Up,609,2026-04-05 03:19:40.658,0.03,23.925,797.5,,2026-04-05 03:19:59.252,,settlement,False,False,-23.925,-100.0
btc,btc:m5:1775359800,"Bitcoin Up or Down - April 4, 11:30PM-11:35PM ET",m5,UP,2026-04-05T03:31:22.429000+00:00,-0.0250764504135477,-0.0156653360065724,19.0,btc|m5|Up,221,2026-04-05 03:31:22.429,0.19,23.925,125.92105263157895,,2026-04-05 03:34:59.353,,settlement,False,False,-23.925,-100.0
btc,btc:m5:1775361600,"Bitcoin Up or Down - April 5, 12:00AM-12:05AM ET",m5,UP,2026-04-05T04:02:03.464000+00:00,-0.025526472321946,-0.0147886738714775,21.0,btc|m5|Up,443,2026-04-05 04:02:03.464,0.21,23.925,113.92857142857143,,2026-04-05 04:04:58.921,,settlement,False,False,-23.925,-100.0
btc,btc:m5:1775362200,"Bitcoin Up or Down - April 5, 12:10AM-12:15AM ET",m5,UP,2026-04-05T04:11:35.322000+00:00,-0.0264498898268955,-0.0183435573954378,23.0,btc|m5|Up,233,2026-04-05 04:11:35.322,0.23,23.925,104.02173913043478,,2026-04-05 04:14:58.334,,settlement,False,False,-23.925,-100.0
btc,btc:m5:1775363400,"Bitcoin Up or Down - April 5, 12:30AM-12:35AM ET",m5,UP,2026-04-05T04:34:14.922000+00:00,-0.0321334704401042,-0.0150472156623217,7.000000000000001,btc|m5|Up,553,2026-04-05 04:34:14.922,0.07,23.925,341.7857142857143,,2026-04-05 04:34:58.181,,settlement,False,False,-23.925,-100.0
btc,btc:m5:1775364300,"Bitcoin Up or Down - April 5, 12:45AM-12:50AM ET",m5,UP,2026-04-05T04:48:34.825000+00:00,-0.0242662440457111,-0.0242513476405343,9.0,btc|m5|Up,431,2026-04-05 04:48:34.825,0.09,23.925,265.83333333333337,,2026-04-05 04:49:59.340,,settlement,False,False,-23.925,-100.0
btc,btc:m5:1775365800,"Bitcoin Up or Down - April 5, 1:10AM-1:15AM ET",m5,UP,2026-04-05T05:14:40.841000+00:00,-0.0240284635250078,-0.0139582581047424,14.000000000000002,btc|m5|Up,1033,2026-04-05 05:14:40.841,0.14,23.925,170.89285714285714,,2026-04-05 05:14:58.486,,settlement,False,False,-23.925,-100.0
btc,btc:m5:1775366400,"Bitcoin Up or Down - April 5, 1:20AM-1:25AM ET",m5,UP,2026-04-05T05:21:28.723000+00:00,-0.1011828501623785,-0.036036707088166,6.0,btc|m5|Up,354,2026-04-05 05:21:28.723,0.06,23.925,398.75,,2026-04-05 05:24:59.711,,settlement,False,False,-23.925,-100.0
btc,btc:m5:1775367300,"Bitcoin Up or Down - April 5, 1:35AM-1:40AM ET",m5,UP,2026-04-05T05:36:15.034000+00:00,-0.0574606362603105,-0.0254221590923449,17.0,btc|m5|Up,355,2026-04-05 05:36:15.034,0.17,23.925,140.73529411764704,,2026-04-05 05:39:59.652,,settlement,False,False,-23.925,-100.0
btc,btc:m5:1775368200,"Bitcoin Up or Down - April 5, 1:50AM-1:55AM ET",m5,UP,2026-04-05T05:51:14.776000+00:00,-0.0752569290640985,-0.0338268565860581,9.0,btc|m5|Up,361,2026-04-05 05:51:14.776,0.09,23.925,265.83333333333337,,2026-04-05 05:54:57.913,,settlement,False,False,-23.925,-100.0
btc,btc:m5:1775368500,"Bitcoin Up or Down - April 5, 1:55AM-2:00AM ET",m5,UP,2026-04-05T05:56:18.771000+00:00,-0.0446660829621708,-0.0182874169881893,16.0,btc|m5|Up,219,2026-04-05 05:56:18.771,0.16,23.925,149.53125,,2026-04-05 05:59:59.809,,settlement,False,False,-23.925,-100.0
btc,btc:m5:1775368800,"Bitcoin Up or Down - April 5, 2:00AM-2:05AM ET",m5,UP,2026-04-05T06:01:32.606000+00:00,-0.0232924184597219,-0.0138051280672226,34.0,btc|m5|Up,411,2026-04-05 06:01:32.606,0.34,23.925,70.36764705882352,,2026-04-05 06:04:59.634,,settlement,True,True,46.442647058823525,194.1176470588235
btc,btc:m5:1775368800,"Bitcoin Up or Down - April 5, 2:00AM-2:05AM ET",m5,DOWN,2026-04-05T06:01:32.606000+00:00,0.0232924184597219,0.0138051280672226,67.0,btc|m5|Down,411,2026-04-05 06:01:32.606,0.67,23.43,34.97014925373134,,2026-04-05 06:04:59.634,,settlement,True,False,-23.43,-100.0
btc,btc:m5:1775369100,"Bitcoin Up or Down - April 5, 2:05AM-2:10AM ET",m5,UP,2026-04-05T06:06:17.103000+00:00,-0.1144060149656859,-0.0323737052011834,8.0,btc|m5|Up,447,2026-04-05 06:06:17.103,0.08,23.925,299.0625,,2026-04-05 06:09:59.958,,settlement,False,False,-23.925,-100.0
btc,btc:m5:1775369400,"Bitcoin Up or Down - April 5, 2:10AM-2:15AM ET",m5,UP,2026-04-05T06:11:14.690000+00:00,0.0227869624394359,-0.0217525542760849,63.0,btc|m5|Up,438,2026-04-05 06:11:14.690,0.63,23.925,37.976190476190474,,2026-04-05 06:14:59.738,,settlement,False,False,-23.925,-100.0
btc,btc:m5:1775369700,"Bitcoin Up or Down - April 5, 2:15AM-2:20AM ET",m5,UP,2026-04-05T06:16:16.998000+00:00,-0.0312779729713396,-0.0483945999067351,45.0,btc|m5|Up,563,2026-04-05 06:16:16.998,0.45,23.925,53.166666666666664,,2026-04-05 06:19:59.972,,settlement,True,True,29.241666666666664,122.22222222222221
btc,btc:m5:1775369700,"Bitcoin Up or Down - April 5, 2:15AM-2:20AM ET",m5,DOWN,2026-04-05T06:16:16.998000+00:00,0.0312779729713396,0.0483945999067351,56.00000000000001,btc|m5|Down,563,2026-04-05 06:16:16.998,0.56,23.43,41.83928571428571,,2026-04-05 06:19:59.972,,settlement,True,False,-23.43,-100.0
btc,btc:m5:1775370900,"Bitcoin Up or Down - April 5, 2:35AM-2:40AM ET",m5,UP,2026-04-05T06:39:31.647000+00:00,0.0593021623286611,0.0176319907176083,32.0,btc|m5|Up,909,2026-04-05 06:39:31.647,0.32,23.925,74.765625,,2026-04-05 06:39:59.957,,settlement,False,False,-23.925,-100.0
btc,btc:m5:1775372700,"Bitcoin Up or Down - April 5, 3:05AM-3:10AM ET",m5,UP,2026-04-05T07:07:32.498000+00:00,0.0231659735070475,-0.0271590754608084,68.0,btc|m5|Up,379,2026-04-05 07:07:32.498,0.68,23.925,35.18382352941176,,2026-04-05 07:09:58.001,,settlement,True,True,11.25882352941176,47.05882352941174
btc,btc:m5:1775373000,"Bitcoin Up or Down - April 5, 3:10AM-3:15AM ET",m5,UP,2026-04-05T07:12:38.968000+00:00,-0.0259579003527651,-0.0519307534130989,36.0,btc|m5|Up,458,2026-04-05 07:12:38.968,0.36,23.925,66.45833333333334,,2026-04-05 07:14:57.519,,settlement,True,True,42.533333333333346,177.77777777777783
btc,btc:m5:1775373000,"Bitcoin Up or Down - April 5, 3:10AM-3:15AM ET",m5,DOWN,2026-04-05T07:12:38.968000+00:00,0.0259579003527651,0.0519307534130989,67.0,btc|m5|Down,458,2026-04-05 07:12:38.968,0.67,23.43,34.97014925373134,,2026-04-05 07:14:57.519,,settlement,True,False,-23.43,-100.0
btc,btc:m5:1775373300,"Bitcoin Up or Down - April 5, 3:15AM-3:20AM ET",m5,UP,2026-04-05T07:17:03.907000+00:00,-0.0309243988873827,-0.0421044135648825,20.0,btc|m5|Up,440,2026-04-05 07:17:03.907,0.2,23.925,119.625,,2026-04-05 07:19:59.861,,settlement,False,False,-23.925,-100.0
btc,btc:m5:1775374200,"Bitcoin Up or Down - April 5, 3:30AM-3:35AM ET",m5,UP,2026-04-05T07:31:18.627000+00:00,-0.057470438643136,-0.0226439514757999,16.0,btc|m5|Up,226,2026-04-05 07:31:18.627,0.16,23.925,149.53125,,2026-04-05 07:34:59.374,,settlement,False,False,-23.925,-100.0
btc,btc:m5:1775374500,"Bitcoin Up or Down - April 5, 3:35AM-3:40AM ET",m5,UP,2026-04-05T07:36:51.631000+00:00,-0.0515243648086703,0.0220027011348725,23.0,btc|m5|Up,375,2026-04-05 07:36:51.631,0.23,23.925,104.02173913043478,,2026-04-05 07:39:59.633,,settlement,False,False,-23.925,-100.0
btc,btc:m5:1775376600,"Bitcoin Up or Down - April 5, 4:10AM-4:15AM ET",m5,UP,2026-04-05T08:14:08.405000+00:00,-0.0306983906297668,-0.0150426599968534,9.0,btc|m5|Up,656,2026-04-05 08:14:08.405,0.09,23.925,265.83333333333337,,2026-04-05 08:14:59.864,,settlement,False,False,-23.925,-100.0
btc,btc:m5:1775377500,"Bitcoin Up or Down - April 5, 4:25AM-4:30AM ET",m5,UP,2026-04-05T08:28:08.441000+00:00,-0.0258039438472615,-0.0360597407645432,18.0,btc|m5|Up,738,2026-04-05 08:28:08.441,0.18,23.925,132.91666666666669,,2026-04-05 08:29:59.182,,settlement,False,False,-23.925,-100.0
btc,btc:m5:1775378400,"Bitcoin Up or Down - April 5, 4:40AM-4:45AM ET",m5,UP,2026-04-05T08:42:42.753000+00:00,-0.0407973436429375,-0.0258926343677367,29.0,btc|m5|Up,453,2026-04-05 08:42:42.753,0.29,23.925,82.50000000000001,,2026-04-05 08:44:58.355,,settlement,False,False,-23.925,-100.0
btc,btc:m5:1775379900,"Bitcoin Up or Down - April 5, 5:05AM-5:10AM ET",m5,UP,2026-04-05T09:06:26.941000+00:00,-0.0304310321271435,-0.0413611182493422,57.99999999999999,btc|m5|Up,421,2026-04-05 09:06:26.941,0.58,23.925,41.25000000000001,,2026-04-05 09:09:59.816,,settlement,False,False,-23.925,-100.0
btc,btc:m5:1775379900,"Bitcoin Up or Down - April 5, 5:05AM-5:10AM ET",m5,DOWN,2026-04-05T09:06:26.941000+00:00,0.0304310321271435,0.0413611182493422,43.0,btc|m5|Down,421,2026-04-05 09:06:26.941,0.43,23.43,54.48837209302326,,2026-04-05 09:09:59.816,,settlement,False,True,31.05837209302326,132.55813953488374
btc,btc:m5:1775381400,"Bitcoin Up or Down - April 5, 5:30AM-5:35AM ET",m5,UP,2026-04-05T09:31:37.864000+00:00,-0.0454073447685725,-0.0158321369699208,13.0,btc|m5|Up,298,2026-04-05 09:31:37.864,0.13,23.925,184.03846153846155,,2026-04-05 09:34:56.957,,settlement,False,False,-23.925,-100.0
btc,btc:m5:1775381700,"Bitcoin Up or Down - April 5, 5:35AM-5:40AM ET",m5,UP,2026-04-05T09:38:12.326000+00:00,-0.0252399624878168,-0.0252101103737132,14.000000000000002,btc|m5|Up,761,2026-04-05 09:38:12.326,0.14,23.925,170.89285714285714,,2026-04-05 09:39:59.651,,settlement,False,False,-23.925,-100.0
btc,btc:m5:1775383200,"Bitcoin Up or Down - April 5, 6:00AM-6:05AM ET",m5,UP,2026-04-05T10:01:56.859000+00:00,-0.0240321681983266,0.0207801429548423,33.0,btc|m5|Up,479,2026-04-05 10:01:56.859,0.33,23.925,72.5,,2026-04-05 10:04:59.775,,settlement,True,True,48.575,203.03030303030303
btc,btc:m5:1775383800,"Bitcoin Up or Down - April 5, 6:10AM-6:15AM ET",m5,UP,2026-04-05T10:11:22.308000+00:00,-0.0227459868780808,-0.0223430067955891,13.0,btc|m5|Up,302,2026-04-05 10:11:22.308,0.13,23.925,184.03846153846155,,2026-04-05 10:14:56.795,,settlement,False,False,-23.925,-100.0
btc,btc:m5:1775385600,"Bitcoin Up or Down - April 5, 6:40AM-6:45AM ET",m5,UP,2026-04-05T10:41:16.757000+00:00,-0.0430884720160313,-0.0314224023104427,30.0,btc|m5|Up,375,2026-04-05 10:41:16.757,0.3,23.925,79.75,,2026-04-05 10:44:58.416,,settlement,False,False,-23.925,-100.0
btc,btc:m5:1775385600,"Bitcoin Up or Down - April 5, 6:40AM-6:45AM ET",m5,DOWN,2026-04-05T10:41:14.489000+00:00,0.0368308101049933,0.0251796395944233,67.0,btc|m5|Down,364,2026-04-05 10:41:14.489,0.67,23.43,34.97014925373134,,2026-04-05 10:44:58.416,,settlement,False,True,11.540149253731343,49.25373134328358
btc,btc:m5:1775385900,"Bitcoin Up or Down - April 5, 6:45AM-6:50AM ET",m5,UP,2026-04-05T10:46:39.827000+00:00,-0.0260561109704283,-0.0162328975095983,16.0,btc|m5|Up,307,2026-04-05 10:46:39.827,0.16,23.925,149.53125,,2026-04-05 10:49:58.969,,settlement,False,False,-23.925,-100.0
btc,btc:m5:1775386200,"Bitcoin Up or Down - April 5, 6:50AM-6:55AM ET",m5,UP,2026-04-05T10:53:57.159000+00:00,-0.0315021702489377,-0.0204346464209493,45.0,btc|m5|Up,651,2026-04-05 10:53:57.159,0.45,23.925,53.166666666666664,,2026-04-05 10:54:59.984,,settlement,True,True,29.241666666666664,122.22222222222221
btc,btc:m5:1775386200,"Bitcoin Up or Down - April 5, 6:50AM-6:55AM ET",m5,DOWN,2026-04-05T10:53:57.159000+00:00,0.0315021702489377,0.0204346464209493,56.00000000000001,btc|m5|Down,651,2026-04-05 10:53:57.159,0.56,23.43,41.83928571428571,,2026-04-05 10:54:59.984,,settlement,True,False,-23.43,-100.0
btc,btc:m5:1775387700,"Bitcoin Up or Down - April 5, 7:15AM-7:20AM ET",m5,UP,2026-04-05T11:17:36.311000+00:00,0.0293530428276899,0.0270710227298064,39.0,btc|m5|Up,334,2026-04-05 11:17:36.311,0.39,23.925,61.34615384615385,,2026-04-05 11:19:59.878,,settlement,True,True,37.42115384615384,156.41025641025638
btc,btc:m5:1775388300,"Bitcoin Up or Down - April 5, 7:25AM-7:30AM ET",m5,UP,2026-04-05T11:26:15.259000+00:00,-0.0686499026477845,-0.0233854111126832,10.0,btc|m5|Up,357,2026-04-05 11:26:15.259,0.1,23.925,239.25,,2026-04-05 11:29:59.261,,settlement,False,False,-23.925,-100.0
btc,btc:m5:1775388600,"Bitcoin Up or Down - April 5, 7:30AM-7:35AM ET",m5,UP,2026-04-05T11:34:07.095000+00:00,-0.0252648255130379,-0.0190120423529883,60.0,btc|m5|Up,665,2026-04-05 11:34:07.095,0.6,23.925,39.875,,2026-04-05 11:34:59.971,,settlement,True,True,15.95,66.66666666666666
btc,btc:m5:1775388600,"Bitcoin Up or Down - April 5, 7:30AM-7:35AM ET",m5,DOWN,2026-04-05T11:34:07.095000+00:00,0.0252648255130379,0.0190120423529883,41.0,btc|m5|Down,665,2026-04-05 11:34:07.095,0.41,23.43,57.146341463414636,,2026-04-05 11:34:59.971,,settlement,True,False,-23.43,-100.0
btc,btc:m5:1775388900,"Bitcoin Up or Down - April 5, 7:35AM-7:40AM ET",m5,UP,2026-04-05T11:36:24.983000+00:00,-0.0495996662318567,0.0144143434356147,36.0,btc|m5|Up,313,2026-04-05 11:36:24.983,0.36,23.925,66.45833333333334,,2026-04-05 11:39:59.575,,settlement,False,False,-23.925,-100.0
btc,btc:m5:1775390400,"Bitcoin Up or Down - April 5, 8:00AM-8:05AM ET",m5,UP,2026-04-05T12:01:18.728000+00:00,-0.0343288705801579,-0.0158808340422982,19.0,btc|m5|Up,269,2026-04-05 12:01:18.728,0.19,23.925,125.92105263157895,,2026-04-05 12:04:58.650,,settlement,False,False,-23.925,-100.0
btc,btc:m5:1775390700,"Bitcoin Up or Down - April 5, 8:05AM-8:10AM ET",m5,UP,2026-04-05T12:07:04.912000+00:00,0.0276737687040817,-0.0253875448316408,66.0,btc|m5|Up,452,2026-04-05 12:07:04.912,0.66,23.925,36.25,,2026-04-05 12:09:59.923,,settlement,True,True,12.325,51.515151515151516
btc,btc:m5:1775391000,"Bitcoin Up or Down - April 5, 8:10AM-8:15AM ET",m5,UP,2026-04-05T12:11:23.914000+00:00,-0.0397193919811209,-0.0373891079837372,19.0,btc|m5|Up,254,2026-04-05 12:11:23.914,0.19,23.925,125.92105263157895,,2026-04-05 12:14:59.488,,settlement,False,False,-23.925,-100.0
btc,btc:m5:1775391900,"Bitcoin Up or Down - April 5, 8:25AM-8:30AM ET",m5,UP,2026-04-05T12:28:46.570000+00:00,-0.0275575465534271,-0.0171412721782972,10.0,btc|m5|Up,611,2026-04-05 12:28:46.570,0.1,23.925,239.25,,2026-04-05 12:29:59.831,,settlement,False,False,-23.925,-100.0
btc,btc:m5:1775392200,"Bitcoin Up or Down - April 5, 8:30AM-8:35AM ET",m5,UP,2026-04-05T12:31:18.994000+00:00,-0.0464821295722575,-0.031680808158133,18.0,btc|m5|Up,407,2026-04-05 12:31:18.994,0.18,23.925,132.91666666666669,,2026-04-05 12:34:59.120,,settlement,False,False,-23.925,-100.0
btc,btc:m5:1775392500,"Bitcoin Up or Down - April 5, 8:35AM-8:40AM ET",m5,UP,2026-04-05T12:39:08.953000+00:00,-0.0487534397012109,-0.0580997212291702,29.0,btc|m5|Up,1159,2026-04-05 12:39:08.953,0.29,23.925,82.50000000000001,,2026-04-05 12:40:00.000,,settlement,False,False,-23.925,-100.0
btc,btc:m5:1775392500,"Bitcoin Up or Down - April 5, 8:35AM-8:40AM ET",m5,DOWN,2026-04-05T12:39:15.405000+00:00,0.0367111154247934,0.0598970830614901,68.0,btc|m5|Down,1213,2026-04-05 12:39:15.405,0.68,23.43,34.455882352941174,,2026-04-05 12:40:00.000,,settlement,False,True,11.025882352941174,47.05882352941176
btc,btc:m5:1775392800,"Bitcoin Up or Down - April 5, 8:40AM-8:45AM ET",m5,UP,2026-04-05T12:42:28.994000+00:00,-0.0512747207235678,-0.1049468567936811,56.00000000000001,btc|m5|Up,482,2026-04-05 12:42:28.994,0.56,23.925,42.723214285714285,,2026-04-05 12:44:59.826,,settlement,True,True,18.798214285714284,78.57142857142856
btc,btc:m5:1775392800,"Bitcoin Up or Down - April 5, 8:40AM-8:45AM ET",m5,DOWN,2026-04-05T12:42:28.994000+00:00,0.0512747207235678,0.1049468567936811,45.0,btc|m5|Down,482,2026-04-05 12:42:28.994,0.45,23.43,52.06666666666666,,2026-04-05 12:44:59.826,,settlement,True,False,-23.43,-100.0
btc,btc:m5:1775393100,"Bitcoin Up or Down - April 5, 8:45AM-8:50AM ET",m5,UP,2026-04-05T12:46:17.394000+00:00,-0.0471046520338637,0.0164356880665235,34.0,btc|m5|Up,266,2026-04-05 12:46:17.394,0.34,23.925,70.36764705882352,,2026-04-05 12:49:59.732,,settlement,False,False,-23.925,-100.0
btc,btc:m5:1775393100,"Bitcoin Up or Down - April 5, 8:45AM-8:50AM ET",m5,DOWN,2026-04-05T12:46:17.394000+00:00,0.0471046520338637,-0.0164356880665235,67.0,btc|m5|Down,266,2026-04-05 12:46:17.394,0.67,23.43,34.97014925373134,,2026-04-05 12:49:59.732,,settlement,False,True,11.540149253731343,49.25373134328358
btc,btc:m5:1775394600,"Bitcoin Up or Down - April 5, 9:10AM-9:15AM ET",m5,UP,2026-04-05T13:13:32.158000+00:00,-0.0282122911298997,-0.0311607374707972,16.0,btc|m5|Up,625,2026-04-05 13:13:32.158,0.16,23.925,149.53125,,2026-04-05 13:14:59.197,,settlement,False,False,-23.925,-100.0
btc,btc:m5:1775394900,"Bitcoin Up or Down - April 5, 9:15AM-9:20AM ET",m5,UP,2026-04-05T13:16:36.502000+00:00,-0.0254941475802639,-0.031650489916038,41.0,btc|m5|Up,333,2026-04-05 13:16:36.502,0.41,23.925,58.35365853658537,,2026-04-05 13:19:59.793,,settlement,True,True,34.428658536585374,143.90243902439028
btc,btc:m5:1775394900,"Bitcoin Up or Down - April 5, 9:15AM-9:20AM ET",m5,DOWN,2026-04-05T13:16:36.502000+00:00,0.0254941475802639,0.031650489916038,60.0,btc|m5|Down,333,2026-04-05 13:16:36.502,0.6,23.43,39.050000000000004,,2026-04-05 13:19:59.793,,settlement,True,False,-23.43,-100.0
btc,btc:m5:1775395500,"Bitcoin Up or Down - April 5, 9:25AM-9:30AM ET",m5,UP,2026-04-05T13:28:10.005000+00:00,-0.0694425636979586,-0.0212622027612012,6.0,btc|m5|Up,435,2026-04-05 13:28:10.005,0.06,23.925,398.75,,2026-04-05 13:29:59.921,,settlement,False,False,-23.925,-100.0
btc,btc:m5:1775396100,"Bitcoin Up or Down - April 5, 9:35AM-9:40AM ET",m5,UP,2026-04-05T13:37:26.920000+00:00,-0.0275247689244003,-0.0311019411772172,36.0,btc|m5|Up,409,2026-04-05 13:37:26.920,0.36,23.925,66.45833333333334,,2026-04-05 13:39:59.745,,settlement,True,True,42.533333333333346,177.77777777777783
btc,btc:m5:1775396100,"Bitcoin Up or Down - April 5, 9:35AM-9:40AM ET",m5,DOWN,2026-04-05T13:37:26.920000+00:00,0.0275247689244003,0.0311019411772172,65.0,btc|m5|Down,409,2026-04-05 13:37:26.920,0.65,23.43,36.04615384615384,,2026-04-05 13:39:59.745,,settlement,True,False,-23.43,-100.0
btc,btc:m5:1775396400,"Bitcoin Up or Down - April 5, 9:40AM-9:45AM ET",m5,UP,2026-04-05T13:41:14.957000+00:00,-0.0246551052973407,-0.0223511694867972,30.0,btc|m5|Up,189,2026-04-05 13:41:14.957,0.3,23.925,79.75,,2026-04-05 13:44:59.653,,settlement,False,False,-23.925,-100.0
btc,btc:m5:1775397600,"Bitcoin Up or Down - April 5, 10:00AM-10:05AM ET",m5,UP,2026-04-05T14:01:15.717000+00:00,-0.0465386070111242,-0.0338014103604627,21.0,btc|m5|Up,233,2026-04-05 14:01:15.717,0.21,23.925,113.92857142857143,,2026-04-05 14:04:59.097,,settlement,True,True,90.00357142857143,376.1904761904762
btc,btc:m5:1775397900,"Bitcoin Up or Down - April 5, 10:05AM-10:10AM ET",m5,UP,2026-04-05T14:07:40.121000+00:00,-0.0400121216267057,0.0147711789058595,22.0,btc|m5|Up,461,2026-04-05 14:07:40.121,0.22,23.925,108.75,,2026-04-05 14:09:59.851,,settlement,False,False,-23.925,-100.0
btc,btc:m5:1775398200,"Bitcoin Up or Down - April 5, 10:10AM-10:15AM ET",m5,UP,2026-04-05T14:13:08.994000+00:00,-0.0252521856588417,-0.0358610920599059,17.0,btc|m5|Up,563,2026-04-05 14:13:08.994,0.17,23.925,140.73529411764704,,2026-04-05 14:14:59.540,,settlement,False,False,-23.925,-100.0
btc,btc:m5:1775398500,"Bitcoin Up or Down - April 5, 10:15AM-10:20AM ET",m5,UP,2026-04-05T14:16:15.238000+00:00,-0.0551949086098875,-0.0247038713149683,18.0,btc|m5|Up,391,2026-04-05 14:16:15.238,0.18,23.925,132.91666666666669,,2026-04-05 14:19:59.682,,settlement,False,False,-23.925,-100.0
btc,btc:m5:1775398800,"Bitcoin Up or Down - April 5, 10:20AM-10:25AM ET",m5,UP,2026-04-05T14:22:23.200000+00:00,-0.02385464787249,-0.0220449849304509,23.0,btc|m5|Up,425,2026-04-05 14:22:23.200,0.23,23.925,104.02173913043478,,2026-04-05 14:24:58.264,,settlement,True,True,80.09673913043478,334.78260869565213
btc,btc:m5:1775399400,"Bitcoin Up or Down - April 5, 10:30AM-10:35AM ET",m5,UP,2026-04-05T14:32:20.038000+00:00,-0.022359060202078,-0.0253482393734776,31.0,btc|m5|Up,411,2026-04-05 14:32:20.038,0.31,23.925,77.17741935483872,,2026-04-05 14:34:58.789,,settlement,True,True,53.25241935483872,222.58064516129033
btc,btc:m5:1775400300,"Bitcoin Up or Down - April 5, 10:45AM-10:50AM ET",m5,UP,2026-04-05T14:46:17.632000+00:00,-0.0480680899879949,-0.017416840561206,37.0,btc|m5|Up,430,2026-04-05 14:46:17.632,0.37,23.925,64.66216216216216,,2026-04-05 14:49:59.985,,settlement,False,False,-23.925,-100.0
btc,btc:m5:1775400300,"Bitcoin Up or Down - April 5, 10:45AM-10:50AM ET",m5,DOWN,2026-04-05T14:46:17.632000+00:00,0.0480680899879949,0.017416840561206,65.0,btc|m5|Down,430,2026-04-05 14:46:17.632,0.65,23.43,36.04615384615384,,2026-04-05 14:49:59.985,,settlement,False,True,12.616153846153843,53.84615384615383
btc,btc:m5:1775400900,"Bitcoin Up or Down - April 5, 10:55AM-11:00AM ET",m5,UP,2026-04-05T14:59:37.729000+00:00,-0.0261030090180161,-0.0153599846998017,3.0,btc|m5|Up,870,2026-04-05 14:59:37.729,0.03,23.925,797.5,,2026-04-05 14:59:58.601,,settlement,False,False,-23.925,-100.0
btc,btc:m5:1775401200,"Bitcoin Up or Down - April 5, 11:00AM-11:05AM ET",m5,UP,2026-04-05T15:02:10.421000+00:00,0.0250306232864296,0.0221464977375939,59.0,btc|m5|Up,458,2026-04-05 15:02:10.421,0.59,23.925,40.55084745762712,,2026-04-05 15:04:59.883,,settlement,False,False,-23.925,-100.0
btc,btc:m5:1775401500,"Bitcoin Up or Down - April 5, 11:05AM-11:10AM ET",m5,UP,2026-04-05T15:06:16.929000+00:00,-0.0398135118955987,-0.0176267857772823,45.0,btc|m5|Up,385,2026-04-05 15:06:16.929,0.45,23.925,53.166666666666664,,2026-04-05 15:09:59.849,,settlement,True,True,29.241666666666664,122.22222222222221
btc,btc:m5:1775402400,"Bitcoin Up or Down - April 5, 11:20AM-11:25AM ET",m5,UP,2026-04-05T15:21:25.734000+00:00,0.0281453554564375,0.0144832863622115,59.0,btc|m5|Up,209,2026-04-05 15:21:25.734,0.59,23.925,40.55084745762712,,2026-04-05 15:24:59.836,,settlement,True,True,16.62584745762712,69.49152542372882
btc,btc:m5:1775403000,"Bitcoin Up or Down - April 5, 11:30AM-11:35AM ET",m5,UP,2026-04-05T15:31:30.864000+00:00,0.0516888965465023,-0.2992000443259204,56.99999999999999,btc|m5|Up,1105,2026-04-05 15:31:30.864,0.57,23.925,41.97368421052632,,2026-04-05 15:34:59.974,,settlement,False,False,-23.925,-100.0
btc,btc:m5:1775403000,"Bitcoin Up or Down - April 5, 11:30AM-11:35AM ET",m5,DOWN,2026-04-05T15:34:22.052000+00:00,0.03200000474075,0.0277925967100065,67.0,btc|m5|Down,2523,2026-04-05 15:34:22.052,0.67,23.43,34.97014925373134,,2026-04-05 15:34:59.974,,settlement,False,True,11.540149253731343,49.25373134328358
btc,btc:m5:1775403900,"Bitcoin Up or Down - April 5, 11:45AM-11:50AM ET",m5,UP,2026-04-05T15:46:19.114000+00:00,-0.1112442225886926,-0.0671735974842418,15.0,btc|m5|Up,369,2026-04-05 15:46:19.114,0.15,23.925,159.5,,2026-04-05 15:49:59.808,,settlement,False,False,-23.925,-100.0
btc,btc:m5:1775404200,"Bitcoin Up or Down - April 5, 11:50AM-11:55AM ET",m5,UP,2026-04-05T15:51:28.437000+00:00,0.0751778256138773,-0.0192508666971749,63.0,btc|m5|Up,551,2026-04-05 15:51:28.437,0.63,23.925,37.976190476190474,,2026-04-05 15:54:59.735,,settlement,False,False,-23.925,-100.0
btc,btc:m5:1775404500,"Bitcoin Up or Down - April 5, 11:55AM-12:00PM ET",m5,UP,2026-04-05T15:56:45.441000+00:00,-0.0360315474235796,0.0146679723339328,38.0,btc|m5|Up,393,2026-04-05 15:56:45.441,0.38,23.925,62.96052631578947,,2026-04-05 15:59:59.869,,settlement,False,False,-23.925,-100.0
btc,btc:m5:1775404500,"Bitcoin Up or Down - April 5, 11:55AM-12:00PM ET",m5,DOWN,2026-04-05T15:56:45.441000+00:00,0.0360315474235796,-0.0146679723339328,63.0,btc|m5|Down,393,2026-04-05 15:56:45.441,0.63,23.43,37.19047619047619,,2026-04-05 15:59:59.869,,settlement,False,True,13.76047619047619,58.730158730158735
btc,btc:m5:1775405100,"Bitcoin Up or Down - April 5, 12:05PM-12:10PM ET",m5,UP,2026-04-05T16:06:17.394000+00:00,-0.0521239972143139,-0.0169985692994512,27.0,btc|m5|Up,263,2026-04-05 16:06:17.394,0.27,23.925,88.61111111111111,,2026-04-05 16:09:59.574,,settlement,False,False,-23.925,-100.0
btc,btc:m5:1775405400,"Bitcoin Up or Down - April 5, 12:10PM-12:15PM ET",m5,UP,2026-04-05T16:11:14.983000+00:00,0.0368019601573467,0.0294801819662245,50.0,btc|m5|Up,280,2026-04-05 16:11:14.983,0.5,23.925,47.85,,2026-04-05 16:14:59.718,,settlement,False,False,-23.925,-100.0
btc,btc:m5:1775405400,"Bitcoin Up or Down - April 5, 12:10PM-12:15PM ET",m5,DOWN,2026-04-05T16:11:56.852000+00:00,0.0392673053494906,0.0907128218890599,65.0,btc|m5|Down,496,2026-04-05 16:11:56.852,0.65,23.43,36.04615384615384,,2026-04-05 16:14:59.718,,settlement,False,True,12.616153846153843,53.84615384615383
btc,btc:m5:1775405700,"Bitcoin Up or Down - April 5, 12:15PM-12:20PM ET",m5,UP,2026-04-05T16:16:35.344000+00:00,0.0227059453764481,-0.0199865814995755,67.0,btc|m5|Up,327,2026-04-05 16:16:35.344,0.67,23.925,35.708955223880594,,2026-04-05 16:19:59.864,,settlement,True,True,11.783955223880593,49.25373134328356
btc,btc:m5:1775406000,"Bitcoin Up or Down - April 5, 12:20PM-12:25PM ET",m5,UP,2026-04-05T16:21:22.592000+00:00,0.0250339799900407,0.0138384752969956,65.0,btc|m5|Up,204,2026-04-05 16:21:22.592,0.65,23.925,36.80769230769231,,2026-04-05 16:24:58.605,,settlement,True,True,12.882692307692306,53.84615384615383
btc,btc:m5:1775406300,"Bitcoin Up or Down - April 5, 12:25PM-12:30PM ET",m5,UP,2026-04-05T16:28:40.096000+00:00,-0.0331154039916192,-0.0347333237742606,34.0,btc|m5|Up,634,2026-04-05 16:28:40.096,0.34,23.925,70.36764705882352,,2026-04-05 16:29:59.077,,settlement,False,False,-23.925,-100.0
btc,btc:m5:1775406300,"Bitcoin Up or Down - April 5, 12:25PM-12:30PM ET",m5,DOWN,2026-04-05T16:28:40.096000+00:00,0.0331154039916192,0.0347333237742606,67.0,btc|m5|Down,634,2026-04-05 16:28:40.096,0.67,23.43,34.97014925373134,,2026-04-05 16:29:59.077,,settlement,False,True,11.540149253731343,49.25373134328358
btc,btc:m5:1775406900,"Bitcoin Up or Down - April 5, 12:35PM-12:40PM ET",m5,UP,2026-04-05T16:36:16.883000+00:00,-0.0521923689590836,-0.0190897003644419,26.0,btc|m5|Up,237,2026-04-05 16:36:16.883,0.26,23.925,92.01923076923077,,2026-04-05 16:39:59.365,,settlement,False,False,-23.925,-100.0
btc,btc:m5:1775407200,"Bitcoin Up or Down - April 5, 12:40PM-12:45PM ET",m5,UP,2026-04-05T16:41:14.724000+00:00,-0.0522477526929776,-0.0496182809197041,23.0,btc|m5|Up,336,2026-04-05 16:41:14.724,0.23,23.925,104.02173913043478,,2026-04-05 16:44:59.745,,settlement,True,True,80.09673913043478,334.78260869565213
btc,btc:m5:1775407500,"Bitcoin Up or Down - April 5, 12:45PM-12:50PM ET",m5,UP,2026-04-05T16:46:18.152000+00:00,-0.0967418652835803,-0.0388126046347339,14.000000000000002,btc|m5|Up,373,2026-04-05 16:46:18.152,0.14,23.925,170.89285714285714,,2026-04-05 16:49:59.095,,settlement,False,False,-23.925,-100.0
btc,btc:m5:1775407800,"Bitcoin Up or Down - April 5, 12:50PM-12:55PM ET",m5,UP,2026-04-05T16:51:22.146000+00:00,0.0227178052844621,-0.0155320161866256,63.0,btc|m5|Up,296,2026-04-05 16:51:22.146,0.63,23.925,37.976190476190474,,2026-04-05 16:54:56.990,,settlement,False,False,-23.925,-100.0
btc,btc:m5:1775407800,"Bitcoin Up or Down - April 5, 12:50PM-12:55PM ET",m5,DOWN,2026-04-05T16:52:10.865000+00:00,0.0237889788145757,0.0297548202808855,66.0,btc|m5|Down,443,2026-04-05 16:52:10.865,0.66,23.43,35.5,,2026-04-05 16:54:56.990,,settlement,False,True,12.07,51.515151515151516
btc,btc:m5:1775408400,"Bitcoin Up or Down - April 5, 1:00PM-1:05PM ET",m5,UP,2026-04-05T17:01:14.938000+00:00,0.0265426344040911,-0.0288338707819902,64.0,btc|m5|Up,368,2026-04-05 17:01:14.938,0.64,23.925,37.3828125,,2026-04-05 17:05:00.000,,settlement,True,True,13.4578125,56.25
btc,btc:m5:1775408400,"Bitcoin Up or Down - April 5, 1:00PM-1:05PM ET",m5,DOWN,2026-04-05T17:02:51.728000+00:00,0.0367044165217756,0.0328063390476415,69.0,btc|m5|Down,691,2026-04-05 17:02:51.728,0.69,23.43,33.95652173913044,,2026-04-05 17:05:00.000,,settlement,True,False,-23.43,-100.0
btc,btc:m5:1775409000,"Bitcoin Up or Down - April 5, 1:10PM-1:15PM ET",m5,UP,2026-04-05T17:12:25.711000+00:00,-0.0243888301832787,-0.0275693357647679,35.0,btc|m5|Up,553,2026-04-05 17:12:25.711,0.35,23.925,68.35714285714286,,2026-04-05 17:14:59.270,,settlement,True,True,44.432142857142864,185.71428571428575
btc,btc:m5:1775409000,"Bitcoin Up or Down - April 5, 1:10PM-1:15PM ET",m5,DOWN,2026-04-05T17:12:25.711000+00:00,0.0243888301832787,0.0275693357647679,66.0,btc|m5|Down,553,2026-04-05 17:12:25.711,0.66,23.43,35.5,,2026-04-05 17:14:59.270,,settlement,True,False,-23.43,-100.0
btc,btc:m5:1775409300,"Bitcoin Up or Down - April 5, 1:15PM-1:20PM ET",m5,UP,2026-04-05T17:17:26.610000+00:00,-0.02704918775896,-0.0333507567753419,24.0,btc|m5|Up,355,2026-04-05 17:17:26.610,0.24,23.925,99.6875,,2026-04-05 17:19:59.947,,settlement,False,False,-23.925,-100.0
btc,btc:m5:1775409600,"Bitcoin Up or Down - April 5, 1:20PM-1:25PM ET",m5,UP,2026-04-05T17:22:11.045000+00:00,-0.050162149296363,-0.0174347683794013,41.0,btc|m5|Up,322,2026-04-05 17:22:11.045,0.41,23.925,58.35365853658537,,2026-04-05 17:24:59.258,,settlement,True,True,34.428658536585374,143.90243902439028
btc,btc:m5:1775410200,"Bitcoin Up or Down - April 5, 1:30PM-1:35PM ET",m5,UP,2026-04-05T17:31:20.266000+00:00,-0.0276657625422276,-0.0136472548450388,36.0,btc|m5|Up,201,2026-04-05 17:31:20.266,0.36,23.925,66.45833333333334,,2026-04-05 17:34:57.535,,settlement,False,False,-23.925,-100.0
btc,btc:m5:1775410200,"Bitcoin Up or Down - April 5, 1:30PM-1:35PM ET",m5,DOWN,2026-04-05T17:32:06.948000+00:00,0.0238492832221148,-0.015562919562145,67.0,btc|m5|Down,318,2026-04-05 17:32:06.948,0.67,23.43,34.97014925373134,,2026-04-05 17:34:57.535,,settlement,False,True,11.540149253731343,49.25373134328358
btc,btc:m5:1775410800,"Bitcoin Up or Down - April 5, 1:40PM-1:45PM ET",m5,UP,2026-04-05T17:43:04.885000+00:00,-0.0241445025475701,-0.0134152614032068,27.0,btc|m5|Up,629,2026-04-05 17:43:04.885,0.27,23.925,88.61111111111111,,2026-04-05 17:44:57.542,,settlement,False,False,-23.925,-100.0
btc,btc:m5:1775411100,"Bitcoin Up or Down - April 5, 1:45PM-1:50PM ET",m5,UP,2026-04-05T17:46:18.719000+00:00,-0.0560561999032893,-0.0654978691666633,32.0,btc|m5|Up,409,2026-04-05 17:46:18.719,0.32,23.925,74.765625,,2026-04-05 17:50:00.000,,settlement,False,False,-23.925,-100.0
btc,btc:m5:1775411100,"Bitcoin Up or Down - April 5, 1:45PM-1:50PM ET",m5,DOWN,2026-04-05T17:46:13.704000+00:00,0.0292008859136058,0.0386425551769798,61.0,btc|m5|Down,382,2026-04-05 17:46:13.704,0.61,23.43,38.40983606557377,,2026-04-05 17:50:00.000,,settlement,False,True,14.979836065573771,63.934426229508205
btc,btc:m5:1775411400,"Bitcoin Up or Down - April 5, 1:50PM-1:55PM ET",m5,UP,2026-04-05T17:52:16.912000+00:00,-0.0368131868131773,-0.0160083160083142,35.0,btc|m5|Up,526,2026-04-05 17:52:16.912,0.35,23.925,68.35714285714286,,2026-04-05 17:54:59.755,,settlement,True,True,44.432142857142864,185.71428571428575
btc,btc:m5:1775411400,"Bitcoin Up or Down - April 5, 1:50PM-1:55PM ET",m5,DOWN,2026-04-05T17:52:16.912000+00:00,0.0368131868131773,0.0160083160083142,66.0,btc|m5|Down,526,2026-04-05 17:52:16.912,0.66,23.43,35.5,,2026-04-05 17:54:59.755,,settlement,True,False,-23.43,-100.0
btc,btc:m5:1775412000,"Bitcoin Up or Down - April 5, 2:00PM-2:05PM ET",m5,UP,2026-04-05T18:01:19.787000+00:00,-0.0458487919014015,-0.0381157972168239,28.000000000000004,btc|m5|Up,321,2026-04-05 18:01:19.787,0.28,23.925,85.44642857142857,,2026-04-05 18:04:58.664,,settlement,False,False,-23.925,-100.0
btc,btc:m5:1775412000,"Bitcoin Up or Down - April 5, 2:00PM-2:05PM ET",m5,DOWN,2026-04-05T18:01:14.570000+00:00,0.0375666210108251,0.0298484689264237,65.0,btc|m5|Down,291,2026-04-05 18:01:14.570,0.65,23.43,36.04615384615384,,2026-04-05 18:04:58.664,,settlement,False,True,12.616153846153843,53.84615384615383
btc,btc:m5:1775412300,"Bitcoin Up or Down - April 5, 2:05PM-2:10PM ET",m5,UP,2026-04-05T18:07:08.487000+00:00,-0.0217767349900637,-0.0477870098656307,26.0,btc|m5|Up,408,2026-04-05 18:07:08.487,0.26,23.925,92.01923076923077,,2026-04-05 18:09:59.903,,settlement,False,False,-23.925,-100.0
btc,btc:m5:1775412600,"Bitcoin Up or Down - April 5, 2:10PM-2:15PM ET",m5,UP,2026-04-05T18:13:06.968000+00:00,0.0482828312850236,0.0188732519950835,59.0,btc|m5|Up,715,2026-04-05 18:13:06.968,0.59,23.925,40.55084745762712,,2026-04-05 18:14:59.710,,settlement,False,False,-23.925,-100.0
btc,btc:m5:1775412900,"Bitcoin Up or Down - April 5, 2:15PM-2:20PM ET",m5,UP,2026-04-05T18:18:25.331000+00:00,0.0284674920852697,-0.0138623017304576,60.0,btc|m5|Up,557,2026-04-05 18:18:25.331,0.6,23.925,39.875,,2026-04-05 18:19:59.124,,settlement,False,False,-23.925,-100.0
btc,btc:m5:1775414100,"Bitcoin Up or Down - April 5, 2:35PM-2:40PM ET",m5,UP,2026-04-05T18:37:54.966000+00:00,-0.0342196068112399,-0.0186005144955828,8.0,btc|m5|Up,561,2026-04-05 18:37:54.966,0.08,23.925,299.0625,,2026-04-05 18:39:59.357,,settlement,True,True,275.1375,1150.0
btc,btc:m5:1775414400,"Bitcoin Up or Down - April 5, 2:40PM-2:45PM ET",m5,UP,2026-04-05T18:41:34.099000+00:00,-0.0490070402579688,-0.0182089698749776,16.0,btc|m5|Up,385,2026-04-05 18:41:34.099,0.16,23.925,149.53125,,2026-04-05 18:45:00.000,,settlement,False,False,-23.925,-100.0
btc,btc:m5:1775414700,"Bitcoin Up or Down - April 5, 2:45PM-2:50PM ET",m5,UP,2026-04-05T18:46:30.024000+00:00,0.0274525298151519,0.0406819499097486,43.0,btc|m5|Up,467,2026-04-05 18:46:30.024,0.43,23.925,55.639534883720934,,2026-04-05 18:49:59.963,,settlement,False,False,-23.925,-100.0
btc,btc:m5:1775415000,"Bitcoin Up or Down - April 5, 2:50PM-2:55PM ET",m5,UP,2026-04-05T18:53:12.601000+00:00,-0.0283447552858305,-0.0213141880406718,19.0,btc|m5|Up,550,2026-04-05 18:53:12.601,0.19,23.925,125.92105263157895,,2026-04-05 18:54:59.837,,settlement,False,False,-23.925,-100.0
btc,btc:m5:1775415900,"Bitcoin Up or Down - April 5, 3:05PM-3:10PM ET",m5,UP,2026-04-05T19:06:32.475000+00:00,0.0378881982046942,0.0135198388423346,39.0,btc|m5|Up,194,2026-04-05 19:06:32.475,0.39,23.925,61.34615384615385,,2026-04-05 19:09:59.068,,settlement,True,True,37.42115384615384,156.41025641025638
btc,btc:m5:1775416200,"Bitcoin Up or Down - April 5, 3:10PM-3:15PM ET",m5,UP,2026-04-05T19:13:12.831000+00:00,0.0383108903528177,0.0481037593043357,66.0,btc|m5|Up,570,2026-04-05 19:13:12.831,0.66,23.925,36.25,,2026-04-05 19:14:59.939,,settlement,True,True,12.325,51.515151515151516
btc,btc:m5:1775416500,"Bitcoin Up or Down - April 5, 3:15PM-3:20PM ET",m5,UP,2026-04-05T19:16:21.314000+00:00,0.0250822143367971,0.0155595758954887,48.0,btc|m5|Up,265,2026-04-05 19:16:21.314,0.48,23.925,49.84375,,2026-04-05 19:19:58.016,,settlement,True,True,25.91875,108.33333333333333
btc,btc:m5:1775416800,"Bitcoin Up or Down - April 5, 3:20PM-3:25PM ET",m5,UP,2026-04-05T19:21:16.393000+00:00,-0.0395438447191885,-0.0475414762354168,33.0,btc|m5|Up,388,2026-04-05 19:21:16.393,0.33,23.925,72.5,,2026-04-05 19:24:59.899,,settlement,True,True,48.575,203.03030303030303
btc,btc:m5:1775416800,"Bitcoin Up or Down - April 5, 3:20PM-3:25PM ET",m5,DOWN,2026-04-05T19:21:16.393000+00:00,0.0395438447191885,0.0475414762354168,68.0,btc|m5|Down,388,2026-04-05 19:21:16.393,0.68,23.43,34.455882352941174,,2026-04-05 19:24:59.899,,settlement,True,False,-23.43,-100.0
btc,btc:m5:1775417100,"Bitcoin Up or Down - April 5, 3:25PM-3:30PM ET",m5,UP,2026-04-05T19:27:36.340000+00:00,-0.0333377912076718,-0.0140697030863152,26.0,btc|m5|Up,441,2026-04-05 19:27:36.340,0.26,23.925,92.01923076923077,,2026-04-05 19:29:59.989,,settlement,False,False,-23.925,-100.0
btc,btc:m5:1775417400,"Bitcoin Up or Down - April 5, 3:30PM-3:35PM ET",m5,UP,2026-04-05T19:32:40.003000+00:00,-0.0270657977547464,-0.0141406194184108,18.0,btc|m5|Up,402,2026-04-05 19:32:40.003,0.18,23.925,132.91666666666669,,2026-04-05 19:34:59.618,,settlement,False,False,-23.925,-100.0
btc,btc:m5:1775417700,"Bitcoin Up or Down - April 5, 3:35PM-3:40PM ET",m5,UP,2026-04-05T19:36:17.616000+00:00,-0.0279610508195813,0.0148107580958513,31.0,btc|m5|Up,274,2026-04-05 19:36:17.616,0.31,23.925,77.17741935483872,,2026-04-05 19:39:59.603,,settlement,False,False,-23.925,-100.0
btc,btc:m5:1775418000,"Bitcoin Up or Down - April 5, 3:40PM-3:45PM ET",m5,UP,2026-04-05T19:42:40.439000+00:00,-0.0286217760770136,-0.0254432290710572,18.0,btc|m5|Up,501,2026-04-05 19:42:40.439,0.18,23.925,132.91666666666669,,2026-04-05 19:44:57.275,,settlement,False,False,-23.925,-100.0
btc,btc:m5:1775418300,"Bitcoin Up or Down - April 5, 3:45PM-3:50PM ET",m5,UP,2026-04-05T19:47:28.985000+00:00,0.026192715691375,0.0256132965694454,65.0,btc|m5|Up,286,2026-04-05 19:47:28.985,0.65,23.925,36.80769230769231,,2026-04-05 19:49:59.801,,settlement,False,False,-23.925,-100.0
btc,btc:m5:1775418600,"Bitcoin Up or Down - April 5, 3:50PM-3:55PM ET",m5,UP,2026-04-05T19:51:19.644000+00:00,0.0545657128146133,0.0289550554516006,65.0,btc|m5|Up,330,2026-04-05 19:51:19.644,0.65,23.925,36.80769230769231,,2026-04-05 19:54:57.324,,settlement,True,True,12.882692307692306,53.84615384615383
btc,btc:m5:1775420700,"Bitcoin Up or Down - April 5, 4:25PM-4:30PM ET",m5,UP,2026-04-05T20:26:28.475000+00:00,0.0277321093063184,0.0553604640615072,63.0,btc|m5|Up,301,2026-04-05 20:26:28.475,0.63,23.925,37.976190476190474,,2026-04-05 20:29:57.931,,settlement,True,True,14.051190476190474,58.73015873015872
btc,btc:m5:1775421600,"Bitcoin Up or Down - April 5, 4:40PM-4:45PM ET",m5,UP,2026-04-05T20:41:54.533000+00:00,-0.0673820997922849,-0.017299811194192,15.0,btc|m5|Up,346,2026-04-05 20:41:54.533,0.15,23.925,159.5,,2026-04-05 20:44:59.589,,settlement,False,False,-23.925,-100.0
btc,btc:m5:1775548500,"Bitcoin Up or Down - April 7, 3:55AM-4:00AM ET",m5,UP,2026-04-07T07:56:15.792000+00:00,-0.0286165493072525,-0.0415922976190997,28.000000000000004,btc|m5|Up,240,2026-04-07 07:56:15.792,0.28,23.925,85.44642857142857,,2026-04-07 07:59:59.584,,settlement,False,False,-23.925,-100.0
btc,btc:m5:1775549100,"Bitcoin Up or Down - April 7, 4:05AM-4:10AM ET",m5,UP,2026-04-07T08:06:18.721000+00:00,-0.0535541039872958,-0.0260490190411397,30.0,btc|m5|Up,212,2026-04-07 08:06:18.721,0.3,23.925,79.75,,2026-04-07 08:09:59.876,,settlement,False,False,-23.925,-100.0
btc,btc:m5:1775549100,"Bitcoin Up or Down - April 7, 4:05AM-4:10AM ET",m5,DOWN,2026-04-07T08:06:20.580000+00:00,0.0535686646463385,0.0260635797001825,69.0,btc|m5|Down,216,2026-04-07 08:06:20.580,0.69,23.43,33.95652173913044,,2026-04-07 08:09:59.876,,settlement,False,True,10.526521739130438,44.92753623188407
btc,btc:m5:1775549700,"Bitcoin Up or Down - April 7, 4:15AM-4:20AM ET",m5,UP,2026-04-07T08:16:51.985000+00:00,-0.0235978861997047,-0.0180985021161751,35.0,btc|m5|Up,342,2026-04-07 08:16:51.985,0.35,23.925,68.35714285714286,,2026-04-07 08:19:59.415,,settlement,True,True,44.432142857142864,185.71428571428575
btc,btc:m5:1775549700,"Bitcoin Up or Down - April 7, 4:15AM-4:20AM ET",m5,DOWN,2026-04-07T08:16:51.985000+00:00,0.0235978861997047,0.0180985021161751,66.0,btc|m5|Down,342,2026-04-07 08:16:51.985,0.66,23.43,35.5,,2026-04-07 08:19:59.415,,settlement,True,False,-23.43,-100.0
btc,btc:m5:1775550000,"Bitcoin Up or Down - April 7, 4:20AM-4:25AM ET",m5,UP,2026-04-07T08:21:18.977000+00:00,0.0424443773632347,0.0314370482560288,64.0,btc|m5|Up,342,2026-04-07 08:21:18.977,0.64,23.925,37.3828125,,2026-04-07 08:24:59.353,,settlement,True,True,13.4578125,56.25
btc,btc:m5:1775550300,"Bitcoin Up or Down - April 7, 4:25AM-4:30AM ET",m5,UP,2026-04-07T08:26:26.471000+00:00,-0.1015612224061623,-0.0190980991654765,11.0,btc|m5|Up,305,2026-04-07 08:26:26.471,0.11,23.925,217.5,,2026-04-07 08:29:58.519,,settlement,False,False,-23.925,-100.0
btc,btc:m5:1775550900,"Bitcoin Up or Down - April 7, 4:35AM-4:40AM ET",m5,UP,2026-04-07T08:37:19.751000+00:00,0.0261335632815812,0.0162989760989042,62.0,btc|m5|Up,409,2026-04-07 08:37:19.751,0.62,23.925,38.58870967741936,,2026-04-07 08:39:59.242,,settlement,True,True,14.663709677419359,61.290322580645174
btc,btc:m5:1775551200,"Bitcoin Up or Down - April 7, 4:40AM-4:45AM ET",m5,UP,2026-04-07T08:41:50.766000+00:00,-0.0320559818233316,-0.0164054617121246,27.0,btc|m5|Up,246,2026-04-07 08:41:50.766,0.27,23.925,88.61111111111111,,2026-04-07 08:44:59.199,,settlement,True,True,64.68611111111112,270.3703703703704
btc,btc:m5:1775551500,"Bitcoin Up or Down - April 7, 4:45AM-4:50AM ET",m5,UP,2026-04-07T08:46:28.996000+00:00,-0.0237089882747829,-0.0604042338971564,38.0,btc|m5|Up,379,2026-04-07 08:46:28.996,0.38,23.925,62.96052631578947,,2026-04-07 08:49:59.624,,settlement,False,False,-23.925,-100.0
btc,btc:m5:1775551500,"Bitcoin Up or Down - April 7, 4:45AM-4:50AM ET",m5,DOWN,2026-04-07T08:46:28.996000+00:00,0.0237089882747829,0.0604042338971564,65.0,btc|m5|Down,379,2026-04-07 08:46:28.996,0.65,23.43,36.04615384615384,,2026-04-07 08:49:59.624,,settlement,False,True,12.616153846153843,53.84615384615383
btc,btc:m5:1775552100,"Bitcoin Up or Down - April 7, 4:55AM-5:00AM ET",m5,UP,2026-04-07T08:56:16.752000+00:00,-0.0290159503622923,-0.0180969045737692,24.0,btc|m5|Up,187,2026-04-07 08:56:16.752,0.24,23.925,99.6875,,2026-04-07 08:59:58.594,,settlement,False,False,-23.925,-100.0
btc,btc:m5:1775552400,"Bitcoin Up or Down - April 7, 5:00AM-5:05AM ET",m5,UP,2026-04-07T09:02:23.372000+00:00,0.0253565915750779,0.0157535803492806,61.0,btc|m5|Up,504,2026-04-07 09:02:23.372,0.61,23.925,39.22131147540984,,2026-04-07 09:04:59.463,,settlement,True,True,15.29631147540984,63.93442622950821
btc,btc:m5:1775552700,"Bitcoin Up or Down - April 7, 5:05AM-5:10AM ET",m5,UP,2026-04-07T09:06:24.294000+00:00,-0.0240628498444703,-0.016959960432553,39.0,btc|m5|Up,194,2026-04-07 09:06:24.294,0.39,23.925,61.34615384615385,,2026-04-07 09:09:59.719,,settlement,True,True,37.42115384615384,156.41025641025638
btc,btc:m5:1775552700,"Bitcoin Up or Down - April 7, 5:05AM-5:10AM ET",m5,DOWN,2026-04-07T09:07:08.580000+00:00,0.0297451613740083,0.0323833774413051,65.0,btc|m5|Down,341,2026-04-07 09:07:08.580,0.65,23.43,36.04615384615384,,2026-04-07 09:09:59.719,,settlement,True,False,-23.43,-100.0
btc,btc:m5:1775553000,"Bitcoin Up or Down - April 7, 5:10AM-5:15AM ET",m5,UP,2026-04-07T09:11:39.364000+00:00,-0.0505336451188446,-0.035013732377162,26.0,btc|m5|Up,351,2026-04-07 09:11:39.364,0.26,23.925,92.01923076923077,,2026-04-07 09:14:59.726,,settlement,False,False,-23.925,-100.0
btc,btc:m5:1775553000,"Bitcoin Up or Down - April 7, 5:10AM-5:15AM ET",m5,DOWN,2026-04-07T09:12:16.999000+00:00,0.0255052569730421,-0.0214012949445223,63.0,btc|m5|Down,591,2026-04-07 09:12:16.999,0.63,23.43,37.19047619047619,,2026-04-07 09:14:59.726,,settlement,False,True,13.76047619047619,58.730158730158735
btc,btc:m5:1775553300,"Bitcoin Up or Down - April 7, 5:15AM-5:20AM ET",m5,UP,2026-04-07T09:16:15.942000+00:00,-0.0261765520893801,0.0138624305702794,41.0,btc|m5|Up,225,2026-04-07 09:16:15.942,0.41,23.925,58.35365853658537,,2026-04-07 09:19:59.931,,settlement,False,False,-23.925,-100.0
btc,btc:m5:1775553600,"Bitcoin Up or Down - April 7, 5:20AM-5:25AM ET",m5,UP,2026-04-07T09:21:16.605000+00:00,-0.0588129310301154,-0.0628794747356885,21.0,btc|m5|Up,231,2026-04-07 09:21:16.605,0.21,23.925,113.92857142857143,,2026-04-07 09:24:58.448,,settlement,False,False,-23.925,-100.0
btc,btc:m5:1775553900,"Bitcoin Up or Down - April 7, 5:25AM-5:30AM ET",m5,UP,2026-04-07T09:27:44.012000+00:00,0.0252726110937596,0.0181325553520932,69.0,btc|m5|Up,414,2026-04-07 09:27:44.012,0.69,23.925,34.673913043478265,,2026-04-07 09:29:59.914,,settlement,True,True,10.748913043478264,44.927536231884076
btc,btc:m5:1775553900,"Bitcoin Up or Down - April 7, 5:25AM-5:30AM ET",m5,DOWN,2026-04-07T09:28:12.570000+00:00,0.0286181544534464,0.0538762826755267,67.0,btc|m5|Down,559,2026-04-07 09:28:12.570,0.67,23.43,34.97014925373134,,2026-04-07 09:29:59.914,,settlement,True,False,-23.43,-100.0
btc,btc:m5:1775554500,"Bitcoin Up or Down - April 7, 5:35AM-5:40AM ET",m5,UP,2026-04-07T09:36:43.543000+00:00,-0.0275356955315576,-0.0155611388613191,34.0,btc|m5|Up,301,2026-04-07 09:36:43.543,0.34,23.925,70.36764705882352,,2026-04-07 09:39:59.937,,settlement,False,False,-23.925,-100.0
btc,btc:m5:1775554500,"Bitcoin Up or Down - April 7, 5:35AM-5:40AM ET",m5,DOWN,2026-04-07T09:36:43.543000+00:00,0.0275356955315576,0.0155611388613191,67.0,btc|m5|Down,301,2026-04-07 09:36:43.543,0.67,23.43,34.97014925373134,,2026-04-07 09:39:59.937,,settlement,False,True,11.540149253731343,49.25373134328358
btc,btc:m5:1775555100,"Bitcoin Up or Down - April 7, 5:45AM-5:50AM ET",m5,UP,2026-04-07T09:46:16.014000+00:00,-0.0547655020409499,-0.0398058043337934,19.0,btc|m5|Up,269,2026-04-07 09:46:16.014,0.19,23.925,125.92105263157895,,2026-04-07 09:49:59.840,,settlement,False,False,-23.925,-100.0
btc,btc:m5:1775555400,"Bitcoin Up or Down - April 7, 5:50AM-5:55AM ET",m5,UP,2026-04-07T09:51:30.369000+00:00,-0.0233173253799107,0.0232884136311386,35.0,btc|m5|Up,210,2026-04-07 09:51:30.369,0.35,23.925,68.35714285714286,,2026-04-07 09:54:58.739,,settlement,False,False,-23.925,-100.0
btc,btc:m5:1775555700,"Bitcoin Up or Down - April 7, 5:55AM-6:00AM ET",m5,UP,2026-04-07T09:56:15.693000+00:00,-0.0471985614850186,-0.0364400658524215,21.0,btc|m5|Up,224,2026-04-07 09:56:15.693,0.21,23.925,113.92857142857143,,2026-04-07 09:59:58.094,,settlement,False,False,-23.925,-100.0
btc,btc:m5:1775556000,"Bitcoin Up or Down - April 7, 6:00AM-6:05AM ET",m5,UP,2026-04-07T10:02:20.173000+00:00,-0.0253217459712745,-0.074085268195772,30.0,btc|m5|Up,514,2026-04-07 10:02:20.173,0.3,23.925,79.75,,2026-04-07 10:04:56.203,,settlement,False,False,-23.925,-100.0
btc,btc:m5:1775556300,"Bitcoin Up or Down - April 7, 6:05AM-6:10AM ET",m5,UP,2026-04-07T10:06:18.419000+00:00,-0.0329127080555857,-0.0387915287641482,35.0,btc|m5|Up,262,2026-04-07 10:06:18.419,0.35,23.925,68.35714285714286,,2026-04-07 10:09:59.783,,settlement,False,False,-23.925,-100.0
btc,btc:m5:1775556300,"Bitcoin Up or Down - April 7, 6:05AM-6:10AM ET",m5,DOWN,2026-04-07T10:06:18.419000+00:00,0.0329127080555857,0.0387915287641482,66.0,btc|m5|Down,262,2026-04-07 10:06:18.419,0.66,23.43,35.5,,2026-04-07 10:09:59.783,,settlement,False,True,12.07,51.515151515151516
btc,btc:m5:1775556600,"Bitcoin Up or Down - April 7, 6:10AM-6:15AM ET",m5,UP,2026-04-07T10:11:18.906000+00:00,-0.0986769198992297,-0.0251080035786486,31.0,btc|m5|Up,503,2026-04-07 10:11:18.906,0.31,23.925,77.17741935483872,,2026-04-07 10:14:58.871,,settlement,False,False,-23.925,-100.0
btc,btc:m5:1775556600,"Bitcoin Up or Down - April 7, 6:10AM-6:15AM ET",m5,DOWN,2026-04-07T10:11:26.900000+00:00,0.0293579429481252,-0.0465752741138377,60.0,btc|m5|Down,552,2026-04-07 10:11:26.900,0.6,23.43,39.050000000000004,,2026-04-07 10:14:58.871,,settlement,False,True,15.620000000000005,66.66666666666669
btc,btc:m5:1775556900,"Bitcoin Up or Down - April 7, 6:15AM-6:20AM ET",m5,UP,2026-04-07T10:16:33.035000+00:00,0.0438217690296715,-0.0165855238413538,69.0,btc|m5|Up,319,2026-04-07 10:16:33.035,0.69,23.925,34.673913043478265,,2026-04-07 10:19:59.866,,settlement,True,True,10.748913043478264,44.927536231884076
btc,btc:m5:1775557500,"Bitcoin Up or Down - April 7, 6:25AM-6:30AM ET",m5,UP,2026-04-07T10:26:17.058000+00:00,-0.3102633707823476,-0.1553564403683711,4.0,btc|m5|Up,558,2026-04-07 10:26:17.058,0.04,23.925,598.125,,2026-04-07 10:29:59.892,,settlement,False,False,-23.925,-100.0
btc,btc:m5:1775557800,"Bitcoin Up or Down - April 7, 6:30AM-6:35AM ET",m5,UP,2026-04-07T10:31:37.958000+00:00,0.0251829510112281,0.0318605792689672,59.0,btc|m5|Up,329,2026-04-07 10:31:37.958,0.59,23.925,40.55084745762712,,2026-04-07 10:34:59.990,,settlement,True,True,16.62584745762712,69.49152542372882
btc,btc:m5:1775557800,"Bitcoin Up or Down - April 7, 6:30AM-6:35AM ET",m5,DOWN,2026-04-07T10:33:46.769000+00:00,0.0239609013954368,0.0293582871985466,67.0,btc|m5|Down,665,2026-04-07 10:33:46.769,0.67,23.43,34.97014925373134,,2026-04-07 10:34:59.990,,settlement,True,False,-23.43,-100.0
btc,btc:m5:1775558100,"Bitcoin Up or Down - April 7, 6:35AM-6:40AM ET",m5,UP,2026-04-07T10:36:16.158000+00:00,-0.0262881942585637,-0.0367627376266606,44.0,btc|m5|Up,167,2026-04-07 10:36:16.158,0.44,23.925,54.375,,2026-04-07 10:39:57.596,,settlement,False,False,-23.925,-100.0
btc,btc:m5:1775558100,"Bitcoin Up or Down - April 7, 6:35AM-6:40AM ET",m5,DOWN,2026-04-07T10:36:16.158000+00:00,0.0262881942585637,0.0367627376266606,56.99999999999999,btc|m5|Down,167,2026-04-07 10:36:16.158,0.57,23.43,41.10526315789474,,2026-04-07 10:39:57.596,,settlement,False,True,17.67526315789474,75.43859649122808
btc,btc:m5:1775558400,"Bitcoin Up or Down - April 7, 6:40AM-6:45AM ET",m5,UP,2026-04-07T10:41:17.079000+00:00,-0.0875419274191131,-0.1371407531523259,31.0,btc|m5|Up,209,2026-04-07 10:41:17.079,0.31,23.925,77.17741935483872,,2026-04-07 10:44:56.282,,settlement,False,False,-23.925,-100.0
btc,btc:m5:1775558400,"Bitcoin Up or Down - April 7, 6:40AM-6:45AM ET",m5,DOWN,2026-04-07T10:42:24.603000+00:00,0.0267396022261729,-0.0586579053744731,57.99999999999999,btc|m5|Down,470,2026-04-07 10:42:24.603,0.58,23.43,40.396551724137936,,2026-04-07 10:44:56.282,,settlement,False,True,16.966551724137936,72.4137931034483
btc,btc:m5:1775558700,"Bitcoin Up or Down - April 7, 6:45AM-6:50AM ET",m5,UP,2026-04-07T10:46:16.927000+00:00,-0.0691501324586359,-0.0832868438039419,31.0,btc|m5|Up,306,2026-04-07 10:46:16.927,0.31,23.925,77.17741935483872,,2026-04-07 10:49:59.078,,settlement,False,False,-23.925,-100.0
btc,btc:m5:1775558700,"Bitcoin Up or Down - April 7, 6:45AM-6:50AM ET",m5,DOWN,2026-04-07T10:46:13.115000+00:00,0.0558458514301601,0.0663899687765492,65.0,btc|m5|Down,287,2026-04-07 10:46:13.115,0.65,23.43,36.04615384615384,,2026-04-07 10:49:59.078,,settlement,False,True,12.616153846153843,53.84615384615383
btc,btc:m5:1775559000,"Bitcoin Up or Down - April 7, 6:50AM-6:55AM ET",m5,UP,2026-04-07T10:51:16.909000+00:00,-0.092172310046792,0.0172010161606097,30.0,btc|m5|Up,338,2026-04-07 10:51:16.909,0.3,23.925,79.75,,2026-04-07 10:54:59.477,,settlement,False,False,-23.925,-100.0
btc,btc:m5:1775559000,"Bitcoin Up or Down - April 7, 6:50AM-6:55AM ET",m5,DOWN,2026-04-07T10:51:18.559000+00:00,0.0790048371829524,-0.0352496609850846,68.0,btc|m5|Down,353,2026-04-07 10:51:18.559,0.68,23.43,34.455882352941174,,2026-04-07 10:54:59.477,,settlement,False,True,11.025882352941174,47.05882352941176
btc,btc:m5:1775559300,"Bitcoin Up or Down - April 7, 6:55AM-7:00AM ET",m5,UP,2026-04-07T10:56:20.561000+00:00,-0.0984269267949689,-0.0838386501449903,27.0,btc|m5|Up,265,2026-04-07 10:56:20.561,0.27,23.925,88.61111111111111,,2026-04-07 10:59:59.134,,settlement,False,False,-23.925,-100.0
btc,btc:m5:1775559300,"Bitcoin Up or Down - April 7, 6:55AM-7:00AM ET",m5,DOWN,2026-04-07T10:56:51.999000+00:00,0.0642411459706485,-0.0255587778656547,68.0,btc|m5|Down,383,2026-04-07 10:56:51.999,0.68,23.43,34.455882352941174,,2026-04-07 10:59:59.134,,settlement,False,True,11.025882352941174,47.05882352941176
btc,btc:m5:1775559600,"Bitcoin Up or Down - April 7, 7:00AM-7:05AM ET",m5,UP,2026-04-07T11:01:19.214000+00:00,-0.1680883344497658,-0.0875319635282173,21.0,btc|m5|Up,411,2026-04-07 11:01:19.214,0.21,23.925,113.92857142857143,,2026-04-07 11:04:59.559,,settlement,False,False,-23.925,-100.0
btc,btc:m5:1775560200,"Bitcoin Up or Down - April 7, 7:10AM-7:15AM ET",m5,UP,2026-04-07T11:11:36.278000+00:00,-0.0263367010346784,0.0147128318731805,47.0,btc|m5|Up,368,2026-04-07 11:11:36.278,0.47,23.925,50.90425531914894,,2026-04-07 11:14:59.897,,settlement,True,True,26.979255319148937,112.7659574468085
btc,btc:m5:1775560200,"Bitcoin Up or Down - April 7, 7:10AM-7:15AM ET",m5,DOWN,2026-04-07T11:11:36.278000+00:00,0.0263367010346784,-0.0147128318731805,54.0,btc|m5|Down,368,2026-04-07 11:11:36.278,0.54,23.43,43.388888888888886,,2026-04-07 11:14:59.897,,settlement,True,False,-23.43,-100.0
btc,btc:m5:1775560500,"Bitcoin Up or Down - April 7, 7:15AM-7:20AM ET",m5,UP,2026-04-07T11:16:43.814000+00:00,0.0412918103356842,-0.0160953194079556,65.0,btc|m5|Up,539,2026-04-07 11:16:43.814,0.65,23.925,36.80769230769231,,2026-04-07 11:19:59.833,,settlement,False,False,-23.925,-100.0
btc,btc:m5:1775560800,"Bitcoin Up or Down - April 7, 7:20AM-7:25AM ET",m5,UP,2026-04-07T11:21:14.889000+00:00,-0.0253733491400685,-0.0400439180023631,41.0,btc|m5|Up,337,2026-04-07 11:21:14.889,0.41,23.925,58.35365853658537,,2026-04-07 11:24:59.907,,settlement,False,False,-23.925,-100.0
btc,btc:m5:1775560800,"Bitcoin Up or Down - April 7, 7:20AM-7:25AM ET",m5,DOWN,2026-04-07T11:21:14.889000+00:00,0.0253733491400685,0.0400439180023631,60.0,btc|m5|Down,337,2026-04-07 11:21:14.889,0.6,23.43,39.050000000000004,,2026-04-07 11:24:59.907,,settlement,False,True,15.620000000000005,66.66666666666669
btc,btc:m5:1775561400,"Bitcoin Up or Down - April 7, 7:30AM-7:35AM ET",m5,UP,2026-04-07T11:31:34.485000+00:00,-0.0540961173495135,0.0315889736347689,32.0,btc|m5|Up,293,2026-04-07 11:31:34.485,0.32,23.925,74.765625,,2026-04-07 11:34:58.723,,settlement,False,False,-23.925,-100.0
btc,btc:m5:1775561700,"Bitcoin Up or Down - April 7, 7:35AM-7:40AM ET",m5,UP,2026-04-07T11:37:34.903000+00:00,0.0647512645450538,0.0628631738745583,65.0,btc|m5|Up,450,2026-04-07 11:37:34.903,0.65,23.925,36.80769230769231,,2026-04-07 11:39:58.964,,settlement,True,True,12.882692307692306,53.84615384615383
btc,btc:m5:1775562000,"Bitcoin Up or Down - April 7, 7:40AM-7:45AM ET",m5,UP,2026-04-07T11:41:17.319000+00:00,-0.036626311980197,0.0465754617442841,43.0,btc|m5|Up,334,2026-04-07 11:41:17.319,0.43,23.925,55.639534883720934,,2026-04-07 11:44:55.555,,settlement,False,False,-23.925,-100.0
btc,btc:m5:1775562000,"Bitcoin Up or Down - April 7, 7:40AM-7:45AM ET",m5,DOWN,2026-04-07T11:41:17.319000+00:00,0.036626311980197,-0.0465754617442841,57.99999999999999,btc|m5|Down,334,2026-04-07 11:41:17.319,0.58,23.43,40.396551724137936,,2026-04-07 11:44:55.555,,settlement,False,True,16.966551724137936,72.4137931034483
btc,btc:m5:1775562300,"Bitcoin Up or Down - April 7, 7:45AM-7:50AM ET",m5,UP,2026-04-07T11:46:25.314000+00:00,-0.0306688872617199,-0.019281345232709,36.0,btc|m5|Up,268,2026-04-07 11:46:25.314,0.36,23.925,66.45833333333334,,2026-04-07 11:49:56.618,,settlement,True,True,42.533333333333346,177.77777777777783
btc,btc:m5:1775562300,"Bitcoin Up or Down - April 7, 7:45AM-7:50AM ET",m5,DOWN,2026-04-07T11:46:25.314000+00:00,0.0306688872617199,0.019281345232709,65.0,btc|m5|Down,268,2026-04-07 11:46:25.314,0.65,23.43,36.04615384615384,,2026-04-07 11:49:56.618,,settlement,True,False,-23.43,-100.0
btc,btc:m5:1775562600,"Bitcoin Up or Down - April 7, 7:50AM-7:55AM ET",m5,UP,2026-04-07T11:51:35.557000+00:00,-0.0533099284042341,-0.0215402506764803,27.0,btc|m5|Up,272,2026-04-07 11:51:35.557,0.27,23.925,88.61111111111111,,2026-04-07 11:54:59.758,,settlement,False,False,-23.925,-100.0
btc,btc:m5:1775562900,"Bitcoin Up or Down - April 7, 7:55AM-8:00AM ET",m5,UP,2026-04-07T11:57:11.581000+00:00,0.0351790531859405,0.0466078554064904,65.0,btc|m5|Up,425,2026-04-07 11:57:11.581,0.65,23.925,36.80769230769231,,2026-04-07 11:59:59.686,,settlement,True,True,12.882692307692306,53.84615384615383
btc,btc:m5:1775563200,"Bitcoin Up or Down - April 7, 8:00AM-8:05AM ET",m5,UP,2026-04-07T12:01:42.421000+00:00,0.0386563961411468,0.0441139418492048,68.0,btc|m5|Up,549,2026-04-07 12:01:42.421,0.68,23.925,35.18382352941176,,2026-04-07 12:04:59.644,,settlement,True,True,11.25882352941176,47.05882352941174
btc,btc:m5:1775563500,"Bitcoin Up or Down - April 7, 8:05AM-8:10AM ET",m5,UP,2026-04-07T12:06:50.908000+00:00,-0.160576472753969,-0.1984907683149954,54.0,btc|m5|Up,423,2026-04-07 12:06:50.908,0.54,23.925,44.30555555555556,,2026-04-07 12:09:58.347,,settlement,False,False,-23.925,-100.0
btc,btc:m5:1775563500,"Bitcoin Up or Down - April 7, 8:05AM-8:10AM ET",m5,DOWN,2026-04-07T12:06:45.897000+00:00,0.2826537784380943,0.2965152331977866,27.0,btc|m5|Down,349,2026-04-07 12:06:45.897,0.27,23.43,86.77777777777777,,2026-04-07 12:09:58.347,,settlement,False,True,63.34777777777777,270.3703703703703
btc,btc:m5:1775563800,"Bitcoin Up or Down - April 7, 8:10AM-8:15AM ET",m5,UP,2026-04-07T12:11:16.290000+00:00,0.0471373901613053,0.0935265677803541,61.0,btc|m5|Up,262,2026-04-07 12:11:16.290,0.61,23.925,39.22131147540984,,2026-04-07 12:14:59.934,,settlement,True,True,15.29631147540984,63.93442622950821
btc,btc:m5:1775564100,"Bitcoin Up or Down - April 7, 8:15AM-8:20AM ET",m5,UP,2026-04-07T12:16:21.731000+00:00,-0.0977879217854957,-0.0313899814838768,23.0,btc|m5|Up,345,2026-04-07 12:16:21.731,0.23,23.925,104.02173913043478,,2026-04-07 12:19:59.323,,settlement,True,True,80.09673913043478,334.78260869565213
btc,btc:m5:1775564100,"Bitcoin Up or Down - April 7, 8:15AM-8:20AM ET",m5,DOWN,2026-04-07T12:18:25.081000+00:00,0.0247399340766437,-0.0668373707470341,61.0,btc|m5|Down,882,2026-04-07 12:18:25.081,0.61,23.43,38.40983606557377,,2026-04-07 12:19:59.323,,settlement,True,False,-23.43,-100.0
btc,btc:m5:1775564400,"Bitcoin Up or Down - April 7, 8:20AM-8:25AM ET",m5,UP,2026-04-07T12:21:18.329000+00:00,-0.0382111727068914,0.0171372206969717,43.0,btc|m5|Up,348,2026-04-07 12:21:18.329,0.43,23.925,55.639534883720934,,2026-04-07 12:24:59.834,,settlement,True,True,31.714534883720933,132.55813953488374
btc,btc:m5:1775565000,"Bitcoin Up or Down - April 7, 8:30AM-8:35AM ET",m5,UP,2026-04-07T12:31:28.827000+00:00,0.0644809212762924,0.0238222805259183,68.0,btc|m5|Up,306,2026-04-07 12:31:28.827,0.68,23.925,35.18382352941176,,2026-04-07 12:34:58.486,,settlement,False,False,-23.925,-100.0
btc,btc:m5:1775565000,"Bitcoin Up or Down - April 7, 8:30AM-8:35AM ET",m5,DOWN,2026-04-07T12:32:00.934000+00:00,0.0274029300528153,0.0918692364330659,65.0,btc|m5|Down,443,2026-04-07 12:32:00.934,0.65,23.43,36.04615384615384,,2026-04-07 12:34:58.486,,settlement,False,True,12.616153846153843,53.84615384615383
btc,btc:m5:1775565300,"Bitcoin Up or Down - April 7, 8:35AM-8:40AM ET",m5,UP,2026-04-07T12:36:14.889000+00:00,0.0514789783200244,0.0398490301062132,68.0,btc|m5|Up,257,2026-04-07 12:36:14.889,0.68,23.925,35.18382352941176,,2026-04-07 12:39:59.389,,settlement,True,True,11.25882352941176,47.05882352941174
btc,btc:m5:1775565600,"Bitcoin Up or Down - April 7, 8:40AM-8:45AM ET",m5,UP,2026-04-07T12:41:32.539000+00:00,-0.04339586928034,-0.0161071902818824,35.0,btc|m5|Up,282,2026-04-07 12:41:32.539,0.35,23.925,68.35714285714286,,2026-04-07 12:44:58.826,,settlement,False,False,-23.925,-100.0
btc,btc:m5:1775565900,"Bitcoin Up or Down - April 7, 8:45AM-8:50AM ET",m5,UP,2026-04-07T12:48:40.168000+00:00,-0.0404123967259087,-0.0453742954908781,20.0,btc|m5|Up,726,2026-04-07 12:48:40.168,0.2,23.925,119.625,,2026-04-07 12:49:59.660,,settlement,False,False,-23.925,-100.0
btc,btc:m5:1775566200,"Bitcoin Up or Down - April 7, 8:50AM-8:55AM ET",m5,UP,2026-04-07T12:51:40.418000+00:00,0.02618880399336,0.0253978669599917,66.0,btc|m5|Up,316,2026-04-07 12:51:40.418,0.66,23.925,36.25,,2026-04-07 12:54:59.248,,settlement,True,True,12.325,51.515151515151516
btc,btc:m5:1775566800,"Bitcoin Up or Down - April 7, 9:00AM-9:05AM ET",m5,UP,2026-04-07T13:01:24.761000+00:00,0.0253976404904915,0.0185693744518702,59.0,btc|m5|Up,289,2026-04-07 13:01:24.761,0.59,23.925,40.55084745762712,,2026-04-07 13:04:59.899,,settlement,True,True,16.62584745762712,69.49152542372882
btc,btc:m5:1775566800,"Bitcoin Up or Down - April 7, 9:00AM-9:05AM ET",m5,DOWN,2026-04-07T13:03:40.901000+00:00,0.0227803822015721,0.0189495348737119,60.0,btc|m5|Down,640,2026-04-07 13:03:40.901,0.6,23.43,39.050000000000004,,2026-04-07 13:04:59.899,,settlement,True,False,-23.43,-100.0
btc,btc:m5:1775567400,"Bitcoin Up or Down - April 7, 9:10AM-9:15AM ET",m5,UP,2026-04-07T13:11:20.786000+00:00,-0.0220321839026836,-0.0169579284439432,43.0,btc|m5|Up,214,2026-04-07 13:11:20.786,0.43,23.925,55.639534883720934,,2026-04-07 13:14:59.855,,settlement,True,True,31.714534883720933,132.55813953488374
btc,btc:m5:1775567400,"Bitcoin Up or Down - April 7, 9:10AM-9:15AM ET",m5,DOWN,2026-04-07T13:11:36.300000+00:00,0.0307371566292912,0.0174245266470546,63.0,btc|m5|Down,237,2026-04-07 13:11:36.300,0.63,23.43,37.19047619047619,,2026-04-07 13:14:59.855,,settlement,True,False,-23.43,-100.0
btc,btc:m5:1775567700,"Bitcoin Up or Down - April 7, 9:15AM-9:20AM ET",m5,UP,2026-04-07T13:16:24.593000+00:00,-0.0301529786377329,-0.0500897958327029,37.0,btc|m5|Up,235,2026-04-07 13:16:24.593,0.37,23.925,64.66216216216216,,2026-04-07 13:19:57.780,,settlement,False,False,-23.925,-100.0
btc,btc:m5:1775567700,"Bitcoin Up or Down - April 7, 9:15AM-9:20AM ET",m5,DOWN,2026-04-07T13:16:24.593000+00:00,0.0301529786377329,0.0500897958327029,64.0,btc|m5|Down,235,2026-04-07 13:16:24.593,0.64,23.43,36.609375,,2026-04-07 13:19:57.780,,settlement,False,True,13.179375,56.25
btc,btc:m5:1775568000,"Bitcoin Up or Down - April 7, 9:20AM-9:25AM ET",m5,UP,2026-04-07T13:21:53.093000+00:00,-0.0623595250635466,-0.0683575977995924,30.0,btc|m5|Up,249,2026-04-07 13:21:53.093,0.3,23.925,79.75,,2026-04-07 13:24:59.851,,settlement,False,False,-23.925,-100.0
btc,btc:m5:1775568300,"Bitcoin Up or Down - April 7, 9:25AM-9:30AM ET",m5,UP,2026-04-07T13:26:49.112000+00:00,-0.0338553292726437,-0.0224534266586186,36.0,btc|m5|Up,248,2026-04-07 13:26:49.112,0.36,23.925,66.45833333333334,,2026-04-07 13:29:59.807,,settlement,False,False,-23.925,-100.0
btc,btc:m5:1775568600,"Bitcoin Up or Down - April 7, 9:30AM-9:35AM ET",m5,UP,2026-04-07T13:31:18.362000+00:00,-0.0261674906311012,-0.0613300561666495,41.0,btc|m5|Up,573,2026-04-07 13:31:18.362,0.41,23.925,58.35365853658537,,2026-04-07 13:34:58.469,,settlement,False,False,-23.925,-100.0
btc,btc:m5:1775568600,"Bitcoin Up or Down - April 7, 9:30AM-9:35AM ET",m5,DOWN,2026-04-07T13:31:13.349000+00:00,0.0255395876751195,0.0726615141631679,60.0,btc|m5|Down,545,2026-04-07 13:31:13.349,0.6,23.43,39.050000000000004,,2026-04-07 13:34:58.469,,settlement,False,True,15.620000000000005,66.66666666666669
btc,btc:m5:1775568900,"Bitcoin Up or Down - April 7, 9:35AM-9:40AM ET",m5,UP,2026-04-07T13:36:15.846000+00:00,0.0716625118097697,0.0683885157572659,69.0,btc|m5|Up,500,2026-04-07 13:36:15.846,0.69,23.925,34.673913043478265,,2026-04-07 13:39:59.980,,settlement,False,False,-23.925,-100.0
btc,btc:m5:1775569200,"Bitcoin Up or Down - April 7, 9:40AM-9:45AM ET",m5,UP,2026-04-07T13:41:32.245000+00:00,0.0306140977481566,0.0218275300563591,60.0,btc|m5|Up,603,2026-04-07 13:41:32.245,0.6,23.925,39.875,,2026-04-07 13:44:59.307,,settlement,False,False,-23.925,-100.0
btc,btc:m5:1775569200,"Bitcoin Up or Down - April 7, 9:40AM-9:45AM ET",m5,DOWN,2026-04-07T13:43:43.774000+00:00,0.0230848425713058,0.0274269567218335,62.0,btc|m5|Down,1314,2026-04-07 13:43:43.774,0.62,23.43,37.79032258064516,,2026-04-07 13:44:59.307,,settlement,False,True,14.36032258064516,61.29032258064516
btc,btc:m5:1775569500,"Bitcoin Up or Down - April 7, 9:45AM-9:50AM ET",m5,UP,2026-04-07T13:46:21.122000+00:00,-0.0306855161875779,0.0424212262412309,40.0,btc|m5|Up,616,2026-04-07 13:46:21.122,0.4,23.925,59.8125,,2026-04-07 13:49:59.662,,settlement,False,False,-23.925,-100.0
btc,btc:m5:1775569500,"Bitcoin Up or Down - April 7, 9:45AM-9:50AM ET",m5,DOWN,2026-04-07T13:46:14.117000+00:00,0.0519180788905977,0.0164621867959214,68.0,btc|m5|Down,584,2026-04-07 13:46:14.117,0.68,23.43,34.455882352941174,,2026-04-07 13:49:59.662,,settlement,False,True,11.025882352941174,47.05882352941176
btc,btc:m5:1775569800,"Bitcoin Up or Down - April 7, 9:50AM-9:55AM ET",m5,UP,2026-04-07T13:51:53.961000+00:00,0.03414888445026,-0.0631285767002697,65.0,btc|m5|Up,770,2026-04-07 13:51:53.961,0.65,23.925,36.80769230769231,,2026-04-07 13:54:59.958,,settlement,True,True,12.882692307692306,53.84615384615383
btc,btc:m5:1775570100,"Bitcoin Up or Down - April 7, 9:55AM-10:00AM ET",m5,UP,2026-04-07T13:56:16.947000+00:00,-0.0876393967580669,-0.0483492437266476,27.0,btc|m5|Up,551,2026-04-07 13:56:16.947,0.27,23.925,88.61111111111111,,2026-04-07 13:59:59.665,,settlement,False,False,-23.925,-100.0
btc,btc:m5:1775570400,"Bitcoin Up or Down - April 7, 10:00AM-10:05AM ET",m5,UP,2026-04-07T14:01:32.610000+00:00,-0.0262047133309952,-0.0361413999296568,34.0,btc|m5|Up,452,2026-04-07 14:01:32.610,0.34,23.925,70.36764705882352,,2026-04-07 14:04:59.676,,settlement,False,False,-23.925,-100.0
btc,btc:m5:1775570400,"Bitcoin Up or Down - April 7, 10:00AM-10:05AM ET",m5,DOWN,2026-04-07T14:01:32.610000+00:00,0.0262047133309952,0.0361413999296568,67.0,btc|m5|Down,452,2026-04-07 14:01:32.610,0.67,23.43,34.97014925373134,,2026-04-07 14:04:59.676,,settlement,False,True,11.540149253731343,49.25373134328358
btc,btc:m5:1775570700,"Bitcoin Up or Down - April 7, 10:05AM-10:10AM ET",m5,UP,2026-04-07T14:06:17.824000+00:00,-0.1907802700168393,-0.2186302255552752,19.0,btc|m5|Up,495,2026-04-07 14:06:17.824,0.19,23.925,125.92105263157895,,2026-04-07 14:09:59.794,,settlement,False,False,-23.925,-100.0
btc,btc:m5:1775571000,"Bitcoin Up or Down - April 7, 10:10AM-10:15AM ET",m5,UP,2026-04-07T14:11:28.442000+00:00,0.0536993059909765,0.063351623615597,65.0,btc|m5|Up,595,2026-04-07 14:11:28.442,0.65,23.925,36.80769230769231,,2026-04-07 14:14:59.193,,settlement,True,True,12.882692307692306,53.84615384615383
btc,btc:m5:1775571300,"Bitcoin Up or Down - April 7, 10:15AM-10:20AM ET",m5,UP,2026-04-07T14:16:55.750000+00:00,0.0490486621646027,-0.0302687689934727,69.0,btc|m5|Up,595,2026-04-07 14:16:55.750,0.69,23.925,34.673913043478265,,2026-04-07 14:19:59.930,,settlement,False,False,-23.925,-100.0
btc,btc:m5:1775571300,"Bitcoin Up or Down - April 7, 10:15AM-10:20AM ET",m5,DOWN,2026-04-07T14:17:56.327000+00:00,0.0301509343696512,0.056148198249699,59.0,btc|m5|Down,983,2026-04-07 14:17:56.327,0.59,23.43,39.71186440677966,,2026-04-07 14:19:59.930,,settlement,False,True,16.28186440677966,69.49152542372882
btc,btc:m5:1775571900,"Bitcoin Up or Down - April 7, 10:25AM-10:30AM ET",m5,UP,2026-04-07T14:26:25.024000+00:00,0.0222047788737534,-0.0218670077665317,56.99999999999999,btc|m5|Up,348,2026-04-07 14:26:25.024,0.57,23.925,41.97368421052632,,2026-04-07 14:29:59.711,,settlement,True,True,18.04868421052632,75.4385964912281
btc,btc:m5:1775571900,"Bitcoin Up or Down - April 7, 10:25AM-10:30AM ET",m5,DOWN,2026-04-07T14:27:22.821000+00:00,0.045408185368781,0.0950164810271723,64.0,btc|m5|Down,644,2026-04-07 14:27:22.821,0.64,23.43,36.609375,,2026-04-07 14:29:59.711,,settlement,True,False,-23.43,-100.0
btc,btc:m5:1775572200,"Bitcoin Up or Down - April 7, 10:30AM-10:35AM ET",m5,UP,2026-04-07T14:31:17.735000+00:00,-0.1427119615983545,-0.0928816283073899,18.0,btc|m5|Up,440,2026-04-07 14:31:17.735,0.18,23.925,132.91666666666669,,2026-04-07 14:34:59.587,,settlement,False,False,-23.925,-100.0
btc,btc:m5:1775572500,"Bitcoin Up or Down - April 7, 10:35AM-10:40AM ET",m5,UP,2026-04-07T14:36:14.777000+00:00,-0.0708486972193124,-0.0229017753133334,34.0,btc|m5|Up,483,2026-04-07 14:36:14.777,0.34,23.925,70.36764705882352,,2026-04-07 14:39:59.741,,settlement,False,False,-23.925,-100.0
btc,btc:m5:1775572500,"Bitcoin Up or Down - April 7, 10:35AM-10:40AM ET",m5,DOWN,2026-04-07T14:36:14.777000+00:00,0.0708486972193124,0.0229017753133334,67.0,btc|m5|Down,483,2026-04-07 14:36:14.777,0.67,23.43,34.97014925373134,,2026-04-07 14:39:59.741,,settlement,False,True,11.540149253731343,49.25373134328358
btc,btc:m5:1775572800,"Bitcoin Up or Down - April 7, 10:40AM-10:45AM ET",m5,UP,2026-04-07T14:41:19.312000+00:00,0.0433052723397619,0.0278905350868161,66.0,btc|m5|Up,407,2026-04-07 14:41:19.312,0.66,23.925,36.25,,2026-04-07 14:44:59.931,,settlement,False,False,-23.925,-100.0
btc,btc:m5:1775572800,"Bitcoin Up or Down - April 7, 10:40AM-10:45AM ET",m5,DOWN,2026-04-07T14:42:46.322000+00:00,0.0400871336758944,0.0645831937337066,50.0,btc|m5|Down,777,2026-04-07 14:42:46.322,0.5,23.43,46.86,,2026-04-07 14:44:59.931,,settlement,False,True,23.43,100.0
btc,btc:m5:1775573100,"Bitcoin Up or Down - April 7, 10:45AM-10:50AM ET",m5,UP,2026-04-07T14:46:30.381000+00:00,0.047662038061694,0.0399266995796133,68.0,btc|m5|Up,415,2026-04-07 14:46:30.381,0.68,23.925,35.18382352941176,,2026-04-07 14:49:59.647,,settlement,True,True,11.25882352941176,47.05882352941174
btc,btc:m5:1775573400,"Bitcoin Up or Down - April 7, 10:50AM-10:55AM ET",m5,UP,2026-04-07T14:51:16.757000+00:00,-0.0822100842803941,-0.1027662760990298,26.0,btc|m5|Up,389,2026-04-07 14:51:16.757,0.26,23.925,92.01923076923077,,2026-04-07 14:54:59.699,,settlement,False,False,-23.925,-100.0
btc,btc:m5:1775573700,"Bitcoin Up or Down - April 7, 10:55AM-11:00AM ET",m5,UP,2026-04-07T14:56:18.810000+00:00,-0.1533761042234227,-0.0801641851877833,13.0,btc|m5|Up,331,2026-04-07 14:56:18.810,0.13,23.925,184.03846153846155,,2026-04-07 14:59:59.626,,settlement,False,False,-23.925,-100.0
btc,btc:m5:1775574000,"Bitcoin Up or Down - April 7, 11:00AM-11:05AM ET",m5,UP,2026-04-07T15:01:21.332000+00:00,0.0352635289346723,0.0266871086087227,62.0,btc|m5|Up,557,2026-04-07 15:01:21.332,0.62,23.925,38.58870967741936,,2026-04-07 15:04:58.751,,settlement,True,True,14.663709677419359,61.290322580645174
btc,btc:m5:1775574000,"Bitcoin Up or Down - April 7, 11:00AM-11:05AM ET",m5,DOWN,2026-04-07T15:02:54.308000+00:00,0.0301795684321654,0.0530647587520671,64.0,btc|m5|Down,1119,2026-04-07 15:02:54.308,0.64,23.43,36.609375,,2026-04-07 15:04:58.751,,settlement,True,False,-23.43,-100.0
btc,btc:m5:1775574300,"Bitcoin Up or Down - April 7, 11:05AM-11:10AM ET",m5,UP,2026-04-07T15:06:18.681000+00:00,-0.1626509467372339,-0.072773813683729,13.0,btc|m5|Up,473,2026-04-07 15:06:18.681,0.13,23.925,184.03846153846155,,2026-04-07 15:09:59.941,,settlement,False,False,-23.925,-100.0
btc,btc:m5:1775574600,"Bitcoin Up or Down - April 7, 11:10AM-11:15AM ET",m5,UP,2026-04-07T15:13:12.813000+00:00,0.0355357335963398,-0.0756386634674633,68.0,btc|m5|Up,1149,2026-04-07 15:13:12.813,0.68,23.925,35.18382352941176,,2026-04-07 15:14:59.977,,settlement,False,False,-23.925,-100.0
btc,btc:m5:1775575200,"Bitcoin Up or Down - April 7, 11:20AM-11:25AM ET",m5,UP,2026-04-07T15:21:15.283000+00:00,-0.0722125111041055,-0.0409116058025869,35.0,btc|m5|Up,299,2026-04-07 15:21:15.283,0.35,23.925,68.35714285714286,,2026-04-07 15:24:58.647,,settlement,False,False,-23.925,-100.0
btc,btc:m5:1775575800,"Bitcoin Up or Down - April 7, 11:30AM-11:35AM ET",m5,UP,2026-04-07T15:31:18.899000+00:00,-0.0871985976658637,-0.053292920268712,25.0,btc|m5|Up,362,2026-04-07 15:31:18.899,0.25,23.925,95.7,,2026-04-07 15:34:59.593,,settlement,False,False,-23.925,-100.0
btc,btc:m5:1775575800,"Bitcoin Up or Down - April 7, 11:30AM-11:35AM ET",m5,DOWN,2026-04-07T15:31:34.316000+00:00,0.0231561698140534,-0.0295794772102347,65.0,btc|m5|Down,432,2026-04-07 15:31:34.316,0.65,23.43,36.04615384615384,,2026-04-07 15:34:59.593,,settlement,False,True,12.616153846153843,53.84615384615383
btc,btc:m5:1775576100,"Bitcoin Up or Down - April 7, 11:35AM-11:40AM ET",m5,UP,2026-04-07T15:36:14.939000+00:00,0.0432827453409059,0.0221548967677264,63.0,btc|m5|Up,373,2026-04-07 15:36:14.939,0.63,23.925,37.976190476190474,,2026-04-07 15:39:59.942,,settlement,False,False,-23.925,-100.0
btc,btc:m5:1775576100,"Bitcoin Up or Down - April 7, 11:35AM-11:40AM ET",m5,DOWN,2026-04-07T15:39:12.984000+00:00,0.0459237264125586,0.0836017230347336,62.0,btc|m5|Down,1334,2026-04-07 15:39:12.984,0.62,23.43,37.79032258064516,,2026-04-07 15:39:59.942,,settlement,False,True,14.36032258064516,61.29032258064516
btc,btc:m5:1775805900,"Bitcoin Up or Down - April 10, 3:25AM-3:30AM ET",m5,UP,2026-04-10T07:26:16.837000+00:00,-0.0266278912522578,-0.0414614390493218,36.0,btc|m5|Up,329,2026-04-10 07:26:16.837,0.36,23.925,66.45833333333334,,2026-04-10 07:29:59.740,,settlement,False,False,-23.925,-100.0
btc,btc:m5:1775805900,"Bitcoin Up or Down - April 10, 3:25AM-3:30AM ET",m5,DOWN,2026-04-10T07:26:16.837000+00:00,0.0266278912522578,0.0414614390493218,65.0,btc|m5|Down,329,2026-04-10 07:26:16.837,0.65,23.43,36.04615384615384,,2026-04-10 07:29:59.740,,settlement,False,True,12.616153846153843,53.84615384615383
btc,btc:m5:1775806200,"Bitcoin Up or Down - April 10, 3:30AM-3:35AM ET",m5,UP,2026-04-10T07:31:18.620000+00:00,-0.0297820805014105,-0.0225317612782249,48.0,btc|m5|Up,272,2026-04-10 07:31:18.620,0.48,23.925,49.84375,,2026-04-10 07:34:59.860,,settlement,True,True,25.91875,108.33333333333333
btc,btc:m5:1775806200,"Bitcoin Up or Down - April 10, 3:30AM-3:35AM ET",m5,DOWN,2026-04-10T07:31:13.512000+00:00,0.0478381639514653,0.0406017876498555,62.0,btc|m5|Down,253,2026-04-10 07:31:13.512,0.62,23.43,37.79032258064516,,2026-04-10 07:34:59.860,,settlement,True,False,-23.43,-100.0
btc,btc:m5:1775806500,"Bitcoin Up or Down - April 10, 3:35AM-3:40AM ET",m5,UP,2026-04-10T07:39:36.202000+00:00,-0.0298168334773752,-0.0360199615266616,14.000000000000002,btc|m5|Up,1036,2026-04-10 07:39:36.202,0.14,23.925,170.89285714285714,,2026-04-10 07:39:58.833,,settlement,False,False,-23.925,-100.0
btc,btc:m5:1775806800,"Bitcoin Up or Down - April 10, 3:40AM-3:45AM ET",m5,UP,2026-04-10T07:43:51.848000+00:00,-0.0248348260955563,-0.0166634571500204,56.00000000000001,btc|m5|Up,831,2026-04-10 07:43:51.848,0.56,23.925,42.723214285714285,,2026-04-10 07:44:57.397,,settlement,False,False,-23.925,-100.0
btc,btc:m5:1775806800,"Bitcoin Up or Down - April 10, 3:40AM-3:45AM ET",m5,DOWN,2026-04-10T07:43:51.848000+00:00,0.0248348260955563,0.0166634571500204,45.0,btc|m5|Down,831,2026-04-10 07:43:51.848,0.45,23.43,52.06666666666666,,2026-04-10 07:44:57.397,,settlement,False,True,28.636666666666663,122.22222222222221
btc,btc:m5:1775807100,"Bitcoin Up or Down - April 10, 3:45AM-3:50AM ET",m5,UP,2026-04-10T07:48:50.918000+00:00,-0.0224530039370156,-0.0226065048961881,29.0,btc|m5|Up,653,2026-04-10 07:48:50.918,0.29,23.925,82.50000000000001,,2026-04-10 07:49:59.480,,settlement,False,False,-23.925,-100.0
btc,btc:m5:1775807400,"Bitcoin Up or Down - April 10, 3:50AM-3:55AM ET",m5,UP,2026-04-10T07:51:20.953000+00:00,-0.0430132025821291,-0.0269303692894858,43.0,btc|m5|Up,435,2026-04-10 07:51:20.953,0.43,23.925,55.639534883720934,,2026-04-10 07:54:59.906,,settlement,False,False,-23.925,-100.0
btc,btc:m5:1775807400,"Bitcoin Up or Down - April 10, 3:50AM-3:55AM ET",m5,DOWN,2026-04-10T07:51:20.953000+00:00,0.0430132025821291,0.0269303692894858,57.99999999999999,btc|m5|Down,435,2026-04-10 07:51:20.953,0.58,23.43,40.396551724137936,,2026-04-10 07:54:59.906,,settlement,False,True,16.966551724137936,72.4137931034483
btc,btc:m5:1775807700,"Bitcoin Up or Down - April 10, 3:55AM-4:00AM ET",m5,UP,2026-04-10T07:56:20.269000+00:00,0.0336798088845791,-0.0231111240517156,59.0,btc|m5|Up,315,2026-04-10 07:56:20.269,0.59,23.925,40.55084745762712,,2026-04-10 07:59:59.534,,settlement,True,True,16.62584745762712,69.49152542372882
btc,btc:m5:1775808000,"Bitcoin Up or Down - April 10, 4:00AM-4:05AM ET",m5,UP,2026-04-10T08:03:54.652000+00:00,-0.0625893146302246,-0.0650374885373073,10.0,btc|m5|Up,829,2026-04-10 08:03:54.652,0.1,23.925,239.25,,2026-04-10 08:04:59.856,,settlement,False,False,-23.925,-100.0
btc,btc:m5:1775808000,"Bitcoin Up or Down - April 10, 4:00AM-4:05AM ET",m5,DOWN,2026-04-10T08:04:32.816000+00:00,0.0445707546740894,-0.0190537877797089,63.0,btc|m5|Down,1081,2026-04-10 08:04:32.816,0.63,23.43,37.19047619047619,,2026-04-10 08:04:59.856,,settlement,False,True,13.76047619047619,58.730158730158735
btc,btc:m5:1775808300,"Bitcoin Up or Down - April 10, 4:05AM-4:10AM ET",m5,UP,2026-04-10T08:06:16.232000+00:00,0.0342985032871787,0.0264652398936889,62.0,btc|m5|Up,313,2026-04-10 08:06:16.232,0.62,23.925,38.58870967741936,,2026-04-10 08:09:59.165,,settlement,True,True,14.663709677419359,61.290322580645174
btc,btc:m5:1775808600,"Bitcoin Up or Down - April 10, 4:10AM-4:15AM ET",m5,UP,2026-04-10T08:14:02.651000+00:00,-0.0310150394314009,-0.0733133530008621,26.0,btc|m5|Up,807,2026-04-10 08:14:02.651,0.26,23.925,92.01923076923077,,2026-04-10 08:14:59.949,,settlement,False,False,-23.925,-100.0
btc,btc:m5:1775808600,"Bitcoin Up or Down - April 10, 4:10AM-4:15AM ET",m5,DOWN,2026-04-10T08:14:13.067000+00:00,0.0258621580490717,0.0696965609194911,61.0,btc|m5|Down,878,2026-04-10 08:14:13.067,0.61,23.43,38.40983606557377,,2026-04-10 08:14:59.949,,settlement,False,True,14.979836065573771,63.934426229508205
btc,btc:m5:1775808900,"Bitcoin Up or Down - April 10, 4:15AM-4:20AM ET",m5,UP,2026-04-10T08:16:29.476000+00:00,-0.0279019142975671,-0.0195369259771224,40.0,btc|m5|Up,203,2026-04-10 08:16:29.476,0.4,23.925,59.8125,,2026-04-10 08:19:57.915,,settlement,True,True,35.8875,150.0
btc,btc:m5:1775808900,"Bitcoin Up or Down - April 10, 4:15AM-4:20AM ET",m5,DOWN,2026-04-10T08:16:29.476000+00:00,0.0279019142975671,0.0195369259771224,61.0,btc|m5|Down,203,2026-04-10 08:16:29.476,0.61,23.43,38.40983606557377,,2026-04-10 08:19:57.915,,settlement,True,False,-23.43,-100.0
btc,btc:m5:1775809500,"Bitcoin Up or Down - April 10, 4:25AM-4:30AM ET",m5,UP,2026-04-10T08:28:04.942000+00:00,-0.0232035881146702,-0.0186131007486352,31.0,btc|m5|Up,462,2026-04-10 08:28:04.942,0.31,23.925,77.17741935483872,,2026-04-10 08:29:59.544,,settlement,False,False,-23.925,-100.0
btc,btc:m5:1775810400,"Bitcoin Up or Down - April 10, 4:40AM-4:45AM ET",m5,UP,2026-04-10T08:43:05.603000+00:00,-0.027316163266486,-0.0487788629758534,45.0,btc|m5|Up,386,2026-04-10 08:43:05.603,0.45,23.925,53.166666666666664,,2026-04-10 08:44:57.144,,settlement,False,False,-23.925,-100.0
btc,btc:m5:1775810400,"Bitcoin Up or Down - April 10, 4:40AM-4:45AM ET",m5,DOWN,2026-04-10T08:43:05.603000+00:00,0.027316163266486,0.0487788629758534,56.00000000000001,btc|m5|Down,386,2026-04-10 08:43:05.603,0.56,23.43,41.83928571428571,,2026-04-10 08:44:57.144,,settlement,False,True,18.40928571428571,78.57142857142854
btc,btc:m5:1775810700,"Bitcoin Up or Down - April 10, 4:45AM-4:50AM ET",m5,UP,2026-04-10T08:46:45.506000+00:00,0.0233053613209549,0.0253834575728018,67.0,btc|m5|Up,252,2026-04-10 08:46:45.506,0.67,23.925,35.708955223880594,,2026-04-10 08:49:59.262,,settlement,False,False,-23.925,-100.0
btc,btc:m5:1775811000,"Bitcoin Up or Down - April 10, 4:50AM-4:55AM ET",m5,UP,2026-04-10T08:51:17.968000+00:00,-0.0424982010585608,0.0270976691392757,36.0,btc|m5|Up,335,2026-04-10 08:51:17.968,0.36,23.925,66.45833333333334,,2026-04-10 08:54:59.808,,settlement,True,True,42.533333333333346,177.77777777777783
btc,btc:m5:1775811000,"Bitcoin Up or Down - April 10, 4:50AM-4:55AM ET",m5,DOWN,2026-04-10T08:51:17.968000+00:00,0.0424982010585608,-0.0270976691392757,65.0,btc|m5|Down,335,2026-04-10 08:51:17.968,0.65,23.43,36.04615384615384,,2026-04-10 08:54:59.808,,settlement,True,False,-23.43,-100.0
btc,btc:m5:1775837700,"Bitcoin Up or Down - April 10, 12:15PM-12:20PM ET",m5,UP,2026-04-10T16:16:34.832000+00:00,0.0272508425613834,0.0474585597358827,61.0,btc|m5|Up,288,2026-04-10 16:16:34.832,0.61,23.925,39.22131147540984,,2026-04-10 16:19:59.051,,settlement,True,True,15.29631147540984,63.93442622950821
btc,btc:m5:1775838000,"Bitcoin Up or Down - April 10, 12:20PM-12:25PM ET",m5,UP,2026-04-10T16:21:16.619000+00:00,-0.1201859458882758,-0.0529714538443745,15.0,btc|m5|Up,390,2026-04-10 16:21:16.619,0.15,23.925,159.5,,2026-04-10 16:24:59.946,,settlement,True,True,135.575,566.6666666666666
btc,btc:m5:1775838300,"Bitcoin Up or Down - April 10, 12:25PM-12:30PM ET",m5,UP,2026-04-10T16:26:15.453000+00:00,-0.0228445381073497,0.0632279634740302,39.0,btc|m5|Up,285,2026-04-10 16:26:15.453,0.39,23.925,61.34615384615385,,2026-04-10 16:29:59.974,,settlement,True,True,37.42115384615384,156.41025641025638
btc,btc:m5:1775838600,"Bitcoin Up or Down - April 10, 12:30PM-12:35PM ET",m5,UP,2026-04-10T16:31:14.922000+00:00,-0.0310160100053669,-0.0343278657480814,33.0,btc|m5|Up,363,2026-04-10 16:31:14.922,0.33,23.925,72.5,,2026-04-10 16:34:59.980,,settlement,False,False,-23.925,-100.0
btc,btc:m5:1775838600,"Bitcoin Up or Down - April 10, 12:30PM-12:35PM ET",m5,DOWN,2026-04-10T16:31:14.106000+00:00,0.0310160100053669,0.0447031814565745,67.0,btc|m5|Down,360,2026-04-10 16:31:14.106,0.67,23.43,34.97014925373134,,2026-04-10 16:34:59.980,,settlement,False,True,11.540149253731343,49.25373134328358
btc,btc:m5:1775838900,"Bitcoin Up or Down - April 10, 12:35PM-12:40PM ET",m5,UP,2026-04-10T16:36:16.611000+00:00,-0.0637927284533197,-0.0221756329363923,33.0,btc|m5|Up,426,2026-04-10 16:36:16.611,0.33,23.925,72.5,,2026-04-10 16:39:59.778,,settlement,False,False,-23.925,-100.0
btc,btc:m5:1775838900,"Bitcoin Up or Down - April 10, 12:35PM-12:40PM ET",m5,DOWN,2026-04-10T16:36:13.762000+00:00,0.0638064680028593,0.0222031120354517,68.0,btc|m5|Down,419,2026-04-10 16:36:13.762,0.68,23.43,34.455882352941174,,2026-04-10 16:39:59.778,,settlement,False,True,11.025882352941174,47.05882352941176
btc,btc:m5:1775839200,"Bitcoin Up or Down - April 10, 12:40PM-12:45PM ET",m5,UP,2026-04-10T16:41:14.686000+00:00,-0.072778412151627,-0.0538411722550439,18.0,btc|m5|Up,294,2026-04-10 16:41:14.686,0.18,23.925,132.91666666666669,,2026-04-10 16:44:59.343,,settlement,True,True,108.99166666666669,455.5555555555556
btc,btc:m5:1775839200,"Bitcoin Up or Down - April 10, 12:40PM-12:45PM ET",m5,DOWN,2026-04-10T16:43:18.644000+00:00,0.028371478508832,-0.0461672580485772,68.0,btc|m5|Down,633,2026-04-10 16:43:18.644,0.68,23.43,34.455882352941174,,2026-04-10 16:44:59.343,,settlement,True,False,-23.43,-100.0
btc,btc:m5:1775839500,"Bitcoin Up or Down - April 10, 12:45PM-12:50PM ET",m5,UP,2026-04-10T16:46:51+00:00,0.0512241964126835,0.0658557521128426,64.0,btc|m5|Up,474,2026-04-10 16:46:51.000,0.64,23.925,37.3828125,,2026-04-10 16:49:59.295,,settlement,True,True,13.4578125,56.25
btc,btc:m5:1775840100,"Bitcoin Up or Down - April 10, 12:55PM-1:00PM ET",m5,UP,2026-04-10T16:56:30.782000+00:00,0.0363221267867124,-0.0192858422440019,64.0,btc|m5|Up,311,2026-04-10 16:56:30.782,0.64,23.925,37.3828125,,2026-04-10 16:59:59.392,,settlement,True,True,13.4578125,56.25
btc,btc:m5:1775840400,"Bitcoin Up or Down - April 10, 1:00PM-1:05PM ET",m5,UP,2026-04-10T17:02:00.938000+00:00,-0.0233997188471744,-0.0150015761930014,41.0,btc|m5|Up,486,2026-04-10 17:02:00.938,0.41,23.925,58.35365853658537,,2026-04-10 17:04:58.919,,settlement,False,False,-23.925,-100.0
btc,btc:m5:1775840400,"Bitcoin Up or Down - April 10, 1:00PM-1:05PM ET",m5,DOWN,2026-04-10T17:02:00.938000+00:00,0.0233997188471744,0.0150015761930014,60.0,btc|m5|Down,486,2026-04-10 17:02:00.938,0.6,23.43,39.050000000000004,,2026-04-10 17:04:58.919,,settlement,False,True,15.620000000000005,66.66666666666669
btc,btc:m5:1775840700,"Bitcoin Up or Down - April 10, 1:05PM-1:10PM ET",m5,UP,2026-04-10T17:06:34.738000+00:00,-0.0442608580761856,-0.0286611694113832,33.0,btc|m5|Up,349,2026-04-10 17:06:34.738,0.33,23.925,72.5,,2026-04-10 17:09:59.988,,settlement,False,False,-23.925,-100.0
btc,btc:m5:1775840700,"Bitcoin Up or Down - April 10, 1:05PM-1:10PM ET",m5,DOWN,2026-04-10T17:06:34.738000+00:00,0.0442608580761856,0.0286611694113832,68.0,btc|m5|Down,349,2026-04-10 17:06:34.738,0.68,23.43,34.455882352941174,,2026-04-10 17:09:59.988,,settlement,False,True,11.025882352941174,47.05882352941176
btc,btc:m5:1775841000,"Bitcoin Up or Down - April 10, 1:10PM-1:15PM ET",m5,UP,2026-04-10T17:11:16.094000+00:00,-0.1109078501739712,-0.0517359602926935,17.0,btc|m5|Up,254,2026-04-10 17:11:16.094,0.17,23.925,140.73529411764704,,2026-04-10 17:14:58.496,,settlement,False,False,-23.925,-100.0
btc,btc:m5:1775841300,"Bitcoin Up or Down - April 10, 1:15PM-1:20PM ET",m5,UP,2026-04-10T17:16:17.863000+00:00,-0.0566389588202923,-0.0173059673061327,30.0,btc|m5|Up,323,2026-04-10 17:16:17.863,0.3,23.925,79.75,,2026-04-10 17:19:59.594,,settlement,True,True,55.825,233.33333333333334
btc,btc:m5:1775841300,"Bitcoin Up or Down - April 10, 1:15PM-1:20PM ET",m5,DOWN,2026-04-10T17:17:00.040000+00:00,0.0356961308193816,-0.0311672099541726,65.0,btc|m5|Down,463,2026-04-10 17:17:00.040,0.65,23.43,36.04615384615384,,2026-04-10 17:19:59.594,,settlement,True,False,-23.43,-100.0
btc,btc:m5:1775841600,"Bitcoin Up or Down - April 10, 1:20PM-1:25PM ET",m5,UP,2026-04-10T17:21:34.836000+00:00,-0.0361518768323667,-0.0196942697766614,33.0,btc|m5|Up,320,2026-04-10 17:21:34.836,0.33,23.925,72.5,,2026-04-10 17:24:59.367,,settlement,True,True,48.575,203.03030303030303
btc,btc:m5:1775842200,"Bitcoin Up or Down - April 10, 1:30PM-1:35PM ET",m5,UP,2026-04-10T17:31:20.825000+00:00,-0.0480354330185327,0.017994443239187,31.0,btc|m5|Up,281,2026-04-10 17:31:20.825,0.31,23.925,77.17741935483872,,2026-04-10 17:34:58.639,,settlement,False,False,-23.925,-100.0
btc,btc:m5:1775842500,"Bitcoin Up or Down - April 10, 1:35PM-1:40PM ET",m5,UP,2026-04-10T17:36:16.315000+00:00,-0.0639964573536782,-0.0246794483985592,23.0,btc|m5|Up,289,2026-04-10 17:36:16.315,0.23,23.925,104.02173913043478,,2026-04-10 17:39:59.966,,settlement,True,True,80.09673913043478,334.78260869565213
btc,btc:m5:1775842500,"Bitcoin Up or Down - April 10, 1:35PM-1:40PM ET",m5,DOWN,2026-04-10T17:36:46.748000+00:00,0.0332946199351284,-0.0307018374185498,67.0,btc|m5|Down,370,2026-04-10 17:36:46.748,0.67,23.43,34.97014925373134,,2026-04-10 17:39:59.966,,settlement,True,False,-23.43,-100.0
btc,btc:m5:1775842800,"Bitcoin Up or Down - April 10, 1:40PM-1:45PM ET",m5,UP,2026-04-10T17:41:14.816000+00:00,-0.1014642009827928,-0.0381879593802968,16.0,btc|m5|Up,265,2026-04-10 17:41:14.816,0.16,23.925,149.53125,,2026-04-10 17:44:59.824,,settlement,True,True,125.60625,525.0
btc,btc:m5:1775842800,"Bitcoin Up or Down - April 10, 1:40PM-1:45PM ET",m5,DOWN,2026-04-10T17:42:45.920000+00:00,0.0293679673251577,-0.0728918161447271,62.0,btc|m5|Down,599,2026-04-10 17:42:45.920,0.62,23.43,37.79032258064516,,2026-04-10 17:44:59.824,,settlement,True,False,-23.43,-100.0
btc,btc:m5:1775843100,"Bitcoin Up or Down - April 10, 1:45PM-1:50PM ET",m5,UP,2026-04-10T17:46:18.538000+00:00,0.03878328550107,-0.0157985660881366,64.0,btc|m5|Up,306,2026-04-10 17:46:18.538,0.64,23.925,37.3828125,,2026-04-10 17:49:59.756,,settlement,True,True,13.4578125,56.25
btc,btc:m5:1775843700,"Bitcoin Up or Down - April 10, 1:55PM-2:00PM ET",m5,UP,2026-04-10T17:57:03.278000+00:00,0.0396465883679635,0.0214176426634087,64.0,btc|m5|Up,421,2026-04-10 17:57:03.278,0.64,23.925,37.3828125,,2026-04-10 17:59:59.765,,settlement,True,True,13.4578125,56.25
btc,btc:m5:1775844000,"Bitcoin Up or Down - April 10, 2:00PM-2:05PM ET",m5,UP,2026-04-10T18:01:14.906000+00:00,-0.0246438572860877,-0.0289107182590324,36.0,btc|m5|Up,356,2026-04-10 18:01:14.906,0.36,23.925,66.45833333333334,,2026-04-10 18:04:59.934,,settlement,False,False,-23.925,-100.0
btc,btc:m5:1775844000,"Bitcoin Up or Down - April 10, 2:00PM-2:05PM ET",m5,DOWN,2026-04-10T18:01:14.906000+00:00,0.0246438572860877,0.0289107182590324,65.0,btc|m5|Down,356,2026-04-10 18:01:14.906,0.65,23.43,36.04615384615384,,2026-04-10 18:04:59.934,,settlement,False,True,12.616153846153843,53.84615384615383
btc,btc:m5:1775844300,"Bitcoin Up or Down - April 10, 2:05PM-2:10PM ET",m5,UP,2026-04-10T18:06:14.671000+00:00,0.0343957477639702,0.0636760194848997,61.0,btc|m5|Up,322,2026-04-10 18:06:14.671,0.61,23.925,39.22131147540984,,2026-04-10 18:09:59.492,,settlement,True,True,15.29631147540984,63.93442622950821
btc,btc:m5:1775844600,"Bitcoin Up or Down - April 10, 2:10PM-2:15PM ET",m5,UP,2026-04-10T18:11:15.315000+00:00,0.0304901977301578,0.0346952699238604,64.0,btc|m5|Up,301,2026-04-10 18:11:15.315,0.64,23.925,37.3828125,,2026-04-10 18:14:59.859,,settlement,True,True,13.4578125,56.25
btc,btc:m5:1775844900,"Bitcoin Up or Down - April 10, 2:15PM-2:20PM ET",m5,UP,2026-04-10T18:16:19.230000+00:00,0.0325362143252838,0.0260371807657796,61.0,btc|m5|Up,408,2026-04-10 18:16:19.230,0.61,23.925,39.22131147540984,,2026-04-10 18:19:59.867,,settlement,False,False,-23.925,-100.0
btc,btc:m5:1775844900,"Bitcoin Up or Down - April 10, 2:15PM-2:20PM ET",m5,DOWN,2026-04-10T18:16:39.993000+00:00,0.0288557090041941,0.0345064476569905,64.0,btc|m5|Down,504,2026-04-10 18:16:39.993,0.64,23.43,36.609375,,2026-04-10 18:19:59.867,,settlement,False,True,13.179375,56.25
btc,btc:m5:1775845200,"Bitcoin Up or Down - April 10, 2:20PM-2:25PM ET",m5,UP,2026-04-10T18:21:22.500000+00:00,0.0587968742699053,0.0162784168335137,69.0,btc|m5|Up,219,2026-04-10 18:21:22.500,0.69,23.925,34.673913043478265,,2026-04-10 18:24:59.999,,settlement,False,False,-23.925,-100.0
btc,btc:m5:1775845500,"Bitcoin Up or Down - April 10, 2:25PM-2:30PM ET",m5,UP,2026-04-10T18:26:18.482000+00:00,-0.0581901107243306,-0.0200272677899308,23.0,btc|m5|Up,277,2026-04-10 18:26:18.482,0.23,23.925,104.02173913043478,,2026-04-10 18:29:59.746,,settlement,True,True,80.09673913043478,334.78260869565213
btc,btc:m5:1775845800,"Bitcoin Up or Down - April 10, 2:30PM-2:35PM ET",m5,UP,2026-04-10T18:32:10.838000+00:00,0.0341449051129231,0.0302672934969864,64.0,btc|m5|Up,482,2026-04-10 18:32:10.838,0.64,23.925,37.3828125,,2026-04-10 18:34:59.433,,settlement,False,False,-23.925,-100.0
btc,btc:m5:1775846100,"Bitcoin Up or Down - April 10, 2:35PM-2:40PM ET",m5,UP,2026-04-10T18:37:29.120000+00:00,0.0342568048558921,0.0603023947823352,68.0,btc|m5|Up,553,2026-04-10 18:37:29.120,0.68,23.925,35.18382352941176,,2026-04-10 18:39:59.924,,settlement,True,True,11.25882352941176,47.05882352941174
btc,btc:m5:1775846400,"Bitcoin Up or Down - April 10, 2:40PM-2:45PM ET",m5,UP,2026-04-10T18:41:24.433000+00:00,0.0231381467989369,0.0147354904080867,56.99999999999999,btc|m5|Up,290,2026-04-10 18:41:24.433,0.57,23.925,41.97368421052632,,2026-04-10 18:44:59.976,,settlement,False,False,-23.925,-100.0
btc,btc:m5:1775846700,"Bitcoin Up or Down - April 10, 2:45PM-2:50PM ET",m5,UP,2026-04-10T18:46:50.910000+00:00,0.0379286333081091,0.0232479082365672,69.0,btc|m5|Up,389,2026-04-10 18:46:50.910,0.69,23.925,34.673913043478265,,2026-04-10 18:49:59.968,,settlement,True,True,10.748913043478264,44.927536231884076
btc,btc:m5:1775847300,"Bitcoin Up or Down - April 10, 2:55PM-3:00PM ET",m5,UP,2026-04-10T18:56:28.286000+00:00,0.0301441787032391,0.0153595678951097,62.0,btc|m5|Up,272,2026-04-10 18:56:28.286,0.62,23.925,38.58870967741936,,2026-04-10 18:59:59.663,,settlement,True,True,14.663709677419359,61.290322580645174
btc,btc:m5:1775847600,"Bitcoin Up or Down - April 10, 3:00PM-3:05PM ET",m5,UP,2026-04-10T19:01:47.947000+00:00,0.0283556706622162,-0.0302433129928481,66.0,btc|m5|Up,326,2026-04-10 19:01:47.947,0.66,23.925,36.25,,2026-04-10 19:04:58.824,,settlement,True,True,12.325,51.515151515151516
btc,btc:m5:1775847900,"Bitcoin Up or Down - April 10, 3:05PM-3:10PM ET",m5,UP,2026-04-10T19:06:43.760000+00:00,0.0456988034650814,0.0602026713910291,67.0,btc|m5|Up,367,2026-04-10 19:06:43.760,0.67,23.925,35.708955223880594,,2026-04-10 19:09:59.766,,settlement,False,False,-23.925,-100.0
btc,btc:m5:1775847900,"Bitcoin Up or Down - April 10, 3:05PM-3:10PM ET",m5,DOWN,2026-04-10T19:08:18.399000+00:00,0.0268342061626949,0.0151326878360152,67.0,btc|m5|Down,740,2026-04-10 19:08:18.399,0.67,23.43,34.97014925373134,,2026-04-10 19:09:59.766,,settlement,False,True,11.540149253731343,49.25373134328358
btc,btc:m5:1775848500,"Bitcoin Up or Down - April 10, 3:15PM-3:20PM ET",m5,UP,2026-04-10T19:16:21.268000+00:00,-0.0428283843135658,0.0182300780709195,32.0,btc|m5|Up,228,2026-04-10 19:16:21.268,0.32,23.925,74.765625,,2026-04-10 19:19:59.603,,settlement,False,False,-23.925,-100.0
btc,btc:m5:1775848500,"Bitcoin Up or Down - April 10, 3:15PM-3:20PM ET",m5,DOWN,2026-04-10T19:16:21.268000+00:00,0.0428283843135658,-0.0182300780709195,69.0,btc|m5|Down,228,2026-04-10 19:16:21.268,0.69,23.43,33.95652173913044,,2026-04-10 19:19:59.603,,settlement,False,True,10.526521739130438,44.92753623188407
btc,btc:m5:1775848800,"Bitcoin Up or Down - April 10, 3:20PM-3:25PM ET",m5,UP,2026-04-10T19:21:14.933000+00:00,-0.1284726195549369,-0.0219840345050929,10.0,btc|m5|Up,273,2026-04-10 19:21:14.933,0.1,23.925,239.25,,2026-04-10 19:24:59.281,,settlement,False,False,-23.925,-100.0
btc,btc:m5:1775849100,"Bitcoin Up or Down - April 10, 3:25PM-3:30PM ET",m5,UP,2026-04-10T19:27:08.805000+00:00,-0.0299638326000467,-0.0207241857270307,31.0,btc|m5|Up,292,2026-04-10 19:27:08.805,0.31,23.925,77.17741935483872,,2026-04-10 19:29:58.384,,settlement,False,False,-23.925,-100.0
btc,btc:m5:1775849400,"Bitcoin Up or Down - April 10, 3:30PM-3:35PM ET",m5,UP,2026-04-10T19:31:26.212000+00:00,-0.0974835383510644,-0.0148910351584536,28.000000000000004,btc|m5|Up,373,2026-04-10 19:31:26.212,0.28,23.925,85.44642857142857,,2026-04-10 19:34:59.413,,settlement,True,True,61.52142857142857,257.1428571428571
btc,btc:m5:1775849700,"Bitcoin Up or Down - April 10, 3:35PM-3:40PM ET",m5,UP,2026-04-10T19:36:18.200000+00:00,-0.0283915819575954,0.0202288309461251,40.0,btc|m5|Up,244,2026-04-10 19:36:18.200,0.4,23.925,59.8125,,2026-04-10 19:39:59.221,,settlement,False,False,-23.925,-100.0
btc,btc:m5:1775849700,"Bitcoin Up or Down - April 10, 3:35PM-3:40PM ET",m5,DOWN,2026-04-10T19:36:18.200000+00:00,0.0283915819575954,-0.0202288309461251,62.0,btc|m5|Down,244,2026-04-10 19:36:18.200,0.62,23.43,37.79032258064516,,2026-04-10 19:39:59.221,,settlement,False,True,14.36032258064516,61.29032258064516
btc,btc:m5:1775850000,"Bitcoin Up or Down - April 10, 3:40PM-3:45PM ET",m5,UP,2026-04-10T19:41:16.774000+00:00,-0.0378615438160945,-0.0208498943317573,39.0,btc|m5|Up,242,2026-04-10 19:41:16.774,0.39,23.925,61.34615384615385,,2026-04-10 19:44:59.869,,settlement,False,False,-23.925,-100.0
btc,btc:m5:1775850000,"Bitcoin Up or Down - April 10, 3:40PM-3:45PM ET",m5,DOWN,2026-04-10T19:41:16.774000+00:00,0.0378615438160945,0.0208498943317573,62.0,btc|m5|Down,242,2026-04-10 19:41:16.774,0.62,23.43,37.79032258064516,,2026-04-10 19:44:59.869,,settlement,False,True,14.36032258064516,61.29032258064516
btc,btc:m5:1775850300,"Bitcoin Up or Down - April 10, 3:45PM-3:50PM ET",m5,UP,2026-04-10T19:46:15.511000+00:00,-0.0568091620676044,-0.052065926045562,25.0,btc|m5|Up,243,2026-04-10 19:46:15.511,0.25,23.925,95.7,,2026-04-10 19:49:59.846,,settlement,True,True,71.775,300.0
btc,btc:m5:1775850900,"Bitcoin Up or Down - April 10, 3:55PM-4:00PM ET",m5,UP,2026-04-10T19:56:29.248000+00:00,0.0346634438145061,0.0159227500394982,69.0,btc|m5|Up,258,2026-04-10 19:56:29.248,0.69,23.925,34.673913043478265,,2026-04-10 19:59:59.861,,settlement,True,True,10.748913043478264,44.927536231884076
btc,btc:m5:1775851200,"Bitcoin Up or Down - April 10, 4:00PM-4:05PM ET",m5,UP,2026-04-10T20:01:16.211000+00:00,-0.032251853935436,0.0170544308066523,46.0,btc|m5|Up,429,2026-04-10 20:01:16.211,0.46,23.925,52.01086956521739,,2026-04-10 20:04:59.925,,settlement,True,True,28.08586956521739,117.39130434782608
btc,btc:m5:1775851200,"Bitcoin Up or Down - April 10, 4:00PM-4:05PM ET",m5,DOWN,2026-04-10T20:01:16.211000+00:00,0.032251853935436,-0.0170544308066523,55.00000000000001,btc|m5|Down,429,2026-04-10 20:01:16.211,0.55,23.43,42.599999999999994,,2026-04-10 20:04:59.925,,settlement,True,False,-23.43,-100.0
btc,btc:m5:1775851500,"Bitcoin Up or Down - April 10, 4:05PM-4:10PM ET",m5,UP,2026-04-10T20:06:56.944000+00:00,-0.0243666047832338,-0.0168996396199692,47.0,btc|m5|Up,350,2026-04-10 20:06:56.944,0.47,23.925,50.90425531914894,,2026-04-10 20:09:59.519,,settlement,False,False,-23.925,-100.0
btc,btc:m5:1775851500,"Bitcoin Up or Down - April 10, 4:05PM-4:10PM ET",m5,DOWN,2026-04-10T20:06:56.944000+00:00,0.0243666047832338,0.0168996396199692,56.00000000000001,btc|m5|Down,350,2026-04-10 20:06:56.944,0.56,23.43,41.83928571428571,,2026-04-10 20:09:59.519,,settlement,False,True,18.40928571428571,78.57142857142854
btc,btc:m5:1775851800,"Bitcoin Up or Down - April 10, 4:10PM-4:15PM ET",m5,UP,2026-04-10T20:11:14.804000+00:00,-0.0979127866290358,-0.0472908383830129,19.0,btc|m5|Up,279,2026-04-10 20:11:14.804,0.19,23.925,125.92105263157895,,2026-04-10 20:14:59.996,,settlement,False,False,-23.925,-100.0
btc,btc:m5:1775852100,"Bitcoin Up or Down - April 10, 4:15PM-4:20PM ET",m5,UP,2026-04-10T20:16:17.476000+00:00,-0.0541212277272162,-0.0226642880997002,28.000000000000004,btc|m5|Up,224,2026-04-10 20:16:17.476,0.28,23.925,85.44642857142857,,2026-04-10 20:19:58.969,,settlement,True,True,61.52142857142857,257.1428571428571
btc,btc:m5:1775852400,"Bitcoin Up or Down - April 10, 4:20PM-4:25PM ET",m5,UP,2026-04-10T20:21:15.829000+00:00,-0.0613098190432204,-0.0253455774628714,28.000000000000004,btc|m5|Up,227,2026-04-10 20:21:15.829,0.28,23.925,85.44642857142857,,2026-04-10 20:24:59.966,,settlement,False,False,-23.925,-100.0
btc,btc:m5:1775852700,"Bitcoin Up or Down - April 10, 4:25PM-4:30PM ET",m5,UP,2026-04-10T20:26:20.960000+00:00,0.0369378040926451,-0.0216131266730347,65.0,btc|m5|Up,289,2026-04-10 20:26:20.960,0.65,23.925,36.80769230769231,,2026-04-10 20:29:58.542,,settlement,True,True,12.882692307692306,53.84615384615383
btc,btc:m5:1775853000,"Bitcoin Up or Down - April 10, 4:30PM-4:35PM ET",m5,UP,2026-04-10T20:31:37.679000+00:00,0.0858848970364229,-0.1264314149506077,66.0,btc|m5|Up,591,2026-04-10 20:31:37.679,0.66,23.925,36.25,,2026-04-10 20:34:59.308,,settlement,False,False,-23.925,-100.0
btc,btc:m5:1775853000,"Bitcoin Up or Down - April 10, 4:30PM-4:35PM ET",m5,DOWN,2026-04-10T20:32:48.849000+00:00,0.0280549139103265,0.0664717157320521,54.0,btc|m5|Down,916,2026-04-10 20:32:48.849,0.54,23.43,43.388888888888886,,2026-04-10 20:34:59.308,,settlement,False,True,19.958888888888886,85.18518518518518
btc,btc:m5:1775853300,"Bitcoin Up or Down - April 10, 4:35PM-4:40PM ET",m5,UP,2026-04-10T20:36:28.043000+00:00,-0.0411999861255574,-0.0508410833097456,34.0,btc|m5|Up,340,2026-04-10 20:36:28.043,0.34,23.925,70.36764705882352,,2026-04-10 20:39:59.968,,settlement,False,False,-23.925,-100.0
btc,btc:m5:1775853300,"Bitcoin Up or Down - April 10, 4:35PM-4:40PM ET",m5,DOWN,2026-04-10T20:36:28.043000+00:00,0.0411999861255574,0.0508410833097456,67.0,btc|m5|Down,340,2026-04-10 20:36:28.043,0.67,23.43,34.97014925373134,,2026-04-10 20:39:59.968,,settlement,False,True,11.540149253731343,49.25373134328358
btc,btc:m5:1775853600,"Bitcoin Up or Down - April 10, 4:40PM-4:45PM ET",m5,UP,2026-04-10T20:41:14.881000+00:00,0.0552727372252776,0.0257820839149307,67.0,btc|m5|Up,272,2026-04-10 20:41:14.881,0.67,23.925,35.708955223880594,,2026-04-10 20:44:59.804,,settlement,True,True,11.783955223880593,49.25373134328356
btc,btc:m5:1775855400,"Bitcoin Up or Down - April 10, 5:10PM-5:15PM ET",m5,UP,2026-04-10T21:11:14.970000+00:00,-0.0342759094591551,-0.0353551429574613,41.0,btc|m5|Up,163,2026-04-10 21:11:14.970,0.41,23.925,58.35365853658537,,2026-04-10 21:14:59.230,,settlement,False,False,-23.925,-100.0
btc,btc:m5:1775855400,"Bitcoin Up or Down - April 10, 5:10PM-5:15PM ET",m5,DOWN,2026-04-10T21:11:14.970000+00:00,0.0342759094591551,0.0353551429574613,60.0,btc|m5|Down,163,2026-04-10 21:11:14.970,0.6,23.43,39.050000000000004,,2026-04-10 21:14:59.230,,settlement,False,True,15.620000000000005,66.66666666666669
btc,btc:m5:1775855700,"Bitcoin Up or Down - April 10, 5:15PM-5:20PM ET",m5,UP,2026-04-10T21:17:23.320000+00:00,-0.0295159062956962,-0.017693123245408,49.0,btc|m5|Up,615,2026-04-10 21:17:23.320,0.49,23.925,48.8265306122449,,2026-04-10 21:19:59.466,,settlement,True,True,24.9015306122449,104.08163265306123
btc,btc:m5:1775855700,"Bitcoin Up or Down - April 10, 5:15PM-5:20PM ET",m5,DOWN,2026-04-10T21:17:23.320000+00:00,0.0295159062956962,0.017693123245408,53.0,btc|m5|Down,615,2026-04-10 21:17:23.320,0.53,23.43,44.20754716981132,,2026-04-10 21:19:59.466,,settlement,True,False,-23.43,-100.0
btc,btc:m5:1775856000,"Bitcoin Up or Down - April 10, 5:20PM-5:25PM ET",m5,UP,2026-04-10T21:21:14.931000+00:00,-0.0416333859531275,-0.0264056637822965,35.0,btc|m5|Up,236,2026-04-10 21:21:14.931,0.35,23.925,68.35714285714286,,2026-04-10 21:24:59.495,,settlement,True,True,44.432142857142864,185.71428571428575
btc,btc:m5:1775856000,"Bitcoin Up or Down - April 10, 5:20PM-5:25PM ET",m5,DOWN,2026-04-10T21:21:14.931000+00:00,0.0416333859531275,0.0264056637822965,66.0,btc|m5|Down,236,2026-04-10 21:21:14.931,0.66,23.43,35.5,,2026-04-10 21:24:59.495,,settlement,True,False,-23.43,-100.0
btc,btc:m5:1775856300,"Bitcoin Up or Down - April 10, 5:25PM-5:30PM ET",m5,UP,2026-04-10T21:26:20.998000+00:00,-0.0273060446996002,0.0197172340795275,38.0,btc|m5|Up,237,2026-04-10 21:26:20.998,0.38,23.925,62.96052631578947,,2026-04-10 21:29:59.814,,settlement,False,False,-23.925,-100.0
btc,btc:m5:1775856600,"Bitcoin Up or Down - April 10, 5:30PM-5:35PM ET",m5,UP,2026-04-10T21:31:56.139000+00:00,-0.0462263105548848,-0.0143644942535182,19.0,btc|m5|Up,315,2026-04-10 21:31:56.139,0.19,23.925,125.92105263157895,,2026-04-10 21:34:59.563,,settlement,False,False,-23.925,-100.0
btc,btc:m5:1775857200,"Bitcoin Up or Down - April 10, 5:40PM-5:45PM ET",m5,UP,2026-04-10T21:41:41.422000+00:00,-0.0470839959868381,-0.0365691635012727,36.0,btc|m5|Up,500,2026-04-10 21:41:41.422,0.36,23.925,66.45833333333334,,2026-04-10 21:44:59.167,,settlement,True,True,42.533333333333346,177.77777777777783
btc,btc:m5:1775857200,"Bitcoin Up or Down - April 10, 5:40PM-5:45PM ET",m5,DOWN,2026-04-10T21:41:41.422000+00:00,0.0470839959868381,0.0365691635012727,67.0,btc|m5|Down,500,2026-04-10 21:41:41.422,0.67,23.43,34.97014925373134,,2026-04-10 21:44:59.167,,settlement,True,False,-23.43,-100.0
btc,btc:m5:1775858100,"Bitcoin Up or Down - April 10, 5:55PM-6:00PM ET",m5,UP,2026-04-10T21:57:16.968000+00:00,0.0300752290843869,0.0139986520829019,55.00000000000001,btc|m5|Up,261,2026-04-10 21:57:16.968,0.55,23.925,43.5,,2026-04-10 21:59:59.244,,settlement,True,True,19.575,81.81818181818181
btc,btc:m5:1775858400,"Bitcoin Up or Down - April 10, 6:00PM-6:05PM ET",m5,UP,2026-04-10T22:01:14.877000+00:00,-0.0397591660248379,-0.0482711799194995,38.0,btc|m5|Up,291,2026-04-10 22:01:14.877,0.38,23.925,62.96052631578947,,2026-04-10 22:04:59.694,,settlement,True,True,39.03552631578947,163.15789473684208
btc,btc:m5:1775858400,"Bitcoin Up or Down - April 10, 6:00PM-6:05PM ET",m5,DOWN,2026-04-10T22:01:14.877000+00:00,0.0397591660248379,0.0482711799194995,64.0,btc|m5|Down,291,2026-04-10 22:01:14.877,0.64,23.43,36.609375,,2026-04-10 22:04:59.694,,settlement,True,False,-23.43,-100.0
btc,btc:m5:1775858700,"Bitcoin Up or Down - April 10, 6:05PM-6:10PM ET",m5,UP,2026-04-10T22:07:46.351000+00:00,-0.0229599641600527,-0.0428877379313478,63.0,btc|m5|Up,490,2026-04-10 22:07:46.351,0.63,23.925,37.976190476190474,,2026-04-10 22:09:59.979,,settlement,False,False,-23.925,-100.0
btc,btc:m5:1775858700,"Bitcoin Up or Down - April 10, 6:05PM-6:10PM ET",m5,DOWN,2026-04-10T22:07:46.351000+00:00,0.0229599641600527,0.0428877379313478,48.0,btc|m5|Down,490,2026-04-10 22:07:46.351,0.48,23.43,48.8125,,2026-04-10 22:09:59.979,,settlement,False,True,25.3825,108.33333333333333
btc,btc:m5:1775859000,"Bitcoin Up or Down - April 10, 6:10PM-6:15PM ET",m5,UP,2026-04-10T22:11:16.597000+00:00,0.0391561788764711,0.0181835607212706,67.0,btc|m5|Up,262,2026-04-10 22:11:16.597,0.67,23.925,35.708955223880594,,2026-04-10 22:14:59.171,,settlement,True,True,11.783955223880593,49.25373134328356
btc,btc:m5:1775859300,"Bitcoin Up or Down - April 10, 6:15PM-6:20PM ET",m5,UP,2026-04-10T22:16:38.242000+00:00,-0.0261627203652165,-0.0308785712147423,42.0,btc|m5|Up,316,2026-04-10 22:16:38.242,0.42,23.925,56.964285714285715,,2026-04-10 22:19:59.667,,settlement,False,False,-23.925,-100.0
btc,btc:m5:1775859300,"Bitcoin Up or Down - April 10, 6:15PM-6:20PM ET",m5,DOWN,2026-04-10T22:16:38.242000+00:00,0.0261627203652165,0.0308785712147423,59.0,btc|m5|Down,316,2026-04-10 22:16:38.242,0.59,23.43,39.71186440677966,,2026-04-10 22:19:59.667,,settlement,False,True,16.28186440677966,69.49152542372882
btc,btc:m5:1775859600,"Bitcoin Up or Down - April 10, 6:20PM-6:25PM ET",m5,UP,2026-04-10T22:21:15.131000+00:00,-0.0381011316022419,-0.0223568623451181,46.0,btc|m5|Up,293,2026-04-10 22:21:15.131,0.46,23.925,52.01086956521739,,2026-04-10 22:24:59.670,,settlement,False,False,-23.925,-100.0
