asset,market_key,market_title,tf_slug,ce_ts,bot_pnl,bot_spent,candidate_pnl,candidate_spent,candidate_trade_count,delta_pnl
btc,btc:h1:1775322000,"Bitcoin Up or Down - April 4, 1PM ET",h1,2026-04-04T18:00:00+00:00,-186.1,4029.19,0.0,0.0,0,186.1
btc,btc:m15:1775326500,"Bitcoin Up or Down - April 4, 2:15PM-2:30PM ET",m15,2026-04-04T18:30:00+00:00,25.52,2152.31,0.0,0.0,0,-25.52
btc,btc:m5:1775327400,"Bitcoin Up or Down - April 4, 2:30PM-2:35PM ET",m5,2026-04-04T18:35:00+00:00,-44.22,182.72,-23.925,23.925,1,20.294999999999998
btc,btc:m5:1775327700,"Bitcoin Up or Down - April 4, 2:35PM-2:40PM ET",m5,2026-04-04T18:40:00+00:00,74.8,614.04,0.0,0.0,0,-74.8
btc,btc:m5:1775328000,"Bitcoin Up or Down - April 4, 2:40PM-2:45PM ET",m5,2026-04-04T18:45:00+00:00,110.2,693.8,0.0,0.0,0,-110.2
btc,btc:m15:1775327400,"Bitcoin Up or Down - April 4, 2:30PM-2:45PM ET",m15,2026-04-04T18:45:00+00:00,39.21,1542.47,0.0,0.0,0,-39.21
btc,btc:m5:1775328300,"Bitcoin Up or Down - April 4, 2:45PM-2:50PM ET",m5,2026-04-04T18:50:00+00:00,161.4,984.38,0.0,0.0,0,-161.4
btc,btc:m5:1775328600,"Bitcoin Up or Down - April 4, 2:50PM-2:55PM ET",m5,2026-04-04T18:55:00+00:00,33.97,548.46,0.0,0.0,0,-33.97
btc,btc:h1:1775325600,"Bitcoin Up or Down - April 4, 2PM ET",h1,2026-04-04T19:00:00+00:00,-207.71,3779.99,0.0,0.0,0,207.71
btc,btc:m5:1775328900,"Bitcoin Up or Down - April 4, 2:55PM-3:00PM ET",m5,2026-04-04T19:00:00+00:00,-29.83,486.25,-23.925,23.925,1,5.904999999999998
btc,btc:m15:1775328300,"Bitcoin Up or Down - April 4, 2:45PM-3:00PM ET",m15,2026-04-04T19:00:00+00:00,91.77,2310.58,0.0,0.0,0,-91.77
btc,btc:m5:1775329200,"Bitcoin Up or Down - April 4, 3:00PM-3:05PM ET",m5,2026-04-04T19:05:00+00:00,2.08,34.65,0.0,0.0,0,-2.08
btc,btc:m5:1775329500,"Bitcoin Up or Down - April 4, 3:05PM-3:10PM ET",m5,2026-04-04T19:10:00+00:00,5.88,829.48,0.0,0.0,0,-5.88
btc,btc:m15:1775329200,"Bitcoin Up or Down - April 4, 3:00PM-3:15PM ET",m15,2026-04-04T19:15:00+00:00,116.45,1074.18,0.0,0.0,0,-116.45
btc,btc:m5:1775329800,"Bitcoin Up or Down - April 4, 3:10PM-3:15PM ET",m5,2026-04-04T19:15:00+00:00,112.77,1456.55,15.95,23.925,1,-96.82
btc,btc:m5:1775330100,"Bitcoin Up or Down - April 4, 3:15PM-3:20PM ET",m5,2026-04-04T19:20:00+00:00,-69.15,459.52,-23.925,23.925,1,45.22500000000001
btc,btc:m5:1775330400,"Bitcoin Up or Down - April 4, 3:20PM-3:25PM ET",m5,2026-04-04T19:25:00+00:00,20.48,238.68,-23.925,23.925,1,-44.405
btc,btc:m15:1775330100,"Bitcoin Up or Down - April 4, 3:15PM-3:30PM ET",m15,2026-04-04T19:30:00+00:00,-57.09,948.88,0.0,0.0,0,57.09
btc,btc:m5:1775330700,"Bitcoin Up or Down - April 4, 3:25PM-3:30PM ET",m5,2026-04-04T19:30:00+00:00,11.39,523.11,-23.925,23.925,1,-35.315
btc,btc:m5:1775331000,"Bitcoin Up or Down - April 4, 3:30PM-3:35PM ET",m5,2026-04-04T19:35:00+00:00,0.06,265.46,-23.925,23.925,1,-23.985
btc,btc:m5:1775331300,"Bitcoin Up or Down - April 4, 3:35PM-3:40PM ET",m5,2026-04-04T19:40:00+00:00,-44.39,130.83,0.0,0.0,0,44.39
btc,btc:m5:1775331600,"Bitcoin Up or Down - April 4, 3:40PM-3:45PM ET",m5,2026-04-04T19:45:00+00:00,-151.0,524.23,-23.925,23.925,1,127.075
btc,btc:m15:1775331000,"Bitcoin Up or Down - April 4, 3:30PM-3:45PM ET",m15,2026-04-04T19:45:00+00:00,-97.1,1471.84,0.0,0.0,0,97.1
btc,btc:m5:1775331900,"Bitcoin Up or Down - April 4, 3:45PM-3:50PM ET",m5,2026-04-04T19:50:00+00:00,-44.5,358.97,0.0,0.0,0,44.5
btc,btc:m5:1775332200,"Bitcoin Up or Down - April 4, 3:50PM-3:55PM ET",m5,2026-04-04T19:55:00+00:00,-4.64,336.46,0.0,0.0,0,4.64
btc,btc:m15:1775331900,"Bitcoin Up or Down - April 4, 3:45PM-4:00PM ET",m15,2026-04-04T20:00:00+00:00,110.32,2220.81,0.0,0.0,0,-110.32
btc,btc:h1:1775329200,"Bitcoin Up or Down - April 4, 3PM ET",h1,2026-04-04T20:00:00+00:00,5.48,5395.2,0.0,0.0,0,-5.48
btc,btc:m5:1775332500,"Bitcoin Up or Down - April 4, 3:55PM-4:00PM ET",m5,2026-04-04T20:00:00+00:00,8.15,82.0,-23.925,23.925,1,-32.075
btc,btc:m5:1775332800,"Bitcoin Up or Down - April 4, 4:00PM-4:05PM ET",m5,2026-04-04T20:05:00+00:00,71.04,306.8,-23.925,23.925,1,-94.965
btc,btc:m5:1775333100,"Bitcoin Up or Down - April 4, 4:05PM-4:10PM ET",m5,2026-04-04T20:10:00+00:00,0.57,112.66,0.0,0.0,0,-0.57
btc,btc:m15:1775332800,"Bitcoin Up or Down - April 4, 4:00PM-4:15PM ET",m15,2026-04-04T20:15:00+00:00,77.35,758.19,0.0,0.0,0,-77.35
btc,btc:m5:1775333400,"Bitcoin Up or Down - April 4, 4:10PM-4:15PM ET",m5,2026-04-04T20:15:00+00:00,-89.77,689.55,0.0,0.0,0,89.77
btc,btc:m5:1775333700,"Bitcoin Up or Down - April 4, 4:15PM-4:20PM ET",m5,2026-04-04T20:20:00+00:00,40.78,381.0,0.0,0.0,0,-40.78
btc,btc:m5:1775334000,"Bitcoin Up or Down - April 4, 4:20PM-4:25PM ET",m5,2026-04-04T20:25:00+00:00,119.2,978.74,0.0,0.0,0,-119.2
btc,btc:m15:1775333700,"Bitcoin Up or Down - April 4, 4:15PM-4:30PM ET",m15,2026-04-04T20:30:00+00:00,-10.74,622.4,0.0,0.0,0,10.74
btc,btc:m5:1775334300,"Bitcoin Up or Down - April 4, 4:25PM-4:30PM ET",m5,2026-04-04T20:30:00+00:00,37.53,1243.02,0.0,0.0,0,-37.53
btc,btc:m5:1775334600,"Bitcoin Up or Down - April 4, 4:30PM-4:35PM ET",m5,2026-04-04T20:35:00+00:00,-59.13,946.08,0.0,0.0,0,59.13
btc,btc:m5:1775334900,"Bitcoin Up or Down - April 4, 4:35PM-4:40PM ET",m5,2026-04-04T20:40:00+00:00,256.96,610.72,0.0,0.0,0,-256.96
btc,btc:m5:1775335200,"Bitcoin Up or Down - April 4, 4:40PM-4:45PM ET",m5,2026-04-04T20:45:00+00:00,-145.24,855.59,0.0,0.0,0,145.24
btc,btc:m15:1775334600,"Bitcoin Up or Down - April 4, 4:30PM-4:45PM ET",m15,2026-04-04T20:45:00+00:00,-339.12,2539.25,0.0,0.0,0,339.12
btc,btc:m5:1775335500,"Bitcoin Up or Down - April 4, 4:45PM-4:50PM ET",m5,2026-04-04T20:50:00+00:00,12.71,507.35,0.0,0.0,0,-12.71
btc,btc:m5:1775335800,"Bitcoin Up or Down - April 4, 4:50PM-4:55PM ET",m5,2026-04-04T20:55:00+00:00,172.5,682.5,0.0,0.0,0,-172.5
btc,btc:h1:1775332800,"Bitcoin Up or Down - April 4, 4PM ET",h1,2026-04-04T21:00:00+00:00,186.43,5041.06,0.0,0.0,0,-186.43
btc,btc:m15:1775335500,"Bitcoin Up or Down - April 4, 4:45PM-5:00PM ET",m15,2026-04-04T21:00:00+00:00,148.46,1691.29,0.0,0.0,0,-148.46
btc,btc:m5:1775336100,"Bitcoin Up or Down - April 4, 4:55PM-5:00PM ET",m5,2026-04-04T21:00:00+00:00,-1.71,1239.57,0.0,0.0,0,1.71
btc,btc:m5:1775336400,"Bitcoin Up or Down - April 4, 5:00PM-5:05PM ET",m5,2026-04-04T21:05:00+00:00,125.06,461.09,0.0,0.0,0,-125.06
btc,btc:m5:1775336700,"Bitcoin Up or Down - April 4, 5:05PM-5:10PM ET",m5,2026-04-04T21:10:00+00:00,21.7,578.97,0.0,0.0,0,-21.7
btc,btc:m15:1775336400,"Bitcoin Up or Down - April 4, 5:00PM-5:15PM ET",m15,2026-04-04T21:15:00+00:00,57.0,848.96,0.0,0.0,0,-57.0
btc,btc:m5:1775337000,"Bitcoin Up or Down - April 4, 5:10PM-5:15PM ET",m5,2026-04-04T21:15:00+00:00,66.99,522.13,-23.925,23.925,1,-90.91499999999999
btc,btc:m5:1775337300,"Bitcoin Up or Down - April 4, 5:15PM-5:20PM ET",m5,2026-04-04T21:20:00+00:00,43.5,279.9,0.0,0.0,0,-43.5
btc,btc:m5:1775337600,"Bitcoin Up or Down - April 4, 5:20PM-5:25PM ET",m5,2026-04-04T21:25:00+00:00,-85.19,746.8,0.0,0.0,0,85.19
btc,btc:m5:1775337900,"Bitcoin Up or Down - April 4, 5:25PM-5:30PM ET",m5,2026-04-04T21:30:00+00:00,10.61,261.9,0.0,0.0,0,-10.61
btc,btc:m15:1775337300,"Bitcoin Up or Down - April 4, 5:15PM-5:30PM ET",m15,2026-04-04T21:30:00+00:00,-27.47,633.55,0.0,0.0,0,27.47
btc,btc:m5:1775338200,"Bitcoin Up or Down - April 4, 5:30PM-5:35PM ET",m5,2026-04-04T21:35:00+00:00,205.81,367.23,0.0,0.0,0,-205.81
btc,btc:m5:1775338500,"Bitcoin Up or Down - April 4, 5:35PM-5:40PM ET",m5,2026-04-04T21:40:00+00:00,-55.83,1259.33,0.0,0.0,0,55.83
btc,btc:m5:1775338800,"Bitcoin Up or Down - April 4, 5:40PM-5:45PM ET",m5,2026-04-04T21:45:00+00:00,246.8,1627.96,0.0,0.0,0,-246.8
btc,btc:m15:1775338200,"Bitcoin Up or Down - April 4, 5:30PM-5:45PM ET",m15,2026-04-04T21:45:00+00:00,9.12,1449.29,0.0,0.0,0,-9.12
btc,btc:m5:1775339100,"Bitcoin Up or Down - April 4, 5:45PM-5:50PM ET",m5,2026-04-04T21:50:00+00:00,36.47,340.53,0.0,0.0,0,-36.47
btc,btc:m5:1775339400,"Bitcoin Up or Down - April 4, 5:50PM-5:55PM ET",m5,2026-04-04T21:55:00+00:00,58.3,1725.63,50.840625,23.925,1,-7.459374999999994
btc,btc:m5:1775339700,"Bitcoin Up or Down - April 4, 5:55PM-6:00PM ET",m5,2026-04-04T22:00:00+00:00,360.54,1396.24,-7.6431355932203395,47.355000000000004,2,-368.18313559322036
btc,btc:h1:1775336400,"Bitcoin Up or Down - April 4, 5PM ET",h1,2026-04-04T22:00:00+00:00,1.9,4173.67,0.0,0.0,0,-1.9
btc,btc:m15:1775339100,"Bitcoin Up or Down - April 4, 5:45PM-6:00PM ET",m15,2026-04-04T22:00:00+00:00,87.65,1800.56,0.0,0.0,0,-87.65
btc,btc:m5:1775340000,"Bitcoin Up or Down - April 4, 6:00PM-6:05PM ET",m5,2026-04-04T22:05:00+00:00,67.0,1505.03,0.0,0.0,0,-67.0
btc,btc:m5:1775340300,"Bitcoin Up or Down - April 4, 6:05PM-6:10PM ET",m5,2026-04-04T22:10:00+00:00,-70.54,1593.84,15.605526315789469,47.355000000000004,2,86.14552631578948
btc,btc:m15:1775340000,"Bitcoin Up or Down - April 4, 6:00PM-6:15PM ET",m15,2026-04-04T22:15:00+00:00,73.63,2262.02,0.0,0.0,0,-73.63
btc,btc:m5:1775340600,"Bitcoin Up or Down - April 4, 6:10PM-6:15PM ET",m5,2026-04-04T22:15:00+00:00,-116.06,1603.51,-23.43,23.43,1,92.63
btc,btc:m5:1775340900,"Bitcoin Up or Down - April 4, 6:15PM-6:20PM ET",m5,2026-04-04T22:20:00+00:00,83.13,1353.17,11.783955223880593,23.925,1,-71.3460447761194
btc,btc:m5:1775341200,"Bitcoin Up or Down - April 4, 6:20PM-6:25PM ET",m5,2026-04-04T22:25:00+00:00,419.89,1139.78,5.811666666666664,47.355000000000004,2,-414.0783333333333
btc,btc:m5:1775341500,"Bitcoin Up or Down - April 4, 6:25PM-6:30PM ET",m5,2026-04-04T22:30:00+00:00,123.23,1084.99,-12.384850746268658,47.355000000000004,2,-135.61485074626867
btc,btc:m15:1775340900,"Bitcoin Up or Down - April 4, 6:15PM-6:30PM ET",m15,2026-04-04T22:30:00+00:00,134.81,2081.14,15.660784313725486,16.299999999999997,1,-119.14921568627452
btc,btc:m5:1775341800,"Bitcoin Up or Down - April 4, 6:30PM-6:35PM ET",m5,2026-04-04T22:35:00+00:00,199.7,904.76,-11.308846153846158,47.355000000000004,2,-211.00884615384615
btc,btc:m5:1775342100,"Bitcoin Up or Down - April 4, 6:35PM-6:40PM ET",m5,2026-04-04T22:40:00+00:00,73.21,516.47,0.0,0.0,0,-73.21
btc,btc:m15:1775341800,"Bitcoin Up or Down - April 4, 6:30PM-6:45PM ET",m15,2026-04-04T22:45:00+00:00,-634.22,2296.57,0.0,0.0,0,634.22
btc,btc:m5:1775342400,"Bitcoin Up or Down - April 4, 6:40PM-6:45PM ET",m5,2026-04-04T22:45:00+00:00,183.4,319.41,0.0,0.0,0,-183.4
btc,btc:m5:1775342700,"Bitcoin Up or Down - April 4, 6:45PM-6:50PM ET",m5,2026-04-04T22:50:00+00:00,-29.91,62.44,-23.925,23.925,1,5.984999999999999
btc,btc:m5:1775343000,"Bitcoin Up or Down - April 4, 6:50PM-6:55PM ET",m5,2026-04-04T22:55:00+00:00,-69.49,1216.63,-23.925,23.925,1,45.565
btc,btc:m5:1775343300,"Bitcoin Up or Down - April 4, 6:55PM-7:00PM ET",m5,2026-04-04T23:00:00+00:00,22.4,828.97,0.0,0.0,0,-22.4
btc,btc:h1:1775340000,"Bitcoin Up or Down - April 4, 6PM ET",h1,2026-04-04T23:00:00+00:00,604.25,6021.26,-1.1525373134328376,12.870000000000001,1,-605.4025373134328
btc,btc:m15:1775342700,"Bitcoin Up or Down - April 4, 6:45PM-7:00PM ET",m15,2026-04-04T23:00:00+00:00,16.53,1667.31,0.0,0.0,0,-16.53
btc,btc:m5:1775343600,"Bitcoin Up or Down - April 4, 7:00PM-7:05PM ET",m5,2026-04-04T23:05:00+00:00,190.6,1228.2,-23.925,23.925,1,-214.525
btc,btc:m5:1775343900,"Bitcoin Up or Down - April 4, 7:05PM-7:10PM ET",m5,2026-04-04T23:10:00+00:00,130.85,1157.89,-23.925,23.925,1,-154.775
btc,btc:m15:1775343600,"Bitcoin Up or Down - April 4, 7:00PM-7:15PM ET",m15,2026-04-04T23:15:00+00:00,-119.47,1238.9,0.0,0.0,0,119.47
btc,btc:m5:1775344200,"Bitcoin Up or Down - April 4, 7:10PM-7:15PM ET",m5,2026-04-04T23:15:00+00:00,6.56,233.93,0.0,0.0,0,-6.56
btc,btc:m5:1775344500,"Bitcoin Up or Down - April 4, 7:15PM-7:20PM ET",m5,2026-04-04T23:20:00+00:00,-104.45,788.29,0.0,0.0,0,104.45
btc,btc:m5:1775344800,"Bitcoin Up or Down - April 4, 7:20PM-7:25PM ET",m5,2026-04-04T23:25:00+00:00,-3.31,588.14,-23.925,23.925,1,-20.615000000000002
btc,btc:m5:1775345100,"Bitcoin Up or Down - April 4, 7:25PM-7:30PM ET",m5,2026-04-04T23:30:00+00:00,-4.0,924.52,0.0,0.0,0,4.0
btc,btc:m15:1775344500,"Bitcoin Up or Down - April 4, 7:15PM-7:30PM ET",m15,2026-04-04T23:30:00+00:00,-24.35,1730.16,0.0,0.0,0,24.35
btc,btc:m5:1775345400,"Bitcoin Up or Down - April 4, 7:30PM-7:35PM ET",m5,2026-04-04T23:35:00+00:00,72.82,842.06,0.0,0.0,0,-72.82
btc,btc:m5:1775345700,"Bitcoin Up or Down - April 4, 7:35PM-7:40PM ET",m5,2026-04-04T23:40:00+00:00,20.54,446.55,-23.925,23.925,1,-44.465
btc,btc:m5:1775346000,"Bitcoin Up or Down - April 4, 7:40PM-7:45PM ET",m5,2026-04-04T23:45:00+00:00,-401.61,1090.77,160.11346153846154,23.925,1,561.7234615384616
btc,btc:m15:1775345400,"Bitcoin Up or Down - April 4, 7:30PM-7:45PM ET",m15,2026-04-04T23:45:00+00:00,-187.23,1717.82,0.0,0.0,0,187.23
btc,btc:m5:1775346300,"Bitcoin Up or Down - April 4, 7:45PM-7:50PM ET",m5,2026-04-04T23:50:00+00:00,-60.11,456.42,-23.925,23.925,1,36.185
btc,btc:m5:1775346600,"Bitcoin Up or Down - April 4, 7:50PM-7:55PM ET",m5,2026-04-04T23:55:00+00:00,36.2,692.57,0.0,0.0,0,-36.2
btc,btc:h1:1775343600,"Bitcoin Up or Down - April 4, 7PM ET",h1,2026-04-05T00:00:00+00:00,-44.78,2010.66,0.0,0.0,0,44.78
btc,btc:m5:1775346900,"Bitcoin Up or Down - April 4, 7:55PM-8:00PM ET",m5,2026-04-05T00:00:00+00:00,6.59,1513.74,0.0,0.0,0,-6.59
btc,btc:m15:1775346300,"Bitcoin Up or Down - April 4, 7:45PM-8:00PM ET",m15,2026-04-05T00:00:00+00:00,-0.67,3100.36,0.0,0.0,0,0.67
btc,btc:m5:1775347200,"Bitcoin Up or Down - April 4, 8:00PM-8:05PM ET",m5,2026-04-05T00:05:00+00:00,15.9,593.83,0.0,0.0,0,-15.9
btc,btc:m5:1775347500,"Bitcoin Up or Down - April 4, 8:05PM-8:10PM ET",m5,2026-04-05T00:10:00+00:00,17.75,207.31,-23.925,23.925,1,-41.675
btc,btc:m5:1775347800,"Bitcoin Up or Down - April 4, 8:10PM-8:15PM ET",m5,2026-04-05T00:15:00+00:00,76.0,968.25,-23.925,23.925,1,-99.925
btc,btc:m15:1775347200,"Bitcoin Up or Down - April 4, 8:00PM-8:15PM ET",m15,2026-04-05T00:15:00+00:00,11.81,3128.54,0.0,0.0,0,-11.81
btc,btc:m5:1775348100,"Bitcoin Up or Down - April 4, 8:15PM-8:20PM ET",m5,2026-04-05T00:20:00+00:00,125.79,1176.18,0.0,0.0,0,-125.79
btc,btc:m5:1775348400,"Bitcoin Up or Down - April 4, 8:20PM-8:25PM ET",m5,2026-04-05T00:25:00+00:00,-68.3,1431.64,0.0,0.0,0,68.3
btc,btc:m5:1775348700,"Bitcoin Up or Down - April 4, 8:25PM-8:30PM ET",m5,2026-04-05T00:30:00+00:00,-63.07,658.81,0.0,0.0,0,63.07
btc,btc:m15:1775348100,"Bitcoin Up or Down - April 4, 8:15PM-8:30PM ET",m15,2026-04-05T00:30:00+00:00,-415.34,3197.8,0.0,0.0,0,415.34
btc,btc:m5:1775349000,"Bitcoin Up or Down - April 4, 8:30PM-8:35PM ET",m5,2026-04-05T00:35:00+00:00,13.14,428.95,-23.925,23.925,1,-37.065
btc,btc:m5:1775349300,"Bitcoin Up or Down - April 4, 8:35PM-8:40PM ET",m5,2026-04-05T00:40:00+00:00,-20.48,95.05,0.0,0.0,0,20.48
btc,btc:m15:1775349000,"Bitcoin Up or Down - April 4, 8:30PM-8:45PM ET",m15,2026-04-05T00:45:00+00:00,-188.16,3451.87,0.0,0.0,0,188.16
btc,btc:m5:1775349600,"Bitcoin Up or Down - April 4, 8:40PM-8:45PM ET",m5,2026-04-05T00:45:00+00:00,120.21,1096.02,0.0,0.0,0,-120.21
btc,btc:m5:1775349900,"Bitcoin Up or Down - April 4, 8:45PM-8:50PM ET",m5,2026-04-05T00:50:00+00:00,-178.47,575.71,0.0,0.0,0,178.47
btc,btc:m5:1775350200,"Bitcoin Up or Down - April 4, 8:50PM-8:55PM ET",m5,2026-04-05T00:55:00+00:00,55.56,366.6,-23.925,23.925,1,-79.485
btc,btc:m15:1775349900,"Bitcoin Up or Down - April 4, 8:45PM-9:00PM ET",m15,2026-04-05T01:00:00+00:00,86.74,2218.69,0.0,0.0,0,-86.74
btc,btc:m5:1775350500,"Bitcoin Up or Down - April 4, 8:55PM-9:00PM ET",m5,2026-04-05T01:00:00+00:00,115.61,561.67,-23.925,23.925,1,-139.535
btc,btc:h1:1775347200,"Bitcoin Up or Down - April 4, 8PM ET",h1,2026-04-05T01:00:00+00:00,20.6,2319.94,0.0,0.0,0,-20.6
btc,btc:m5:1775350800,"Bitcoin Up or Down - April 4, 9:00PM-9:05PM ET",m5,2026-04-05T01:05:00+00:00,-28.26,468.35,-23.925,23.925,1,4.335000000000001
btc,btc:m5:1775351100,"Bitcoin Up or Down - April 4, 9:05PM-9:10PM ET",m5,2026-04-05T01:10:00+00:00,-32.05,312.63,-23.925,23.925,1,8.124999999999996
btc,btc:m15:1775350800,"Bitcoin Up or Down - April 4, 9:00PM-9:15PM ET",m15,2026-04-05T01:15:00+00:00,-78.11,1848.89,0.0,0.0,0,78.11
btc,btc:m5:1775351400,"Bitcoin Up or Down - April 4, 9:10PM-9:15PM ET",m5,2026-04-05T01:15:00+00:00,266.52,334.06,23.925,23.925,1,-242.59499999999997
btc,btc:m5:1775351700,"Bitcoin Up or Down - April 4, 9:15PM-9:20PM ET",m5,2026-04-05T01:20:00+00:00,-55.61,254.99,-23.925,23.925,1,31.685
btc,btc:m5:1775352000,"Bitcoin Up or Down - April 4, 9:20PM-9:25PM ET",m5,2026-04-05T01:25:00+00:00,-12.92,270.1,-23.925,23.925,1,-11.005
btc,btc:m15:1775351700,"Bitcoin Up or Down - April 4, 9:15PM-9:30PM ET",m15,2026-04-05T01:30:00+00:00,73.24,847.21,0.0,0.0,0,-73.24
btc,btc:m5:1775352300,"Bitcoin Up or Down - April 4, 9:25PM-9:30PM ET",m5,2026-04-05T01:30:00+00:00,-180.24,670.46,-23.925,23.925,1,156.315
btc,btc:m5:1775352600,"Bitcoin Up or Down - April 4, 9:30PM-9:35PM ET",m5,2026-04-05T01:35:00+00:00,-43.77,1047.04,-23.925,23.925,1,19.845000000000002
btc,btc:m5:1775352900,"Bitcoin Up or Down - April 4, 9:35PM-9:40PM ET",m5,2026-04-05T01:40:00+00:00,-11.11,454.87,-23.925,23.925,1,-12.815000000000001
btc,btc:m15:1775352600,"Bitcoin Up or Down - April 4, 9:30PM-9:45PM ET",m15,2026-04-05T01:45:00+00:00,25.94,2116.38,7.466666666666669,11.2,1,-18.473333333333333
btc,btc:m5:1775353200,"Bitcoin Up or Down - April 4, 9:40PM-9:45PM ET",m5,2026-04-05T01:45:00+00:00,162.43,1422.94,15.29631147540984,23.925,1,-147.13368852459016
btc,btc:m5:1775353500,"Bitcoin Up or Down - April 4, 9:45PM-9:50PM ET",m5,2026-04-05T01:50:00+00:00,-17.06,304.37,0.0,0.0,0,17.06
btc,btc:m5:1775353800,"Bitcoin Up or Down - April 4, 9:50PM-9:55PM ET",m5,2026-04-05T01:55:00+00:00,-8.48,1050.62,0.0,0.0,0,8.48
btc,btc:m15:1775353500,"Bitcoin Up or Down - April 4, 9:45PM-10:00PM ET",m15,2026-04-05T02:00:00+00:00,-653.92,1625.55,0.0,0.0,0,653.92
btc,btc:m5:1775354100,"Bitcoin Up or Down - April 4, 9:55PM-10:00PM ET",m5,2026-04-05T02:00:00+00:00,265.83,1306.43,0.0,0.0,0,-265.83
btc,btc:h1:1775350800,"Bitcoin Up or Down - April 4, 9PM ET",h1,2026-04-05T02:00:00+00:00,250.12,1302.75,0.0,0.0,0,-250.12
btc,btc:m5:1775354400,"Bitcoin Up or Down - April 4, 10:00PM-10:05PM ET",m5,2026-04-05T02:05:00+00:00,116.22,1986.7,-23.925,23.925,1,-140.145
btc,btc:m5:1775354700,"Bitcoin Up or Down - April 4, 10:05PM-10:10PM ET",m5,2026-04-05T02:10:00+00:00,-0.11,723.86,-12.384850746268658,47.355000000000004,2,-12.274850746268658
btc,btc:m5:1775355000,"Bitcoin Up or Down - April 4, 10:10PM-10:15PM ET",m5,2026-04-05T02:15:00+00:00,22.71,456.99,-23.925,23.925,1,-46.635000000000005
btc,btc:m15:1775354400,"Bitcoin Up or Down - April 4, 10:00PM-10:15PM ET",m15,2026-04-05T02:15:00+00:00,136.22,2326.63,7.160655737704918,11.2,1,-129.05934426229507
btc,btc:m5:1775355300,"Bitcoin Up or Down - April 4, 10:15PM-10:20PM ET",m5,2026-04-05T02:20:00+00:00,-5.32,250.56,0.0,0.0,0,5.32
btc,btc:m5:1775355600,"Bitcoin Up or Down - April 4, 10:20PM-10:25PM ET",m5,2026-04-05T02:25:00+00:00,37.16,52.51,0.0,0.0,0,-37.16
btc,btc:m15:1775355300,"Bitcoin Up or Down - April 4, 10:15PM-10:30PM ET",m15,2026-04-05T02:30:00+00:00,-2.91,909.11,0.0,0.0,0,2.91
btc,btc:m5:1775355900,"Bitcoin Up or Down - April 4, 10:25PM-10:30PM ET",m5,2026-04-05T02:30:00+00:00,223.57,1031.24,10.748913043478264,23.925,1,-212.82108695652173
btc,btc:m5:1775356200,"Bitcoin Up or Down - April 4, 10:30PM-10:35PM ET",m5,2026-04-05T02:35:00+00:00,-26.76,375.7,0.0,0.0,0,26.76
btc,btc:m5:1775356500,"Bitcoin Up or Down - April 4, 10:35PM-10:40PM ET",m5,2026-04-05T02:40:00+00:00,65.1,562.55,0.0,0.0,0,-65.1
btc,btc:m15:1775356200,"Bitcoin Up or Down - April 4, 10:30PM-10:45PM ET",m15,2026-04-05T02:45:00+00:00,-8.57,1587.1,0.0,0.0,0,8.57
btc,btc:m5:1775356800,"Bitcoin Up or Down - April 4, 10:40PM-10:45PM ET",m5,2026-04-05T02:45:00+00:00,5.42,692.91,0.0,0.0,0,-5.42
btc,btc:m5:1775357100,"Bitcoin Up or Down - April 4, 10:45PM-10:50PM ET",m5,2026-04-05T02:50:00+00:00,248.8,1493.87,0.0,0.0,0,-248.8
btc,btc:m5:1775357400,"Bitcoin Up or Down - April 4, 10:50PM-10:55PM ET",m5,2026-04-05T02:55:00+00:00,14.61,160.21,0.0,0.0,0,-14.61
btc,btc:m5:1775357700,"Bitcoin Up or Down - April 4, 10:55PM-11:00PM ET",m5,2026-04-05T03:00:00+00:00,-14.15,853.75,0.0,0.0,0,14.15
btc,btc:h1:1775354400,"Bitcoin Up or Down - April 4, 10PM ET",h1,2026-04-05T03:00:00+00:00,-273.89,5539.72,0.0,0.0,0,273.89
btc,btc:m15:1775357100,"Bitcoin Up or Down - April 4, 10:45PM-11:00PM ET",m15,2026-04-05T03:00:00+00:00,8.41,599.4,0.0,0.0,0,-8.41
btc,btc:m5:1775358000,"Bitcoin Up or Down - April 4, 11:00PM-11:05PM ET",m5,2026-04-05T03:05:00+00:00,75.26,308.51,0.0,0.0,0,-75.26
btc,btc:m5:1775358300,"Bitcoin Up or Down - April 4, 11:05PM-11:10PM ET",m5,2026-04-05T03:10:00+00:00,-13.32,90.31,0.0,0.0,0,13.32
btc,btc:m5:1775358600,"Bitcoin Up or Down - April 4, 11:10PM-11:15PM ET",m5,2026-04-05T03:15:00+00:00,60.66,570.11,0.0,0.0,0,-60.66
btc,btc:m15:1775358000,"Bitcoin Up or Down - April 4, 11:00PM-11:15PM ET",m15,2026-04-05T03:15:00+00:00,111.33,1593.38,0.0,0.0,0,-111.33
btc,btc:m5:1775358900,"Bitcoin Up or Down - April 4, 11:15PM-11:20PM ET",m5,2026-04-05T03:20:00+00:00,3.75,236.68,-23.925,23.925,1,-27.675
btc,btc:m5:1775359200,"Bitcoin Up or Down - April 4, 11:20PM-11:25PM ET",m5,2026-04-05T03:25:00+00:00,101.76,626.26,0.0,0.0,0,-101.76
btc,btc:m5:1775359500,"Bitcoin Up or Down - April 4, 11:25PM-11:30PM ET",m5,2026-04-05T03:30:00+00:00,179.84,926.46,0.0,0.0,0,-179.84
btc,btc:m15:1775358900,"Bitcoin Up or Down - April 4, 11:15PM-11:30PM ET",m15,2026-04-05T03:30:00+00:00,14.44,1192.1,0.0,0.0,0,-14.44
btc,btc:m5:1775359800,"Bitcoin Up or Down - April 4, 11:30PM-11:35PM ET",m5,2026-04-05T03:35:00+00:00,18.16,294.07,-23.925,23.925,1,-42.085
btc,btc:m5:1775360100,"Bitcoin Up or Down - April 4, 11:35PM-11:40PM ET",m5,2026-04-05T03:40:00+00:00,115.54,688.4,0.0,0.0,0,-115.54
btc,btc:m5:1775360400,"Bitcoin Up or Down - April 4, 11:40PM-11:45PM ET",m5,2026-04-05T03:45:00+00:00,4.71,392.99,0.0,0.0,0,-4.71
btc,btc:m15:1775359800,"Bitcoin Up or Down - April 4, 11:30PM-11:45PM ET",m15,2026-04-05T03:45:00+00:00,-1.17,658.36,0.0,0.0,0,1.17
btc,btc:m5:1775360700,"Bitcoin Up or Down - April 4, 11:45PM-11:50PM ET",m5,2026-04-05T03:50:00+00:00,9.09,1147.38,0.0,0.0,0,-9.09
btc,btc:m5:1775361000,"Bitcoin Up or Down - April 4, 11:50PM-11:55PM ET",m5,2026-04-05T03:55:00+00:00,-27.33,832.89,0.0,0.0,0,27.33
btc,btc:h1:1775358000,"Bitcoin Up or Down - April 4, 11PM ET",h1,2026-04-05T04:00:00+00:00,102.78,2502.5,0.0,0.0,0,-102.78
btc,btc:m5:1775361600,"Bitcoin Up or Down - April 5, 12:00AM-12:05AM ET",m5,2026-04-05T04:05:00+00:00,-6.51,1090.4,-23.925,23.925,1,-17.415
btc,btc:m5:1775361900,"Bitcoin Up or Down - April 5, 12:05AM-12:10AM ET",m5,2026-04-05T04:10:00+00:00,25.18,491.33,0.0,0.0,0,-25.18
btc,btc:m15:1775361600,"Bitcoin Up or Down - April 5, 12:00AM-12:15AM ET",m15,2026-04-05T04:15:00+00:00,-16.68,1178.35,0.0,0.0,0,16.68
btc,btc:m5:1775362200,"Bitcoin Up or Down - April 5, 12:10AM-12:15AM ET",m5,2026-04-05T04:15:00+00:00,119.52,879.84,-23.925,23.925,1,-143.445
btc,btc:m5:1775362500,"Bitcoin Up or Down - April 5, 12:15AM-12:20AM ET",m5,2026-04-05T04:20:00+00:00,50.01,1267.71,0.0,0.0,0,-50.01
btc,btc:m5:1775362800,"Bitcoin Up or Down - April 5, 12:20AM-12:25AM ET",m5,2026-04-05T04:25:00+00:00,33.6,519.87,0.0,0.0,0,-33.6
btc,btc:m5:1775363100,"Bitcoin Up or Down - April 5, 12:25AM-12:30AM ET",m5,2026-04-05T04:30:00+00:00,41.53,132.75,0.0,0.0,0,-41.53
btc,btc:m15:1775362500,"Bitcoin Up or Down - April 5, 12:15AM-12:30AM ET",m15,2026-04-05T04:30:00+00:00,6.66,1050.37,0.0,0.0,0,-6.66
btc,btc:m5:1775363400,"Bitcoin Up or Down - April 5, 12:30AM-12:35AM ET",m5,2026-04-05T04:35:00+00:00,-21.61,375.51,-23.925,23.925,1,-2.3150000000000013
btc,btc:m5:1775363700,"Bitcoin Up or Down - April 5, 12:35AM-12:40AM ET",m5,2026-04-05T04:40:00+00:00,5.8,1187.07,0.0,0.0,0,-5.8
btc,btc:m5:1775364000,"Bitcoin Up or Down - April 5, 12:40AM-12:45AM ET",m5,2026-04-05T04:45:00+00:00,73.5,184.5,0.0,0.0,0,-73.5
btc,btc:m15:1775363400,"Bitcoin Up or Down - April 5, 12:30AM-12:45AM ET",m15,2026-04-05T04:45:00+00:00,24.42,372.07,0.0,0.0,0,-24.42
btc,btc:m5:1775364300,"Bitcoin Up or Down - April 5, 12:45AM-12:50AM ET",m5,2026-04-05T04:50:00+00:00,194.8,522.24,-23.925,23.925,1,-218.72500000000002
btc,btc:m5:1775364600,"Bitcoin Up or Down - April 5, 12:50AM-12:55AM ET",m5,2026-04-05T04:55:00+00:00,42.46,558.14,0.0,0.0,0,-42.46
btc,btc:h1:1775361600,"Bitcoin Up or Down - April 5, 12AM ET",h1,2026-04-05T05:00:00+00:00,-60.34,6358.08,0.0,0.0,0,60.34
btc,btc:m15:1775364300,"Bitcoin Up or Down - April 5, 12:45AM-1:00AM ET",m15,2026-04-05T05:00:00+00:00,85.22,1179.16,0.0,0.0,0,-85.22
btc,btc:m5:1775364900,"Bitcoin Up or Down - April 5, 12:55AM-1:00AM ET",m5,2026-04-05T05:00:00+00:00,127.25,1201.74,0.0,0.0,0,-127.25
btc,btc:m5:1775365200,"Bitcoin Up or Down - April 5, 1:00AM-1:05AM ET",m5,2026-04-05T05:05:00+00:00,-18.69,224.72,0.0,0.0,0,18.69
btc,btc:m5:1775365500,"Bitcoin Up or Down - April 5, 1:05AM-1:10AM ET",m5,2026-04-05T05:10:00+00:00,26.06,969.15,0.0,0.0,0,-26.06
btc,btc:m5:1775365800,"Bitcoin Up or Down - April 5, 1:10AM-1:15AM ET",m5,2026-04-05T05:15:00+00:00,232.02,1535.11,-23.925,23.925,1,-255.94500000000002
btc,btc:m15:1775365200,"Bitcoin Up or Down - April 5, 1:00AM-1:15AM ET",m15,2026-04-05T05:15:00+00:00,71.37,971.29,0.0,0.0,0,-71.37
btc,btc:m5:1775366100,"Bitcoin Up or Down - April 5, 1:15AM-1:20AM ET",m5,2026-04-05T05:20:00+00:00,168.27,765.41,0.0,0.0,0,-168.27
btc,btc:m5:1775366400,"Bitcoin Up or Down - April 5, 1:20AM-1:25AM ET",m5,2026-04-05T05:25:00+00:00,13.54,373.39,-23.925,23.925,1,-37.465
btc,btc:m15:1775366100,"Bitcoin Up or Down - April 5, 1:15AM-1:30AM ET",m15,2026-04-05T05:30:00+00:00,-17.18,1319.65,0.0,0.0,0,17.18
btc,btc:m5:1775366700,"Bitcoin Up or Down - April 5, 1:25AM-1:30AM ET",m5,2026-04-05T05:30:00+00:00,22.86,2076.22,0.0,0.0,0,-22.86
btc,btc:m5:1775367000,"Bitcoin Up or Down - April 5, 1:30AM-1:35AM ET",m5,2026-04-05T05:35:00+00:00,-23.95,548.1,0.0,0.0,0,23.95
btc,btc:m5:1775367300,"Bitcoin Up or Down - April 5, 1:35AM-1:40AM ET",m5,2026-04-05T05:40:00+00:00,-45.47,838.46,-23.925,23.925,1,21.544999999999998
btc,btc:m15:1775367000,"Bitcoin Up or Down - April 5, 1:30AM-1:45AM ET",m15,2026-04-05T05:45:00+00:00,-160.3,3188.41,0.0,0.0,0,160.3
btc,btc:m5:1775367600,"Bitcoin Up or Down - April 5, 1:40AM-1:45AM ET",m5,2026-04-05T05:45:00+00:00,7.14,809.9,0.0,0.0,0,-7.14
btc,btc:m5:1775367900,"Bitcoin Up or Down - April 5, 1:45AM-1:50AM ET",m5,2026-04-05T05:50:00+00:00,132.06,231.97,0.0,0.0,0,-132.06
btc,btc:m5:1775368200,"Bitcoin Up or Down - April 5, 1:50AM-1:55AM ET",m5,2026-04-05T05:55:00+00:00,-23.55,739.5,-23.925,23.925,1,-0.375
btc,btc:m5:1775368500,"Bitcoin Up or Down - April 5, 1:55AM-2:00AM ET",m5,2026-04-05T06:00:00+00:00,-30.45,587.4,-23.925,23.925,1,6.524999999999999
btc,btc:h1:1775365200,"Bitcoin Up or Down - April 5, 1AM ET",h1,2026-04-05T06:00:00+00:00,136.39,4480.4,0.0,0.0,0,-136.39
btc,btc:m15:1775367900,"Bitcoin Up or Down - April 5, 1:45AM-2:00AM ET",m15,2026-04-05T06:00:00+00:00,0.59,527.72,0.0,0.0,0,-0.59
btc,btc:m5:1775368800,"Bitcoin Up or Down - April 5, 2:00AM-2:05AM ET",m5,2026-04-05T06:05:00+00:00,15.39,1350.32,23.012647058823525,47.355000000000004,2,7.6226470588235244
btc,btc:m5:1775369100,"Bitcoin Up or Down - April 5, 2:05AM-2:10AM ET",m5,2026-04-05T06:10:00+00:00,57.96,269.43,-23.925,23.925,1,-81.885
btc,btc:m15:1775368800,"Bitcoin Up or Down - April 5, 2:00AM-2:15AM ET",m15,2026-04-05T06:15:00+00:00,32.93,479.56,0.0,0.0,0,-32.93
btc,btc:m5:1775369400,"Bitcoin Up or Down - April 5, 2:10AM-2:15AM ET",m5,2026-04-05T06:15:00+00:00,58.18,1061.8,-23.925,23.925,1,-82.105
btc,btc:m5:1775369700,"Bitcoin Up or Down - April 5, 2:15AM-2:20AM ET",m5,2026-04-05T06:20:00+00:00,-9.49,1556.98,5.811666666666664,47.355000000000004,2,15.301666666666664
btc,btc:m5:1775370000,"Bitcoin Up or Down - April 5, 2:20AM-2:25AM ET",m5,2026-04-05T06:25:00+00:00,18.88,104.94,0.0,0.0,0,-18.88
btc,btc:m15:1775369700,"Bitcoin Up or Down - April 5, 2:15AM-2:30AM ET",m15,2026-04-05T06:30:00+00:00,-8.69,2449.49,0.0,0.0,0,8.69
btc,btc:m5:1775370300,"Bitcoin Up or Down - April 5, 2:25AM-2:30AM ET",m5,2026-04-05T06:30:00+00:00,125.5,528.31,0.0,0.0,0,-125.5
btc,btc:m5:1775370600,"Bitcoin Up or Down - April 5, 2:30AM-2:35AM ET",m5,2026-04-05T06:35:00+00:00,-10.9,377.87,0.0,0.0,0,10.9
btc,btc:m5:1775370900,"Bitcoin Up or Down - April 5, 2:35AM-2:40AM ET",m5,2026-04-05T06:40:00+00:00,-122.24,884.61,-23.925,23.925,1,98.315
btc,btc:m15:1775370600,"Bitcoin Up or Down - April 5, 2:30AM-2:45AM ET",m15,2026-04-05T06:45:00+00:00,-3.82,545.81,0.0,0.0,0,3.82
btc,btc:m5:1775371200,"Bitcoin Up or Down - April 5, 2:40AM-2:45AM ET",m5,2026-04-05T06:45:00+00:00,-50.13,200.44,0.0,0.0,0,50.13
btc,btc:m5:1775371500,"Bitcoin Up or Down - April 5, 2:45AM-2:50AM ET",m5,2026-04-05T06:50:00+00:00,113.82,648.58,0.0,0.0,0,-113.82
btc,btc:m5:1775371800,"Bitcoin Up or Down - April 5, 2:50AM-2:55AM ET",m5,2026-04-05T06:55:00+00:00,-28.13,274.87,0.0,0.0,0,28.13
btc,btc:m5:1775372100,"Bitcoin Up or Down - April 5, 2:55AM-3:00AM ET",m5,2026-04-05T07:00:00+00:00,-11.51,442.73,0.0,0.0,0,11.51
btc,btc:h1:1775368800,"Bitcoin Up or Down - April 5, 2AM ET",h1,2026-04-05T07:00:00+00:00,599.13,2176.7,0.0,0.0,0,-599.13
btc,btc:m15:1775371500,"Bitcoin Up or Down - April 5, 2:45AM-3:00AM ET",m15,2026-04-05T07:00:00+00:00,-2.28,1431.34,0.0,0.0,0,2.28
btc,btc:m5:1775372400,"Bitcoin Up or Down - April 5, 3:00AM-3:05AM ET",m5,2026-04-05T07:05:00+00:00,-2.76,2.76,0.0,0.0,0,2.76
btc,btc:m5:1775372700,"Bitcoin Up or Down - April 5, 3:05AM-3:10AM ET",m5,2026-04-05T07:10:00+00:00,32.62,191.53,11.25882352941176,23.925,1,-21.361176470588237
btc,btc:m5:1775373000,"Bitcoin Up or Down - April 5, 3:10AM-3:15AM ET",m5,2026-04-05T07:15:00+00:00,-25.35,977.21,19.103333333333346,47.355000000000004,2,44.45333333333335
btc,btc:m15:1775372400,"Bitcoin Up or Down - April 5, 3:00AM-3:15AM ET",m15,2026-04-05T07:15:00+00:00,27.28,680.39,0.0,0.0,0,-27.28
btc,btc:m5:1775373300,"Bitcoin Up or Down - April 5, 3:15AM-3:20AM ET",m5,2026-04-05T07:20:00+00:00,75.56,280.36,-23.925,23.925,1,-99.485
btc,btc:m5:1775373600,"Bitcoin Up or Down - April 5, 3:20AM-3:25AM ET",m5,2026-04-05T07:25:00+00:00,39.15,242.96,0.0,0.0,0,-39.15
btc,btc:m5:1775373900,"Bitcoin Up or Down - April 5, 3:25AM-3:30AM ET",m5,2026-04-05T07:30:00+00:00,30.89,458.72,0.0,0.0,0,-30.89
btc,btc:m15:1775373300,"Bitcoin Up or Down - April 5, 3:15AM-3:30AM ET",m15,2026-04-05T07:30:00+00:00,62.44,413.48,0.0,0.0,0,-62.44
btc,btc:m5:1775374200,"Bitcoin Up or Down - April 5, 3:30AM-3:35AM ET",m5,2026-04-05T07:35:00+00:00,24.57,202.61,-23.925,23.925,1,-48.495000000000005
btc,btc:m5:1775374500,"Bitcoin Up or Down - April 5, 3:35AM-3:40AM ET",m5,2026-04-05T07:40:00+00:00,25.55,252.4,-23.925,23.925,1,-49.475
btc,btc:m15:1775374200,"Bitcoin Up or Down - April 5, 3:30AM-3:45AM ET",m15,2026-04-05T07:45:00+00:00,-21.51,660.93,0.0,0.0,0,21.51
btc,btc:m5:1775374800,"Bitcoin Up or Down - April 5, 3:40AM-3:45AM ET",m5,2026-04-05T07:45:00+00:00,17.39,167.12,0.0,0.0,0,-17.39
btc,btc:m5:1775375100,"Bitcoin Up or Down - April 5, 3:45AM-3:50AM ET",m5,2026-04-05T07:50:00+00:00,21.0,421.82,0.0,0.0,0,-21.0
btc,btc:m5:1775375400,"Bitcoin Up or Down - April 5, 3:50AM-3:55AM ET",m5,2026-04-05T07:55:00+00:00,-60.58,258.4,0.0,0.0,0,60.58
btc,btc:m5:1775375700,"Bitcoin Up or Down - April 5, 3:55AM-4:00AM ET",m5,2026-04-05T08:00:00+00:00,64.42,528.86,0.0,0.0,0,-64.42
btc,btc:m15:1775375100,"Bitcoin Up or Down - April 5, 3:45AM-4:00AM ET",m15,2026-04-05T08:00:00+00:00,-16.8,2437.24,0.0,0.0,0,16.8
btc,btc:h1:1775372400,"Bitcoin Up or Down - April 5, 3AM ET",h1,2026-04-05T08:00:00+00:00,428.14,8306.82,-1.3195312500000007,14.075,1,-429.45953125
btc,btc:m5:1775376000,"Bitcoin Up or Down - April 5, 4:00AM-4:05AM ET",m5,2026-04-05T08:05:00+00:00,-24.16,24.16,0.0,0.0,0,24.16
btc,btc:m5:1775376300,"Bitcoin Up or Down - April 5, 4:05AM-4:10AM ET",m5,2026-04-05T08:10:00+00:00,53.52,293.98,0.0,0.0,0,-53.52
btc,btc:m5:1775376600,"Bitcoin Up or Down - April 5, 4:10AM-4:15AM ET",m5,2026-04-05T08:15:00+00:00,76.74,531.41,-23.925,23.925,1,-100.66499999999999
btc,btc:m15:1775376000,"Bitcoin Up or Down - April 5, 4:00AM-4:15AM ET",m15,2026-04-05T08:15:00+00:00,-8.29,1328.66,6.338888888888889,16.299999999999997,1,14.628888888888888
btc,btc:m5:1775376900,"Bitcoin Up or Down - April 5, 4:15AM-4:20AM ET",m5,2026-04-05T08:20:00+00:00,11.4,215.89,0.0,0.0,0,-11.4
btc,btc:m5:1775377200,"Bitcoin Up or Down - April 5, 4:20AM-4:25AM ET",m5,2026-04-05T08:25:00+00:00,133.22,1269.17,0.0,0.0,0,-133.22
btc,btc:m15:1775376900,"Bitcoin Up or Down - April 5, 4:15AM-4:30AM ET",m15,2026-04-05T08:30:00+00:00,158.75,2740.42,0.0,0.0,0,-158.75
btc,btc:m5:1775377500,"Bitcoin Up or Down - April 5, 4:25AM-4:30AM ET",m5,2026-04-05T08:30:00+00:00,73.24,1021.7,-23.925,23.925,1,-97.16499999999999
btc,btc:m5:1775377800,"Bitcoin Up or Down - April 5, 4:30AM-4:35AM ET",m5,2026-04-05T08:35:00+00:00,-215.09,1213.56,0.0,0.0,0,215.09
btc,btc:m5:1775378100,"Bitcoin Up or Down - April 5, 4:35AM-4:40AM ET",m5,2026-04-05T08:40:00+00:00,-15.3,1307.71,0.0,0.0,0,15.3
btc,btc:m15:1775377800,"Bitcoin Up or Down - April 5, 4:30AM-4:45AM ET",m15,2026-04-05T08:45:00+00:00,-89.37,2829.09,0.0,0.0,0,89.37
btc,btc:m5:1775378400,"Bitcoin Up or Down - April 5, 4:40AM-4:45AM ET",m5,2026-04-05T08:45:00+00:00,-34.58,392.66,-23.925,23.925,1,10.654999999999998
btc,btc:m5:1775378700,"Bitcoin Up or Down - April 5, 4:45AM-4:50AM ET",m5,2026-04-05T08:50:00+00:00,8.91,49.38,0.0,0.0,0,-8.91
btc,btc:m5:1775379000,"Bitcoin Up or Down - April 5, 4:50AM-4:55AM ET",m5,2026-04-05T08:55:00+00:00,76.67,792.02,0.0,0.0,0,-76.67
btc,btc:m15:1775378700,"Bitcoin Up or Down - April 5, 4:45AM-5:00AM ET",m15,2026-04-05T09:00:00+00:00,21.2,1442.01,0.0,0.0,0,-21.2
btc,btc:h1:1775376000,"Bitcoin Up or Down - April 5, 4AM ET",h1,2026-04-05T09:00:00+00:00,76.72,3329.49,0.0,0.0,0,-76.72
btc,btc:m5:1775379300,"Bitcoin Up or Down - April 5, 4:55AM-5:00AM ET",m5,2026-04-05T09:00:00+00:00,-0.89,261.28,0.0,0.0,0,0.89
btc,btc:m5:1775379600,"Bitcoin Up or Down - April 5, 5:00AM-5:05AM ET",m5,2026-04-05T09:05:00+00:00,26.73,673.75,0.0,0.0,0,-26.73
btc,btc:m5:1775379900,"Bitcoin Up or Down - April 5, 5:05AM-5:10AM ET",m5,2026-04-05T09:10:00+00:00,268.75,878.57,7.133372093023258,47.355000000000004,2,-261.61662790697676
btc,btc:m15:1775379600,"Bitcoin Up or Down - April 5, 5:00AM-5:15AM ET",m15,2026-04-05T09:15:00+00:00,26.32,3531.12,9.16363636363636,11.2,1,-17.15636363636364
btc,btc:m5:1775380200,"Bitcoin Up or Down - April 5, 5:10AM-5:15AM ET",m5,2026-04-05T09:15:00+00:00,-42.68,808.08,0.0,0.0,0,42.68
btc,btc:m5:1775380500,"Bitcoin Up or Down - April 5, 5:15AM-5:20AM ET",m5,2026-04-05T09:20:00+00:00,-5.33,885.2,0.0,0.0,0,5.33
btc,btc:m5:1775380800,"Bitcoin Up or Down - April 5, 5:20AM-5:25AM ET",m5,2026-04-05T09:25:00+00:00,-9.9,188.77,0.0,0.0,0,9.9
btc,btc:m15:1775380500,"Bitcoin Up or Down - April 5, 5:15AM-5:30AM ET",m15,2026-04-05T09:30:00+00:00,-21.19,799.62,0.0,0.0,0,21.19
btc,btc:m5:1775381100,"Bitcoin Up or Down - April 5, 5:25AM-5:30AM ET",m5,2026-04-05T09:30:00+00:00,-215.6,2153.02,0.0,0.0,0,215.6
btc,btc:m5:1775381400,"Bitcoin Up or Down - April 5, 5:30AM-5:35AM ET",m5,2026-04-05T09:35:00+00:00,-46.73,46.73,-23.925,23.925,1,22.804999999999996
btc,btc:m5:1775381700,"Bitcoin Up or Down - April 5, 5:35AM-5:40AM ET",m5,2026-04-05T09:40:00+00:00,-39.75,521.51,-23.925,23.925,1,15.825
btc,btc:m15:1775381400,"Bitcoin Up or Down - April 5, 5:30AM-5:45AM ET",m15,2026-04-05T09:45:00+00:00,280.63,1691.44,0.0,0.0,0,-280.63
btc,btc:m5:1775382000,"Bitcoin Up or Down - April 5, 5:40AM-5:45AM ET",m5,2026-04-05T09:45:00+00:00,40.96,390.76,0.0,0.0,0,-40.96
btc,btc:m5:1775382300,"Bitcoin Up or Down - April 5, 5:45AM-5:50AM ET",m5,2026-04-05T09:50:00+00:00,129.92,1129.03,0.0,0.0,0,-129.92
btc,btc:m5:1775382600,"Bitcoin Up or Down - April 5, 5:50AM-5:55AM ET",m5,2026-04-05T09:55:00+00:00,-82.79,1543.19,0.0,0.0,0,82.79
btc,btc:h1:1775379600,"Bitcoin Up or Down - April 5, 5AM ET",h1,2026-04-05T10:00:00+00:00,232.61,2814.55,0.0,0.0,0,-232.61
btc,btc:m15:1775382300,"Bitcoin Up or Down - April 5, 5:45AM-6:00AM ET",m15,2026-04-05T10:00:00+00:00,19.01,2572.31,0.0,0.0,0,-19.01
btc,btc:m5:1775382900,"Bitcoin Up or Down - April 5, 5:55AM-6:00AM ET",m5,2026-04-05T10:00:00+00:00,-144.02,1887.14,0.0,0.0,0,144.02
btc,btc:m5:1775383200,"Bitcoin Up or Down - April 5, 6:00AM-6:05AM ET",m5,2026-04-05T10:05:00+00:00,-190.23,1321.19,48.575,23.925,1,238.805
btc,btc:m5:1775383500,"Bitcoin Up or Down - April 5, 6:05AM-6:10AM ET",m5,2026-04-05T10:10:00+00:00,-182.38,1013.97,0.0,0.0,0,182.38
btc,btc:m15:1775383200,"Bitcoin Up or Down - April 5, 6:00AM-6:15AM ET",m15,2026-04-05T10:15:00+00:00,-24.34,1393.31,0.0,0.0,0,24.34
btc,btc:m5:1775383800,"Bitcoin Up or Down - April 5, 6:10AM-6:15AM ET",m5,2026-04-05T10:15:00+00:00,-52.34,923.82,-23.925,23.925,1,28.415000000000003
btc,btc:m5:1775384100,"Bitcoin Up or Down - April 5, 6:15AM-6:20AM ET",m5,2026-04-05T10:20:00+00:00,-139.87,549.2,0.0,0.0,0,139.87
btc,btc:m5:1775384400,"Bitcoin Up or Down - April 5, 6:20AM-6:25AM ET",m5,2026-04-05T10:25:00+00:00,18.86,980.02,0.0,0.0,0,-18.86
btc,btc:m5:1775384700,"Bitcoin Up or Down - April 5, 6:25AM-6:30AM ET",m5,2026-04-05T10:30:00+00:00,68.6,1057.2,0.0,0.0,0,-68.6
btc,btc:m15:1775384100,"Bitcoin Up or Down - April 5, 6:15AM-6:30AM ET",m15,2026-04-05T10:30:00+00:00,122.53,1409.68,0.0,0.0,0,-122.53
btc,btc:m5:1775385000,"Bitcoin Up or Down - April 5, 6:30AM-6:35AM ET",m5,2026-04-05T10:35:00+00:00,-122.27,1155.5,0.0,0.0,0,122.27
btc,btc:m5:1775385300,"Bitcoin Up or Down - April 5, 6:35AM-6:40AM ET",m5,2026-04-05T10:40:00+00:00,6.64,316.77,0.0,0.0,0,-6.64
btc,btc:m5:1775385600,"Bitcoin Up or Down - April 5, 6:40AM-6:45AM ET",m5,2026-04-05T10:45:00+00:00,99.41,283.13,-12.384850746268658,47.355000000000004,2,-111.79485074626865
btc,btc:m15:1775385000,"Bitcoin Up or Down - April 5, 6:30AM-6:45AM ET",m15,2026-04-05T10:45:00+00:00,-44.78,1041.42,0.0,0.0,0,44.78
btc,btc:m5:1775385900,"Bitcoin Up or Down - April 5, 6:45AM-6:50AM ET",m5,2026-04-05T10:50:00+00:00,-37.73,51.01,-23.925,23.925,1,13.804999999999996
btc,btc:m5:1775386200,"Bitcoin Up or Down - April 5, 6:50AM-6:55AM ET",m5,2026-04-05T10:55:00+00:00,-116.47,1014.38,5.811666666666664,47.355000000000004,2,122.28166666666667
btc,btc:h1:1775383200,"Bitcoin Up or Down - April 5, 6AM ET",h1,2026-04-05T11:00:00+00:00,746.26,6786.09,0.0,0.0,0,-746.26
btc,btc:m5:1775386500,"Bitcoin Up or Down - April 5, 6:55AM-7:00AM ET",m5,2026-04-05T11:00:00+00:00,-120.13,1492.02,0.0,0.0,0,120.13
btc,btc:m15:1775385900,"Bitcoin Up or Down - April 5, 6:45AM-7:00AM ET",m15,2026-04-05T11:00:00+00:00,-12.96,415.63,0.0,0.0,0,12.96
btc,btc:m5:1775386800,"Bitcoin Up or Down - April 5, 7:00AM-7:05AM ET",m5,2026-04-05T11:05:00+00:00,-46.09,862.83,0.0,0.0,0,46.09
btc,btc:m5:1775387100,"Bitcoin Up or Down - April 5, 7:05AM-7:10AM ET",m5,2026-04-05T11:10:00+00:00,-120.69,913.23,0.0,0.0,0,120.69
btc,btc:m5:1775387400,"Bitcoin Up or Down - April 5, 7:10AM-7:15AM ET",m5,2026-04-05T11:15:00+00:00,28.04,1089.63,0.0,0.0,0,-28.04
btc,btc:m15:1775386800,"Bitcoin Up or Down - April 5, 7:00AM-7:15AM ET",m15,2026-04-05T11:15:00+00:00,-338.3,2201.2,0.0,0.0,0,338.3
btc,btc:m5:1775387700,"Bitcoin Up or Down - April 5, 7:15AM-7:20AM ET",m5,2026-04-05T11:20:00+00:00,259.8,1132.06,37.42115384615384,23.925,1,-222.37884615384615
btc,btc:m5:1775388000,"Bitcoin Up or Down - April 5, 7:20AM-7:25AM ET",m5,2026-04-05T11:25:00+00:00,157.05,422.91,0.0,0.0,0,-157.05
btc,btc:m5:1775388300,"Bitcoin Up or Down - April 5, 7:25AM-7:30AM ET",m5,2026-04-05T11:30:00+00:00,65.34,500.73,-23.925,23.925,1,-89.265
btc,btc:m15:1775387700,"Bitcoin Up or Down - April 5, 7:15AM-7:30AM ET",m15,2026-04-05T11:30:00+00:00,63.42,1330.13,0.0,0.0,0,-63.42
btc,btc:m5:1775388600,"Bitcoin Up or Down - April 5, 7:30AM-7:35AM ET",m5,2026-04-05T11:35:00+00:00,-153.29,2164.47,-7.48,47.355000000000004,2,145.81
btc,btc:m5:1775388900,"Bitcoin Up or Down - April 5, 7:35AM-7:40AM ET",m5,2026-04-05T11:40:00+00:00,86.95,554.91,-23.925,23.925,1,-110.875
btc,btc:m5:1775389200,"Bitcoin Up or Down - April 5, 7:40AM-7:45AM ET",m5,2026-04-05T11:45:00+00:00,-29.52,2329.75,0.0,0.0,0,29.52
btc,btc:m15:1775388600,"Bitcoin Up or Down - April 5, 7:30AM-7:45AM ET",m15,2026-04-05T11:45:00+00:00,-42.31,923.67,4.574647887323945,11.2,1,46.88464788732395
btc,btc:m5:1775389500,"Bitcoin Up or Down - April 5, 7:45AM-7:50AM ET",m5,2026-04-05T11:50:00+00:00,-52.58,1012.63,0.0,0.0,0,52.58
btc,btc:m5:1775389800,"Bitcoin Up or Down - April 5, 7:50AM-7:55AM ET",m5,2026-04-05T11:55:00+00:00,-136.94,641.99,0.0,0.0,0,136.94
btc,btc:m5:1775390100,"Bitcoin Up or Down - April 5, 7:55AM-8:00AM ET",m5,2026-04-05T12:00:00+00:00,-3.99,1427.82,0.0,0.0,0,3.99
btc,btc:m15:1775389500,"Bitcoin Up or Down - April 5, 7:45AM-8:00AM ET",m15,2026-04-05T12:00:00+00:00,-82.2,2373.45,0.0,0.0,0,82.2
btc,btc:m5:1775390400,"Bitcoin Up or Down - April 5, 8:00AM-8:05AM ET",m5,2026-04-05T12:05:00+00:00,-36.19,396.45,-23.925,23.925,1,12.264999999999997
btc,btc:m5:1775390700,"Bitcoin Up or Down - April 5, 8:05AM-8:10AM ET",m5,2026-04-05T12:10:00+00:00,169.89,795.69,12.325,23.925,1,-157.565
btc,btc:m15:1775390400,"Bitcoin Up or Down - April 5, 8:00AM-8:15AM ET",m15,2026-04-05T12:15:00+00:00,-0.56,707.32,0.0,0.0,0,0.56
btc,btc:m5:1775391000,"Bitcoin Up or Down - April 5, 8:10AM-8:15AM ET",m5,2026-04-05T12:15:00+00:00,-11.11,300.96,-23.925,23.925,1,-12.815000000000001
btc,btc:m5:1775391300,"Bitcoin Up or Down - April 5, 8:15AM-8:20AM ET",m5,2026-04-05T12:20:00+00:00,-34.26,424.63,0.0,0.0,0,34.26
btc,btc:m5:1775391600,"Bitcoin Up or Down - April 5, 8:20AM-8:25AM ET",m5,2026-04-05T12:25:00+00:00,-16.08,842.4,0.0,0.0,0,16.08
btc,btc:m15:1775391300,"Bitcoin Up or Down - April 5, 8:15AM-8:30AM ET",m15,2026-04-05T12:30:00+00:00,32.65,2415.88,0.0,0.0,0,-32.65
btc,btc:m5:1775391900,"Bitcoin Up or Down - April 5, 8:25AM-8:30AM ET",m5,2026-04-05T12:30:00+00:00,-59.33,1129.32,-23.925,23.925,1,35.405
btc,btc:m5:1775392200,"Bitcoin Up or Down - April 5, 8:30AM-8:35AM ET",m5,2026-04-05T12:35:00+00:00,40.13,654.78,-23.925,23.925,1,-64.055
btc,btc:m5:1775392500,"Bitcoin Up or Down - April 5, 8:35AM-8:40AM ET",m5,2026-04-05T12:40:00+00:00,-122.47,2437.05,-12.899117647058826,47.355000000000004,2,109.57088235294117
btc,btc:m15:1775392200,"Bitcoin Up or Down - April 5, 8:30AM-8:45AM ET",m15,2026-04-05T12:45:00+00:00,39.74,1722.96,0.0,0.0,0,-39.74
btc,btc:m5:1775392800,"Bitcoin Up or Down - April 5, 8:40AM-8:45AM ET",m5,2026-04-05T12:45:00+00:00,291.63,1423.05,-4.631785714285716,47.355000000000004,2,-296.26178571428574
btc,btc:m5:1775393100,"Bitcoin Up or Down - April 5, 8:45AM-8:50AM ET",m5,2026-04-05T12:50:00+00:00,18.78,364.28,-12.384850746268658,47.355000000000004,2,-31.16485074626866
btc,btc:m5:1775393400,"Bitcoin Up or Down - April 5, 8:50AM-8:55AM ET",m5,2026-04-05T12:55:00+00:00,-19.03,185.4,0.0,0.0,0,19.03
btc,btc:m15:1775393100,"Bitcoin Up or Down - April 5, 8:45AM-9:00AM ET",m15,2026-04-05T13:00:00+00:00,7.68,2011.11,-4.214285714285712,27.499999999999996,2,-11.894285714285711
btc,btc:m5:1775393700,"Bitcoin Up or Down - April 5, 8:55AM-9:00AM ET",m5,2026-04-05T13:00:00+00:00,-31.52,1017.65,0.0,0.0,0,31.52
btc,btc:m5:1775394000,"Bitcoin Up or Down - April 5, 9:00AM-9:05AM ET",m5,2026-04-05T13:05:00+00:00,-47.3,47.3,0.0,0.0,0,47.3
btc,btc:m5:1775394300,"Bitcoin Up or Down - April 5, 9:05AM-9:10AM ET",m5,2026-04-05T13:10:00+00:00,-5.81,81.1,0.0,0.0,0,5.81
btc,btc:m15:1775394000,"Bitcoin Up or Down - April 5, 9:00AM-9:15AM ET",m15,2026-04-05T13:15:00+00:00,129.82,2177.56,0.0,0.0,0,-129.82
btc,btc:m5:1775394600,"Bitcoin Up or Down - April 5, 9:10AM-9:15AM ET",m5,2026-04-05T13:15:00+00:00,26.43,295.42,-23.925,23.925,1,-50.355000000000004
btc,btc:m5:1775394900,"Bitcoin Up or Down - April 5, 9:15AM-9:20AM ET",m5,2026-04-05T13:20:00+00:00,6.94,453.92,10.998658536585374,47.355000000000004,2,4.058658536585374
btc,btc:m5:1775395200,"Bitcoin Up or Down - April 5, 9:20AM-9:25AM ET",m5,2026-04-05T13:25:00+00:00,-22.35,82.51,0.0,0.0,0,22.35
btc,btc:m5:1775395500,"Bitcoin Up or Down - April 5, 9:25AM-9:30AM ET",m5,2026-04-05T13:30:00+00:00,-40.52,85.98,-23.925,23.925,1,16.595000000000002
btc,btc:m15:1775394900,"Bitcoin Up or Down - April 5, 9:15AM-9:30AM ET",m15,2026-04-05T13:30:00+00:00,170.81,2530.74,-16.299999999999997,16.299999999999997,1,-187.11
btc,btc:m5:1775395800,"Bitcoin Up or Down - April 5, 9:30AM-9:35AM ET",m5,2026-04-05T13:35:00+00:00,20.33,221.32,0.0,0.0,0,-20.33
btc,btc:m5:1775396100,"Bitcoin Up or Down - April 5, 9:35AM-9:40AM ET",m5,2026-04-05T13:40:00+00:00,101.17,587.04,19.103333333333346,47.355000000000004,2,-82.06666666666666
btc,btc:m15:1775395800,"Bitcoin Up or Down - April 5, 9:30AM-9:45AM ET",m15,2026-04-05T13:45:00+00:00,9.36,725.31,0.0,0.0,0,-9.36
btc,btc:m5:1775396400,"Bitcoin Up or Down - April 5, 9:40AM-9:45AM ET",m5,2026-04-05T13:45:00+00:00,-58.67,219.12,-23.925,23.925,1,34.745000000000005
btc,btc:m5:1775396700,"Bitcoin Up or Down - April 5, 9:45AM-9:50AM ET",m5,2026-04-05T13:50:00+00:00,-10.41,21.12,0.0,0.0,0,10.41
btc,btc:m5:1775397000,"Bitcoin Up or Down - April 5, 9:50AM-9:55AM ET",m5,2026-04-05T13:55:00+00:00,4.21,327.46,0.0,0.0,0,-4.21
btc,btc:m15:1775396700,"Bitcoin Up or Down - April 5, 9:45AM-10:00AM ET",m15,2026-04-05T14:00:00+00:00,13.46,916.84,0.0,0.0,0,-13.46
btc,btc:m5:1775397300,"Bitcoin Up or Down - April 5, 9:55AM-10:00AM ET",m5,2026-04-05T14:00:00+00:00,-10.06,357.75,0.0,0.0,0,10.06
btc,btc:m5:1775397600,"Bitcoin Up or Down - April 5, 10:00AM-10:05AM ET",m5,2026-04-05T14:05:00+00:00,33.45,247.31,90.00357142857143,23.925,1,56.55357142857143
btc,btc:m5:1775397900,"Bitcoin Up or Down - April 5, 10:05AM-10:10AM ET",m5,2026-04-05T14:10:00+00:00,13.23,178.71,-23.925,23.925,1,-37.155
btc,btc:m5:1775398200,"Bitcoin Up or Down - April 5, 10:10AM-10:15AM ET",m5,2026-04-05T14:15:00+00:00,32.03,39.44,-23.925,23.925,1,-55.955
btc,btc:m15:1775397600,"Bitcoin Up or Down - April 5, 10:00AM-10:15AM ET",m15,2026-04-05T14:15:00+00:00,209.77,1211.95,-16.299999999999997,16.299999999999997,1,-226.07
btc,btc:m5:1775398500,"Bitcoin Up or Down - April 5, 10:15AM-10:20AM ET",m5,2026-04-05T14:20:00+00:00,-12.49,220.38,-23.925,23.925,1,-11.435
btc,btc:m5:1775398800,"Bitcoin Up or Down - April 5, 10:20AM-10:25AM ET",m5,2026-04-05T14:25:00+00:00,53.68,110.08,80.09673913043478,23.925,1,26.416739130434784
btc,btc:m5:1775399100,"Bitcoin Up or Down - April 5, 10:25AM-10:30AM ET",m5,2026-04-05T14:30:00+00:00,-35.43,35.43,0.0,0.0,0,35.43
btc,btc:m15:1775398500,"Bitcoin Up or Down - April 5, 10:15AM-10:30AM ET",m15,2026-04-05T14:30:00+00:00,-15.73,847.87,0.0,0.0,0,15.73
btc,btc:m5:1775399400,"Bitcoin Up or Down - April 5, 10:30AM-10:35AM ET",m5,2026-04-05T14:35:00+00:00,-53.07,1207.88,53.25241935483872,23.925,1,106.32241935483873
btc,btc:m5:1775399700,"Bitcoin Up or Down - April 5, 10:35AM-10:40AM ET",m5,2026-04-05T14:40:00+00:00,32.54,223.12,0.0,0.0,0,-32.54
btc,btc:m5:1775400000,"Bitcoin Up or Down - April 5, 10:40AM-10:45AM ET",m5,2026-04-05T14:45:00+00:00,-138.0,737.83,0.0,0.0,0,138.0
btc,btc:m15:1775399400,"Bitcoin Up or Down - April 5, 10:30AM-10:45AM ET",m15,2026-04-05T14:45:00+00:00,9.32,657.07,0.0,0.0,0,-9.32
btc,btc:m5:1775400300,"Bitcoin Up or Down - April 5, 10:45AM-10:50AM ET",m5,2026-04-05T14:50:00+00:00,189.71,271.64,-11.308846153846158,47.355000000000004,2,-201.01884615384617
btc,btc:m5:1775400600,"Bitcoin Up or Down - April 5, 10:50AM-10:55AM ET",m5,2026-04-05T14:55:00+00:00,-209.74,669.65,0.0,0.0,0,209.74
btc,btc:m15:1775400300,"Bitcoin Up or Down - April 5, 10:45AM-11:00AM ET",m15,2026-04-05T15:00:00+00:00,-72.31,719.92,0.0,0.0,0,72.31
btc,btc:m5:1775400900,"Bitcoin Up or Down - April 5, 10:55AM-11:00AM ET",m5,2026-04-05T15:00:00+00:00,37.92,326.89,-23.925,23.925,1,-61.845
btc,btc:m5:1775401200,"Bitcoin Up or Down - April 5, 11:00AM-11:05AM ET",m5,2026-04-05T15:05:00+00:00,-83.39,2195.06,-23.925,23.925,1,59.465
btc,btc:m5:1775401500,"Bitcoin Up or Down - April 5, 11:05AM-11:10AM ET",m5,2026-04-05T15:10:00+00:00,132.02,1645.2,29.241666666666664,23.925,1,-102.77833333333335
btc,btc:m5:1775401800,"Bitcoin Up or Down - April 5, 11:10AM-11:15AM ET",m5,2026-04-05T15:15:00+00:00,137.05,640.06,0.0,0.0,0,-137.05
btc,btc:m15:1775401200,"Bitcoin Up or Down - April 5, 11:00AM-11:15AM ET",m15,2026-04-05T15:15:00+00:00,17.32,1489.72,8.776923076923076,16.299999999999997,1,-8.543076923076924
btc,btc:m5:1775402100,"Bitcoin Up or Down - April 5, 11:15AM-11:20AM ET",m5,2026-04-05T15:20:00+00:00,-10.54,37.5,0.0,0.0,0,10.54
btc,btc:m5:1775402400,"Bitcoin Up or Down - April 5, 11:20AM-11:25AM ET",m5,2026-04-05T15:25:00+00:00,-234.23,2057.18,16.62584745762712,23.925,1,250.8558474576271
btc,btc:m5:1775402700,"Bitcoin Up or Down - April 5, 11:25AM-11:30AM ET",m5,2026-04-05T15:30:00+00:00,112.08,459.74,0.0,0.0,0,-112.08
btc,btc:m15:1775402100,"Bitcoin Up or Down - April 5, 11:15AM-11:30AM ET",m15,2026-04-05T15:30:00+00:00,31.27,804.62,0.0,0.0,0,-31.27
btc,btc:m5:1775403000,"Bitcoin Up or Down - April 5, 11:30AM-11:35AM ET",m5,2026-04-05T15:35:00+00:00,-272.91,678.2,-12.384850746268658,47.355000000000004,2,260.52514925373134
btc,btc:m15:1775403000,"Bitcoin Up or Down - April 5, 11:30AM-11:45AM ET",m15,2026-04-05T15:45:00+00:00,-30.36,569.53,-9.722222222222221,27.499999999999996,2,20.637777777777778
btc,btc:m5:1775403900,"Bitcoin Up or Down - April 5, 11:45AM-11:50AM ET",m5,2026-04-05T15:50:00+00:00,-3.23,3.23,-23.925,23.925,1,-20.695
btc,btc:m5:1775404200,"Bitcoin Up or Down - April 5, 11:50AM-11:55AM ET",m5,2026-04-05T15:55:00+00:00,638.0,758.21,-23.925,23.925,1,-661.925
btc,btc:m15:1775403900,"Bitcoin Up or Down - April 5, 11:45AM-12:00PM ET",m15,2026-04-05T16:00:00+00:00,-32.76,553.24,4.574647887323945,11.2,1,37.33464788732394
btc,btc:m5:1775404500,"Bitcoin Up or Down - April 5, 11:55AM-12:00PM ET",m5,2026-04-05T16:00:00+00:00,-19.87,377.54,-10.16452380952381,47.355000000000004,2,9.70547619047619
btc,btc:m5:1775404800,"Bitcoin Up or Down - April 5, 12:00PM-12:05PM ET",m5,2026-04-05T16:05:00+00:00,-9.93,9.93,0.0,0.0,0,9.93
btc,btc:m5:1775405100,"Bitcoin Up or Down - April 5, 12:05PM-12:10PM ET",m5,2026-04-05T16:10:00+00:00,-25.34,254.9,-23.925,23.925,1,1.4149999999999991
btc,btc:m5:1775405400,"Bitcoin Up or Down - April 5, 12:10PM-12:15PM ET",m5,2026-04-05T16:15:00+00:00,-105.27,1326.07,-11.308846153846158,47.355000000000004,2,93.96115384615383
btc,btc:m15:1775404800,"Bitcoin Up or Down - April 5, 12:00PM-12:15PM ET",m15,2026-04-05T16:15:00+00:00,-90.67,3468.25,-16.299999999999997,16.299999999999997,1,74.37
btc,btc:m5:1775405700,"Bitcoin Up or Down - April 5, 12:15PM-12:20PM ET",m5,2026-04-05T16:20:00+00:00,-5.41,12.9,11.783955223880593,23.925,1,17.193955223880593
btc,btc:m5:1775406000,"Bitcoin Up or Down - April 5, 12:20PM-12:25PM ET",m5,2026-04-05T16:25:00+00:00,-9.86,730.8,12.882692307692306,23.925,1,22.742692307692305
btc,btc:m5:1775406300,"Bitcoin Up or Down - April 5, 12:25PM-12:30PM ET",m5,2026-04-05T16:30:00+00:00,36.35,658.79,-12.384850746268658,47.355000000000004,2,-48.73485074626866
btc,btc:m15:1775405700,"Bitcoin Up or Down - April 5, 12:15PM-12:30PM ET",m15,2026-04-05T16:30:00+00:00,-24.13,1076.81,6.9857142857142875,16.299999999999997,1,31.115714285714287
btc,btc:m5:1775406600,"Bitcoin Up or Down - April 5, 12:30PM-12:35PM ET",m5,2026-04-05T16:35:00+00:00,30.7,126.93,0.0,0.0,0,-30.7
btc,btc:m5:1775406900,"Bitcoin Up or Down - April 5, 12:35PM-12:40PM ET",m5,2026-04-05T16:40:00+00:00,74.85,359.64,-23.925,23.925,1,-98.77499999999999
btc,btc:m15:1775406600,"Bitcoin Up or Down - April 5, 12:30PM-12:45PM ET",m15,2026-04-05T16:45:00+00:00,506.35,2167.89,8.028358208955222,16.299999999999997,1,-498.3216417910448
btc,btc:m5:1775407200,"Bitcoin Up or Down - April 5, 12:40PM-12:45PM ET",m5,2026-04-05T16:45:00+00:00,251.61,1161.95,80.09673913043478,23.925,1,-171.51326086956522
btc,btc:m5:1775407500,"Bitcoin Up or Down - April 5, 12:45PM-12:50PM ET",m5,2026-04-05T16:50:00+00:00,9.18,51.21,-23.925,23.925,1,-33.105000000000004
btc,btc:m5:1775407800,"Bitcoin Up or Down - April 5, 12:50PM-12:55PM ET",m5,2026-04-05T16:55:00+00:00,152.83,978.8,-11.855,47.355000000000004,2,-164.685
btc,btc:m5:1775408100,"Bitcoin Up or Down - April 5, 12:55PM-1:00PM ET",m5,2026-04-05T17:00:00+00:00,-46.53,556.87,0.0,0.0,0,46.53
btc,btc:m15:1775407500,"Bitcoin Up or Down - April 5, 12:45PM-1:00PM ET",m15,2026-04-05T17:00:00+00:00,-9.34,402.0,0.0,0.0,0,9.34
btc,btc:m5:1775408400,"Bitcoin Up or Down - April 5, 1:00PM-1:05PM ET",m5,2026-04-05T17:05:00+00:00,93.28,692.1,-9.9721875,47.355000000000004,2,-103.2521875
btc,btc:m5:1775408700,"Bitcoin Up or Down - April 5, 1:05PM-1:10PM ET",m5,2026-04-05T17:10:00+00:00,37.46,139.24,0.0,0.0,0,-37.46
btc,btc:m15:1775408400,"Bitcoin Up or Down - April 5, 1:00PM-1:15PM ET",m15,2026-04-05T17:15:00+00:00,91.63,1599.04,8.028358208955222,16.299999999999997,1,-83.60164179104477
btc,btc:m5:1775409000,"Bitcoin Up or Down - April 5, 1:10PM-1:15PM ET",m5,2026-04-05T17:15:00+00:00,38.97,1208.84,21.002142857142864,47.355000000000004,2,-17.967857142857135
btc,btc:m5:1775409300,"Bitcoin Up or Down - April 5, 1:15PM-1:20PM ET",m5,2026-04-05T17:20:00+00:00,25.93,42.59,-23.925,23.925,1,-49.855000000000004
btc,btc:m5:1775409600,"Bitcoin Up or Down - April 5, 1:20PM-1:25PM ET",m5,2026-04-05T17:25:00+00:00,226.65,1480.55,34.428658536585374,23.925,1,-192.22134146341463
btc,btc:m15:1775409300,"Bitcoin Up or Down - April 5, 1:15PM-1:30PM ET",m15,2026-04-05T17:30:00+00:00,49.04,1406.51,7.323188405797101,16.299999999999997,1,-41.716811594202895
btc,btc:m5:1775409900,"Bitcoin Up or Down - April 5, 1:25PM-1:30PM ET",m5,2026-04-05T17:30:00+00:00,-5.62,57.16,0.0,0.0,0,5.62
btc,btc:m5:1775410200,"Bitcoin Up or Down - April 5, 1:30PM-1:35PM ET",m5,2026-04-05T17:35:00+00:00,26.92,245.26,-12.384850746268658,47.355000000000004,2,-39.304850746268656
btc,btc:m5:1775410500,"Bitcoin Up or Down - April 5, 1:35PM-1:40PM ET",m5,2026-04-05T17:40:00+00:00,-2.18,247.56,0.0,0.0,0,2.18
btc,btc:m15:1775410200,"Bitcoin Up or Down - April 5, 1:30PM-1:45PM ET",m15,2026-04-05T17:45:00+00:00,-29.97,889.3,-11.2,11.2,1,18.77
btc,btc:m5:1775410800,"Bitcoin Up or Down - April 5, 1:40PM-1:45PM ET",m5,2026-04-05T17:45:00+00:00,61.97,587.57,-23.925,23.925,1,-85.895
btc,btc:m5:1775411100,"Bitcoin Up or Down - April 5, 1:45PM-1:50PM ET",m5,2026-04-05T17:50:00+00:00,56.38,401.54,-8.94516393442623,47.355000000000004,2,-65.32516393442623
btc,btc:m5:1775411400,"Bitcoin Up or Down - April 5, 1:50PM-1:55PM ET",m5,2026-04-05T17:55:00+00:00,194.66,951.52,21.002142857142864,47.355000000000004,2,-173.65785714285713
btc,btc:m15:1775411100,"Bitcoin Up or Down - April 5, 1:45PM-2:00PM ET",m15,2026-04-05T18:00:00+00:00,115.18,1996.72,-11.2,11.2,1,-126.38000000000001
btc,btc:m5:1775411700,"Bitcoin Up or Down - April 5, 1:55PM-2:00PM ET",m5,2026-04-05T18:00:00+00:00,-256.19,986.51,0.0,0.0,0,256.19
btc,btc:m5:1775412000,"Bitcoin Up or Down - April 5, 2:00PM-2:05PM ET",m5,2026-04-05T18:05:00+00:00,88.27,440.87,-11.308846153846158,47.355000000000004,2,-99.57884615384616
btc,btc:m5:1775412300,"Bitcoin Up or Down - April 5, 2:05PM-2:10PM ET",m5,2026-04-05T18:10:00+00:00,30.6,455.95,-23.925,23.925,1,-54.525000000000006
btc,btc:m15:1775412000,"Bitcoin Up or Down - April 5, 2:00PM-2:15PM ET",m15,2026-04-05T18:15:00+00:00,0.48,778.4,5.270588235294117,11.2,1,4.790588235294116
btc,btc:m5:1775412600,"Bitcoin Up or Down - April 5, 2:10PM-2:15PM ET",m5,2026-04-05T18:15:00+00:00,66.07,890.89,-23.925,23.925,1,-89.99499999999999
btc,btc:m5:1775412900,"Bitcoin Up or Down - April 5, 2:15PM-2:20PM ET",m5,2026-04-05T18:20:00+00:00,58.66,361.31,-23.925,23.925,1,-82.585
btc,btc:m5:1775413200,"Bitcoin Up or Down - April 5, 2:20PM-2:25PM ET",m5,2026-04-05T18:25:00+00:00,198.24,697.41,0.0,0.0,0,-198.24
btc,btc:m5:1775413500,"Bitcoin Up or Down - April 5, 2:25PM-2:30PM ET",m5,2026-04-05T18:30:00+00:00,-8.57,287.29,0.0,0.0,0,8.57
btc,btc:m15:1775412900,"Bitcoin Up or Down - April 5, 2:15PM-2:30PM ET",m15,2026-04-05T18:30:00+00:00,-53.8,197.45,0.0,0.0,0,53.8
btc,btc:m5:1775413800,"Bitcoin Up or Down - April 5, 2:30PM-2:35PM ET",m5,2026-04-05T18:35:00+00:00,-2.51,71.27,0.0,0.0,0,2.51
btc,btc:m5:1775414100,"Bitcoin Up or Down - April 5, 2:35PM-2:40PM ET",m5,2026-04-05T18:40:00+00:00,289.62,606.3,275.1375,23.925,1,-14.482500000000016
btc,btc:m5:1775414400,"Bitcoin Up or Down - April 5, 2:40PM-2:45PM ET",m5,2026-04-05T18:45:00+00:00,-139.67,1248.71,-23.925,23.925,1,115.74499999999999
btc,btc:m15:1775413800,"Bitcoin Up or Down - April 5, 2:30PM-2:45PM ET",m15,2026-04-05T18:45:00+00:00,-14.35,978.91,0.0,0.0,0,14.35
btc,btc:m5:1775414700,"Bitcoin Up or Down - April 5, 2:45PM-2:50PM ET",m5,2026-04-05T18:50:00+00:00,-86.56,1756.06,-23.925,23.925,1,62.635000000000005
btc,btc:m5:1775415000,"Bitcoin Up or Down - April 5, 2:50PM-2:55PM ET",m5,2026-04-05T18:55:00+00:00,-58.4,371.31,-23.925,23.925,1,34.474999999999994
btc,btc:m15:1775414700,"Bitcoin Up or Down - April 5, 2:45PM-3:00PM ET",m15,2026-04-05T19:00:00+00:00,-1.07,869.58,0.0,0.0,0,1.07
btc,btc:m5:1775415300,"Bitcoin Up or Down - April 5, 2:55PM-3:00PM ET",m5,2026-04-05T19:00:00+00:00,21.22,277.55,0.0,0.0,0,-21.22
btc,btc:m5:1775415600,"Bitcoin Up or Down - April 5, 3:00PM-3:05PM ET",m5,2026-04-05T19:05:00+00:00,-9.49,9.49,0.0,0.0,0,9.49
btc,btc:m5:1775415900,"Bitcoin Up or Down - April 5, 3:05PM-3:10PM ET",m5,2026-04-05T19:10:00+00:00,222.26,803.05,37.42115384615384,23.925,1,-184.83884615384613
btc,btc:m15:1775415600,"Bitcoin Up or Down - April 5, 3:00PM-3:15PM ET",m15,2026-04-05T19:15:00+00:00,63.1,1901.03,0.0,0.0,0,-63.1
btc,btc:m5:1775416200,"Bitcoin Up or Down - April 5, 3:10PM-3:15PM ET",m5,2026-04-05T19:15:00+00:00,197.07,615.13,12.325,23.925,1,-184.745
btc,btc:m5:1775416500,"Bitcoin Up or Down - April 5, 3:15PM-3:20PM ET",m5,2026-04-05T19:20:00+00:00,351.49,1054.19,25.91875,23.925,1,-325.57125
btc,btc:m5:1775416800,"Bitcoin Up or Down - April 5, 3:20PM-3:25PM ET",m5,2026-04-05T19:25:00+00:00,-239.7,2827.83,25.145000000000003,47.355000000000004,2,264.84499999999997
btc,btc:m5:1775417100,"Bitcoin Up or Down - April 5, 3:25PM-3:30PM ET",m5,2026-04-05T19:30:00+00:00,54.17,430.7,-23.925,23.925,1,-78.095
btc,btc:m15:1775416500,"Bitcoin Up or Down - April 5, 3:15PM-3:30PM ET",m15,2026-04-05T19:30:00+00:00,21.25,675.97,6.9857142857142875,16.299999999999997,1,-14.264285714285712
btc,btc:m5:1775417400,"Bitcoin Up or Down - April 5, 3:30PM-3:35PM ET",m5,2026-04-05T19:35:00+00:00,32.17,334.55,-23.925,23.925,1,-56.095
btc,btc:m5:1775417700,"Bitcoin Up or Down - April 5, 3:35PM-3:40PM ET",m5,2026-04-05T19:40:00+00:00,0.19,194.77,-23.925,23.925,1,-24.115000000000002
btc,btc:m5:1775418000,"Bitcoin Up or Down - April 5, 3:40PM-3:45PM ET",m5,2026-04-05T19:45:00+00:00,-0.22,691.54,-23.925,23.925,1,-23.705000000000002
btc,btc:m15:1775417400,"Bitcoin Up or Down - April 5, 3:30PM-3:45PM ET",m15,2026-04-05T19:45:00+00:00,117.37,1383.75,6.300000000000001,11.2,1,-111.07000000000001
btc,btc:m5:1775418300,"Bitcoin Up or Down - April 5, 3:45PM-3:50PM ET",m5,2026-04-05T19:50:00+00:00,-164.69,1430.53,-23.925,23.925,1,140.765
btc,btc:m5:1775418600,"Bitcoin Up or Down - April 5, 3:50PM-3:55PM ET",m5,2026-04-05T19:55:00+00:00,117.41,668.67,12.882692307692306,23.925,1,-104.52730769230769
btc,btc:m5:1775418900,"Bitcoin Up or Down - April 5, 3:55PM-4:00PM ET",m5,2026-04-05T20:00:00+00:00,137.18,1327.97,0.0,0.0,0,-137.18
btc,btc:m15:1775418300,"Bitcoin Up or Down - April 5, 3:45PM-4:00PM ET",m15,2026-04-05T20:00:00+00:00,-18.55,1472.2,-11.2,11.2,1,7.350000000000001
btc,btc:m5:1775419200,"Bitcoin Up or Down - April 5, 4:00PM-4:05PM ET",m5,2026-04-05T20:05:00+00:00,0.01,827.35,0.0,0.0,0,-0.01
btc,btc:m5:1775419500,"Bitcoin Up or Down - April 5, 4:05PM-4:10PM ET",m5,2026-04-05T20:10:00+00:00,-82.01,614.29,0.0,0.0,0,82.01
btc,btc:m5:1775419800,"Bitcoin Up or Down - April 5, 4:10PM-4:15PM ET",m5,2026-04-05T20:15:00+00:00,76.32,281.61,0.0,0.0,0,-76.32
btc,btc:m15:1775419200,"Bitcoin Up or Down - April 5, 4:00PM-4:15PM ET",m15,2026-04-05T20:15:00+00:00,-26.88,1518.41,7.323188405797101,16.299999999999997,1,34.2031884057971
btc,btc:m5:1775420100,"Bitcoin Up or Down - April 5, 4:15PM-4:20PM ET",m5,2026-04-05T20:20:00+00:00,128.26,268.72,0.0,0.0,0,-128.26
btc,btc:m5:1775420400,"Bitcoin Up or Down - April 5, 4:20PM-4:25PM ET",m5,2026-04-05T20:25:00+00:00,38.4,89.25,0.0,0.0,0,-38.4
btc,btc:m15:1775420100,"Bitcoin Up or Down - April 5, 4:15PM-4:30PM ET",m15,2026-04-05T20:30:00+00:00,122.78,897.03,0.0,0.0,0,-122.78
btc,btc:m5:1775420700,"Bitcoin Up or Down - April 5, 4:25PM-4:30PM ET",m5,2026-04-05T20:30:00+00:00,-29.15,1826.57,14.051190476190474,23.925,1,43.201190476190476
btc,btc:m5:1775421000,"Bitcoin Up or Down - April 5, 4:30PM-4:35PM ET",m5,2026-04-05T20:35:00+00:00,-46.52,1106.72,0.0,0.0,0,46.52
btc,btc:m5:1775421300,"Bitcoin Up or Down - April 5, 4:35PM-4:40PM ET",m5,2026-04-05T20:40:00+00:00,-8.24,370.97,0.0,0.0,0,8.24
btc,btc:m15:1775421000,"Bitcoin Up or Down - April 5, 4:30PM-4:45PM ET",m15,2026-04-05T20:45:00+00:00,233.71,1126.51,15.660784313725486,16.299999999999997,1,-218.04921568627452
btc,btc:m5:1775421600,"Bitcoin Up or Down - April 5, 4:40PM-4:45PM ET",m5,2026-04-05T20:45:00+00:00,-8.22,32.7,-23.925,23.925,1,-15.705
btc,btc:m5:1775421900,"Bitcoin Up or Down - April 5, 4:45PM-4:50PM ET",m5,2026-04-05T20:50:00+00:00,76.46,183.26,0.0,0.0,0,-76.46
btc,btc:m5:1775548500,"Bitcoin Up or Down - April 7, 3:55AM-4:00AM ET",m5,2026-04-07T08:00:00+00:00,66.42,908.28,-23.925,23.925,1,-90.345
btc,btc:m15:1775547900,"Bitcoin Up or Down - April 7, 3:45AM-4:00AM ET",m15,2026-04-07T08:00:00+00:00,2.42,781.34,0.0,0.0,0,-2.42
btc,btc:h1:1775545200,"Bitcoin Up or Down - April 7, 3AM ET",h1,2026-04-07T08:00:00+00:00,-385.28,9746.73,-2.5104761904761936,26.945,2,382.7695238095238
btc,btc:m5:1775549100,"Bitcoin Up or Down - April 7, 4:05AM-4:10AM ET",m5,2026-04-07T08:10:00+00:00,86.0,1518.34,-13.398478260869563,47.355000000000004,2,-99.39847826086957
btc,btc:m15:1775548800,"Bitcoin Up or Down - April 7, 4:00AM-4:15AM ET",m15,2026-04-07T08:15:00+00:00,-58.35,1830.63,6.338888888888889,16.299999999999997,1,64.6888888888889
btc,btc:m5:1775549400,"Bitcoin Up or Down - April 7, 4:10AM-4:15AM ET",m5,2026-04-07T08:15:00+00:00,9.07,219.72,0.0,0.0,0,-9.07
btc,btc:m5:1775549700,"Bitcoin Up or Down - April 7, 4:15AM-4:20AM ET",m5,2026-04-07T08:20:00+00:00,139.86,572.71,21.002142857142864,47.355000000000004,2,-118.85785714285714
btc,btc:m5:1775550000,"Bitcoin Up or Down - April 7, 4:20AM-4:25AM ET",m5,2026-04-07T08:25:00+00:00,14.57,551.36,13.4578125,23.925,1,-1.112187500000001
btc,btc:m5:1775550300,"Bitcoin Up or Down - April 7, 4:25AM-4:30AM ET",m5,2026-04-07T08:30:00+00:00,-78.55,414.49,-23.925,23.925,1,54.625
btc,btc:m15:1775549700,"Bitcoin Up or Down - April 7, 4:15AM-4:30AM ET",m15,2026-04-07T08:30:00+00:00,8.3,1404.14,-3.1716417910447774,27.499999999999996,2,-11.471641791044778
btc,btc:m5:1775550600,"Bitcoin Up or Down - April 7, 4:30AM-4:35AM ET",m5,2026-04-07T08:35:00+00:00,12.04,179.3,0.0,0.0,0,-12.04
btc,btc:m5:1775550900,"Bitcoin Up or Down - April 7, 4:35AM-4:40AM ET",m5,2026-04-07T08:40:00+00:00,65.2,521.93,14.663709677419359,23.925,1,-50.53629032258064
btc,btc:m5:1775551200,"Bitcoin Up or Down - April 7, 4:40AM-4:45AM ET",m5,2026-04-07T08:45:00+00:00,24.71,607.59,64.68611111111112,23.925,1,39.976111111111116
btc,btc:m15:1775550600,"Bitcoin Up or Down - April 7, 4:30AM-4:45AM ET",m15,2026-04-07T08:45:00+00:00,9.63,289.19,0.0,0.0,0,-9.63
btc,btc:m5:1775551500,"Bitcoin Up or Down - April 7, 4:45AM-4:50AM ET",m5,2026-04-07T08:50:00+00:00,257.52,1630.89,-11.308846153846158,47.355000000000004,2,-268.82884615384614
btc,btc:m5:1775551800,"Bitcoin Up or Down - April 7, 4:50AM-4:55AM ET",m5,2026-04-07T08:55:00+00:00,50.36,495.41,0.0,0.0,0,-50.36
btc,btc:m15:1775551500,"Bitcoin Up or Down - April 7, 4:45AM-5:00AM ET",m15,2026-04-07T09:00:00+00:00,191.17,1709.08,11.327118644067795,16.299999999999997,1,-179.8428813559322
btc,btc:h1:1775548800,"Bitcoin Up or Down - April 7, 4AM ET",h1,2026-04-07T09:00:00+00:00,-123.11,2074.17,-1.1525373134328376,12.870000000000001,1,121.95746268656717
btc,btc:m5:1775552100,"Bitcoin Up or Down - April 7, 4:55AM-5:00AM ET",m5,2026-04-07T09:00:00+00:00,96.11,575.29,-23.925,23.925,1,-120.035
btc,btc:m5:1775552400,"Bitcoin Up or Down - April 7, 5:00AM-5:05AM ET",m5,2026-04-07T09:05:00+00:00,19.77,758.68,15.29631147540984,23.925,1,-4.473688524590159
btc,btc:m5:1775552700,"Bitcoin Up or Down - April 7, 5:05AM-5:10AM ET",m5,2026-04-07T09:10:00+00:00,-68.13,1954.16,13.991153846153843,47.355000000000004,2,82.12115384615385
btc,btc:m15:1775552400,"Bitcoin Up or Down - April 7, 5:00AM-5:15AM ET",m15,2026-04-07T09:15:00+00:00,86.19,1381.93,9.99032258064516,16.299999999999997,1,-76.19967741935484
btc,btc:m5:1775553000,"Bitcoin Up or Down - April 7, 5:10AM-5:15AM ET",m5,2026-04-07T09:15:00+00:00,-27.78,168.13,-10.16452380952381,47.355000000000004,2,17.61547619047619
btc,btc:m5:1775553300,"Bitcoin Up or Down - April 7, 5:15AM-5:20AM ET",m5,2026-04-07T09:20:00+00:00,214.56,1124.32,-23.925,23.925,1,-238.485
btc,btc:m5:1775553600,"Bitcoin Up or Down - April 7, 5:20AM-5:25AM ET",m5,2026-04-07T09:25:00+00:00,-37.78,161.38,-23.925,23.925,1,13.855
btc,btc:m15:1775553300,"Bitcoin Up or Down - April 7, 5:15AM-5:30AM ET",m15,2026-04-07T09:30:00+00:00,-15.51,1777.54,0.0,0.0,0,15.51
btc,btc:m5:1775553900,"Bitcoin Up or Down - April 7, 5:25AM-5:30AM ET",m5,2026-04-07T09:30:00+00:00,-73.76,1543.78,-12.681086956521735,47.355000000000004,2,61.078913043478266
btc,btc:m5:1775554200,"Bitcoin Up or Down - April 7, 5:30AM-5:35AM ET",m5,2026-04-07T09:35:00+00:00,42.21,318.87,0.0,0.0,0,-42.21
btc,btc:m5:1775554500,"Bitcoin Up or Down - April 7, 5:35AM-5:40AM ET",m5,2026-04-07T09:40:00+00:00,-32.5,1211.72,-12.384850746268658,47.355000000000004,2,20.115149253731342
btc,btc:m15:1775554200,"Bitcoin Up or Down - April 7, 5:30AM-5:45AM ET",m15,2026-04-07T09:45:00+00:00,40.61,553.19,0.0,0.0,0,-40.61
btc,btc:m5:1775554800,"Bitcoin Up or Down - April 7, 5:40AM-5:45AM ET",m5,2026-04-07T09:45:00+00:00,57.94,765.48,0.0,0.0,0,-57.94
btc,btc:m5:1775555100,"Bitcoin Up or Down - April 7, 5:45AM-5:50AM ET",m5,2026-04-07T09:50:00+00:00,52.59,929.09,-23.925,23.925,1,-76.515
btc,btc:m5:1775555400,"Bitcoin Up or Down - April 7, 5:50AM-5:55AM ET",m5,2026-04-07T09:55:00+00:00,-9.63,269.98,-23.925,23.925,1,-14.295
btc,btc:m15:1775555100,"Bitcoin Up or Down - April 7, 5:45AM-6:00AM ET",m15,2026-04-07T10:00:00+00:00,-68.96,438.88,0.0,0.0,0,68.96
btc,btc:m5:1775555700,"Bitcoin Up or Down - April 7, 5:55AM-6:00AM ET",m5,2026-04-07T10:00:00+00:00,-27.16,1127.86,-23.925,23.925,1,3.2349999999999994
btc,btc:h1:1775552400,"Bitcoin Up or Down - April 7, 5AM ET",h1,2026-04-07T10:00:00+00:00,534.93,2651.91,0.0,0.0,0,-534.93
btc,btc:m5:1775556000,"Bitcoin Up or Down - April 7, 6:00AM-6:05AM ET",m5,2026-04-07T10:05:00+00:00,-35.25,418.59,-23.925,23.925,1,11.325
btc,btc:m5:1775556300,"Bitcoin Up or Down - April 7, 6:05AM-6:10AM ET",m5,2026-04-07T10:10:00+00:00,16.77,1201.83,-11.855,47.355000000000004,2,-28.625
btc,btc:m5:1775556600,"Bitcoin Up or Down - April 7, 6:10AM-6:15AM ET",m5,2026-04-07T10:15:00+00:00,151.06,5770.51,-8.304999999999996,47.355000000000004,2,-159.365
btc,btc:m15:1775556000,"Bitcoin Up or Down - April 7, 6:00AM-6:15AM ET",m15,2026-04-07T10:15:00+00:00,-39.02,778.82,0.0,0.0,0,39.02
btc,btc:m5:1775556900,"Bitcoin Up or Down - April 7, 6:15AM-6:20AM ET",m5,2026-04-07T10:20:00+00:00,21.44,2034.04,10.748913043478264,23.925,1,-10.691086956521737
btc,btc:m5:1775557200,"Bitcoin Up or Down - April 7, 6:20AM-6:25AM ET",m5,2026-04-07T10:25:00+00:00,112.59,719.9,0.0,0.0,0,-112.59
btc,btc:m5:1775557500,"Bitcoin Up or Down - April 7, 6:25AM-6:30AM ET",m5,2026-04-07T10:30:00+00:00,29.6,574.21,-23.925,23.925,1,-53.525000000000006
btc,btc:m15:1775556900,"Bitcoin Up or Down - April 7, 6:15AM-6:30AM ET",m15,2026-04-07T10:30:00+00:00,-110.46,1912.99,5.51641791044776,11.2,1,115.97641791044775
btc,btc:m5:1775557800,"Bitcoin Up or Down - April 7, 6:30AM-6:35AM ET",m5,2026-04-07T10:35:00+00:00,16.83,720.82,-6.804152542372879,47.355000000000004,2,-23.634152542372878
btc,btc:m5:1775558100,"Bitcoin Up or Down - April 7, 6:35AM-6:40AM ET",m5,2026-04-07T10:40:00+00:00,67.76,593.68,-6.249736842105261,47.355000000000004,2,-74.00973684210527
btc,btc:m5:1775558400,"Bitcoin Up or Down - April 7, 6:40AM-6:45AM ET",m5,2026-04-07T10:45:00+00:00,56.89,2222.03,-6.9584482758620645,47.355000000000004,2,-63.84844827586207
btc,btc:m15:1775557800,"Bitcoin Up or Down - April 7, 6:30AM-6:45AM ET",m15,2026-04-07T10:45:00+00:00,48.36,1066.03,9.932075471698113,11.2,1,-38.42792452830189
btc,btc:m5:1775558700,"Bitcoin Up or Down - April 7, 6:45AM-6:50AM ET",m5,2026-04-07T10:50:00+00:00,74.74,1817.48,-11.308846153846158,47.355000000000004,2,-86.04884615384616
btc,btc:m5:1775559000,"Bitcoin Up or Down - April 7, 6:50AM-6:55AM ET",m5,2026-04-07T10:55:00+00:00,69.57,908.32,-12.899117647058826,47.355000000000004,2,-82.46911764705882
btc,btc:h1:1775556000,"Bitcoin Up or Down - April 7, 6AM ET",h1,2026-04-07T11:00:00+00:00,-154.22,3735.3,0.0,0.0,0,154.22
btc,btc:m15:1775558700,"Bitcoin Up or Down - April 7, 6:45AM-7:00AM ET",m15,2026-04-07T11:00:00+00:00,87.5,622.05,6.864516129032257,11.2,1,-80.63548387096775
btc,btc:m5:1775559300,"Bitcoin Up or Down - April 7, 6:55AM-7:00AM ET",m5,2026-04-07T11:00:00+00:00,135.29,4000.5,-12.899117647058826,47.355000000000004,2,-148.18911764705882
btc,btc:m5:1775559600,"Bitcoin Up or Down - April 7, 7:00AM-7:05AM ET",m5,2026-04-07T11:05:00+00:00,8.23,184.99,-23.925,23.925,1,-32.155
btc,btc:m5:1775559900,"Bitcoin Up or Down - April 7, 7:05AM-7:10AM ET",m5,2026-04-07T11:10:00+00:00,14.04,610.04,0.0,0.0,0,-14.04
btc,btc:m15:1775559600,"Bitcoin Up or Down - April 7, 7:00AM-7:15AM ET",m15,2026-04-07T11:15:00+00:00,-27.87,1294.58,8.396969696969695,16.299999999999997,1,36.266969696969696
btc,btc:m5:1775560200,"Bitcoin Up or Down - April 7, 7:10AM-7:15AM ET",m5,2026-04-07T11:15:00+00:00,341.84,1224.35,3.549255319148937,47.355000000000004,2,-338.29074468085105
btc,btc:m5:1775560500,"Bitcoin Up or Down - April 7, 7:15AM-7:20AM ET",m5,2026-04-07T11:20:00+00:00,-24.13,862.02,-23.925,23.925,1,0.2049999999999983
btc,btc:m5:1775560800,"Bitcoin Up or Down - April 7, 7:20AM-7:25AM ET",m5,2026-04-07T11:25:00+00:00,-25.71,631.43,-8.304999999999996,47.355000000000004,2,17.405000000000005
btc,btc:m15:1775560500,"Bitcoin Up or Down - April 7, 7:15AM-7:30AM ET",m15,2026-04-07T11:30:00+00:00,-54.8,973.0,-4.54225352112676,27.499999999999996,2,50.25774647887324
btc,btc:m5:1775561100,"Bitcoin Up or Down - April 7, 7:25AM-7:30AM ET",m5,2026-04-07T11:30:00+00:00,-3.09,29.44,0.0,0.0,0,3.09
btc,btc:m5:1775561400,"Bitcoin Up or Down - April 7, 7:30AM-7:35AM ET",m5,2026-04-07T11:35:00+00:00,60.79,247.03,-23.925,23.925,1,-84.715
btc,btc:m5:1775561700,"Bitcoin Up or Down - April 7, 7:35AM-7:40AM ET",m5,2026-04-07T11:40:00+00:00,30.6,770.26,12.882692307692306,23.925,1,-17.717307692307696
btc,btc:m5:1775562000,"Bitcoin Up or Down - April 7, 7:40AM-7:45AM ET",m5,2026-04-07T11:45:00+00:00,38.29,217.86,-6.9584482758620645,47.355000000000004,2,-45.24844827586206
btc,btc:m15:1775561400,"Bitcoin Up or Down - April 7, 7:30AM-7:45AM ET",m15,2026-04-07T11:45:00+00:00,-39.37,1538.08,9.573015873015873,16.299999999999997,1,48.94301587301587
btc,btc:m5:1775562300,"Bitcoin Up or Down - April 7, 7:45AM-7:50AM ET",m5,2026-04-07T11:50:00+00:00,-52.55,211.61,19.103333333333346,47.355000000000004,2,71.65333333333334
btc,btc:m5:1775562600,"Bitcoin Up or Down - April 7, 7:50AM-7:55AM ET",m5,2026-04-07T11:55:00+00:00,-33.54,33.54,-23.925,23.925,1,9.614999999999998
btc,btc:h1:1775559600,"Bitcoin Up or Down - April 7, 7AM ET",h1,2026-04-07T12:00:00+00:00,849.13,6178.99,-1.1700000000000017,12.870000000000001,1,-850.3
btc,btc:m5:1775562900,"Bitcoin Up or Down - April 7, 7:55AM-8:00AM ET",m5,2026-04-07T12:00:00+00:00,25.14,1408.76,12.882692307692306,23.925,1,-12.257307692307695
btc,btc:m15:1775562300,"Bitcoin Up or Down - April 7, 7:45AM-8:00AM ET",m15,2026-04-07T12:00:00+00:00,-56.99,683.96,0.0,0.0,0,56.99
btc,btc:m5:1775563200,"Bitcoin Up or Down - April 7, 8:00AM-8:05AM ET",m5,2026-04-07T12:05:00+00:00,43.34,419.15,11.25882352941176,23.925,1,-32.08117647058825
btc,btc:m5:1775563500,"Bitcoin Up or Down - April 7, 8:05AM-8:10AM ET",m5,2026-04-07T12:10:00+00:00,38.4,643.21,39.42277777777777,47.355000000000004,2,1.022777777777769
btc,btc:m15:1775563200,"Bitcoin Up or Down - April 7, 8:00AM-8:15AM ET",m15,2026-04-07T12:15:00+00:00,13.94,2089.57,-9.722222222222221,27.499999999999996,2,-23.66222222222222
btc,btc:m5:1775563800,"Bitcoin Up or Down - April 7, 8:10AM-8:15AM ET",m5,2026-04-07T12:15:00+00:00,34.98,187.25,15.29631147540984,23.925,1,-19.683688524590156
btc,btc:m5:1775564100,"Bitcoin Up or Down - April 7, 8:15AM-8:20AM ET",m5,2026-04-07T12:20:00+00:00,13.98,343.9,56.666739130434784,47.355000000000004,2,42.68673913043479
btc,btc:m5:1775564400,"Bitcoin Up or Down - April 7, 8:20AM-8:25AM ET",m5,2026-04-07T12:25:00+00:00,10.25,417.21,31.714534883720933,23.925,1,21.464534883720933
btc,btc:m15:1775564100,"Bitcoin Up or Down - April 7, 8:15AM-8:30AM ET",m15,2026-04-07T12:30:00+00:00,-0.89,540.81,11.80344827586207,16.299999999999997,1,12.693448275862071
btc,btc:m5:1775564700,"Bitcoin Up or Down - April 7, 8:25AM-8:30AM ET",m5,2026-04-07T12:30:00+00:00,208.86,1980.34,0.0,0.0,0,-208.86
btc,btc:m5:1775565000,"Bitcoin Up or Down - April 7, 8:30AM-8:35AM ET",m5,2026-04-07T12:35:00+00:00,5.38,169.48,-11.308846153846158,47.355000000000004,2,-16.688846153846157
btc,btc:m5:1775565300,"Bitcoin Up or Down - April 7, 8:35AM-8:40AM ET",m5,2026-04-07T12:40:00+00:00,36.65,387.59,11.25882352941176,23.925,1,-25.39117647058824
btc,btc:m5:1775565600,"Bitcoin Up or Down - April 7, 8:40AM-8:45AM ET",m5,2026-04-07T12:45:00+00:00,10.49,247.72,-23.925,23.925,1,-34.415
btc,btc:m15:1775565000,"Bitcoin Up or Down - April 7, 8:30AM-8:45AM ET",m15,2026-04-07T12:45:00+00:00,-51.18,503.95,4.574647887323945,11.2,1,55.75464788732394
btc,btc:m5:1775565900,"Bitcoin Up or Down - April 7, 8:45AM-8:50AM ET",m5,2026-04-07T12:50:00+00:00,-61.17,130.37,-23.925,23.925,1,37.245000000000005
btc,btc:m5:1775566200,"Bitcoin Up or Down - April 7, 8:50AM-8:55AM ET",m5,2026-04-07T12:55:00+00:00,-21.78,53.71,12.325,23.925,1,34.105000000000004
btc,btc:m5:1775566500,"Bitcoin Up or Down - April 7, 8:55AM-9:00AM ET",m5,2026-04-07T13:00:00+00:00,34.36,120.11,0.0,0.0,0,-34.36
btc,btc:m15:1775565900,"Bitcoin Up or Down - April 7, 8:45AM-9:00AM ET",m15,2026-04-07T13:00:00+00:00,-5.44,693.62,-2.4230769230769234,27.499999999999996,2,3.016923076923077
btc,btc:h1:1775563200,"Bitcoin Up or Down - April 7, 8AM ET",h1,2026-04-07T13:00:00+00:00,519.2,12602.28,-2.7622368421052617,26.945,2,-521.9622368421053
btc,btc:m5:1775566800,"Bitcoin Up or Down - April 7, 9:00AM-9:05AM ET",m5,2026-04-07T13:05:00+00:00,31.33,232.05,-6.804152542372879,47.355000000000004,2,-38.134152542372874
btc,btc:m5:1775567100,"Bitcoin Up or Down - April 7, 9:05AM-9:10AM ET",m5,2026-04-07T13:10:00+00:00,31.66,153.52,0.0,0.0,0,-31.66
btc,btc:m5:1775567400,"Bitcoin Up or Down - April 7, 9:10AM-9:15AM ET",m5,2026-04-07T13:15:00+00:00,95.44,125.94,8.284534883720934,47.355000000000004,2,-87.15546511627906
btc,btc:m15:1775566800,"Bitcoin Up or Down - April 7, 9:00AM-9:15AM ET",m15,2026-04-07T13:15:00+00:00,53.34,453.83,11.80344827586207,16.299999999999997,1,-41.53655172413794
btc,btc:m5:1775567700,"Bitcoin Up or Down - April 7, 9:15AM-9:20AM ET",m5,2026-04-07T13:20:00+00:00,-1.67,1.67,-10.745625,47.355000000000004,2,-9.075625
btc,btc:m5:1775568000,"Bitcoin Up or Down - April 7, 9:20AM-9:25AM ET",m5,2026-04-07T13:25:00+00:00,14.88,202.61,-23.925,23.925,1,-38.805
btc,btc:m15:1775567700,"Bitcoin Up or Down - April 7, 9:15AM-9:30AM ET",m15,2026-04-07T13:30:00+00:00,-4.81,189.96,0.0,0.0,0,4.81
btc,btc:m5:1775568300,"Bitcoin Up or Down - April 7, 9:25AM-9:30AM ET",m5,2026-04-07T13:30:00+00:00,1.05,475.43,-23.925,23.925,1,-24.975
btc,btc:m5:1775568600,"Bitcoin Up or Down - April 7, 9:30AM-9:35AM ET",m5,2026-04-07T13:35:00+00:00,5.99,541.15,-8.304999999999996,47.355000000000004,2,-14.294999999999996
btc,btc:m5:1775568900,"Bitcoin Up or Down - April 7, 9:35AM-9:40AM ET",m5,2026-04-07T13:40:00+00:00,-39.94,1075.89,-23.925,23.925,1,16.014999999999997
btc,btc:m5:1775569200,"Bitcoin Up or Down - April 7, 9:40AM-9:45AM ET",m5,2026-04-07T13:45:00+00:00,-2.11,460.86,-9.56467741935484,47.355000000000004,2,-7.454677419354841
btc,btc:m15:1775568600,"Bitcoin Up or Down - April 7, 9:30AM-9:45AM ET",m15,2026-04-07T13:45:00+00:00,48.0,2034.23,6.300000000000001,11.2,1,-41.7
btc,btc:m5:1775569500,"Bitcoin Up or Down - April 7, 9:45AM-9:50AM ET",m5,2026-04-07T13:50:00+00:00,15.54,722.96,-12.899117647058826,47.355000000000004,2,-28.439117647058826
btc,btc:m5:1775569800,"Bitcoin Up or Down - April 7, 9:50AM-9:55AM ET",m5,2026-04-07T13:55:00+00:00,-22.27,230.03,12.882692307692306,23.925,1,35.152692307692305
btc,btc:m15:1775569500,"Bitcoin Up or Down - April 7, 9:45AM-10:00AM ET",m15,2026-04-07T14:00:00+00:00,-24.61,1607.51,-10.783582089552237,27.499999999999996,2,13.826417910447763
btc,btc:h1:1775566800,"Bitcoin Up or Down - April 7, 9AM ET",h1,2026-04-07T14:00:00+00:00,-925.08,10308.15,-2.844447761194031,26.945,2,922.235552238806
btc,btc:m5:1775570100,"Bitcoin Up or Down - April 7, 9:55AM-10:00AM ET",m5,2026-04-07T14:00:00+00:00,38.25,81.94,-23.925,23.925,1,-62.175
btc,btc:m5:1775570400,"Bitcoin Up or Down - April 7, 10:00AM-10:05AM ET",m5,2026-04-07T14:05:00+00:00,134.56,474.63,-12.384850746268658,47.355000000000004,2,-146.94485074626866
btc,btc:m5:1775570700,"Bitcoin Up or Down - April 7, 10:05AM-10:10AM ET",m5,2026-04-07T14:10:00+00:00,7.63,86.85,-23.925,23.925,1,-31.555
btc,btc:m15:1775570400,"Bitcoin Up or Down - April 7, 10:00AM-10:15AM ET",m15,2026-04-07T14:15:00+00:00,-14.21,2235.28,5.7696969696969695,11.2,1,19.97969696969697
btc,btc:m5:1775571000,"Bitcoin Up or Down - April 7, 10:10AM-10:15AM ET",m5,2026-04-07T14:15:00+00:00,-0.24,296.13,12.882692307692306,23.925,1,13.122692307692306
btc,btc:m5:1775571300,"Bitcoin Up or Down - April 7, 10:15AM-10:20AM ET",m5,2026-04-07T14:20:00+00:00,73.52,761.72,-7.6431355932203395,47.355000000000004,2,-81.16313559322033
btc,btc:m5:1775571600,"Bitcoin Up or Down - April 7, 10:20AM-10:25AM ET",m5,2026-04-07T14:25:00+00:00,14.69,99.75,0.0,0.0,0,-14.69
btc,btc:m15:1775571300,"Bitcoin Up or Down - April 7, 10:15AM-10:30AM ET",m15,2026-04-07T14:30:00+00:00,57.5,858.71,-0.7786885245901658,27.499999999999996,2,-58.278688524590166
btc,btc:m5:1775571900,"Bitcoin Up or Down - April 7, 10:25AM-10:30AM ET",m5,2026-04-07T14:30:00+00:00,1.77,939.39,-5.381315789473678,47.355000000000004,2,-7.151315789473678
btc,btc:m5:1775572200,"Bitcoin Up or Down - April 7, 10:30AM-10:35AM ET",m5,2026-04-07T14:35:00+00:00,235.95,636.8,-23.925,23.925,1,-259.875
btc,btc:m5:1775572500,"Bitcoin Up or Down - April 7, 10:35AM-10:40AM ET",m5,2026-04-07T14:40:00+00:00,-35.99,405.06,-12.384850746268658,47.355000000000004,2,23.605149253731344
btc,btc:m15:1775572200,"Bitcoin Up or Down - April 7, 10:30AM-10:45AM ET",m15,2026-04-07T14:45:00+00:00,-160.49,776.95,-10.269230769230766,27.499999999999996,2,150.22076923076924
btc,btc:m5:1775572800,"Bitcoin Up or Down - April 7, 10:40AM-10:45AM ET",m5,2026-04-07T14:45:00+00:00,119.41,744.73,-0.495000000000001,47.355000000000004,2,-119.905
btc,btc:m5:1775573100,"Bitcoin Up or Down - April 7, 10:45AM-10:50AM ET",m5,2026-04-07T14:50:00+00:00,-0.41,157.91,11.25882352941176,23.925,1,11.66882352941176
btc,btc:m5:1775573400,"Bitcoin Up or Down - April 7, 10:50AM-10:55AM ET",m5,2026-04-07T14:55:00+00:00,-43.75,132.73,-23.925,23.925,1,19.825
btc,btc:m5:1775573700,"Bitcoin Up or Down - April 7, 10:55AM-11:00AM ET",m5,2026-04-07T15:00:00+00:00,-3.92,112.81,-23.925,23.925,1,-20.005000000000003
btc,btc:m15:1775573100,"Bitcoin Up or Down - April 7, 10:45AM-11:00AM ET",m15,2026-04-07T15:00:00+00:00,-125.03,698.79,-10.269230769230766,27.499999999999996,2,114.76076923076923
btc,btc:h1:1775570400,"Bitcoin Up or Down - April 7, 10AM ET",h1,2026-04-07T15:00:00+00:00,359.56,4427.03,-1.6318840579710123,14.075,1,-361.19188405797104
btc,btc:m5:1775574000,"Bitcoin Up or Down - April 7, 11:00AM-11:05AM ET",m5,2026-04-07T15:05:00+00:00,18.79,426.98,-8.766290322580641,47.355000000000004,2,-27.55629032258064
btc,btc:m5:1775574300,"Bitcoin Up or Down - April 7, 11:05AM-11:10AM ET",m5,2026-04-07T15:10:00+00:00,21.14,384.88,-23.925,23.925,1,-45.065
btc,btc:m15:1775574000,"Bitcoin Up or Down - April 7, 11:00AM-11:15AM ET",m15,2026-04-07T15:15:00+00:00,-133.46,399.58,1.0964912280701782,27.499999999999996,2,134.55649122807017
btc,btc:m5:1775574600,"Bitcoin Up or Down - April 7, 11:10AM-11:15AM ET",m5,2026-04-07T15:15:00+00:00,-58.93,538.49,-23.925,23.925,1,35.004999999999995
btc,btc:m5:1775574900,"Bitcoin Up or Down - April 7, 11:15AM-11:20AM ET",m5,2026-04-07T15:20:00+00:00,-8.09,75.4,0.0,0.0,0,8.09
btc,btc:m5:1775575200,"Bitcoin Up or Down - April 7, 11:20AM-11:25AM ET",m5,2026-04-07T15:25:00+00:00,163.18,1155.58,-23.925,23.925,1,-187.10500000000002
btc,btc:m15:1775574900,"Bitcoin Up or Down - April 7, 11:15AM-11:30AM ET",m15,2026-04-07T15:30:00+00:00,17.03,95.11,0.0,0.0,0,-17.03
btc,btc:m5:1775575500,"Bitcoin Up or Down - April 7, 11:25AM-11:30AM ET",m5,2026-04-07T15:30:00+00:00,25.26,73.29,0.0,0.0,0,-25.26
btc,btc:m5:1775575800,"Bitcoin Up or Down - April 7, 11:30AM-11:35AM ET",m5,2026-04-07T15:35:00+00:00,116.3,1100.18,-11.308846153846158,47.355000000000004,2,-127.60884615384616
btc,btc:m5:1775576100,"Bitcoin Up or Down - April 7, 11:35AM-11:40AM ET",m5,2026-04-07T15:40:00+00:00,154.67,1953.59,-9.56467741935484,47.355000000000004,2,-164.23467741935482
btc,btc:m15:1775805300,"Bitcoin Up or Down - April 10, 3:15AM-3:30AM ET",m15,2026-04-10T07:30:00+00:00,-62.14,2546.2,0.0,0.0,0,62.14
btc,btc:m5:1775805900,"Bitcoin Up or Down - April 10, 3:25AM-3:30AM ET",m5,2026-04-10T07:30:00+00:00,-215.32,3044.25,-11.308846153846158,47.355000000000004,2,204.01115384615383
btc,btc:m5:1775806200,"Bitcoin Up or Down - April 10, 3:30AM-3:35AM ET",m5,2026-04-10T07:35:00+00:00,-33.02,1122.65,2.4887499999999996,47.355000000000004,2,35.508750000000006
btc,btc:m5:1775806500,"Bitcoin Up or Down - April 10, 3:35AM-3:40AM ET",m5,2026-04-10T07:40:00+00:00,22.83,2007.02,-23.925,23.925,1,-46.754999999999995
btc,btc:m15:1775806200,"Bitcoin Up or Down - April 10, 3:30AM-3:45AM ET",m15,2026-04-10T07:45:00+00:00,44.92,2465.89,-16.299999999999997,16.299999999999997,1,-61.22
btc,btc:m5:1775806800,"Bitcoin Up or Down - April 10, 3:40AM-3:45AM ET",m5,2026-04-10T07:45:00+00:00,280.93,1184.35,4.7116666666666625,47.355000000000004,2,-276.21833333333336
btc,btc:m5:1775807100,"Bitcoin Up or Down - April 10, 3:45AM-3:50AM ET",m5,2026-04-10T07:50:00+00:00,261.89,1490.57,-23.925,23.925,1,-285.815
btc,btc:m5:1775807400,"Bitcoin Up or Down - April 10, 3:50AM-3:55AM ET",m5,2026-04-10T07:55:00+00:00,8.21,1203.97,-6.9584482758620645,47.355000000000004,2,-15.168448275862065
btc,btc:m5:1775807700,"Bitcoin Up or Down - April 10, 3:55AM-4:00AM ET",m5,2026-04-10T08:00:00+00:00,174.18,1544.24,16.62584745762712,23.925,1,-157.5541525423729
btc,btc:m15:1775807100,"Bitcoin Up or Down - April 10, 3:45AM-4:00AM ET",m15,2026-04-10T08:00:00+00:00,58.59,1104.59,11.657142857142858,11.2,1,-46.932857142857145
btc,btc:m5:1775808000,"Bitcoin Up or Down - April 10, 4:00AM-4:05AM ET",m5,2026-04-10T08:05:00+00:00,160.52,719.95,-10.16452380952381,47.355000000000004,2,-170.68452380952382
btc,btc:m5:1775808300,"Bitcoin Up or Down - April 10, 4:05AM-4:10AM ET",m5,2026-04-10T08:10:00+00:00,131.07,490.65,14.663709677419359,23.925,1,-116.40629032258063
btc,btc:m5:1775808600,"Bitcoin Up or Down - April 10, 4:10AM-4:15AM ET",m5,2026-04-10T08:15:00+00:00,-37.7,1722.32,-8.94516393442623,47.355000000000004,2,28.754836065573773
btc,btc:m15:1775808000,"Bitcoin Up or Down - April 10, 4:00AM-4:15AM ET",m15,2026-04-10T08:15:00+00:00,-3.58,563.64,-3.529411764705884,27.499999999999996,2,0.050588235294116046
btc,btc:m5:1775808900,"Bitcoin Up or Down - April 10, 4:15AM-4:20AM ET",m5,2026-04-10T08:20:00+00:00,153.58,670.36,12.457500000000003,47.355000000000004,2,-141.1225
btc,btc:m5:1775809200,"Bitcoin Up or Down - April 10, 4:20AM-4:25AM ET",m5,2026-04-10T08:25:00+00:00,34.11,963.0,0.0,0.0,0,-34.11
btc,btc:m15:1775808900,"Bitcoin Up or Down - April 10, 4:15AM-4:30AM ET",m15,2026-04-10T08:30:00+00:00,-9.51,397.53,7.670588235294115,16.299999999999997,1,17.180588235294117
btc,btc:m5:1775809500,"Bitcoin Up or Down - April 10, 4:25AM-4:30AM ET",m5,2026-04-10T08:30:00+00:00,81.76,511.59,-23.925,23.925,1,-105.685
btc,btc:m5:1775809800,"Bitcoin Up or Down - April 10, 4:30AM-4:35AM ET",m5,2026-04-10T08:35:00+00:00,-92.51,537.35,0.0,0.0,0,92.51
btc,btc:m5:1775810100,"Bitcoin Up or Down - April 10, 4:35AM-4:40AM ET",m5,2026-04-10T08:40:00+00:00,-4.19,334.95,0.0,0.0,0,4.19
btc,btc:m5:1775810400,"Bitcoin Up or Down - April 10, 4:40AM-4:45AM ET",m5,2026-04-10T08:45:00+00:00,25.87,467.85,-5.515714285714292,47.355000000000004,2,-31.385714285714293
btc,btc:m15:1775809800,"Bitcoin Up or Down - April 10, 4:30AM-4:45AM ET",m15,2026-04-10T08:45:00+00:00,15.15,2328.35,6.338888888888889,16.299999999999997,1,-8.811111111111112
btc,btc:m5:1775810700,"Bitcoin Up or Down - April 10, 4:45AM-4:50AM ET",m5,2026-04-10T08:50:00+00:00,53.41,966.81,-23.925,23.925,1,-77.335
btc,btc:m5:1775811000,"Bitcoin Up or Down - April 10, 4:50AM-4:55AM ET",m5,2026-04-10T08:55:00+00:00,180.98,996.98,19.103333333333346,47.355000000000004,2,-161.87666666666664
btc,btc:h1:1775833200,"Bitcoin Up or Down - April 10, 11AM ET",h1,2026-04-10T16:00:00+00:00,-1901.51,17490.6,5.430962686567165,26.945,2,1906.9409626865672
btc,btc:m15:1775836800,"Bitcoin Up or Down - April 10, 12:00PM-12:15PM ET",m15,2026-04-10T16:15:00+00:00,39.2,545.28,8.028358208955222,16.299999999999997,1,-31.17164179104478
btc,btc:m5:1775837400,"Bitcoin Up or Down - April 10, 12:10PM-12:15PM ET",m5,2026-04-10T16:15:00+00:00,3.63,368.74,0.0,0.0,0,-3.63
btc,btc:m5:1775837700,"Bitcoin Up or Down - April 10, 12:15PM-12:20PM ET",m5,2026-04-10T16:20:00+00:00,58.39,4045.04,15.29631147540984,23.925,1,-43.09368852459016
btc,btc:m5:1775838000,"Bitcoin Up or Down - April 10, 12:20PM-12:25PM ET",m5,2026-04-10T16:25:00+00:00,116.99,560.44,135.575,23.925,1,18.584999999999994
btc,btc:m5:1775838300,"Bitcoin Up or Down - April 10, 12:25PM-12:30PM ET",m5,2026-04-10T16:30:00+00:00,-417.26,1408.27,37.42115384615384,23.925,1,454.68115384615385
btc,btc:m15:1775837700,"Bitcoin Up or Down - April 10, 12:15PM-12:30PM ET",m15,2026-04-10T16:30:00+00:00,-56.73,481.77,-1.2096774193548399,27.499999999999996,2,55.52032258064516
btc,btc:m5:1775838600,"Bitcoin Up or Down - April 10, 12:30PM-12:35PM ET",m5,2026-04-10T16:35:00+00:00,219.37,1766.42,-12.384850746268658,47.355000000000004,2,-231.75485074626866
btc,btc:m5:1775838900,"Bitcoin Up or Down - April 10, 12:35PM-12:40PM ET",m5,2026-04-10T16:40:00+00:00,2.0,2835.59,-12.899117647058826,47.355000000000004,2,-14.899117647058826
btc,btc:m5:1775839200,"Bitcoin Up or Down - April 10, 12:40PM-12:45PM ET",m5,2026-04-10T16:45:00+00:00,521.94,3351.71,85.5616666666667,47.355000000000004,2,-436.37833333333333
btc,btc:m15:1775838600,"Bitcoin Up or Down - April 10, 12:30PM-12:45PM ET",m15,2026-04-10T16:45:00+00:00,-76.34,293.12,5.031884057971016,11.2,1,81.37188405797102
btc,btc:m5:1775839500,"Bitcoin Up or Down - April 10, 12:45PM-12:50PM ET",m5,2026-04-10T16:50:00+00:00,72.6,3298.67,13.4578125,23.925,1,-59.14218749999999
btc,btc:m5:1775839800,"Bitcoin Up or Down - April 10, 12:50PM-12:55PM ET",m5,2026-04-10T16:55:00+00:00,87.86,2986.11,0.0,0.0,0,-87.86
btc,btc:m5:1775840100,"Bitcoin Up or Down - April 10, 12:55PM-1:00PM ET",m5,2026-04-10T17:00:00+00:00,99.29,3241.89,13.4578125,23.925,1,-85.8321875
btc,btc:m15:1775839500,"Bitcoin Up or Down - April 10, 12:45PM-1:00PM ET",m15,2026-04-10T17:00:00+00:00,77.82,1060.07,6.338888888888889,16.299999999999997,1,-71.4811111111111
btc,btc:h1:1775836800,"Bitcoin Up or Down - April 10, 12PM ET",h1,2026-04-10T17:00:00+00:00,-158.67,3318.28,0.0,0.0,0,158.67
btc,btc:m5:1775840400,"Bitcoin Up or Down - April 10, 1:00PM-1:05PM ET",m5,2026-04-10T17:05:00+00:00,-88.62,2608.47,-8.304999999999996,47.355000000000004,2,80.31500000000001
btc,btc:m5:1775840700,"Bitcoin Up or Down - April 10, 1:05PM-1:10PM ET",m5,2026-04-10T17:10:00+00:00,157.6,1083.74,-12.899117647058826,47.355000000000004,2,-170.49911764705882
btc,btc:m15:1775840400,"Bitcoin Up or Down - April 10, 1:00PM-1:15PM ET",m15,2026-04-10T17:15:00+00:00,47.74,232.26,5.270588235294117,11.2,1,-42.46941176470588
btc,btc:m5:1775841000,"Bitcoin Up or Down - April 10, 1:10PM-1:15PM ET",m5,2026-04-10T17:15:00+00:00,-41.03,539.03,-23.925,23.925,1,17.105
btc,btc:m5:1775841300,"Bitcoin Up or Down - April 10, 1:15PM-1:20PM ET",m5,2026-04-10T17:20:00+00:00,-49.94,832.27,32.395,47.355000000000004,2,82.33500000000001
btc,btc:m5:1775841600,"Bitcoin Up or Down - April 10, 1:20PM-1:25PM ET",m5,2026-04-10T17:25:00+00:00,-7.43,1027.01,48.575,23.925,1,56.005
btc,btc:m15:1775841300,"Bitcoin Up or Down - April 10, 1:15PM-1:30PM ET",m15,2026-04-10T17:30:00+00:00,92.01,126.89,6.338888888888889,16.299999999999997,1,-85.67111111111112
btc,btc:m5:1775841900,"Bitcoin Up or Down - April 10, 1:25PM-1:30PM ET",m5,2026-04-10T17:30:00+00:00,-54.62,732.93,0.0,0.0,0,54.62
btc,btc:m5:1775842200,"Bitcoin Up or Down - April 10, 1:30PM-1:35PM ET",m5,2026-04-10T17:35:00+00:00,169.99,1498.05,-23.925,23.925,1,-193.91500000000002
btc,btc:m5:1775842500,"Bitcoin Up or Down - April 10, 1:35PM-1:40PM ET",m5,2026-04-10T17:40:00+00:00,-279.6,3279.64,56.666739130434784,47.355000000000004,2,336.2667391304348
btc,btc:m15:1775842200,"Bitcoin Up or Down - April 10, 1:30PM-1:45PM ET",m15,2026-04-10T17:45:00+00:00,51.66,619.18,0.0,0.0,0,-51.66
btc,btc:m5:1775842800,"Bitcoin Up or Down - April 10, 1:40PM-1:45PM ET",m5,2026-04-10T17:45:00+00:00,179.02,1838.49,102.17625000000001,47.355000000000004,2,-76.84375
btc,btc:m5:1775843100,"Bitcoin Up or Down - April 10, 1:45PM-1:50PM ET",m5,2026-04-10T17:50:00+00:00,104.6,2858.98,13.4578125,23.925,1,-91.14218749999999
btc,btc:m5:1775843400,"Bitcoin Up or Down - April 10, 1:50PM-1:55PM ET",m5,2026-04-10T17:55:00+00:00,0.06,2434.72,0.0,0.0,0,-0.06
btc,btc:h1:1775840400,"Bitcoin Up or Down - April 10, 1PM ET",h1,2026-04-10T18:00:00+00:00,1383.61,3676.9,-1.2419117647058844,14.075,1,-1384.8519117647058
btc,btc:m5:1775843700,"Bitcoin Up or Down - April 10, 1:55PM-2:00PM ET",m5,2026-04-10T18:00:00+00:00,264.16,3435.25,13.4578125,23.925,1,-250.70218750000004
btc,btc:m15:1775843100,"Bitcoin Up or Down - April 10, 1:45PM-2:00PM ET",m15,2026-04-10T18:00:00+00:00,111.47,532.48,0.0,0.0,0,-111.47
btc,btc:m5:1775844000,"Bitcoin Up or Down - April 10, 2:00PM-2:05PM ET",m5,2026-04-10T18:05:00+00:00,33.75,1246.38,-11.308846153846158,47.355000000000004,2,-45.05884615384616
btc,btc:m5:1775844300,"Bitcoin Up or Down - April 10, 2:05PM-2:10PM ET",m5,2026-04-10T18:10:00+00:00,89.34,1471.42,15.29631147540984,23.925,1,-74.04368852459017
btc,btc:m15:1775844000,"Bitcoin Up or Down - April 10, 2:00PM-2:15PM ET",m15,2026-04-10T18:15:00+00:00,-27.14,1628.76,0.0,0.0,0,27.14
btc,btc:m5:1775844600,"Bitcoin Up or Down - April 10, 2:10PM-2:15PM ET",m5,2026-04-10T18:15:00+00:00,65.33,1357.81,13.4578125,23.925,1,-51.872187499999995
btc,btc:m5:1775844900,"Bitcoin Up or Down - April 10, 2:15PM-2:20PM ET",m5,2026-04-10T18:20:00+00:00,31.49,1842.88,-10.745625,47.355000000000004,2,-42.235625
btc,btc:m5:1775845200,"Bitcoin Up or Down - April 10, 2:20PM-2:25PM ET",m5,2026-04-10T18:25:00+00:00,-124.07,1506.22,-23.925,23.925,1,100.145
btc,btc:m15:1775844900,"Bitcoin Up or Down - April 10, 2:15PM-2:30PM ET",m15,2026-04-10T18:30:00+00:00,66.6,803.44,6.030769230769231,11.2,1,-60.569230769230764
btc,btc:m5:1775845500,"Bitcoin Up or Down - April 10, 2:25PM-2:30PM ET",m5,2026-04-10T18:30:00+00:00,-53.19,2381.45,80.09673913043478,23.925,1,133.2867391304348
btc,btc:m5:1775845800,"Bitcoin Up or Down - April 10, 2:30PM-2:35PM ET",m5,2026-04-10T18:35:00+00:00,-53.45,2261.01,-23.925,23.925,1,29.525000000000002
btc,btc:m5:1775846100,"Bitcoin Up or Down - April 10, 2:35PM-2:40PM ET",m5,2026-04-10T18:40:00+00:00,21.19,1787.27,11.25882352941176,23.925,1,-9.931176470588241
btc,btc:m5:1775846400,"Bitcoin Up or Down - April 10, 2:40PM-2:45PM ET",m5,2026-04-10T18:45:00+00:00,115.27,1974.44,-23.925,23.925,1,-139.195
btc,btc:m15:1775845800,"Bitcoin Up or Down - April 10, 2:30PM-2:45PM ET",m15,2026-04-10T18:45:00+00:00,47.4,1317.86,6.577777777777776,11.2,1,-40.82222222222222
btc,btc:m5:1775846700,"Bitcoin Up or Down - April 10, 2:45PM-2:50PM ET",m5,2026-04-10T18:50:00+00:00,-11.3,2796.5,10.748913043478264,23.925,1,22.048913043478265
btc,btc:m5:1775847000,"Bitcoin Up or Down - April 10, 2:50PM-2:55PM ET",m5,2026-04-10T18:55:00+00:00,13.27,2044.42,0.0,0.0,0,-13.27
btc,btc:m5:1775847300,"Bitcoin Up or Down - April 10, 2:55PM-3:00PM ET",m5,2026-04-10T19:00:00+00:00,27.21,1834.31,14.663709677419359,23.925,1,-12.546290322580642
btc,btc:m15:1775846700,"Bitcoin Up or Down - April 10, 2:45PM-3:00PM ET",m15,2026-04-10T19:00:00+00:00,39.75,445.26,6.9857142857142875,16.299999999999997,1,-32.76428571428571
btc,btc:h1:1775844000,"Bitcoin Up or Down - April 10, 2PM ET",h1,2026-04-10T19:00:00+00:00,-428.26,4237.57,-1.3876760563380266,14.075,1,426.87232394366197
btc,btc:m5:1775847600,"Bitcoin Up or Down - April 10, 3:00PM-3:05PM ET",m5,2026-04-10T19:05:00+00:00,33.66,1667.08,12.325,23.925,1,-21.334999999999997
btc,btc:m5:1775847900,"Bitcoin Up or Down - April 10, 3:05PM-3:10PM ET",m5,2026-04-10T19:10:00+00:00,94.66,2247.63,-12.384850746268658,47.355000000000004,2,-107.04485074626865
btc,btc:m15:1775847600,"Bitcoin Up or Down - April 10, 3:00PM-3:15PM ET",m15,2026-04-10T19:15:00+00:00,28.4,2074.92,0.0,0.0,0,-28.4
btc,btc:m5:1775848200,"Bitcoin Up or Down - April 10, 3:10PM-3:15PM ET",m5,2026-04-10T19:15:00+00:00,28.41,1124.29,0.0,0.0,0,-28.41
btc,btc:m5:1775848500,"Bitcoin Up or Down - April 10, 3:15PM-3:20PM ET",m5,2026-04-10T19:20:00+00:00,-31.52,1612.79,-13.398478260869563,47.355000000000004,2,18.121521739130436
btc,btc:m5:1775848800,"Bitcoin Up or Down - April 10, 3:20PM-3:25PM ET",m5,2026-04-10T19:25:00+00:00,-5.18,1113.19,-23.925,23.925,1,-18.745
btc,btc:m15:1775848500,"Bitcoin Up or Down - April 10, 3:15PM-3:30PM ET",m15,2026-04-10T19:30:00+00:00,0.44,695.92,5.7696969696969695,11.2,1,5.329696969696969
btc,btc:m5:1775849100,"Bitcoin Up or Down - April 10, 3:25PM-3:30PM ET",m5,2026-04-10T19:30:00+00:00,46.36,1317.42,-23.925,23.925,1,-70.285
btc,btc:m5:1775849400,"Bitcoin Up or Down - April 10, 3:30PM-3:35PM ET",m5,2026-04-10T19:35:00+00:00,-154.18,3194.26,61.52142857142857,23.925,1,215.70142857142858
btc,btc:m5:1775849700,"Bitcoin Up or Down - April 10, 3:35PM-3:40PM ET",m5,2026-04-10T19:40:00+00:00,151.7,3171.92,-9.56467741935484,47.355000000000004,2,-161.26467741935483
btc,btc:m5:1775850000,"Bitcoin Up or Down - April 10, 3:40PM-3:45PM ET",m5,2026-04-10T19:45:00+00:00,-43.6,2684.61,-9.56467741935484,47.355000000000004,2,34.03532258064516
btc,btc:m15:1775849400,"Bitcoin Up or Down - April 10, 3:30PM-3:45PM ET",m15,2026-04-10T19:45:00+00:00,-79.29,3698.1,7.783050847457627,11.2,1,87.07305084745764
btc,btc:m5:1775850300,"Bitcoin Up or Down - April 10, 3:45PM-3:50PM ET",m5,2026-04-10T19:50:00+00:00,-2.02,2426.45,71.775,23.925,1,73.795
btc,btc:m5:1775850600,"Bitcoin Up or Down - April 10, 3:50PM-3:55PM ET",m5,2026-04-10T19:55:00+00:00,8.47,665.37,0.0,0.0,0,-8.47
btc,btc:m5:1775850900,"Bitcoin Up or Down - April 10, 3:55PM-4:00PM ET",m5,2026-04-10T20:00:00+00:00,69.79,1473.11,10.748913043478264,23.925,1,-59.04108695652174
btc,btc:m15:1775850300,"Bitcoin Up or Down - April 10, 3:45PM-4:00PM ET",m15,2026-04-10T20:00:00+00:00,-16.82,520.3,6.9857142857142875,16.299999999999997,1,23.805714285714288
btc,btc:h1:1775847600,"Bitcoin Up or Down - April 10, 3PM ET",h1,2026-04-10T20:00:00+00:00,-2376.05,11739.86,-2.8036339009287943,26.945,2,2373.2463660990716
btc,btc:m5:1775851200,"Bitcoin Up or Down - April 10, 4:00PM-4:05PM ET",m5,2026-04-10T20:05:00+00:00,-133.28,2598.54,4.65586956521739,47.355000000000004,2,137.9358695652174
btc,btc:m5:1775851500,"Bitcoin Up or Down - April 10, 4:05PM-4:10PM ET",m5,2026-04-10T20:10:00+00:00,260.89,3114.72,-5.515714285714292,47.355000000000004,2,-266.4057142857143
btc,btc:m15:1775851200,"Bitcoin Up or Down - April 10, 4:00PM-4:15PM ET",m15,2026-04-10T20:15:00+00:00,211.9,3153.74,-9.13934426229508,27.499999999999996,2,-221.0393442622951
btc,btc:m5:1775851800,"Bitcoin Up or Down - April 10, 4:10PM-4:15PM ET",m5,2026-04-10T20:15:00+00:00,116.14,2290.94,-23.925,23.925,1,-140.065
btc,btc:m5:1775852100,"Bitcoin Up or Down - April 10, 4:15PM-4:20PM ET",m5,2026-04-10T20:20:00+00:00,-588.09,3024.0,61.52142857142857,23.925,1,649.6114285714286
btc,btc:m5:1775852400,"Bitcoin Up or Down - April 10, 4:20PM-4:25PM ET",m5,2026-04-10T20:25:00+00:00,78.31,1060.16,-23.925,23.925,1,-102.235
btc,btc:m15:1775852100,"Bitcoin Up or Down - April 10, 4:15PM-4:30PM ET",m15,2026-04-10T20:30:00+00:00,-484.62,5777.51,-4.54225352112676,27.499999999999996,2,480.0777464788732
btc,btc:m5:1775852700,"Bitcoin Up or Down - April 10, 4:25PM-4:30PM ET",m5,2026-04-10T20:30:00+00:00,17.39,981.96,12.882692307692306,23.925,1,-4.507307692307695
btc,btc:m5:1775853000,"Bitcoin Up or Down - April 10, 4:30PM-4:35PM ET",m5,2026-04-10T20:35:00+00:00,117.97,1138.15,-3.9661111111111147,47.355000000000004,2,-121.93611111111112
btc,btc:m5:1775853300,"Bitcoin Up or Down - April 10, 4:35PM-4:40PM ET",m5,2026-04-10T20:40:00+00:00,-86.75,769.06,-12.384850746268658,47.355000000000004,2,74.36514925373135
btc,btc:m5:1775853600,"Bitcoin Up or Down - April 10, 4:40PM-4:45PM ET",m5,2026-04-10T20:45:00+00:00,88.77,588.56,11.783955223880593,23.925,1,-76.9860447761194
btc,btc:m15:1775853000,"Bitcoin Up or Down - April 10, 4:30PM-4:45PM ET",m15,2026-04-10T20:45:00+00:00,239.94,3118.3,7.466666666666669,11.2,1,-232.47333333333333
btc,btc:h1:1775851200,"Bitcoin Up or Down - April 10, 4PM ET",h1,2026-04-10T21:00:00+00:00,-2927.71,13624.45,-3.3357545805207334,26.945,2,2924.3742454194794
btc,btc:m5:1775855400,"Bitcoin Up or Down - April 10, 5:10PM-5:15PM ET",m5,2026-04-10T21:15:00+00:00,174.99,1086.3,-8.304999999999996,47.355000000000004,2,-183.29500000000002
btc,btc:m15:1775854800,"Bitcoin Up or Down - April 10, 5:00PM-5:15PM ET",m15,2026-04-10T21:15:00+00:00,-9.6,499.05,0.0,0.0,0,9.6
btc,btc:m5:1775855700,"Bitcoin Up or Down - April 10, 5:15PM-5:20PM ET",m5,2026-04-10T21:20:00+00:00,-89.38,1431.03,1.4715306122449014,47.355000000000004,2,90.8515306122449
btc,btc:m5:1775856000,"Bitcoin Up or Down - April 10, 5:20PM-5:25PM ET",m5,2026-04-10T21:25:00+00:00,-97.12,1426.67,21.002142857142864,47.355000000000004,2,118.12214285714288
btc,btc:m5:1775856300,"Bitcoin Up or Down - April 10, 5:25PM-5:30PM ET",m5,2026-04-10T21:30:00+00:00,-36.77,369.59,-23.925,23.925,1,12.845000000000002
btc,btc:m15:1775855700,"Bitcoin Up or Down - April 10, 5:15PM-5:30PM ET",m15,2026-04-10T21:30:00+00:00,-31.13,1009.08,0.0,0.0,0,31.13
btc,btc:m5:1775856600,"Bitcoin Up or Down - April 10, 5:30PM-5:35PM ET",m5,2026-04-10T21:35:00+00:00,-105.22,1583.24,-23.925,23.925,1,81.295
btc,btc:m5:1775856900,"Bitcoin Up or Down - April 10, 5:35PM-5:40PM ET",m5,2026-04-10T21:40:00+00:00,162.84,1616.66,0.0,0.0,0,-162.84
btc,btc:m5:1775857200,"Bitcoin Up or Down - April 10, 5:40PM-5:45PM ET",m5,2026-04-10T21:45:00+00:00,-285.19,3645.05,19.103333333333346,47.355000000000004,2,304.29333333333335
btc,btc:m15:1775856600,"Bitcoin Up or Down - April 10, 5:30PM-5:45PM ET",m15,2026-04-10T21:45:00+00:00,150.84,4005.82,9.540740740740738,11.2,1,-141.29925925925926
btc,btc:m5:1775857500,"Bitcoin Up or Down - April 10, 5:45PM-5:50PM ET",m5,2026-04-10T21:50:00+00:00,-157.42,935.63,0.0,0.0,0,157.42
btc,btc:m5:1775857800,"Bitcoin Up or Down - April 10, 5:50PM-5:55PM ET",m5,2026-04-10T21:55:00+00:00,47.17,1518.86,0.0,0.0,0,-47.17
btc,btc:h1:1775854800,"Bitcoin Up or Down - April 10, 5PM ET",h1,2026-04-10T22:00:00+00:00,654.49,3493.34,-3.1718309859154914,14.075,1,-657.6618309859155
btc,btc:m15:1775857500,"Bitcoin Up or Down - April 10, 5:45PM-6:00PM ET",m15,2026-04-10T22:00:00+00:00,67.38,499.12,7.670588235294115,16.299999999999997,1,-59.70941176470588
btc,btc:m5:1775858100,"Bitcoin Up or Down - April 10, 5:55PM-6:00PM ET",m5,2026-04-10T22:00:00+00:00,-11.83,1289.25,19.575,23.925,1,31.405
btc,btc:m5:1775858400,"Bitcoin Up or Down - April 10, 6:00PM-6:05PM ET",m5,2026-04-10T22:05:00+00:00,-145.51,2629.82,15.605526315789469,47.355000000000004,2,161.11552631578945
btc,btc:m5:1775858700,"Bitcoin Up or Down - April 10, 6:05PM-6:10PM ET",m5,2026-04-10T22:10:00+00:00,19.4,604.57,1.4574999999999996,47.355000000000004,2,-17.9425
btc,btc:m5:1775859000,"Bitcoin Up or Down - April 10, 6:10PM-6:15PM ET",m5,2026-04-10T22:15:00+00:00,-5.94,842.84,11.783955223880593,23.925,1,17.723955223880594
btc,btc:m15:1775858400,"Bitcoin Up or Down - April 10, 6:00PM-6:15PM ET",m15,2026-04-10T22:15:00+00:00,382.74,2751.86,7.160655737704918,11.2,1,-375.5793442622951
btc,btc:m5:1775859300,"Bitcoin Up or Down - April 10, 6:15PM-6:20PM ET",m5,2026-04-10T22:20:00+00:00,-43.86,2648.93,-7.6431355932203395,47.355000000000004,2,36.21686440677966
btc,btc:m5:1775859600,"Bitcoin Up or Down - April 10, 6:20PM-6:25PM ET",m5,2026-04-10T22:25:00+00:00,200.83,2255.31,-23.925,23.925,1,-224.75500000000002
btc,btc:m15:1775859300,"Bitcoin Up or Down - April 10, 6:15PM-6:30PM ET",m15,2026-04-10T22:30:00+00:00,168.85,2290.37,9.16363636363636,11.2,1,-159.68636363636364
btc,btc:m5:1775859900,"Bitcoin Up or Down - April 10, 6:25PM-6:30PM ET",m5,2026-04-10T22:30:00+00:00,-253.21,2140.59,0.0,0.0,0,253.21
