tf,fill_price,ask_at_fill,ask_1s_before,delta_fill_vs_ask,ask_drop_1s
h1,0.68,0.69,0.69,-0.009999999999999898,0.0
h1,0.68,0.69,0.69,-0.009999999999999898,0.0
h1,0.67,0.69,0.69,-0.019999999999999907,0.0
h1,0.66,0.67,0.67,-0.010000000000000009,0.0
h1,0.66,0.67,0.67,-0.010000000000000009,0.0
h1,0.66,0.67,0.67,-0.010000000000000009,0.0
h1,0.68,0.69,0.69,-0.009999999999999898,0.0
h1,0.68,0.69,0.69,-0.009999999999999898,0.0
h1,0.68,0.7,0.7,-0.019999999999999907,0.0
h1,0.71,0.72,0.72,-0.010000000000000009,0.0
h1,0.63,0.64,0.64,-0.010000000000000009,0.0
h1,0.63,0.64,0.64,-0.010000000000000009,0.0
h1,0.33,0.34,0.34,-0.010000000000000009,0.0
h1,0.34,0.42,0.42,-0.07999999999999996,0.0
h1,0.42340000000000005,0.42,0.42,0.0034000000000000696,0.0
h1,0.41,0.42,0.42,-0.010000000000000009,0.0
h1,0.41,0.42,0.42,-0.010000000000000009,0.0
h1,0.44,0.45,0.45,-0.010000000000000009,0.0
h1,0.44,0.43,0.44,0.010000000000000009,0.010000000000000009
h1,0.44,0.44,0.44,0.0,0.0
h1,0.43,0.45,0.44,-0.020000000000000018,-0.010000000000000009
h1,0.48,0.5,0.49,-0.020000000000000018,-0.010000000000000009
h1,0.49,0.51,0.51,-0.020000000000000018,0.0
h1,0.61,0.64,0.64,-0.030000000000000027,0.0
h1,0.6,0.63,0.63,-0.030000000000000027,0.0
h1,0.6,0.63,0.63,-0.030000000000000027,0.0
h1,0.37,0.38,0.38,-0.010000000000000009,0.0
h1,0.37,0.38,0.38,-0.010000000000000009,0.0
h1,0.6,0.63,0.63,-0.030000000000000027,0.0
h1,0.37,0.41,0.41,-0.03999999999999998,0.0
h1,0.37,0.41,0.41,-0.03999999999999998,0.0
h1,0.37,0.41,0.41,-0.03999999999999998,0.0
h1,0.37,0.41,0.41,-0.03999999999999998,0.0
h1,0.37,0.41,0.41,-0.03999999999999998,0.0
h1,0.37,0.41,0.41,-0.03999999999999998,0.0
h1,0.37,0.41,0.41,-0.03999999999999998,0.0
h1,0.37,0.43,0.42,-0.06,-0.010000000000000009
h1,0.59,0.58,0.59,0.010000000000000009,0.010000000000000009
h1,0.59,0.58,0.59,0.010000000000000009,0.010000000000000009
h1,0.59,0.58,0.59,0.010000000000000009,0.010000000000000009
h1,0.59,0.58,0.59,0.010000000000000009,0.010000000000000009
h1,0.59,0.58,0.59,0.010000000000000009,0.010000000000000009
h1,0.59,0.58,0.59,0.010000000000000009,0.010000000000000009
h1,0.37,0.43,0.42,-0.06,-0.010000000000000009
h1,0.59,0.58,0.59,0.010000000000000009,0.010000000000000009
h1,0.59,0.57,0.57,0.020000000000000018,0.0
h1,0.59,0.57,0.57,0.020000000000000018,0.0
h1,0.59,0.57,0.57,0.020000000000000018,0.0
h1,0.59,0.57,0.57,0.020000000000000018,0.0
h1,0.59,0.57,0.57,0.020000000000000018,0.0
h1,0.59,0.57,0.57,0.020000000000000018,0.0
h1,0.59,0.57,0.57,0.020000000000000018,0.0
h1,0.59,0.57,0.57,0.020000000000000018,0.0
h1,0.59,0.57,0.57,0.020000000000000018,0.0
h1,0.59,0.57,0.57,0.020000000000000018,0.0
h1,0.59,0.57,0.57,0.020000000000000018,0.0
h1,0.59,0.57,0.57,0.020000000000000018,0.0
h1,0.56,0.59,0.58,-0.029999999999999916,-0.010000000000000009
h1,0.58,0.62,0.59,-0.040000000000000036,-0.030000000000000027
h1,0.35,0.35,0.35,0.0,0.0
h1,0.35,0.35,0.35,0.0,0.0
h1,0.35,0.38,0.38,-0.030000000000000027,0.0
h1,0.35,0.36,0.36,-0.010000000000000009,0.0
h1,0.35,0.36,0.36,-0.010000000000000009,0.0
h1,0.34,0.35,0.35,-0.009999999999999953,0.0
h1,0.33,0.33,0.33,0.0,0.0
h1,0.32,0.32,0.32,0.0,0.0
h1,0.32,0.32,0.32,0.0,0.0
h1,0.32,0.32,0.32,0.0,0.0
h1,0.32,0.32,0.32,0.0,0.0
h1,0.32,0.32,0.32,0.0,0.0
h1,0.32,0.32,0.32,0.0,0.0
h1,0.32,0.32,0.32,0.0,0.0
h1,0.32,0.32,0.32,0.0,0.0
h1,0.32,0.32,0.32,0.0,0.0
h1,0.32,0.32,0.32,0.0,0.0
h1,0.69,0.7,0.69,-0.010000000000000009,-0.010000000000000009
h1,0.69,0.72,0.72,-0.030000000000000027,0.0
h1,0.69,0.72,0.72,-0.030000000000000027,0.0
h1,0.32,0.32,0.32,0.0,0.0
h1,0.32,0.32,0.32,0.0,0.0
h1,0.32,0.32,0.32,0.0,0.0
h1,0.53,0.56,0.55,-0.030000000000000027,-0.010000000000000009
h1,0.53,0.56,0.55,-0.030000000000000027,-0.010000000000000009
h1,0.52,0.53,0.53,-0.010000000000000009,0.0
h1,0.45,0.48,0.48,-0.02999999999999997,0.0
h1,0.52,0.53,0.53,-0.010000000000000009,0.0
h1,0.45,0.48,0.48,-0.02999999999999997,0.0
h1,0.52,0.53,0.53,-0.010000000000000009,0.0
h1,0.52,0.53,0.53,-0.010000000000000009,0.0
h1,0.52,0.53,0.53,-0.010000000000000009,0.0
h1,0.5,0.51,0.51,-0.010000000000000009,0.0
h1,0.5,0.51,0.51,-0.010000000000000009,0.0
h1,0.5,0.51,0.51,-0.010000000000000009,0.0
h1,0.5,0.51,0.51,-0.010000000000000009,0.0
h1,0.5,0.51,0.51,-0.010000000000000009,0.0
h1,0.5,0.51,0.51,-0.010000000000000009,0.0
h1,0.5,0.51,0.51,-0.010000000000000009,0.0
h1,0.5,0.51,0.51,-0.010000000000000009,0.0
h1,0.5,0.52,0.51,-0.020000000000000018,-0.010000000000000009
h1,0.49,0.52,0.52,-0.030000000000000027,0.0
h1,0.49,0.52,0.52,-0.030000000000000027,0.0
h1,0.51,0.52,0.52,-0.010000000000000009,0.0
h1,0.51,0.48,0.48,0.030000000000000027,0.0
h1,0.47,0.46,0.46,0.009999999999999953,0.0
h1,0.47,0.46,0.46,0.009999999999999953,0.0
h1,0.47,0.46,0.46,0.009999999999999953,0.0
h1,0.47,0.46,0.46,0.009999999999999953,0.0
h1,0.47,0.46,0.46,0.009999999999999953,0.0
h1,0.47,0.46,0.46,0.009999999999999953,0.0
h1,0.47,0.46,0.46,0.009999999999999953,0.0
h1,0.47,0.46,0.46,0.009999999999999953,0.0
h1,0.47,0.46,0.46,0.009999999999999953,0.0
h1,0.47,0.46,0.46,0.009999999999999953,0.0
h1,0.46,0.45,0.45,0.010000000000000009,0.0
h1,0.46,0.45,0.45,0.010000000000000009,0.0
h1,0.46,0.45,0.45,0.010000000000000009,0.0
h1,0.45,0.45,0.45,0.0,0.0
h1,0.46,0.45,0.45,0.010000000000000009,0.0
h1,0.45,0.45,0.45,0.0,0.0
h1,0.45,0.45,0.45,0.0,0.0
h1,0.45,0.45,0.45,0.0,0.0
h1,0.45,0.45,0.45,0.0,0.0
h1,0.45,0.44,0.44,0.010000000000000009,0.0
h1,0.45,0.44,0.44,0.010000000000000009,0.0
h1,0.45,0.44,0.44,0.010000000000000009,0.0
h1,0.44,0.44,0.44,0.0,0.0
h1,0.44,0.44,0.44,0.0,0.0
h1,0.44,0.44,0.44,0.0,0.0
h1,0.44,0.44,0.44,0.0,0.0
h1,0.44,0.44,0.44,0.0,0.0
h1,0.44,0.44,0.44,0.0,0.0
h1,0.44,0.44,0.44,0.0,0.0
h1,0.44,0.44,0.44,0.0,0.0
h1,0.44,0.44,0.44,0.0,0.0
h1,0.44,0.44,0.44,0.0,0.0
h1,0.44,0.44,0.44,0.0,0.0
h1,0.44,0.44,0.44,0.0,0.0
h1,0.43,0.44,0.44,-0.010000000000000009,0.0
h1,0.4487,0.45,0.44,-0.0013000000000000234,-0.010000000000000009
h1,0.44,0.45,0.45,-0.010000000000000009,0.0
h1,0.44,0.46,0.48,-0.020000000000000018,0.019999999999999962
h1,0.44,0.46,0.48,-0.020000000000000018,0.019999999999999962
h1,0.53,0.56,0.56,-0.030000000000000027,0.0
h1,0.44,0.48,0.45,-0.03999999999999998,-0.02999999999999997
h1,0.52,0.56,0.56,-0.040000000000000036,0.0
h1,0.44,0.48,0.45,-0.03999999999999998,-0.02999999999999997
h1,0.44,0.48,0.45,-0.03999999999999998,-0.02999999999999997
h1,0.44,0.48,0.45,-0.03999999999999998,-0.02999999999999997
h1,0.44,0.48,0.45,-0.03999999999999998,-0.02999999999999997
h1,0.44,0.48,0.45,-0.03999999999999998,-0.02999999999999997
h1,0.52,0.56,0.56,-0.040000000000000036,0.0
h1,0.44,0.48,0.45,-0.03999999999999998,-0.02999999999999997
h1,0.44,0.48,0.45,-0.03999999999999998,-0.02999999999999997
h1,0.52,0.56,0.56,-0.040000000000000036,0.0
h1,0.44,0.48,0.45,-0.03999999999999998,-0.02999999999999997
h1,0.52,0.56,0.56,-0.040000000000000036,0.0
h1,0.44,0.46,0.47,-0.020000000000000018,0.009999999999999953
h1,0.44,0.46,0.47,-0.020000000000000018,0.009999999999999953
h1,0.44,0.46,0.47,-0.020000000000000018,0.009999999999999953
h1,0.44,0.46,0.47,-0.020000000000000018,0.009999999999999953
h1,0.44,0.46,0.47,-0.020000000000000018,0.009999999999999953
h1,0.44,0.46,0.47,-0.020000000000000018,0.009999999999999953
h1,0.44,0.46,0.47,-0.020000000000000018,0.009999999999999953
h1,0.44,0.46,0.47,-0.020000000000000018,0.009999999999999953
h1,0.52,0.55,0.55,-0.030000000000000027,0.0
h1,0.52,0.55,0.55,-0.030000000000000027,0.0
h1,0.52,0.55,0.55,-0.030000000000000027,0.0
h1,0.44,0.47,0.47,-0.02999999999999997,0.0
h1,0.52,0.55,0.55,-0.030000000000000027,0.0
h1,0.52,0.55,0.55,-0.030000000000000027,0.0
h1,0.44,0.49,0.46,-0.04999999999999999,-0.02999999999999997
h1,0.44,0.49,0.46,-0.04999999999999999,-0.02999999999999997
h1,0.44,0.49,0.46,-0.04999999999999999,-0.02999999999999997
h1,0.44,0.49,0.46,-0.04999999999999999,-0.02999999999999997
h1,0.44,0.49,0.46,-0.04999999999999999,-0.02999999999999997
h1,0.44,0.49,0.46,-0.04999999999999999,-0.02999999999999997
h1,0.44,0.49,0.49,-0.04999999999999999,0.0
h1,0.44,0.49,0.49,-0.04999999999999999,0.0
h1,0.44,0.49,0.49,-0.04999999999999999,0.0
h1,0.44,0.49,0.49,-0.04999999999999999,0.0
h1,0.44,0.49,0.49,-0.04999999999999999,0.0
h1,0.44,0.49,0.49,-0.04999999999999999,0.0
h1,0.44,0.49,0.49,-0.04999999999999999,0.0
h1,0.44,0.49,0.49,-0.04999999999999999,0.0
h1,0.44,0.49,0.49,-0.04999999999999999,0.0
h1,0.44,0.49,0.49,-0.04999999999999999,0.0
h1,0.44,0.49,0.49,-0.04999999999999999,0.0
h1,0.52,0.52,0.52,0.0,0.0
h1,0.52,0.52,0.52,0.0,0.0
h1,0.44,0.49,0.49,-0.04999999999999999,0.0
h1,0.44,0.49,0.49,-0.04999999999999999,0.0
h1,0.52,0.52,0.52,0.0,0.0
h1,0.44,0.49,0.49,-0.04999999999999999,0.0
h1,0.51,0.52,0.52,-0.010000000000000009,0.0
h1,0.43,0.45,0.45,-0.020000000000000018,0.0
h1,0.43,0.45,0.45,-0.020000000000000018,0.0
h1,0.43,0.45,0.45,-0.020000000000000018,0.0
h1,0.43,0.45,0.45,-0.020000000000000018,0.0
h1,0.42,0.44,0.44,-0.020000000000000018,0.0
h1,0.42,0.44,0.44,-0.020000000000000018,0.0
h1,0.42,0.44,0.44,-0.020000000000000018,0.0
h1,0.42,0.44,0.44,-0.020000000000000018,0.0
h1,0.42,0.43,0.44,-0.010000000000000009,0.010000000000000009
h1,0.42,0.43,0.44,-0.010000000000000009,0.010000000000000009
h1,0.42,0.43,0.44,-0.010000000000000009,0.010000000000000009
h1,0.42,0.43,0.44,-0.010000000000000009,0.010000000000000009
h1,0.42,0.43,0.44,-0.010000000000000009,0.010000000000000009
h1,0.42,0.43,0.44,-0.010000000000000009,0.010000000000000009
h1,0.42,0.43,0.44,-0.010000000000000009,0.010000000000000009
h1,0.42,0.43,0.44,-0.010000000000000009,0.010000000000000009
h1,0.42,0.43,0.44,-0.010000000000000009,0.010000000000000009
h1,0.42,0.43,0.44,-0.010000000000000009,0.010000000000000009
h1,0.54,0.55,0.55,-0.010000000000000009,0.0
h1,0.55,0.56,0.56,-0.010000000000000009,0.0
h1,0.55,0.56,0.56,-0.010000000000000009,0.0
h1,0.55,0.56,0.56,-0.010000000000000009,0.0
h1,0.55,0.56,0.56,-0.010000000000000009,0.0
h1,0.55,0.56,0.56,-0.010000000000000009,0.0
h1,0.56,0.57,0.57,-0.009999999999999898,0.0
h1,0.56,0.57,0.57,-0.009999999999999898,0.0
h1,0.56,0.57,0.57,-0.009999999999999898,0.0
h1,0.56,0.57,0.57,-0.009999999999999898,0.0
h1,0.56,0.57,0.57,-0.009999999999999898,0.0
h1,0.6,0.62,0.6,-0.020000000000000018,-0.020000000000000018
h1,0.6039,0.62,0.62,-0.016100000000000003,0.0
h1,0.6397999999999999,0.65,0.65,-0.010200000000000098,0.0
h1,0.35,0.38,0.36,-0.030000000000000027,-0.020000000000000018
h1,0.3549,0.39,0.39,-0.03510000000000002,0.0
h1,0.38,0.39,0.39,-0.010000000000000009,0.0
h1,0.58,0.56,0.58,0.019999999999999907,0.019999999999999907
h1,0.52,0.57,0.57,-0.04999999999999993,0.0
h1,0.52,0.57,0.57,-0.04999999999999993,0.0
h1,0.52,0.57,0.57,-0.04999999999999993,0.0
h1,0.52,0.57,0.57,-0.04999999999999993,0.0
h1,0.52,0.57,0.57,-0.04999999999999993,0.0
h1,0.52,0.57,0.57,-0.04999999999999993,0.0
h1,0.5321,0.57,0.57,-0.037899999999999934,0.0
h1,0.5165,0.53,0.53,-0.013500000000000068,0.0
h1,0.5607,0.65,0.65,-0.08930000000000005,0.0
h1,0.6029,0.66,0.65,-0.05710000000000004,-0.010000000000000009
h1,0.3018,0.31,0.31,-0.008199999999999985,0.0
h1,0.3007,0.31,0.31,-0.009299999999999975,0.0
h1,0.31,0.44,0.44,-0.13,0.0
h1,0.43,0.47,0.44,-0.03999999999999998,-0.02999999999999997
h1,0.44,0.49,0.49,-0.04999999999999999,0.0
h1,0.48,0.45,0.47,0.02999999999999997,0.019999999999999962
h1,0.48,0.4,0.45,0.07999999999999996,0.04999999999999999
h1,0.42,0.4,0.45,0.019999999999999962,0.04999999999999999
h1,0.4,0.42,0.39,-0.019999999999999962,-0.02999999999999997
h1,0.42,0.42,0.39,0.0,-0.02999999999999997
h1,0.42,0.42,0.39,0.0,-0.02999999999999997
h1,0.40979999999999994,0.41,0.44,-0.00020000000000003348,0.030000000000000027
h1,0.40159999999999996,0.44,0.43,-0.038400000000000045,-0.010000000000000009
h1,0.43,0.45,0.45,-0.020000000000000018,0.0
h1,0.43,0.44,0.44,-0.010000000000000009,0.0
h1,0.43,0.38,0.38,0.04999999999999999,0.0
h1,0.65,0.7,0.7,-0.04999999999999993,0.0
h1,0.7056,0.74,0.74,-0.034399999999999986,0.0
h1,0.75,0.76,0.76,-0.010000000000000009,0.0
h1,0.25,0.37,0.39,-0.12,0.020000000000000018
h1,0.38079999999999997,0.44,0.45,-0.05920000000000003,0.010000000000000009
h1,0.55,0.58,0.57,-0.029999999999999916,-0.010000000000000009
h1,0.55,0.58,0.58,-0.029999999999999916,0.0
h1,0.56,0.58,0.58,-0.019999999999999907,0.0
h1,0.56,0.58,0.58,-0.019999999999999907,0.0
h1,0.56,0.58,0.58,-0.019999999999999907,0.0
h1,0.56,0.57,0.57,-0.009999999999999898,0.0
h1,0.56,0.57,0.57,-0.009999999999999898,0.0
h1,0.5794,0.6,0.59,-0.02059999999999995,-0.010000000000000009
h1,0.58,0.6,0.6,-0.020000000000000018,0.0
h1,0.4156,0.42,0.42,-0.0043999999999999595,0.0
h1,0.4311,0.42,0.42,0.011099999999999999,0.0
h1,0.42,0.41,0.41,0.010000000000000009,0.0
h1,0.86,0.88,0.88,-0.020000000000000018,0.0
h1,0.11,0.13,0.13,-0.020000000000000004,0.0
h1,0.1,0.13,0.13,-0.03,0.0
h1,0.87,0.89,0.89,-0.020000000000000018,0.0
h1,0.87,0.9,0.89,-0.030000000000000027,-0.010000000000000009
h1,0.87,0.9,0.89,-0.030000000000000027,-0.010000000000000009
h1,0.87,0.89,0.89,-0.020000000000000018,0.0
h1,0.87,0.92,0.88,-0.050000000000000044,-0.040000000000000036
h1,0.87,0.91,0.92,-0.040000000000000036,0.010000000000000009
h1,0.87,0.91,0.92,-0.040000000000000036,0.010000000000000009
h1,0.09,0.11,0.11,-0.020000000000000004,0.0
h1,0.09,0.09,0.09,0.0,0.0
h1,0.92,0.92,0.92,0.0,0.0
h1,0.9175,0.92,0.92,-0.0025000000000000577,0.0
h1,0.92,0.92,0.92,0.0,0.0
h1,0.4153,0.54,0.54,-0.12470000000000003,0.0
h1,0.098,0.54,0.54,-0.44200000000000006,0.0
h1,0.5035000000000001,0.54,0.54,-0.03649999999999998,0.0
h1,0.52,0.52,0.52,0.0,0.0
h1,0.48,0.49,0.49,-0.010000000000000009,0.0
h1,0.47,0.48,0.48,-0.010000000000000009,0.0
h1,0.47,0.48,0.48,-0.010000000000000009,0.0
h1,0.47,0.48,0.48,-0.010000000000000009,0.0
h1,0.47,0.48,0.48,-0.010000000000000009,0.0
h1,0.47,0.48,0.48,-0.010000000000000009,0.0
h1,0.47,0.49,0.49,-0.020000000000000018,0.0
h1,0.47,0.49,0.49,-0.020000000000000018,0.0
h1,0.47,0.49,0.49,-0.020000000000000018,0.0
h1,0.47,0.49,0.49,-0.020000000000000018,0.0
h1,0.47,0.49,0.49,-0.020000000000000018,0.0
h1,0.47,0.5,0.5,-0.030000000000000027,0.0
h1,0.47,0.5,0.5,-0.030000000000000027,0.0
h1,0.49,0.48,0.48,0.010000000000000009,0.0
h1,0.4833,0.51,0.5,-0.0267,-0.010000000000000009
h1,0.47,0.51,0.5,-0.040000000000000036,-0.010000000000000009
h1,0.5,0.51,0.5,-0.010000000000000009,-0.010000000000000009
h1,0.46,0.49,0.49,-0.02999999999999997,0.0
h1,0.48,0.48,0.49,0.0,0.010000000000000009
h1,0.42,0.49,0.49,-0.07,0.0
h1,0.42,0.49,0.49,-0.07,0.0
h1,0.41,0.49,0.49,-0.08000000000000002,0.0
h1,0.41,0.49,0.49,-0.08000000000000002,0.0
h1,0.41,0.49,0.49,-0.08000000000000002,0.0
h1,0.41,0.49,0.49,-0.08000000000000002,0.0
h1,0.41,0.49,0.49,-0.08000000000000002,0.0
h1,0.41,0.49,0.49,-0.08000000000000002,0.0
h1,0.41,0.49,0.49,-0.08000000000000002,0.0
h1,0.41,0.49,0.49,-0.08000000000000002,0.0
h1,0.41,0.49,0.49,-0.08000000000000002,0.0
h1,0.41,0.49,0.49,-0.08000000000000002,0.0
h1,0.41,0.49,0.49,-0.08000000000000002,0.0
h1,0.41,0.49,0.49,-0.08000000000000002,0.0
h1,0.38,0.19,0.19,0.19,0.0
h1,0.47,0.47,0.47,0.0,0.0
h1,0.47,0.47,0.47,0.0,0.0
h1,0.47,0.47,0.47,0.0,0.0
h1,0.47,0.47,0.47,0.0,0.0
h1,0.47,0.47,0.47,0.0,0.0
h1,0.47,0.47,0.47,0.0,0.0
h1,0.49,0.5,0.5,-0.010000000000000009,0.0
h1,0.49,0.5,0.5,-0.010000000000000009,0.0
h1,0.5,0.5,0.5,0.0,0.0
h1,0.5,0.5,0.5,0.0,0.0
h1,0.5,0.5,0.5,0.0,0.0
h1,0.5,0.5,0.5,0.0,0.0
h1,0.5,0.53,0.52,-0.030000000000000027,-0.010000000000000009
h1,0.52,0.53,0.53,-0.010000000000000009,0.0
h1,0.44,0.45,0.45,-0.010000000000000009,0.0
h1,0.44,0.45,0.45,-0.010000000000000009,0.0
h1,0.44,0.45,0.45,-0.010000000000000009,0.0
h1,0.44,0.45,0.45,-0.010000000000000009,0.0
h1,0.44,0.39,0.39,0.04999999999999999,0.0
h1,0.37,0.39,0.39,-0.020000000000000018,0.0
h1,0.38,0.4,0.4,-0.020000000000000018,0.0
h1,0.55,0.57,0.57,-0.019999999999999907,0.0
h1,0.55,0.57,0.57,-0.019999999999999907,0.0
h1,0.57,0.58,0.58,-0.010000000000000009,0.0
h1,0.57,0.58,0.58,-0.010000000000000009,0.0
h1,0.58,0.59,0.59,-0.010000000000000009,0.0
h1,0.6,0.6,0.6,0.0,0.0
h1,0.62,0.63,0.63,-0.010000000000000009,0.0
h1,0.62,0.63,0.63,-0.010000000000000009,0.0
h1,0.62,0.63,0.63,-0.010000000000000009,0.0
h1,0.6393,0.64,0.64,-0.0007000000000000339,0.0
h1,0.63,0.7,0.64,-0.06999999999999995,-0.05999999999999994
h1,0.69,0.69,0.69,0.0,0.0
h1,0.69,0.69,0.69,0.0,0.0
h1,0.7,0.69,0.69,0.010000000000000009,0.0
h1,0.66,0.66,0.66,0.0,0.0
h1,0.32,0.31,0.31,0.010000000000000009,0.0
h1,0.66,0.66,0.66,0.0,0.0
h1,0.36,0.38,0.38,-0.020000000000000018,0.0
h1,0.61,0.63,0.63,-0.020000000000000018,0.0
h1,0.38,0.39,0.39,-0.010000000000000009,0.0
h1,0.38,0.39,0.39,-0.010000000000000009,0.0
h1,0.5275,0.52,0.52,0.007499999999999951,0.0
h1,0.52,0.53,0.53,-0.010000000000000009,0.0
h1,0.52,0.53,0.53,-0.010000000000000009,0.0
h1,0.48,0.53,0.53,-0.050000000000000044,0.0
h1,0.52,0.53,0.53,-0.010000000000000009,0.0
h1,0.52,0.53,0.53,-0.010000000000000009,0.0
h1,0.52,0.53,0.53,-0.010000000000000009,0.0
h1,0.52,0.53,0.53,-0.010000000000000009,0.0
h1,0.52,0.53,0.53,-0.010000000000000009,0.0
h1,0.52,0.53,0.53,-0.010000000000000009,0.0
h1,0.53,0.54,0.54,-0.010000000000000009,0.0
h1,0.53,0.54,0.54,-0.010000000000000009,0.0
h1,0.53,0.54,0.54,-0.010000000000000009,0.0
h1,0.53,0.54,0.54,-0.010000000000000009,0.0
h1,0.53,0.53,0.53,0.0,0.0
h1,0.55,0.56,0.56,-0.010000000000000009,0.0
h1,0.55,0.56,0.56,-0.010000000000000009,0.0
h1,0.55,0.56,0.56,-0.010000000000000009,0.0
h1,0.55,0.56,0.56,-0.010000000000000009,0.0
h1,0.5,0.52,0.52,-0.020000000000000018,0.0
h1,0.5,0.52,0.52,-0.020000000000000018,0.0
h1,0.52,0.54,0.54,-0.020000000000000018,0.0
h1,0.45,0.48,0.48,-0.02999999999999997,0.0
h1,0.47,0.48,0.48,-0.010000000000000009,0.0
h1,0.47,0.48,0.48,-0.010000000000000009,0.0
h1,0.47,0.48,0.48,-0.010000000000000009,0.0
h1,0.47,0.48,0.48,-0.010000000000000009,0.0
h1,0.47,0.48,0.48,-0.010000000000000009,0.0
h1,0.48,0.49,0.49,-0.010000000000000009,0.0
h1,0.48,0.49,0.49,-0.010000000000000009,0.0
h1,0.48,0.49,0.49,-0.010000000000000009,0.0
h1,0.48,0.49,0.49,-0.010000000000000009,0.0
h1,0.48,0.49,0.49,-0.010000000000000009,0.0
h1,0.46,0.48,0.47,-0.019999999999999962,-0.010000000000000009
h1,0.46,0.47,0.47,-0.009999999999999953,0.0
h1,0.46,0.47,0.47,-0.009999999999999953,0.0
h1,0.46,0.47,0.47,-0.009999999999999953,0.0
h1,0.46,0.47,0.47,-0.009999999999999953,0.0
h1,0.46,0.47,0.47,-0.009999999999999953,0.0
h1,0.46,0.47,0.47,-0.009999999999999953,0.0
h1,0.46,0.47,0.47,-0.009999999999999953,0.0
h1,0.46,0.47,0.47,-0.009999999999999953,0.0
h1,0.46,0.47,0.47,-0.009999999999999953,0.0
h1,0.46,0.47,0.47,-0.009999999999999953,0.0
h1,0.53,0.55,0.55,-0.020000000000000018,0.0
h1,0.53,0.55,0.55,-0.020000000000000018,0.0
h1,0.55,0.56,0.56,-0.010000000000000009,0.0
h1,0.56,0.57,0.57,-0.009999999999999898,0.0
h1,0.56,0.57,0.57,-0.009999999999999898,0.0
h1,0.56,0.57,0.57,-0.009999999999999898,0.0
h1,0.56,0.57,0.57,-0.009999999999999898,0.0
h1,0.56,0.57,0.57,-0.009999999999999898,0.0
m15,0.38,0.39,0.39,-0.010000000000000009,0.0
m15,0.39,0.39,0.39,0.0,0.0
h1,0.47,0.49,0.49,-0.020000000000000018,0.0
h1,0.48,0.49,0.49,-0.010000000000000009,0.0
m15,0.38,0.39,0.39,-0.010000000000000009,0.0
m15,0.38,0.39,0.39,-0.010000000000000009,0.0
m15,0.38,0.39,0.39,-0.010000000000000009,0.0
m15,0.38,0.39,0.39,-0.010000000000000009,0.0
m15,0.38,0.39,0.39,-0.010000000000000009,0.0
m15,0.38,0.39,0.39,-0.010000000000000009,0.0
h1,0.46,0.47,0.47,-0.009999999999999953,0.0
h1,0.46,0.46,0.46,0.0,0.0
m15,0.56,0.58,0.58,-0.019999999999999907,0.0
m15,0.56,0.58,0.58,-0.019999999999999907,0.0
h1,0.44,0.45,0.45,-0.010000000000000009,0.0
h1,0.44,0.46,0.46,-0.020000000000000018,0.0
h1,0.44,0.45,0.45,-0.010000000000000009,0.0
h1,0.44,0.45,0.45,-0.010000000000000009,0.0
h1,0.44,0.45,0.45,-0.010000000000000009,0.0
m15,0.53,0.56,0.56,-0.030000000000000027,0.0
m15,0.48,0.48,0.48,0.0,0.0
m15,0.48,0.48,0.48,0.0,0.0
m15,0.55,0.56,0.56,-0.010000000000000009,0.0
m15,0.55,0.56,0.56,-0.010000000000000009,0.0
m15,0.55,0.56,0.56,-0.010000000000000009,0.0
m15,0.55,0.5,0.5,0.050000000000000044,0.0
h1,0.43,0.44,0.44,-0.010000000000000009,0.0
h1,0.43,0.44,0.44,-0.010000000000000009,0.0
m15,0.49,0.49,0.49,0.0,0.0
h1,0.43,0.44,0.44,-0.010000000000000009,0.0
h1,0.43,0.44,0.44,-0.010000000000000009,0.0
h1,0.41,0.42,0.42,-0.010000000000000009,0.0
h1,0.41,0.42,0.42,-0.010000000000000009,0.0
h1,0.41,0.42,0.42,-0.010000000000000009,0.0
h1,0.41,0.42,0.42,-0.010000000000000009,0.0
h1,0.41,0.42,0.42,-0.010000000000000009,0.0
m15,0.38,0.41,0.41,-0.02999999999999997,0.0
m15,0.59,0.7,0.7,-0.10999999999999999,0.0
h1,0.48,0.5,0.5,-0.020000000000000018,0.0
m15,0.68,0.69,0.69,-0.009999999999999898,0.0
m15,0.68,0.69,0.69,-0.009999999999999898,0.0
m15,0.68,0.69,0.69,-0.009999999999999898,0.0
m15,0.67,0.69,0.69,-0.019999999999999907,0.0
m15,0.69,0.72,0.73,-0.030000000000000027,0.010000000000000009
h1,0.5188,0.53,0.53,-0.011199999999999988,0.0
m15,0.18,0.19,0.19,-0.010000000000000009,0.0
m15,0.18,0.19,0.19,-0.010000000000000009,0.0
m15,0.79,0.82,0.82,-0.029999999999999916,0.0
m15,0.18,0.19,0.19,-0.010000000000000009,0.0
h1,0.59,0.61,0.6,-0.020000000000000018,-0.010000000000000009
h1,0.59,0.61,0.6,-0.020000000000000018,-0.010000000000000009
h1,0.59,0.61,0.6,-0.020000000000000018,-0.010000000000000009
m15,0.18,0.19,0.19,-0.010000000000000009,0.0
m15,0.18,0.19,0.19,-0.010000000000000009,0.0
m15,0.18,0.19,0.19,-0.010000000000000009,0.0
m15,0.18,0.19,0.19,-0.010000000000000009,0.0
m15,0.18,0.19,0.19,-0.010000000000000009,0.0
h1,0.59,0.62,0.61,-0.030000000000000027,-0.010000000000000009
m15,0.18,0.18,0.19,0.0,0.010000000000000009
m15,0.18,0.18,0.19,0.0,0.010000000000000009
m15,0.19,0.18,0.19,0.010000000000000009,0.010000000000000009
h1,0.61,0.61,0.61,0.0,0.0
m15,0.17,0.17,0.17,0.0,0.0
m15,0.17,0.17,0.17,0.0,0.0
m15,0.17,0.17,0.17,0.0,0.0
m15,0.17,0.17,0.17,0.0,0.0
m15,0.17,0.17,0.17,0.0,0.0
m15,0.17,0.17,0.17,0.0,0.0
m15,0.81,0.84,0.83,-0.029999999999999916,-0.010000000000000009
h1,0.62,0.65,0.65,-0.030000000000000027,0.0
h1,0.64,0.65,0.65,-0.010000000000000009,0.0
h1,0.65,0.67,0.67,-0.020000000000000018,0.0
h1,0.66,0.67,0.67,-0.010000000000000009,0.0
m15,0.82,0.81,0.83,0.009999999999999898,0.019999999999999907
m15,0.82,0.83,0.83,-0.010000000000000009,0.0
m15,0.82,0.83,0.83,-0.010000000000000009,0.0
m15,0.16,0.17,0.17,-0.010000000000000009,0.0
m15,0.16,0.17,0.17,-0.010000000000000009,0.0
m15,0.16,0.17,0.17,-0.010000000000000009,0.0
m15,0.16,0.17,0.17,-0.010000000000000009,0.0
m15,0.16,0.17,0.17,-0.010000000000000009,0.0
m15,0.16,0.17,0.17,-0.010000000000000009,0.0
m15,0.16,0.17,0.17,-0.010000000000000009,0.0
m15,0.16,0.17,0.17,-0.010000000000000009,0.0
m15,0.16,0.17,0.17,-0.010000000000000009,0.0
m15,0.16,0.17,0.17,-0.010000000000000009,0.0
m15,0.16,0.17,0.17,-0.010000000000000009,0.0
m15,0.16,0.17,0.17,-0.010000000000000009,0.0
m15,0.16,0.17,0.17,-0.010000000000000009,0.0
m15,0.16,0.17,0.17,-0.010000000000000009,0.0
m15,0.16,0.17,0.17,-0.010000000000000009,0.0
m15,0.16,0.17,0.17,-0.010000000000000009,0.0
m15,0.16,0.17,0.17,-0.010000000000000009,0.0
m15,0.16,0.17,0.17,-0.010000000000000009,0.0
m15,0.16,0.17,0.17,-0.010000000000000009,0.0
m15,0.16,0.17,0.17,-0.010000000000000009,0.0
m15,0.16,0.17,0.17,-0.010000000000000009,0.0
m15,0.16,0.17,0.17,-0.010000000000000009,0.0
m15,0.16,0.17,0.17,-0.010000000000000009,0.0
m15,0.16,0.18,0.17,-0.01999999999999999,-0.009999999999999981
m15,0.16,0.18,0.17,-0.01999999999999999,-0.009999999999999981
m15,0.16,0.18,0.18,-0.01999999999999999,0.0
h1,0.73,0.74,0.74,-0.010000000000000009,0.0
m15,0.1,0.11,0.11,-0.009999999999999995,0.0
m15,0.1,0.11,0.11,-0.009999999999999995,0.0
m15,0.1,0.11,0.11,-0.009999999999999995,0.0
m15,0.1,0.11,0.11,-0.009999999999999995,0.0
m15,0.1,0.1,0.1,0.0,0.0
h1,0.73,0.76,0.76,-0.030000000000000027,0.0
h1,0.73,0.76,0.76,-0.030000000000000027,0.0
h1,0.24,0.25,0.25,-0.010000000000000009,0.0
h1,0.21,0.22,0.22,-0.010000000000000009,0.0
m15,0.91,0.92,0.91,-0.010000000000000009,-0.010000000000000009
h1,0.21,0.22,0.22,-0.010000000000000009,0.0
h1,0.21,0.22,0.22,-0.010000000000000009,0.0
h1,0.21,0.22,0.22,-0.010000000000000009,0.0
h1,0.21,0.22,0.22,-0.010000000000000009,0.0
h1,0.21,0.22,0.22,-0.010000000000000009,0.0
h1,0.22,0.23,0.23,-0.010000000000000009,0.0
h1,0.22,0.23,0.23,-0.010000000000000009,0.0
m15,0.9,0.9,0.9,0.0,0.0
m15,0.9,0.9,0.9,0.0,0.0
m15,0.9,0.9,0.9,0.0,0.0
m15,0.9,0.9,0.9,0.0,0.0
m15,0.9,0.9,0.9,0.0,0.0
m15,0.9,0.9,0.9,0.0,0.0
m15,0.1,0.11,0.11,-0.009999999999999995,0.0
m15,0.1,0.11,0.11,-0.009999999999999995,0.0
m15,0.1,0.11,0.11,-0.009999999999999995,0.0
m15,0.1,0.11,0.11,-0.009999999999999995,0.0
m15,0.1,0.11,0.11,-0.009999999999999995,0.0
m15,0.1,0.12,0.11,-0.01999999999999999,-0.009999999999999995
m15,0.1,0.12,0.13,-0.01999999999999999,0.010000000000000009
m15,0.11,0.12,0.13,-0.009999999999999995,0.010000000000000009
h1,0.24,0.3,0.3,-0.06,0.0
m15,0.11,0.13,0.13,-0.020000000000000004,0.0
h1,0.28,0.3,0.3,-0.019999999999999962,0.0
m15,0.86,0.88,0.88,-0.020000000000000018,0.0
m15,0.87,0.88,0.88,-0.010000000000000009,0.0
m15,0.11,0.16,0.12,-0.05,-0.04000000000000001
m15,0.11,0.16,0.15,-0.05,-0.010000000000000009
h1,0.64,0.66,0.66,-0.020000000000000018,0.0
m15,0.84,0.85,0.85,-0.010000000000000009,0.0
m15,0.84,0.85,0.85,-0.010000000000000009,0.0
m15,0.84,0.85,0.85,-0.010000000000000009,0.0
m15,0.84,0.85,0.85,-0.010000000000000009,0.0
m15,0.84,0.85,0.85,-0.010000000000000009,0.0
m15,0.84,0.85,0.85,-0.010000000000000009,0.0
m15,0.84,0.85,0.85,-0.010000000000000009,0.0
m15,0.84,0.85,0.85,-0.010000000000000009,0.0
m15,0.84,0.85,0.85,-0.010000000000000009,0.0
m15,0.84,0.85,0.85,-0.010000000000000009,0.0
m15,0.84,0.85,0.85,-0.010000000000000009,0.0
m15,0.84,0.85,0.85,-0.010000000000000009,0.0
m15,0.84,0.85,0.85,-0.010000000000000009,0.0
m15,0.84,0.85,0.85,-0.010000000000000009,0.0
m15,0.83,0.82,0.82,0.010000000000000009,0.0
m15,0.83,0.82,0.82,0.010000000000000009,0.0
m15,0.83,0.82,0.82,0.010000000000000009,0.0
m15,0.83,0.82,0.82,0.010000000000000009,0.0
m15,0.83,0.78,0.83,0.04999999999999993,0.04999999999999993
m15,0.83,0.78,0.83,0.04999999999999993,0.04999999999999993
m15,0.17,0.26,0.25,-0.09,-0.010000000000000009
m15,0.17,0.26,0.25,-0.09,-0.010000000000000009
m15,0.17,0.26,0.25,-0.09,-0.010000000000000009
m15,0.17,0.26,0.25,-0.09,-0.010000000000000009
m15,0.17,0.26,0.25,-0.09,-0.010000000000000009
m15,0.17,0.26,0.25,-0.09,-0.010000000000000009
m15,0.17,0.26,0.25,-0.09,-0.010000000000000009
m15,0.17,0.26,0.25,-0.09,-0.010000000000000009
m15,0.17,0.26,0.25,-0.09,-0.010000000000000009
m15,0.2002,0.23,0.24,-0.02980000000000002,0.009999999999999981
h1,0.4,0.41,0.41,-0.009999999999999953,0.0
h1,0.4,0.41,0.41,-0.009999999999999953,0.0
m15,0.84,0.85,0.85,-0.010000000000000009,0.0
m15,0.84,0.85,0.85,-0.010000000000000009,0.0
m15,0.84,0.86,0.86,-0.020000000000000018,0.0
m15,0.84,0.86,0.86,-0.020000000000000018,0.0
m15,0.84,0.86,0.86,-0.020000000000000018,0.0
m15,0.84,0.86,0.86,-0.020000000000000018,0.0
m15,0.84,0.86,0.86,-0.020000000000000018,0.0
m15,0.84,0.86,0.86,-0.020000000000000018,0.0
m15,0.85,0.9,0.89,-0.050000000000000044,-0.010000000000000009
m15,0.85,0.9,0.89,-0.050000000000000044,-0.010000000000000009
m15,0.85,0.9,0.89,-0.050000000000000044,-0.010000000000000009
m15,0.85,0.9,0.89,-0.050000000000000044,-0.010000000000000009
m15,0.85,0.9,0.89,-0.050000000000000044,-0.010000000000000009
m15,0.85,0.9,0.89,-0.050000000000000044,-0.010000000000000009
m5,0.47,0.6,0.6,-0.13,0.0
m5,0.5476,0.58,0.59,-0.032399999999999984,0.010000000000000009
m5,0.42,0.42,0.42,0.0,0.0
m5,0.49,0.56,0.56,-0.07000000000000006,0.0
m15,0.08,0.09,0.09,-0.009999999999999995,0.0
m15,0.08,0.09,0.09,-0.009999999999999995,0.0
m15,0.08,0.09,0.09,-0.009999999999999995,0.0
m15,0.08,0.09,0.09,-0.009999999999999995,0.0
m15,0.08,0.09,0.09,-0.009999999999999995,0.0
m15,0.08,0.09,0.09,-0.009999999999999995,0.0
m15,0.08,0.09,0.09,-0.009999999999999995,0.0
m15,0.08,0.09,0.09,-0.009999999999999995,0.0
m15,0.08,0.09,0.09,-0.009999999999999995,0.0
m15,0.08,0.09,0.09,-0.009999999999999995,0.0
m15,0.08,0.09,0.09,-0.009999999999999995,0.0
m15,0.08,0.09,0.09,-0.009999999999999995,0.0
m15,0.08,0.09,0.09,-0.009999999999999995,0.0
m15,0.08,0.09,0.09,-0.009999999999999995,0.0
m15,0.08,0.09,0.09,-0.009999999999999995,0.0
m15,0.08,0.09,0.09,-0.009999999999999995,0.0
m15,0.08,0.09,0.09,-0.009999999999999995,0.0
m15,0.08,0.09,0.09,-0.009999999999999995,0.0
m15,0.06,0.07,0.09,-0.010000000000000009,0.01999999999999999
m15,0.06,0.07,0.09,-0.010000000000000009,0.01999999999999999
m15,0.06,0.07,0.09,-0.010000000000000009,0.01999999999999999
m15,0.06,0.07,0.09,-0.010000000000000009,0.01999999999999999
h1,0.33,0.35,0.35,-0.019999999999999962,0.0
m5,0.3865,0.3,0.29,0.08650000000000002,-0.010000000000000009
m5,0.6622,0.71,0.72,-0.047799999999999954,0.010000000000000009
m15,0.89,0.91,0.91,-0.020000000000000018,0.0
m15,0.06,0.06,0.06,0.0,0.0
m15,0.06,0.06,0.06,0.0,0.0
m15,0.06,0.06,0.06,0.0,0.0
m15,0.06,0.06,0.06,0.0,0.0
m15,0.06,0.06,0.06,0.0,0.0
m5,0.65,0.68,0.69,-0.030000000000000027,0.009999999999999898
m15,0.93,0.95,0.95,-0.019999999999999907,0.0
h1,0.36,0.37,0.37,-0.010000000000000009,0.0
h1,0.36,0.37,0.37,-0.010000000000000009,0.0
m5,0.64,0.68,0.67,-0.040000000000000036,-0.010000000000000009
m5,0.65,0.74,0.74,-0.08999999999999997,0.0
m5,0.32,0.4,0.4,-0.08000000000000002,0.0
m5,0.6194,0.57,0.56,0.0494,-0.009999999999999898
m5,0.6767,0.71,0.7,-0.033299999999999996,-0.010000000000000009
m5,0.3331,0.36,0.28,-0.02689999999999998,-0.07999999999999996
m15,0.95,0.98,0.98,-0.030000000000000027,0.0
m15,0.95,0.98,0.98,-0.030000000000000027,0.0
m5,0.5554,0.4,0.45,0.15539999999999998,0.04999999999999999
m5,0.52,0.36,0.35,0.16000000000000003,-0.010000000000000009
m5,0.44909999999999994,0.33,0.34,0.11909999999999993,0.010000000000000009
m5,0.36,0.38,0.35,-0.020000000000000018,-0.030000000000000027
m5,0.4008,0.63,0.69,-0.22920000000000001,0.05999999999999994
m5,0.32,0.63,0.69,-0.31,0.05999999999999994
m5,0.6461,0.63,0.66,0.016100000000000003,0.030000000000000027
m5,0.5243,0.63,0.66,-0.10570000000000002,0.030000000000000027
m5,0.37,0.38,0.38,-0.010000000000000009,0.0
h1,0.41,0.43,0.41,-0.020000000000000018,-0.020000000000000018
m5,0.62,0.61,0.42,0.010000000000000009,-0.19
m5,0.6164000000000001,0.61,0.42,0.006400000000000072,-0.19
m5,0.5848,0.56,0.58,0.024799999999999933,0.019999999999999907
m5,0.58,0.56,0.45,0.019999999999999907,-0.11000000000000004
m5,0.4586,0.35,0.35,0.10860000000000003,0.0
m5,0.22210000000000002,0.35,0.35,-0.12789999999999996,0.0
m5,0.48,0.74,0.8,-0.26,0.06000000000000005
m5,0.6543000000000001,0.74,0.8,-0.08569999999999989,0.06000000000000005
h1,0.28,0.31,0.3,-0.02999999999999997,-0.010000000000000009
h1,0.28,0.31,0.3,-0.02999999999999997,-0.010000000000000009
h1,0.28,0.31,0.3,-0.02999999999999997,-0.010000000000000009
h1,0.28,0.31,0.3,-0.02999999999999997,-0.010000000000000009
h1,0.28,0.31,0.3,-0.02999999999999997,-0.010000000000000009
h1,0.27,0.31,0.3,-0.03999999999999998,-0.010000000000000009
h1,0.27,0.31,0.3,-0.03999999999999998,-0.010000000000000009
h1,0.28,0.31,0.3,-0.02999999999999997,-0.010000000000000009
h1,0.28,0.34,0.34,-0.06,0.0
h1,0.28,0.34,0.34,-0.06,0.0
h1,0.28,0.34,0.34,-0.06,0.0
h1,0.28,0.34,0.34,-0.06,0.0
h1,0.28,0.34,0.34,-0.06,0.0
h1,0.28,0.34,0.34,-0.06,0.0
h1,0.28,0.34,0.34,-0.06,0.0
h1,0.28,0.34,0.34,-0.06,0.0
h1,0.28,0.34,0.34,-0.06,0.0
h1,0.28,0.34,0.34,-0.06,0.0
h1,0.28,0.34,0.34,-0.06,0.0
h1,0.28,0.34,0.34,-0.06,0.0
h1,0.28,0.34,0.34,-0.06,0.0
h1,0.28,0.34,0.34,-0.06,0.0
h1,0.3563,0.37,0.37,-0.01369999999999999,0.0
h1,0.27,0.37,0.37,-0.09999999999999998,0.0
m5,0.69,0.7,0.71,-0.010000000000000009,0.010000000000000009
h1,0.38,0.21,0.21,0.17,0.0
m5,0.5376,0.62,0.61,-0.08240000000000003,-0.010000000000000009
m5,0.5924,0.62,0.62,-0.027599999999999958,0.0
h1,0.2,0.23,0.23,-0.03,0.0
h1,0.2,0.23,0.23,-0.03,0.0
h1,0.2,0.23,0.23,-0.03,0.0
h1,0.2,0.23,0.23,-0.03,0.0
h1,0.2,0.23,0.23,-0.03,0.0
h1,0.2,0.23,0.23,-0.03,0.0
h1,0.2,0.23,0.23,-0.03,0.0
h1,0.2,0.23,0.23,-0.03,0.0
h1,0.2,0.23,0.23,-0.03,0.0
h1,0.2,0.23,0.23,-0.03,0.0
h1,0.77,0.78,0.79,-0.010000000000000009,0.010000000000000009
m15,0.45,0.46,0.46,-0.010000000000000009,0.0
m15,0.45,0.46,0.46,-0.010000000000000009,0.0
m15,0.45,0.46,0.46,-0.010000000000000009,0.0
m15,0.45,0.46,0.46,-0.010000000000000009,0.0
m15,0.45,0.46,0.46,-0.010000000000000009,0.0
m15,0.45,0.46,0.46,-0.010000000000000009,0.0
m15,0.45,0.46,0.46,-0.010000000000000009,0.0
m15,0.45,0.46,0.46,-0.010000000000000009,0.0
m15,0.45,0.46,0.46,-0.010000000000000009,0.0
m15,0.45,0.46,0.46,-0.010000000000000009,0.0
m15,0.45,0.46,0.46,-0.010000000000000009,0.0
m15,0.45,0.46,0.46,-0.010000000000000009,0.0
m15,0.45,0.46,0.46,-0.010000000000000009,0.0
m15,0.45,0.46,0.46,-0.010000000000000009,0.0
h1,0.77,0.78,0.8,-0.010000000000000009,0.020000000000000018
h1,0.2,0.23,0.22,-0.03,-0.010000000000000009
h1,0.2,0.23,0.22,-0.03,-0.010000000000000009
h1,0.2,0.23,0.22,-0.03,-0.010000000000000009
h1,0.77,0.79,0.79,-0.020000000000000018,0.0
m5,0.41,0.33,0.33,0.07999999999999996,0.0
m5,0.33,0.32,0.33,0.010000000000000009,0.010000000000000009
m15,0.53,0.54,0.54,-0.010000000000000009,0.0
m15,0.53,0.54,0.54,-0.010000000000000009,0.0
m15,0.53,0.54,0.54,-0.010000000000000009,0.0
m15,0.53,0.54,0.54,-0.010000000000000009,0.0
m15,0.53,0.55,0.55,-0.020000000000000018,0.0
m15,0.54,0.55,0.55,-0.010000000000000009,0.0
m5,0.4182,0.34,0.4,0.07819999999999999,0.06
h1,0.8,0.81,0.81,-0.010000000000000009,0.0
h1,0.8,0.81,0.81,-0.010000000000000009,0.0
m5,0.55,0.6,0.6,-0.04999999999999993,0.0
h1,0.8,0.82,0.82,-0.019999999999999907,0.0
h1,0.8,0.82,0.82,-0.019999999999999907,0.0
m5,0.5564,0.57,0.57,-0.013599999999999945,0.0
h1,0.8,0.82,0.82,-0.019999999999999907,0.0
m5,0.3675,0.31,0.31,0.057499999999999996,0.0
m5,0.64,0.63,0.62,0.010000000000000009,-0.010000000000000009
m5,0.6781999999999999,0.7,0.71,-0.02180000000000004,0.010000000000000009
m5,0.6329,0.76,0.76,-0.1271,0.0
m5,0.688,0.72,0.73,-0.03200000000000003,0.010000000000000009
h1,0.2,0.21,0.21,-0.009999999999999981,0.0
m5,0.68,0.7,0.72,-0.019999999999999907,0.020000000000000018
h1,0.2,0.21,0.21,-0.009999999999999981,0.0
m15,0.41,0.42,0.42,-0.010000000000000009,0.0
m15,0.41,0.42,0.42,-0.010000000000000009,0.0
m15,0.41,0.42,0.42,-0.010000000000000009,0.0
h1,0.25,0.25,0.25,0.0,0.0
m15,0.6,0.57,0.57,0.030000000000000027,0.0
m15,0.57,0.57,0.57,0.0,0.0
m15,0.56,0.57,0.57,-0.009999999999999898,0.0
m5,0.73,0.73,0.73,0.0,0.0
m5,0.25,0.29,0.28,-0.03999999999999998,-0.009999999999999953
m15,0.54,0.57,0.57,-0.029999999999999916,0.0
m5,0.29,0.29,0.29,0.0,0.0
h1,0.25,0.27,0.26,-0.020000000000000018,-0.010000000000000009
m5,0.73,0.76,0.76,-0.030000000000000027,0.0
m15,0.43,0.44,0.44,-0.010000000000000009,0.0
m15,0.43,0.44,0.44,-0.010000000000000009,0.0
m15,0.55,0.59,0.59,-0.039999999999999925,0.0
m5,0.2969,0.66,0.75,-0.36310000000000003,0.08999999999999997
m15,0.38,0.41,0.42,-0.02999999999999997,0.010000000000000009
m5,0.5540999999999999,0.56,0.63,-0.005900000000000127,0.06999999999999995
m15,0.58,0.6,0.59,-0.020000000000000018,-0.010000000000000009
m15,0.58,0.6,0.6,-0.020000000000000018,0.0
m15,0.58,0.6,0.6,-0.020000000000000018,0.0
m5,0.46,0.56,0.55,-0.10000000000000003,-0.010000000000000009
m5,0.5,0.41,0.45,0.09000000000000002,0.040000000000000036
m5,0.7656999999999999,0.55,0.7,0.2156999999999999,0.1499999999999999
h1,0.85,0.86,0.86,-0.010000000000000009,0.0
h1,0.85,0.86,0.86,-0.010000000000000009,0.0
h1,0.85,0.86,0.86,-0.010000000000000009,0.0
m5,0.48969999999999997,0.55,0.54,-0.060300000000000076,-0.010000000000000009
m5,0.5720000000000001,0.51,0.63,0.062000000000000055,0.12
m5,0.5524,0.51,0.63,0.04239999999999999,0.12
h1,0.27,0.2,0.2,0.07,0.0
m5,0.3507,0.38,0.38,-0.029299999999999993,0.0
m15,0.4954,0.5,0.5,-0.004599999999999993,0.0
m15,0.5377000000000001,0.57,0.57,-0.032299999999999884,0.0
m5,0.6838,0.7,0.69,-0.016199999999999992,-0.010000000000000009
m5,0.6884999999999999,0.68,0.68,0.008499999999999841,0.0
h1,0.83,0.84,0.84,-0.010000000000000009,0.0
m5,0.7,0.66,0.71,0.039999999999999925,0.04999999999999993
h1,0.83,0.84,0.84,-0.010000000000000009,0.0
m5,0.6661,0.61,0.64,0.05610000000000004,0.030000000000000027
m5,0.64,0.56,0.59,0.07999999999999996,0.029999999999999916
h1,0.83,0.84,0.84,-0.010000000000000009,0.0
m5,0.5967,0.5,0.5,0.09670000000000001,0.0
m5,0.61,0.5,0.5,0.10999999999999999,0.0
m5,0.58,0.5,0.5,0.07999999999999996,0.0
m5,0.5496,0.47,0.49,0.0796,0.020000000000000018
m5,0.49,0.44,0.48,0.04999999999999999,0.03999999999999998
h1,0.83,0.87,0.84,-0.040000000000000036,-0.030000000000000027
h1,0.83,0.87,0.84,-0.040000000000000036,-0.030000000000000027
h1,0.85,0.89,0.89,-0.040000000000000036,0.0
m5,0.4043,0.47,0.53,-0.06569999999999998,0.06000000000000005
m5,0.40149999999999997,0.37,0.39,0.03149999999999997,0.020000000000000018
h1,0.88,0.89,0.89,-0.010000000000000009,0.0
m5,0.64,0.59,0.59,0.050000000000000044,0.0
m5,0.574,0.52,0.53,0.05399999999999994,0.010000000000000009
h1,0.11,0.13,0.13,-0.020000000000000004,0.0
h1,0.11,0.13,0.13,-0.020000000000000004,0.0
m5,0.53,0.52,0.52,0.010000000000000009,0.0
h1,0.1,0.12,0.12,-0.01999999999999999,0.0
m5,0.47,0.48,0.49,-0.010000000000000009,0.010000000000000009
m5,0.49,0.54,0.53,-0.050000000000000044,-0.010000000000000009
m5,0.51,0.55,0.54,-0.040000000000000036,-0.010000000000000009
h1,0.88,0.91,0.91,-0.030000000000000027,0.0
m5,0.57,0.57,0.65,0.0,0.08000000000000007
m5,0.36,0.44,0.44,-0.08000000000000002,0.0
m5,0.4278,0.44,0.44,-0.012199999999999989,0.0
h1,0.09,0.12,0.12,-0.03,0.0
m5,0.5768,0.54,0.54,0.036799999999999944,0.0
m15,0.62,0.64,0.64,-0.020000000000000018,0.0
h1,0.09,0.11,0.1,-0.020000000000000004,-0.009999999999999995
m5,0.5458,0.58,0.59,-0.03420000000000001,0.010000000000000009
m15,0.66,0.66,0.66,0.0,0.0
m15,0.65,0.64,0.62,0.010000000000000009,-0.020000000000000018
m15,0.39,0.41,0.41,-0.019999999999999962,0.0
m15,0.37,0.41,0.41,-0.03999999999999998,0.0
h1,0.07,0.07,0.07,0.0,0.0
m5,0.4777,0.48,0.48,-0.0022999999999999687,0.0
m15,0.41,0.42,0.43,-0.010000000000000009,0.010000000000000009
m5,0.5,0.49,0.49,0.010000000000000009,0.0
m5,0.49,0.49,0.46,0.0,-0.02999999999999997
m5,0.4508,0.49,0.5,-0.03920000000000001,0.010000000000000009
h1,0.93,0.94,0.94,-0.009999999999999898,0.0
h1,0.93,0.94,0.94,-0.009999999999999898,0.0
m5,0.49,0.52,0.51,-0.030000000000000027,-0.010000000000000009
m5,0.5,0.53,0.52,-0.030000000000000027,-0.010000000000000009
m5,0.49,0.5,0.49,-0.010000000000000009,-0.010000000000000009
m5,0.51,0.48,0.48,0.030000000000000027,0.0
h1,0.06,0.09,0.07,-0.03,-0.01999999999999999
h1,0.06,0.08,0.08,-0.020000000000000004,0.0
h1,0.92,0.92,0.92,0.0,0.0
h1,0.92,0.92,0.92,0.0,0.0
h1,0.92,0.92,0.92,0.0,0.0
h1,0.08,0.09,0.09,-0.009999999999999995,0.0
h1,0.92,0.92,0.92,0.0,0.0
m5,0.5427000000000001,0.53,0.53,0.012700000000000045,0.0
m5,0.5387,0.53,0.53,0.00869999999999993,0.0
h1,0.08,0.09,0.1,-0.009999999999999995,0.010000000000000009
h1,0.08,0.09,0.1,-0.009999999999999995,0.010000000000000009
m5,0.47,0.48,0.47,-0.010000000000000009,-0.010000000000000009
h1,0.08,0.1,0.09,-0.020000000000000004,-0.010000000000000009
h1,0.08,0.1,0.09,-0.020000000000000004,-0.010000000000000009
m5,0.4892,0.46,0.48,0.029200000000000004,0.019999999999999962
m5,0.4772,0.47,0.45,0.00720000000000004,-0.019999999999999962
m5,0.4861,0.47,0.45,0.016100000000000003,-0.019999999999999962
m5,0.4633,0.47,0.48,-0.006699999999999984,0.010000000000000009
m5,0.47119999999999995,0.47,0.47,0.0011999999999999789,0.0
h1,0.9,0.91,0.91,-0.010000000000000009,0.0
h1,0.9,0.92,0.92,-0.020000000000000018,0.0
h1,0.9,0.92,0.92,-0.020000000000000018,0.0
m5,0.45,0.41,0.43,0.040000000000000036,0.020000000000000018
h1,0.91,0.93,0.93,-0.020000000000000018,0.0
h1,0.91,0.93,0.93,-0.020000000000000018,0.0
h1,0.91,0.93,0.93,-0.020000000000000018,0.0
h1,0.06,0.07,0.07,-0.010000000000000009,0.0
h1,0.06,0.07,0.07,-0.010000000000000009,0.0
h1,0.06,0.07,0.07,-0.010000000000000009,0.0
h1,0.05,0.06,0.07,-0.009999999999999995,0.010000000000000009
h1,0.05,0.06,0.07,-0.009999999999999995,0.010000000000000009
m5,0.5318999999999999,0.53,0.52,0.0018999999999999018,-0.010000000000000009
m5,0.48,0.48,0.48,0.0,0.0
h1,0.93,0.89,0.93,0.040000000000000036,0.040000000000000036
h1,0.08,0.14,0.12,-0.06000000000000001,-0.020000000000000018
m5,0.6378,0.62,0.67,0.017800000000000038,0.050000000000000044
m5,0.7,0.82,0.58,-0.12,-0.24
h1,0.86,0.82,0.82,0.040000000000000036,0.0
m5,0.6254,0.79,0.71,-0.16460000000000008,-0.08000000000000007
m15,0.76,0.76,0.8,0.0,0.040000000000000036
m15,0.76,0.75,0.75,0.010000000000000009,0.0
h1,0.82,0.81,0.82,0.009999999999999898,0.009999999999999898
m15,0.77,0.75,0.75,0.020000000000000018,0.0
m15,0.77,0.75,0.75,0.020000000000000018,0.0
m15,0.77,0.75,0.75,0.020000000000000018,0.0
m15,0.77,0.75,0.75,0.020000000000000018,0.0
m15,0.77,0.75,0.75,0.020000000000000018,0.0
h1,0.17,0.17,0.17,0.0,0.0
m15,0.6817,0.68,0.69,0.0016999999999999238,0.009999999999999898
m5,0.43,0.43,0.43,0.0,0.0
h1,0.1975,0.22,0.21,-0.022499999999999992,-0.010000000000000009
m15,0.28,0.3,0.29,-0.019999999999999962,-0.010000000000000009
m5,0.53,0.54,0.53,-0.010000000000000009,-0.010000000000000009
m15,0.3,0.31,0.31,-0.010000000000000009,0.0
h1,0.18,0.21,0.21,-0.03,0.0
h1,0.79,0.81,0.82,-0.020000000000000018,0.009999999999999898
h1,0.79,0.81,0.81,-0.020000000000000018,0.0
h1,0.8,0.81,0.81,-0.010000000000000009,0.0
h1,0.8,0.83,0.82,-0.029999999999999916,-0.010000000000000009
h1,0.8,0.83,0.82,-0.029999999999999916,-0.010000000000000009
m15,0.3,0.31,0.31,-0.010000000000000009,0.0
m15,0.3,0.31,0.31,-0.010000000000000009,0.0
m15,0.3,0.31,0.31,-0.010000000000000009,0.0
h1,0.17,0.19,0.19,-0.01999999999999999,0.0
h1,0.8,0.83,0.83,-0.029999999999999916,0.0
m15,0.29,0.31,0.31,-0.020000000000000018,0.0
h1,0.17,0.19,0.19,-0.01999999999999999,0.0
m15,0.29,0.3,0.3,-0.010000000000000009,0.0
m15,0.29,0.3,0.3,-0.010000000000000009,0.0
m15,0.29,0.3,0.3,-0.010000000000000009,0.0
m15,0.29,0.3,0.3,-0.010000000000000009,0.0
m15,0.29,0.3,0.3,-0.010000000000000009,0.0
h1,0.16,0.17,0.17,-0.010000000000000009,0.0
m15,0.29,0.3,0.3,-0.010000000000000009,0.0
m15,0.29,0.3,0.3,-0.010000000000000009,0.0
m15,0.29,0.3,0.3,-0.010000000000000009,0.0
m15,0.29,0.3,0.3,-0.010000000000000009,0.0
m15,0.31370000000000003,0.48,0.48,-0.16629999999999995,0.0
m5,0.63,0.69,0.69,-0.05999999999999994,0.0
m15,0.44,0.48,0.48,-0.03999999999999998,0.0
h1,0.9,0.91,0.9,-0.010000000000000009,-0.010000000000000009
h1,0.9,0.93,0.91,-0.030000000000000027,-0.020000000000000018
m15,0.5,0.53,0.53,-0.030000000000000027,0.0
h1,0.9,0.93,0.93,-0.030000000000000027,0.0
h1,0.07,0.09,0.09,-0.01999999999999999,0.0
h1,0.07,0.05,0.09,0.020000000000000004,0.039999999999999994
m5,0.7555,0.76,0.76,-0.0045000000000000595,0.0
m15,0.6,0.62,0.62,-0.020000000000000018,0.0
m15,0.38,0.47,0.4,-0.08999999999999997,-0.06999999999999995
m15,0.37,0.47,0.4,-0.09999999999999998,-0.06999999999999995
m15,0.37,0.47,0.4,-0.09999999999999998,-0.06999999999999995
m15,0.37,0.47,0.4,-0.09999999999999998,-0.06999999999999995
m15,0.38,0.47,0.4,-0.08999999999999997,-0.06999999999999995
m15,0.38,0.47,0.4,-0.08999999999999997,-0.06999999999999995
h1,0.95,0.97,0.97,-0.020000000000000018,0.0
m5,0.23,0.31,0.27,-0.07999999999999999,-0.03999999999999998
m5,0.7,0.69,0.7,0.010000000000000009,0.010000000000000009
h1,0.95,0.97,0.97,-0.020000000000000018,0.0
h1,0.95,0.97,0.97,-0.020000000000000018,0.0
m15,0.55,0.56,0.56,-0.010000000000000009,0.0
m15,0.56,0.56,0.56,0.0,0.0
m15,0.5443,0.56,0.56,-0.015700000000000047,0.0
m5,0.29,0.34,0.33,-0.050000000000000044,-0.010000000000000009
m15,0.55,0.5,0.56,0.050000000000000044,0.06000000000000005
h1,0.95,0.96,0.97,-0.010000000000000009,0.010000000000000009
m15,0.44,0.52,0.51,-0.08000000000000002,-0.010000000000000009
m15,0.49,0.5,0.5,-0.010000000000000009,0.0
h1,0.04,0.03,0.04,0.010000000000000002,0.010000000000000002
m15,0.49,0.79,0.6,-0.30000000000000004,-0.19000000000000006
m15,0.49,0.79,0.6,-0.30000000000000004,-0.19000000000000006
m15,0.49,0.79,0.6,-0.30000000000000004,-0.19000000000000006
h1,0.04,0.03,0.04,0.010000000000000002,0.010000000000000002
h1,0.98,0.98,0.98,0.0,0.0
m15,0.7926000000000001,0.77,0.8,0.022600000000000064,0.030000000000000027
m5,0.85,0.81,0.84,0.039999999999999925,0.029999999999999916
h1,0.97,0.98,0.98,-0.010000000000000009,0.0
m15,0.19,0.31,0.31,-0.12,0.0
m15,0.67,0.69,0.72,-0.019999999999999907,0.030000000000000027
m15,0.28,0.34,0.31,-0.06,-0.030000000000000027
m15,0.3,0.33,0.34,-0.030000000000000027,0.010000000000000009
h1,0.03,0.05,0.03,-0.020000000000000004,-0.020000000000000004
m15,0.32,0.33,0.33,-0.010000000000000009,0.0
m5,0.73,0.71,0.71,0.020000000000000018,0.0
m15,0.6940999999999999,0.7,0.7,-0.005900000000000016,0.0
m15,0.6901,0.7,0.7,-0.009899999999999909,0.0
m15,0.3,0.31,0.31,-0.010000000000000009,0.0
m15,0.7,0.7,0.7,0.0,0.0
m5,0.69,0.72,0.72,-0.030000000000000027,0.0
m15,0.7,0.7,0.7,0.0,0.0
m15,0.7,0.7,0.7,0.0,0.0
m15,0.7,0.7,0.7,0.0,0.0
m15,0.7,0.7,0.7,0.0,0.0
m15,0.7,0.7,0.7,0.0,0.0
m15,0.68,0.7,0.7,-0.019999999999999907,0.0
m15,0.71,0.74,0.73,-0.030000000000000027,-0.010000000000000009
m15,0.25,0.25,0.27,0.0,0.020000000000000018
m15,0.25,0.25,0.27,0.0,0.020000000000000018
m15,0.25,0.25,0.27,0.0,0.020000000000000018
m15,0.25,0.25,0.27,0.0,0.020000000000000018
m15,0.25,0.25,0.27,0.0,0.020000000000000018
m15,0.23,0.22,0.24,0.010000000000000009,0.01999999999999999
m15,0.2,0.21,0.21,-0.009999999999999981,0.0
m15,0.2,0.21,0.21,-0.009999999999999981,0.0
m15,0.2,0.21,0.21,-0.009999999999999981,0.0
m5,0.09,0.07,0.05,0.01999999999999999,-0.020000000000000004
m5,0.06,0.11,0.11,-0.05,0.0
m15,0.13,0.13,0.13,0.0,0.0
h1,0.98,1.0,1.0,-0.020000000000000018,0.0
h1,0.98,0.99,1.0,-0.010000000000000009,0.010000000000000009
h1,0.98,0.99,1.0,-0.010000000000000009,0.010000000000000009
h1,0.98,0.99,1.0,-0.010000000000000009,0.010000000000000009
h1,0.98,0.99,1.0,-0.010000000000000009,0.010000000000000009
h1,0.98,0.99,1.0,-0.010000000000000009,0.010000000000000009
h1,0.98,0.99,1.0,-0.010000000000000009,0.010000000000000009
h1,0.98,0.99,1.0,-0.010000000000000009,0.010000000000000009
h1,0.98,0.99,1.0,-0.010000000000000009,0.010000000000000009
h1,0.98,0.99,1.0,-0.010000000000000009,0.010000000000000009
h1,0.98,0.99,1.0,-0.010000000000000009,0.010000000000000009
h1,0.98,0.99,1.0,-0.010000000000000009,0.010000000000000009
h1,0.98,0.99,1.0,-0.010000000000000009,0.010000000000000009
h1,0.98,0.99,1.0,-0.010000000000000009,0.010000000000000009
h1,0.98,0.99,1.0,-0.010000000000000009,0.010000000000000009
h1,0.98,0.99,1.0,-0.010000000000000009,0.010000000000000009
h1,0.98,0.99,1.0,-0.010000000000000009,0.010000000000000009
h1,0.98,0.99,1.0,-0.010000000000000009,0.010000000000000009
h1,0.98,0.99,0.99,-0.010000000000000009,0.0
h1,0.98,0.99,0.99,-0.010000000000000009,0.0
m15,0.94,0.96,0.96,-0.020000000000000018,0.0
h1,0.98,0.99,0.99,-0.010000000000000009,0.0
h1,0.98,1.0,1.0,-0.020000000000000018,0.0
m15,0.95,0.98,0.99,-0.030000000000000027,0.010000000000000009
h1,0.98,0.99,1.0,-0.010000000000000009,0.010000000000000009
m15,0.95,0.98,0.99,-0.030000000000000027,0.010000000000000009
h1,0.98,0.99,0.99,-0.010000000000000009,0.0
m15,0.42,0.42,0.43,0.0,0.010000000000000009
m15,0.42,0.42,0.43,0.0,0.010000000000000009
m15,0.42,0.42,0.42,0.0,0.0
m5,0.5,0.56,0.54,-0.06000000000000005,-0.020000000000000018
m15,0.44,0.46,0.46,-0.020000000000000018,0.0
m5,0.3,0.33,0.32,-0.030000000000000027,-0.010000000000000009
m5,0.65,0.69,0.69,-0.039999999999999925,0.0
m5,0.59,0.6,0.61,-0.010000000000000009,0.010000000000000009
m5,0.5758,0.6,0.61,-0.0242,0.010000000000000009
m5,0.43,0.41,0.4,0.020000000000000018,-0.009999999999999953
m15,0.59,0.6,0.61,-0.010000000000000009,0.010000000000000009
m15,0.59,0.6,0.61,-0.010000000000000009,0.010000000000000009
m15,0.59,0.6,0.61,-0.010000000000000009,0.010000000000000009
m15,0.6,0.59,0.59,0.010000000000000009,0.0
m15,0.6,0.59,0.59,0.010000000000000009,0.0
m15,0.6,0.59,0.59,0.010000000000000009,0.0
m15,0.6,0.59,0.59,0.010000000000000009,0.0
m15,0.6,0.59,0.59,0.010000000000000009,0.0
m15,0.6,0.59,0.59,0.010000000000000009,0.0
m5,0.4,0.45,0.46,-0.04999999999999999,0.010000000000000009
m5,0.44,0.45,0.45,-0.010000000000000009,0.0
m5,0.41,0.45,0.45,-0.040000000000000036,0.0
m5,0.45,0.43,0.44,0.020000000000000018,0.010000000000000009
m5,0.45,0.43,0.42,0.020000000000000018,-0.010000000000000009
m15,0.57,0.56,0.58,0.009999999999999898,0.019999999999999907
m5,0.56,0.53,0.58,0.030000000000000027,0.04999999999999993
m5,0.45,0.58,0.49,-0.12999999999999995,-0.08999999999999997
m5,0.4886,0.58,0.59,-0.09139999999999998,0.010000000000000009
m5,0.6292,0.58,0.59,0.04920000000000002,0.010000000000000009
m5,0.5964,0.59,0.6,0.006400000000000072,0.010000000000000009
m5,0.61,0.59,0.6,0.020000000000000018,0.010000000000000009
m5,0.59,0.61,0.59,-0.020000000000000018,-0.020000000000000018
m5,0.6206,0.61,0.59,0.010600000000000054,-0.020000000000000018
m5,0.59,0.6,0.59,-0.010000000000000009,-0.010000000000000009
m5,0.57,0.58,0.59,-0.010000000000000009,0.010000000000000009
m5,0.4007,0.38,0.4,0.020699999999999996,0.020000000000000018
m15,0.43,0.44,0.44,-0.010000000000000009,0.0
m5,0.6422,0.63,0.6,0.012199999999999989,-0.030000000000000027
m5,0.672,0.8,0.78,-0.128,-0.020000000000000018
m15,0.52,0.54,0.54,-0.020000000000000018,0.0
m5,0.78,0.83,0.82,-0.04999999999999993,-0.010000000000000009
m5,0.8,0.82,0.82,-0.019999999999999907,0.0
m15,0.41,0.42,0.42,-0.010000000000000009,0.0
m5,0.19390000000000002,0.31,0.34,-0.11609999999999998,0.030000000000000027
m15,0.53,0.54,0.54,-0.010000000000000009,0.0
m15,0.53,0.54,0.54,-0.010000000000000009,0.0
m15,0.53,0.54,0.54,-0.010000000000000009,0.0
m15,0.53,0.54,0.54,-0.010000000000000009,0.0
m15,0.53,0.54,0.54,-0.010000000000000009,0.0
m15,0.53,0.54,0.54,-0.010000000000000009,0.0
m15,0.53,0.54,0.54,-0.010000000000000009,0.0
m15,0.53,0.54,0.54,-0.010000000000000009,0.0
m5,0.26,0.34,0.32,-0.08000000000000002,-0.020000000000000018
m15,0.46,0.47,0.47,-0.009999999999999953,0.0
m5,0.6528,0.79,0.68,-0.1372,-0.10999999999999999
m5,0.67,0.79,0.68,-0.12,-0.10999999999999999
m15,0.46,0.47,0.47,-0.009999999999999953,0.0
m5,0.1278,0.11,0.12,0.017799999999999996,0.009999999999999995
m5,0.14,0.11,0.12,0.030000000000000013,0.009999999999999995
m5,0.14,0.11,0.12,0.030000000000000013,0.009999999999999995
m15,0.44,0.45,0.45,-0.010000000000000009,0.0
m15,0.44,0.45,0.45,-0.010000000000000009,0.0
m15,0.44,0.45,0.45,-0.010000000000000009,0.0
m5,0.08,0.05,0.05,0.03,0.0
m5,0.49079999999999996,0.51,0.52,-0.01920000000000005,0.010000000000000009
m5,0.5,0.51,0.52,-0.010000000000000009,0.010000000000000009
m15,0.42460000000000003,0.44,0.44,-0.01539999999999997,0.0
m15,0.43,0.44,0.44,-0.010000000000000009,0.0
m5,0.49,0.51,0.49,-0.020000000000000018,-0.020000000000000018
m5,0.5,0.51,0.51,-0.010000000000000009,0.0
m15,0.56,0.58,0.58,-0.019999999999999907,0.0
m5,0.51,0.53,0.53,-0.020000000000000018,0.0
m5,0.68,0.72,0.73,-0.039999999999999925,0.010000000000000009
m5,0.6709,0.72,0.73,-0.04909999999999992,0.010000000000000009
m15,0.71,0.77,0.77,-0.06000000000000005,0.0
m15,0.76,0.77,0.77,-0.010000000000000009,0.0
m15,0.76,0.77,0.77,-0.010000000000000009,0.0
m15,0.76,0.77,0.77,-0.010000000000000009,0.0
m15,0.76,0.77,0.77,-0.010000000000000009,0.0
m15,0.76,0.77,0.77,-0.010000000000000009,0.0
m15,0.76,0.77,0.77,-0.010000000000000009,0.0
m15,0.76,0.77,0.77,-0.010000000000000009,0.0
m15,0.76,0.77,0.77,-0.010000000000000009,0.0
m15,0.76,0.77,0.77,-0.010000000000000009,0.0
m15,0.76,0.77,0.77,-0.010000000000000009,0.0
m15,0.76,0.77,0.77,-0.010000000000000009,0.0
m5,0.7319,0.58,0.59,0.15190000000000003,0.010000000000000009
m15,0.76,0.77,0.77,-0.010000000000000009,0.0
m5,0.6077,0.52,0.57,0.0877,0.04999999999999993
m5,0.5764,0.44,0.51,0.13640000000000002,0.07
m5,0.514,0.49,0.45,0.02400000000000002,-0.03999999999999998
m5,0.4424,0.4,0.45,0.04239999999999999,0.04999999999999999
m15,0.21,0.22,0.22,-0.010000000000000009,0.0
m15,0.21,0.22,0.22,-0.010000000000000009,0.0
m5,0.4,0.45,0.39,-0.04999999999999999,-0.06
m15,0.77,0.78,0.78,-0.010000000000000009,0.0
m15,0.1,0.18,0.18,-0.07999999999999999,0.0
m15,0.1,0.18,0.18,-0.07999999999999999,0.0
m15,0.14,0.18,0.18,-0.03999999999999998,0.0
m5,0.2502,0.19,0.3,0.060199999999999976,0.10999999999999999
m15,0.86,0.88,0.88,-0.020000000000000018,0.0
m15,0.86,0.88,0.88,-0.020000000000000018,0.0
m5,0.76,0.78,0.79,-0.020000000000000018,0.010000000000000009
m15,0.87,0.89,0.88,-0.020000000000000018,-0.010000000000000009
m5,0.77,0.78,0.8,-0.010000000000000009,0.020000000000000018
m15,0.87,0.91,0.91,-0.040000000000000036,0.0
m5,0.7951,0.76,0.82,0.03510000000000002,0.05999999999999994
m5,0.78,0.79,0.8,-0.010000000000000009,0.010000000000000009
m5,0.21350000000000002,0.22,0.21,-0.006499999999999978,-0.010000000000000009
m15,0.08,0.09,0.09,-0.009999999999999995,0.0
m15,0.08,0.09,0.09,-0.009999999999999995,0.0
m5,0.2,0.2,0.19,0.0,-0.010000000000000009
m5,0.2274,0.23,0.22,-0.002600000000000019,-0.010000000000000009
m5,0.1607,0.23,0.22,-0.0693,-0.010000000000000009
m5,0.25,0.21,0.22,0.04000000000000001,0.010000000000000009
m5,0.78,0.79,0.76,-0.010000000000000009,-0.030000000000000027
m5,0.8,0.74,0.78,0.06000000000000005,0.040000000000000036
m5,0.217,0.24,0.26,-0.022999999999999993,0.020000000000000018
m5,0.24,0.24,0.26,0.0,0.020000000000000018
m5,0.754,0.75,0.78,0.0040000000000000036,0.030000000000000027
m5,0.77,0.74,0.76,0.030000000000000027,0.020000000000000018
m5,0.7806000000000001,0.74,0.76,0.04060000000000008,0.020000000000000018
m5,0.7668,0.78,0.75,-0.01319999999999999,-0.030000000000000027
m5,0.7675,0.78,0.75,-0.012500000000000067,-0.030000000000000027
m15,0.87,0.87,0.87,0.0,0.0
m15,0.87,0.87,0.87,0.0,0.0
m5,0.7562000000000001,0.82,0.81,-0.06379999999999986,-0.009999999999999898
m15,0.86,0.87,0.87,-0.010000000000000009,0.0
m5,0.7561,0.76,0.78,-0.0039000000000000146,0.020000000000000018
m15,0.84,0.79,0.81,0.04999999999999993,0.020000000000000018
m15,0.75,0.7,0.73,0.050000000000000044,0.030000000000000027
m15,0.83,0.7,0.73,0.13,0.030000000000000027
m15,0.75,0.66,0.65,0.08999999999999997,-0.010000000000000009
m15,0.7112999999999999,0.73,0.74,-0.01870000000000005,0.010000000000000009
m15,0.66,0.7,0.72,-0.039999999999999925,0.020000000000000018
m15,0.26,0.32,0.29,-0.06,-0.030000000000000027
m15,0.26,0.32,0.29,-0.06,-0.030000000000000027
m15,0.26,0.32,0.29,-0.06,-0.030000000000000027
m5,0.22260000000000002,0.22,0.21,0.002600000000000019,-0.010000000000000009
m15,0.28,0.31,0.33,-0.02999999999999997,0.020000000000000018
m15,0.29,0.31,0.33,-0.020000000000000018,0.020000000000000018
m5,0.25,0.22,0.22,0.03,0.0
m15,0.29,0.31,0.31,-0.020000000000000018,0.0
m5,0.78,0.87,0.84,-0.08999999999999997,-0.030000000000000027
m15,0.28,0.45,0.4,-0.16999999999999998,-0.04999999999999999
m5,0.79,0.69,0.72,0.10000000000000009,0.030000000000000027
m15,0.69,0.46,0.47,0.22999999999999993,0.009999999999999953
m15,0.6513,0.46,0.47,0.19129999999999997,0.009999999999999953
m15,0.5848,0.46,0.44,0.12479999999999997,-0.020000000000000018
m15,0.31,0.55,0.58,-0.24000000000000005,0.029999999999999916
m15,0.49,0.46,0.44,0.02999999999999997,-0.020000000000000018
m5,0.7272,0.73,0.72,-0.0028000000000000247,-0.010000000000000009
m15,0.45640000000000003,0.55,0.54,-0.09360000000000002,-0.010000000000000009
m15,0.46,0.55,0.54,-0.09000000000000002,-0.010000000000000009
m15,0.45,0.52,0.52,-0.07,0.0
m15,0.45,0.52,0.52,-0.07,0.0
m15,0.45,0.52,0.52,-0.07,0.0
m15,0.45,0.42,0.45,0.030000000000000027,0.030000000000000027
m15,0.45,0.42,0.45,0.030000000000000027,0.030000000000000027
m15,0.45,0.42,0.45,0.030000000000000027,0.030000000000000027
m15,0.45,0.42,0.45,0.030000000000000027,0.030000000000000027
m15,0.45,0.32,0.37,0.13,0.04999999999999999
m15,0.45,0.32,0.37,0.13,0.04999999999999999
m15,0.45,0.32,0.37,0.13,0.04999999999999999
m15,0.45,0.32,0.37,0.13,0.04999999999999999
m15,0.59,0.43,0.52,0.15999999999999998,0.09000000000000002
m15,0.6,0.43,0.52,0.16999999999999998,0.09000000000000002
m15,0.35,0.35,0.63,0.0,0.28
m15,0.4,0.36,0.61,0.040000000000000036,0.25
m15,0.41,0.36,0.61,0.04999999999999999,0.25
m15,0.41,0.35,0.35,0.06,0.0
m15,0.41,0.35,0.35,0.06,0.0
m15,0.41,0.35,0.35,0.06,0.0
m15,0.41,0.35,0.35,0.06,0.0
m15,0.41,0.35,0.35,0.06,0.0
m15,0.41,0.35,0.35,0.06,0.0
m15,0.41,0.35,0.35,0.06,0.0
m15,0.41,0.35,0.35,0.06,0.0
m15,0.66,0.66,0.66,0.0,0.0
m15,0.18,0.16,0.16,0.01999999999999999,0.0
m15,0.18,0.16,0.16,0.01999999999999999,0.0
m15,0.2,0.16,0.16,0.04000000000000001,0.0
m15,0.2,0.16,0.16,0.04000000000000001,0.0
m15,0.18,0.16,0.16,0.01999999999999999,0.0
m15,0.18,0.16,0.16,0.01999999999999999,0.0
m15,0.2,0.16,0.16,0.04000000000000001,0.0
m15,0.2,0.16,0.16,0.04000000000000001,0.0
m15,0.2,0.16,0.16,0.04000000000000001,0.0
m15,0.18,0.16,0.16,0.01999999999999999,0.0
m15,0.16,0.15,0.16,0.010000000000000009,0.010000000000000009
m15,0.11,0.13,0.14,-0.020000000000000004,0.010000000000000009
m15,0.11,0.13,0.14,-0.020000000000000004,0.010000000000000009
m15,0.1,0.11,0.11,-0.009999999999999995,0.0
m15,0.1,0.1,0.1,0.0,0.0
m15,0.1,0.14,0.1,-0.04000000000000001,-0.04000000000000001
m15,0.1,0.14,0.1,-0.04000000000000001,-0.04000000000000001
m15,0.1,0.14,0.1,-0.04000000000000001,-0.04000000000000001
m15,0.1,0.14,0.1,-0.04000000000000001,-0.04000000000000001
m15,0.87,0.9,0.89,-0.030000000000000027,-0.010000000000000009
m15,0.09,0.1,0.1,-0.010000000000000009,0.0
m5,0.5726,0.6,0.6,-0.02739999999999998,0.0
m15,0.88,0.89,0.89,-0.010000000000000009,0.0
m15,0.89,0.89,0.89,0.0,0.0
m5,0.6078,0.63,0.63,-0.022199999999999998,0.0
m5,0.39,0.38,0.39,0.010000000000000009,0.010000000000000009
m5,0.4,0.36,0.37,0.040000000000000036,0.010000000000000009
m5,0.63,0.58,0.59,0.050000000000000044,0.010000000000000009
m15,0.1,0.09,0.1,0.010000000000000009,0.010000000000000009
m15,0.09,0.09,0.09,0.0,0.0
m5,0.54,0.56,0.55,-0.020000000000000018,-0.010000000000000009
m15,0.07,0.08,0.08,-0.009999999999999995,0.0
m15,0.07,0.08,0.08,-0.009999999999999995,0.0
m15,0.07,0.08,0.08,-0.009999999999999995,0.0
m15,0.07,0.08,0.08,-0.009999999999999995,0.0
m5,0.5492,0.56,0.58,-0.010800000000000032,0.019999999999999907
m15,0.05,0.09,0.07,-0.039999999999999994,-0.01999999999999999
m15,0.05,0.09,0.07,-0.039999999999999994,-0.01999999999999999
m15,0.05,0.09,0.07,-0.039999999999999994,-0.01999999999999999
m15,0.06,0.09,0.07,-0.03,-0.01999999999999999
m15,0.92,0.95,0.93,-0.029999999999999916,-0.019999999999999907
m15,0.05,0.06,0.08,-0.009999999999999995,0.020000000000000004
m15,0.92,0.92,0.94,0.0,0.019999999999999907
m15,0.92,0.92,0.94,0.0,0.019999999999999907
m15,0.92,0.92,0.94,0.0,0.019999999999999907
m15,0.92,0.92,0.94,0.0,0.019999999999999907
m5,0.4316,0.47,0.43,-0.03839999999999999,-0.03999999999999998
m5,0.4225,0.47,0.47,-0.04749999999999999,0.0
m15,0.92,0.95,0.93,-0.029999999999999916,-0.019999999999999907
m15,0.92,0.95,0.93,-0.029999999999999916,-0.019999999999999907
m15,0.05,0.1,0.08,-0.05,-0.020000000000000004
m15,0.92,0.92,0.89,0.0,-0.030000000000000027
m5,0.5755,0.68,0.65,-0.10450000000000004,-0.030000000000000027
m5,0.68,0.75,0.75,-0.06999999999999995,0.0
m5,0.7245,0.75,0.75,-0.025499999999999967,0.0
m15,0.09,0.1,0.1,-0.010000000000000009,0.0
m15,0.09,0.1,0.1,-0.010000000000000009,0.0
m15,0.09,0.1,0.1,-0.010000000000000009,0.0
m15,0.09,0.1,0.1,-0.010000000000000009,0.0
m15,0.09,0.1,0.1,-0.010000000000000009,0.0
m15,0.09,0.1,0.1,-0.010000000000000009,0.0
m15,0.09,0.11,0.1,-0.020000000000000004,-0.009999999999999995
m15,0.09,0.11,0.1,-0.020000000000000004,-0.009999999999999995
m15,0.09,0.11,0.1,-0.020000000000000004,-0.009999999999999995
m5,0.76,0.79,0.8,-0.030000000000000027,0.010000000000000009
m15,0.09,0.11,0.11,-0.020000000000000004,0.0
m15,0.09,0.11,0.11,-0.020000000000000004,0.0
m5,0.8,0.81,0.81,-0.010000000000000009,0.0
m15,0.1,0.11,0.11,-0.009999999999999995,0.0
m15,0.11,0.11,0.11,0.0,0.0
m15,0.1,0.11,0.11,-0.009999999999999995,0.0
m15,0.06,0.09,0.09,-0.03,0.0
m15,0.91,0.92,0.92,-0.010000000000000009,0.0
m15,0.91,0.92,0.92,-0.010000000000000009,0.0
m15,0.91,0.92,0.92,-0.010000000000000009,0.0
m15,0.91,0.94,0.92,-0.029999999999999916,-0.019999999999999907
m15,0.91,0.94,0.94,-0.029999999999999916,0.0
m15,0.06,0.08,0.08,-0.020000000000000004,0.0
m15,0.06,0.08,0.08,-0.020000000000000004,0.0
m15,0.06,0.08,0.08,-0.020000000000000004,0.0
m15,0.06,0.05,0.08,0.009999999999999995,0.03
m15,0.95,0.95,0.95,0.0,0.0
m15,0.93,0.94,0.95,-0.009999999999999898,0.010000000000000009
m15,0.93,0.94,0.95,-0.009999999999999898,0.010000000000000009
m15,0.93,0.95,0.95,-0.019999999999999907,0.0
m15,0.93,0.95,0.95,-0.019999999999999907,0.0
m5,0.3809,0.5,0.48,-0.11909999999999998,-0.020000000000000018
m5,0.48,0.58,0.58,-0.09999999999999998,0.0
m15,0.94,0.97,0.95,-0.030000000000000027,-0.020000000000000018
m15,0.94,0.98,0.97,-0.040000000000000036,-0.010000000000000009
m15,0.03,0.03,0.03,0.0,0.0
m15,0.03,0.03,0.03,0.0,0.0
m5,0.6,0.63,0.63,-0.030000000000000027,0.0
m5,0.6,0.54,0.63,0.05999999999999994,0.08999999999999997
m5,0.7143999999999999,0.92,0.89,-0.20560000000000012,-0.030000000000000027
m5,0.83,0.94,0.92,-0.10999999999999999,-0.019999999999999907
m5,0.8742,0.94,0.92,-0.06579999999999997,-0.019999999999999907
m5,0.91,0.92,0.9,-0.010000000000000009,-0.020000000000000018
m5,0.9075,0.95,0.92,-0.04249999999999998,-0.029999999999999916
m5,0.92,0.91,0.93,0.010000000000000009,0.020000000000000018
m15,0.95,0.97,0.97,-0.020000000000000018,0.0
m15,0.95,0.97,0.97,-0.020000000000000018,0.0
m15,0.95,0.97,0.97,-0.020000000000000018,0.0
m15,0.95,0.97,0.97,-0.020000000000000018,0.0
m15,0.95,0.97,0.97,-0.020000000000000018,0.0
m5,0.9240999999999999,0.92,0.92,0.0040999999999998815,0.0
m5,0.92,0.91,0.9,0.010000000000000009,-0.010000000000000009
m15,0.95,0.96,0.96,-0.010000000000000009,0.0
m15,0.95,0.96,0.96,-0.010000000000000009,0.0
m5,0.9,0.92,0.89,-0.020000000000000018,-0.030000000000000027
m15,0.94,0.97,0.96,-0.030000000000000027,-0.010000000000000009
m15,0.94,0.97,0.96,-0.030000000000000027,-0.010000000000000009
m5,0.8918,0.94,0.95,-0.04819999999999991,0.010000000000000009
m15,0.94,0.97,0.97,-0.030000000000000027,0.0
m15,0.93,0.98,0.97,-0.04999999999999993,-0.010000000000000009
m15,0.02,0.01,0.01,0.01,0.0
m5,0.8026000000000001,0.81,0.83,-0.007399999999999962,0.019999999999999907
m15,0.01,0.01,0.01,0.0,0.0
m5,0.7954000000000001,0.8,0.89,-0.0045999999999999375,0.08999999999999997
m5,0.8,0.8,0.89,0.0,0.08999999999999997
m5,0.2112,0.28,0.23,-0.06880000000000003,-0.05000000000000002
m5,0.1905,0.25,0.23,-0.0595,-0.01999999999999999
m5,0.71,0.76,0.78,-0.050000000000000044,0.020000000000000018
m5,0.1411,0.18,0.18,-0.03889999999999999,0.0
m5,0.8156,0.81,0.82,0.005599999999999938,0.009999999999999898
m5,0.82,0.86,0.88,-0.040000000000000036,0.020000000000000018
m5,0.32,0.29,0.29,0.030000000000000027,0.0
m5,0.6696,0.75,0.75,-0.08040000000000003,0.0
m5,0.7166,0.7,0.73,0.01660000000000006,0.030000000000000027
m5,0.7,0.71,0.7,-0.010000000000000009,-0.010000000000000009
m5,0.73,0.71,0.7,0.020000000000000018,-0.010000000000000009
m5,0.7,0.71,0.72,-0.010000000000000009,0.010000000000000009
m5,0.29,0.33,0.32,-0.040000000000000036,-0.010000000000000009
m5,0.5879,0.57,0.57,0.017900000000000027,0.0
m5,0.4914,0.52,0.51,-0.028600000000000014,-0.010000000000000009
m5,0.5384,0.56,0.59,-0.021600000000000064,0.029999999999999916
m5,0.4974,0.56,0.59,-0.06260000000000004,0.029999999999999916
m5,0.5,0.48,0.47,0.020000000000000018,-0.010000000000000009
m5,0.53,0.58,0.57,-0.04999999999999993,-0.010000000000000009
m5,0.535,0.51,0.5,0.025000000000000022,-0.010000000000000009
m5,0.5,0.47,0.52,0.030000000000000027,0.050000000000000044
m5,0.44,0.48,0.47,-0.03999999999999998,-0.010000000000000009
m5,0.53,0.52,0.51,0.010000000000000009,-0.010000000000000009
m5,0.4,0.4,0.4,0.0,0.0
m5,0.3753,0.41,0.41,-0.03469999999999995,0.0
m5,0.6,0.64,0.63,-0.040000000000000036,-0.010000000000000009
m5,0.44789999999999996,0.52,0.49,-0.07210000000000005,-0.030000000000000027
m5,0.47,0.49,0.51,-0.020000000000000018,0.020000000000000018
m5,0.48950000000000005,0.51,0.53,-0.020499999999999963,0.020000000000000018
m5,0.53,0.5,0.51,0.030000000000000027,0.010000000000000009
m5,0.48,0.42,0.41,0.06,-0.010000000000000009
m5,0.65,0.61,0.67,0.040000000000000036,0.06000000000000005
m5,0.7,0.6,0.63,0.09999999999999998,0.030000000000000027
m5,0.3271,0.41,0.38,-0.08289999999999997,-0.02999999999999997
m5,0.7016,0.6,0.63,0.10160000000000002,0.030000000000000027
m5,0.3669,0.44,0.41,-0.0731,-0.030000000000000027
m5,0.3931,0.44,0.41,-0.0469,-0.030000000000000027
m5,0.5987,0.76,0.73,-0.1613,-0.030000000000000027
m5,0.7542,0.75,0.73,0.0041999999999999815,-0.020000000000000018
m5,0.7498999999999999,0.75,0.73,-0.00010000000000010001,-0.020000000000000018
m5,0.7094,0.75,0.73,-0.04059999999999997,-0.020000000000000018
m5,0.72,0.81,0.87,-0.09000000000000008,0.05999999999999994
m5,0.7078,0.81,0.87,-0.10220000000000007,0.05999999999999994
m5,0.7731,0.81,0.87,-0.036900000000000044,0.05999999999999994
m5,0.7421,0.81,0.87,-0.06790000000000007,0.05999999999999994
m5,0.6775,0.7,0.84,-0.022499999999999964,0.14
m5,0.8642,0.7,0.84,0.1642,0.14
h1,0.46,0.35,0.4,0.11000000000000004,0.050000000000000044
h1,0.64,0.6,0.6,0.040000000000000036,0.0
h1,0.63,0.61,0.61,0.020000000000000018,0.0
h1,0.63,0.61,0.61,0.020000000000000018,0.0
h1,0.645,0.61,0.61,0.03500000000000003,0.0
h1,0.6,0.67,0.66,-0.07000000000000006,-0.010000000000000009
h1,0.63,0.67,0.66,-0.040000000000000036,-0.010000000000000009
h1,0.64,0.67,0.66,-0.030000000000000027,-0.010000000000000009
h1,0.61,0.67,0.66,-0.06000000000000005,-0.010000000000000009
h1,0.64,0.68,0.68,-0.040000000000000036,0.0
h1,0.65,0.68,0.68,-0.030000000000000027,0.0
h1,0.66,0.68,0.68,-0.020000000000000018,0.0
h1,0.67,0.68,0.69,-0.010000000000000009,0.009999999999999898
h1,0.66,0.68,0.69,-0.020000000000000018,0.009999999999999898
h1,0.67,0.68,0.69,-0.010000000000000009,0.009999999999999898
h1,0.68,0.68,0.68,0.0,0.0
h1,0.68,0.68,0.68,0.0,0.0
h1,0.67,0.68,0.68,-0.010000000000000009,0.0
h1,0.62,0.63,0.63,-0.010000000000000009,0.0
h1,0.62,0.63,0.63,-0.010000000000000009,0.0
h1,0.63,0.68,0.68,-0.050000000000000044,0.0
h1,0.66,0.68,0.68,-0.020000000000000018,0.0
h1,0.68,0.69,0.68,-0.009999999999999898,-0.009999999999999898
h1,0.72,0.74,0.74,-0.020000000000000018,0.0
h1,0.7,0.74,0.74,-0.040000000000000036,0.0
h1,0.23,0.25,0.24,-0.01999999999999999,-0.010000000000000009
h1,0.23,0.25,0.24,-0.01999999999999999,-0.010000000000000009
h1,0.74,0.75,0.75,-0.010000000000000009,0.0
h1,0.79,0.81,0.81,-0.020000000000000018,0.0
h1,0.8,0.81,0.81,-0.010000000000000009,0.0
h1,0.24,0.25,0.25,-0.010000000000000009,0.0
h1,0.25,0.28,0.28,-0.030000000000000027,0.0
h1,0.26,0.27,0.27,-0.010000000000000009,0.0
h1,0.26,0.27,0.27,-0.010000000000000009,0.0
h1,0.26,0.27,0.27,-0.010000000000000009,0.0
h1,0.76,0.77,0.77,-0.010000000000000009,0.0
h1,0.26,0.27,0.27,-0.010000000000000009,0.0
h1,0.72,0.72,0.72,0.0,0.0
h1,0.72,0.72,0.72,0.0,0.0
h1,0.29,0.3,0.3,-0.010000000000000009,0.0
h1,0.29,0.3,0.3,-0.010000000000000009,0.0
h1,0.3,0.31,0.31,-0.010000000000000009,0.0
h1,0.31,0.31,0.32,0.0,0.010000000000000009
h1,0.3,0.32,0.31,-0.020000000000000018,-0.010000000000000009
h1,0.3,0.32,0.31,-0.020000000000000018,-0.010000000000000009
h1,0.3,0.32,0.32,-0.020000000000000018,0.0
h1,0.68,0.7,0.7,-0.019999999999999907,0.0
h1,0.68,0.7,0.7,-0.019999999999999907,0.0
h1,0.29,0.32,0.32,-0.030000000000000027,0.0
h1,0.33,0.33,0.33,0.0,0.0
h1,0.65,0.67,0.67,-0.020000000000000018,0.0
h1,0.36,0.39,0.39,-0.030000000000000027,0.0
h1,0.39,0.4,0.4,-0.010000000000000009,0.0
h1,0.42,0.45,0.45,-0.030000000000000027,0.0
h1,0.42,0.45,0.45,-0.030000000000000027,0.0
h1,0.42,0.45,0.45,-0.030000000000000027,0.0
h1,0.435,0.44,0.45,-0.0050000000000000044,0.010000000000000009
h1,0.55,0.58,0.58,-0.029999999999999916,0.0
h1,0.55,0.58,0.58,-0.029999999999999916,0.0
h1,0.39,0.41,0.41,-0.019999999999999962,0.0
h1,0.44,0.45,0.46,-0.010000000000000009,0.010000000000000009
h1,0.4,0.42,0.42,-0.019999999999999962,0.0
h1,0.42,0.42,0.42,0.0,0.0
h1,0.4,0.41,0.41,-0.009999999999999953,0.0
h1,0.42,0.44,0.43,-0.020000000000000018,-0.010000000000000009
h1,0.57,0.58,0.58,-0.010000000000000009,0.0
h1,0.48,0.48,0.48,0.0,0.0
h1,0.48,0.45,0.48,0.02999999999999997,0.02999999999999997
h1,0.48,0.48,0.48,0.0,0.0
h1,0.48,0.48,0.48,0.0,0.0
h1,0.47,0.48,0.48,-0.010000000000000009,0.0
h1,0.47,0.48,0.48,-0.010000000000000009,0.0
h1,0.47,0.48,0.48,-0.010000000000000009,0.0
h1,0.47,0.46,0.48,0.009999999999999953,0.019999999999999962
h1,0.44,0.44,0.44,0.0,0.0
h1,0.59,0.59,0.59,0.0,0.0
h1,0.41,0.42,0.42,-0.010000000000000009,0.0
h1,0.41,0.42,0.42,-0.010000000000000009,0.0
h1,0.41,0.44,0.43,-0.030000000000000027,-0.010000000000000009
h1,0.55,0.58,0.58,-0.029999999999999916,0.0
h1,0.42,0.44,0.45,-0.020000000000000018,0.010000000000000009
h1,0.55,0.57,0.57,-0.019999999999999907,0.0
h1,0.43,0.41,0.41,0.020000000000000018,0.0
h1,0.41,0.42,0.42,-0.010000000000000009,0.0
h1,0.46,0.47,0.47,-0.009999999999999953,0.0
h1,0.44,0.42,0.42,0.020000000000000018,0.0
h1,0.4,0.4,0.4,0.0,0.0
h1,0.39,0.4,0.39,-0.010000000000000009,-0.010000000000000009
h1,0.38,0.39,0.39,-0.010000000000000009,0.0
h1,0.64,0.66,0.65,-0.020000000000000018,-0.010000000000000009
h1,0.64,0.66,0.65,-0.020000000000000018,-0.010000000000000009
h1,0.32,0.37,0.36,-0.04999999999999999,-0.010000000000000009
h1,0.64,0.65,0.66,-0.010000000000000009,0.010000000000000009
h1,0.64,0.65,0.66,-0.010000000000000009,0.010000000000000009
h1,0.64,0.65,0.66,-0.010000000000000009,0.010000000000000009
h1,0.64,0.67,0.67,-0.030000000000000027,0.0
h1,0.66,0.67,0.67,-0.010000000000000009,0.0
h1,0.64,0.67,0.67,-0.030000000000000027,0.0
h1,0.66,0.7,0.71,-0.039999999999999925,0.010000000000000009
h1,0.3,0.31,0.31,-0.010000000000000009,0.0
h1,0.71,0.71,0.71,0.0,0.0
h1,0.73,0.75,0.75,-0.020000000000000018,0.0
h1,0.75,0.76,0.76,-0.010000000000000009,0.0
h1,0.23,0.24,0.24,-0.009999999999999981,0.0
h1,0.23,0.24,0.24,-0.009999999999999981,0.0
h1,0.74,0.76,0.76,-0.020000000000000018,0.0
h1,0.25,0.29,0.3,-0.03999999999999998,0.010000000000000009
h1,0.7,0.71,0.71,-0.010000000000000009,0.0
h1,0.7,0.71,0.71,-0.010000000000000009,0.0
h1,0.7,0.72,0.72,-0.020000000000000018,0.0
h1,0.73,0.76,0.74,-0.030000000000000027,-0.020000000000000018
h1,0.75,0.76,0.76,-0.010000000000000009,0.0
h1,0.75,0.76,0.76,-0.010000000000000009,0.0
h1,0.75,0.76,0.76,-0.010000000000000009,0.0
h1,0.73,0.74,0.74,-0.010000000000000009,0.0
h1,0.74,0.74,0.74,0.0,0.0
h1,0.73,0.74,0.74,-0.010000000000000009,0.0
h1,0.75,0.76,0.76,-0.010000000000000009,0.0
h1,0.77,0.78,0.78,-0.010000000000000009,0.0
h1,0.76,0.78,0.78,-0.020000000000000018,0.0
h1,0.77,0.78,0.78,-0.010000000000000009,0.0
h1,0.77,0.78,0.78,-0.010000000000000009,0.0
h1,0.77,0.78,0.78,-0.010000000000000009,0.0
h1,0.77,0.78,0.78,-0.010000000000000009,0.0
h1,0.8,0.83,0.82,-0.029999999999999916,-0.010000000000000009
h1,0.8053,0.83,0.82,-0.024699999999999944,-0.010000000000000009
h1,0.82,0.84,0.84,-0.020000000000000018,0.0
h1,0.83,0.84,0.84,-0.010000000000000009,0.0
h1,0.83,0.86,0.85,-0.030000000000000027,-0.010000000000000009
h1,0.83,0.86,0.85,-0.030000000000000027,-0.010000000000000009
h1,0.14,0.17,0.17,-0.03,0.0
h1,0.86,0.88,0.87,-0.020000000000000018,-0.010000000000000009
h1,0.87,0.88,0.88,-0.010000000000000009,0.0
h1,0.1,0.12,0.12,-0.01999999999999999,0.0
h1,0.11,0.12,0.12,-0.009999999999999995,0.0
h1,0.11,0.13,0.13,-0.020000000000000004,0.0
h1,0.11,0.13,0.13,-0.020000000000000004,0.0
h1,0.12,0.13,0.13,-0.010000000000000009,0.0
h1,0.12,0.13,0.13,-0.010000000000000009,0.0
h1,0.12,0.13,0.13,-0.010000000000000009,0.0
h1,0.11,0.14,0.14,-0.030000000000000013,0.0
h1,0.85,0.86,0.86,-0.010000000000000009,0.0
h1,0.88,0.88,0.88,0.0,0.0
h1,0.86,0.88,0.88,-0.020000000000000018,0.0
h1,0.87,0.88,0.88,-0.010000000000000009,0.0
h1,0.12,0.14,0.14,-0.020000000000000018,0.0
h1,0.86,0.87,0.87,-0.010000000000000009,0.0
h1,0.86,0.87,0.87,-0.010000000000000009,0.0
h1,0.87,0.91,0.91,-0.040000000000000036,0.0
h1,0.87,0.91,0.91,-0.040000000000000036,0.0
h1,0.87,0.91,0.91,-0.040000000000000036,0.0
h1,0.1,0.12,0.12,-0.01999999999999999,0.0
h1,0.1,0.12,0.12,-0.01999999999999999,0.0
h1,0.1,0.12,0.12,-0.01999999999999999,0.0
h1,0.1,0.12,0.12,-0.01999999999999999,0.0
h1,0.1,0.13,0.13,-0.03,0.0
h1,0.1,0.12,0.12,-0.01999999999999999,0.0
h1,0.09,0.11,0.11,-0.020000000000000004,0.0
h1,0.9,0.92,0.92,-0.020000000000000018,0.0
h1,0.92,0.92,0.92,0.0,0.0
h1,0.92,0.93,0.93,-0.010000000000000009,0.0
h1,0.93,0.93,0.93,0.0,0.0
h1,0.92,0.93,0.93,-0.010000000000000009,0.0
h1,0.92,0.93,0.93,-0.010000000000000009,0.0
h1,0.93,0.93,0.93,0.0,0.0
h1,0.93,0.93,0.93,0.0,0.0
h1,0.09,0.12,0.11,-0.03,-0.009999999999999995
h1,0.89,0.9,0.9,-0.010000000000000009,0.0
h1,0.08,0.1,0.1,-0.020000000000000004,0.0
h1,0.9,0.92,0.92,-0.020000000000000018,0.0
h1,0.9,0.92,0.92,-0.020000000000000018,0.0
h1,0.08,0.1,0.1,-0.020000000000000004,0.0
h1,0.08,0.1,0.1,-0.020000000000000004,0.0
h1,0.9,0.92,0.92,-0.020000000000000018,0.0
h1,0.88,0.91,0.9,-0.030000000000000027,-0.010000000000000009
h1,0.9,0.91,0.91,-0.010000000000000009,0.0
h1,0.91,0.91,0.91,0.0,0.0
h1,0.91,0.91,0.91,0.0,0.0
h1,0.91,0.91,0.91,0.0,0.0
h1,0.91,0.91,0.91,0.0,0.0
h1,0.91,0.91,0.91,0.0,0.0
h1,0.91,0.91,0.91,0.0,0.0
h1,0.91,0.93,0.93,-0.020000000000000018,0.0
h1,0.93,0.93,0.93,0.0,0.0
h1,0.93,0.93,0.93,0.0,0.0
h1,0.93,0.93,0.93,0.0,0.0
h1,0.93,0.93,0.93,0.0,0.0
h1,0.93,0.93,0.93,0.0,0.0
h1,0.89,0.91,0.91,-0.020000000000000018,0.0
h1,0.07,0.1,0.1,-0.03,0.0
h1,0.11,0.13,0.13,-0.020000000000000004,0.0
h1,0.13,0.15,0.15,-0.01999999999999999,0.0
h1,0.08,0.09,0.09,-0.009999999999999995,0.0
h1,0.09,0.1,0.1,-0.010000000000000009,0.0
h1,0.0992,0.1,0.1,-0.000800000000000009,0.0
h1,0.08,0.09,0.09,-0.009999999999999995,0.0
h1,0.08,0.09,0.09,-0.009999999999999995,0.0
h1,0.08,0.09,0.09,-0.009999999999999995,0.0
h1,0.08,0.09,0.09,-0.009999999999999995,0.0
h1,0.08,0.09,0.09,-0.009999999999999995,0.0
h1,0.07,0.07,0.07,0.0,0.0
h1,0.07,0.07,0.07,0.0,0.0
h1,0.07,0.07,0.07,0.0,0.0
h1,0.07,0.07,0.07,0.0,0.0
h1,0.07,0.07,0.07,0.0,0.0
h1,0.07,0.07,0.07,0.0,0.0
h1,0.07,0.07,0.07,0.0,0.0
h1,0.07,0.09,0.09,-0.01999999999999999,0.0
h1,0.08,0.1,0.09,-0.020000000000000004,-0.010000000000000009
h1,0.08,0.1,0.1,-0.020000000000000004,0.0
h1,0.08,0.09,0.09,-0.009999999999999995,0.0
h1,0.91,0.91,0.91,0.0,0.0
h1,0.91,0.92,0.92,-0.010000000000000009,0.0
h1,0.91,0.92,0.92,-0.010000000000000009,0.0
h1,0.91,0.92,0.92,-0.010000000000000009,0.0
h1,0.11,0.13,0.13,-0.020000000000000004,0.0
h1,0.1,0.13,0.13,-0.03,0.0
h1,0.12,0.13,0.13,-0.010000000000000009,0.0
h1,0.12,0.13,0.13,-0.010000000000000009,0.0
h1,0.87,0.88,0.88,-0.010000000000000009,0.0
h1,0.12,0.13,0.13,-0.010000000000000009,0.0
h1,0.12,0.13,0.13,-0.010000000000000009,0.0
h1,0.91,0.94,0.94,-0.029999999999999916,0.0
h1,0.93,0.94,0.94,-0.009999999999999898,0.0
h1,0.93,0.94,0.94,-0.009999999999999898,0.0
h1,0.93,0.94,0.94,-0.009999999999999898,0.0
h1,0.06,0.07,0.07,-0.010000000000000009,0.0
h1,0.06,0.07,0.07,-0.010000000000000009,0.0
h1,0.06,0.07,0.07,-0.010000000000000009,0.0
h1,0.05,0.05,0.05,0.0,0.0
h1,0.04,0.05,0.05,-0.010000000000000002,0.0
h1,0.04,0.05,0.05,-0.010000000000000002,0.0
h1,0.94,0.95,0.95,-0.010000000000000009,0.0
h1,0.04,0.06,0.06,-0.019999999999999997,0.0
h1,0.94,0.96,0.96,-0.020000000000000018,0.0
h1,0.06,0.07,0.07,-0.010000000000000009,0.0
h1,0.06,0.07,0.07,-0.010000000000000009,0.0
h1,0.07,0.09,0.09,-0.01999999999999999,0.0
h1,0.07,0.09,0.09,-0.01999999999999999,0.0
h1,0.93,0.93,0.93,0.0,0.0
h1,0.9606999999999999,0.97,0.97,-0.009300000000000086,0.0
h1,0.95,0.97,0.97,-0.020000000000000018,0.0
h1,0.95,0.96,0.96,-0.010000000000000009,0.0
h1,0.95,0.97,0.97,-0.020000000000000018,0.0
h1,0.03,0.04,0.04,-0.010000000000000002,0.0
h1,0.03,0.04,0.04,-0.010000000000000002,0.0
h1,0.03,0.04,0.04,-0.010000000000000002,0.0
h1,0.03,0.04,0.04,-0.010000000000000002,0.0
h1,0.03,0.04,0.04,-0.010000000000000002,0.0
h1,0.03,0.06,0.05,-0.03,-0.009999999999999995
h1,0.03,0.06,0.05,-0.03,-0.009999999999999995
h1,0.03,0.06,0.06,-0.03,0.0
h1,0.93,0.95,0.95,-0.019999999999999907,0.0
h1,0.94,0.95,0.95,-0.010000000000000009,0.0
h1,0.97,0.98,0.98,-0.010000000000000009,0.0
h1,0.97,0.98,0.98,-0.010000000000000009,0.0
h1,0.98,0.98,0.98,0.0,0.0
h1,0.97,0.98,0.98,-0.010000000000000009,0.0
h1,0.97,0.98,0.98,-0.010000000000000009,0.0
h1,0.98,0.99,0.99,-0.010000000000000009,0.0
h1,0.98,0.98,0.98,0.0,0.0
h1,0.98,0.99,0.99,-0.010000000000000009,0.0
h1,0.98,0.99,0.99,-0.010000000000000009,0.0
h1,0.98,0.99,0.99,-0.010000000000000009,0.0
h1,0.97,0.99,0.99,-0.020000000000000018,0.0
h1,0.99,0.99,0.99,0.0,0.0
h1,0.99,0.99,0.99,0.0,0.0
h1,0.008,0.01,0.01,-0.002,0.0
h1,0.008,0.01,0.01,-0.002,0.0
h1,0.008,0.01,0.01,-0.002,0.0
h1,0.993,0.99,0.99,0.0030000000000000027,0.0
h1,0.006,0.01,0.01,-0.004,0.0
h1,0.006,0.0,0.01,0.006,0.01
h1,0.006,0.0,0.01,0.006,0.01
h1,0.006,0.0,0.01,0.006,0.01
h1,0.006,0.0,0.01,0.006,0.01
h1,0.006,0.0,0.01,0.006,0.01
h1,0.006,0.0,0.01,0.006,0.01
h1,0.006,0.0,0.01,0.006,0.01
h1,0.006,0.0,0.01,0.006,0.01
h1,0.006,0.0,0.01,0.006,0.01
h1,0.006,0.0,0.01,0.006,0.01
h1,0.006,0.0,0.01,0.006,0.01
h1,0.006,0.0,0.01,0.006,0.01
h1,0.006,0.0,0.01,0.006,0.01
h1,0.006,0.0,0.01,0.006,0.01
h1,0.006,0.0,0.01,0.006,0.01
h1,0.006,0.0,0.01,0.006,0.01
h1,0.006,0.0,0.01,0.006,0.01
h1,0.006,0.0,0.01,0.006,0.01
h1,0.006,0.0,0.01,0.006,0.01
h1,0.006,0.0,0.01,0.006,0.01
h1,0.006,0.0,0.01,0.006,0.01
h1,0.006,0.0,0.01,0.006,0.01
h1,0.006,0.0,0.01,0.006,0.01
h1,0.006,0.0,0.01,0.006,0.01
h1,0.006,0.0,0.01,0.006,0.01
h1,0.006,0.0,0.01,0.006,0.01
h1,0.995,1.0,1.0,-0.0050000000000000044,0.0
h1,0.995,1.0,1.0,-0.0050000000000000044,0.0
h1,0.001,0.0,0.0,0.001,0.0
h1,0.002,0.0,0.0,0.002,0.0
h1,0.998,1.0,1.0,-0.0020000000000000018,0.0
h1,0.002,0.0,0.0,0.002,0.0
h1,0.9990000000000001,1.0,1.0,-0.0009999999999998899,0.0
m15,0.55,0.56,0.56,-0.010000000000000009,0.0
m15,0.44,0.46,0.45,-0.020000000000000018,-0.010000000000000009
m15,0.44,0.46,0.45,-0.020000000000000018,-0.010000000000000009
h1,0.49,0.48,0.48,0.010000000000000009,0.0
m15,0.44,0.46,0.45,-0.020000000000000018,-0.010000000000000009
m15,0.44,0.46,0.45,-0.020000000000000018,-0.010000000000000009
m15,0.44,0.46,0.45,-0.020000000000000018,-0.010000000000000009
m15,0.55,0.55,0.55,0.0,0.0
h1,0.5,0.5,0.5,0.0,0.0
h1,0.5,0.5,0.5,0.0,0.0
h1,0.5,0.5,0.5,0.0,0.0
h1,0.5,0.5,0.5,0.0,0.0
h1,0.5,0.52,0.52,-0.020000000000000018,0.0
h1,0.51,0.52,0.52,-0.010000000000000009,0.0
m15,0.67,0.67,0.67,0.0,0.0
h1,0.45,0.46,0.46,-0.010000000000000009,0.0
h1,0.45,0.46,0.46,-0.010000000000000009,0.0
h1,0.47,0.47,0.45,0.0,-0.019999999999999962
h1,0.42,0.47,0.47,-0.04999999999999999,0.0
h1,0.47,0.47,0.47,0.0,0.0
m15,0.45,0.37,0.42,0.08000000000000002,0.04999999999999999
m15,0.42,0.36,0.36,0.06,0.0
h1,0.44,0.45,0.45,-0.010000000000000009,0.0
m15,0.57,0.58,0.58,-0.010000000000000009,0.0
h1,0.45,0.47,0.47,-0.019999999999999962,0.0
m15,0.45,0.48,0.48,-0.02999999999999997,0.0
m15,0.44,0.46,0.46,-0.020000000000000018,0.0
m15,0.53,0.54,0.54,-0.010000000000000009,0.0
m15,0.4772,0.48,0.48,-0.002799999999999969,0.0
h1,0.51,0.53,0.53,-0.020000000000000018,0.0
h1,0.52,0.53,0.53,-0.010000000000000009,0.0
m15,0.6,0.65,0.64,-0.050000000000000044,-0.010000000000000009
h1,0.59,0.59,0.59,0.0,0.0
h1,0.59,0.59,0.59,0.0,0.0
h1,0.61,0.64,0.63,-0.030000000000000027,-0.010000000000000009
h1,0.62,0.65,0.65,-0.030000000000000027,0.0
h1,0.64,0.6,0.65,0.040000000000000036,0.050000000000000044
m15,0.21,0.26,0.21,-0.05000000000000002,-0.05000000000000002
m15,0.21,0.26,0.21,-0.05000000000000002,-0.05000000000000002
m15,0.21,0.26,0.21,-0.05000000000000002,-0.05000000000000002
m15,0.21,0.26,0.21,-0.05000000000000002,-0.05000000000000002
m15,0.21,0.31,0.3,-0.1,-0.010000000000000009
m15,0.29,0.34,0.34,-0.050000000000000044,0.0
h1,0.57,0.58,0.58,-0.010000000000000009,0.0
h1,0.57,0.58,0.58,-0.010000000000000009,0.0
m15,0.61,0.61,0.62,0.0,0.010000000000000009
m15,0.61,0.61,0.62,0.0,0.010000000000000009
m15,0.61,0.59,0.59,0.020000000000000018,0.0
m15,0.58,0.61,0.59,-0.030000000000000027,-0.020000000000000018
m15,0.74,0.75,0.75,-0.010000000000000009,0.0
m15,0.74,0.75,0.75,-0.010000000000000009,0.0
m15,0.2,0.24,0.24,-0.03999999999999998,0.0
m15,0.2,0.24,0.24,-0.03999999999999998,0.0
m15,0.2,0.24,0.24,-0.03999999999999998,0.0
m15,0.2,0.24,0.24,-0.03999999999999998,0.0
m15,0.2,0.24,0.24,-0.03999999999999998,0.0
m15,0.2,0.24,0.24,-0.03999999999999998,0.0
m15,0.2,0.24,0.24,-0.03999999999999998,0.0
m15,0.76,0.77,0.77,-0.010000000000000009,0.0
m15,0.76,0.77,0.77,-0.010000000000000009,0.0
m15,0.76,0.77,0.77,-0.010000000000000009,0.0
m15,0.76,0.77,0.77,-0.010000000000000009,0.0
m15,0.76,0.77,0.77,-0.010000000000000009,0.0
m15,0.76,0.77,0.77,-0.010000000000000009,0.0
m15,0.21,0.24,0.24,-0.03,0.0
m15,0.2,0.24,0.24,-0.03999999999999998,0.0
m15,0.2,0.24,0.24,-0.03999999999999998,0.0
m15,0.76,0.77,0.77,-0.010000000000000009,0.0
m15,0.76,0.77,0.77,-0.010000000000000009,0.0
m15,0.76,0.76,0.76,0.0,0.0
m15,0.76,0.76,0.76,0.0,0.0
m15,0.24,0.25,0.25,-0.010000000000000009,0.0
m15,0.73,0.74,0.74,-0.010000000000000009,0.0
m15,0.73,0.74,0.74,-0.010000000000000009,0.0
m15,0.73,0.77,0.77,-0.040000000000000036,0.0
m15,0.17,0.21,0.21,-0.03999999999999998,0.0
h1,0.62,0.63,0.63,-0.010000000000000009,0.0
m15,0.78,0.79,0.79,-0.010000000000000009,0.0
m15,0.76,0.75,0.75,0.010000000000000009,0.0
m15,0.26,0.27,0.27,-0.010000000000000009,0.0
m15,0.26,0.27,0.27,-0.010000000000000009,0.0
m15,0.26,0.27,0.27,-0.010000000000000009,0.0
m15,0.26,0.26,0.27,0.0,0.010000000000000009
m15,0.26,0.26,0.27,0.0,0.010000000000000009
m15,0.17,0.18,0.18,-0.009999999999999981,0.0
m15,0.16,0.19,0.18,-0.03,-0.010000000000000009
m15,0.17,0.19,0.19,-0.01999999999999999,0.0
m15,0.33,0.34,0.34,-0.010000000000000009,0.0
m15,0.33,0.42,0.38,-0.08999999999999997,-0.03999999999999998
h1,0.47,0.49,0.49,-0.020000000000000018,0.0
m15,0.36,0.36,0.36,0.0,0.0
m15,0.34,0.36,0.36,-0.019999999999999962,0.0
m15,0.34,0.36,0.36,-0.019999999999999962,0.0
m15,0.11,0.14,0.14,-0.030000000000000013,0.0
m15,0.14,0.17,0.14,-0.03,-0.03
m15,0.85,0.85,0.85,0.0,0.0
m15,0.83,0.85,0.85,-0.020000000000000018,0.0
m15,0.87,0.91,0.89,-0.040000000000000036,-0.020000000000000018
m15,0.07,0.08,0.08,-0.009999999999999995,0.0
m15,0.07,0.08,0.08,-0.009999999999999995,0.0
m15,0.07,0.08,0.08,-0.009999999999999995,0.0
m15,0.06,0.07,0.07,-0.010000000000000009,0.0
m15,0.06,0.07,0.07,-0.010000000000000009,0.0
m15,0.06,0.07,0.07,-0.010000000000000009,0.0
m15,0.06,0.07,0.07,-0.010000000000000009,0.0
m15,0.87,0.84,0.87,0.030000000000000027,0.030000000000000027
m15,0.85,0.86,0.86,-0.010000000000000009,0.0
m15,0.86,0.86,0.86,0.0,0.0
m15,0.85,0.86,0.86,-0.010000000000000009,0.0
m15,0.81,0.86,0.86,-0.04999999999999993,0.0
m15,0.11,0.12,0.12,-0.009999999999999995,0.0
m15,0.11,0.12,0.12,-0.009999999999999995,0.0
m15,0.03,0.05,0.05,-0.020000000000000004,0.0
m15,0.03,0.04,0.04,-0.010000000000000002,0.0
m15,0.03,0.04,0.04,-0.010000000000000002,0.0
m15,0.03,0.04,0.04,-0.010000000000000002,0.0
m15,0.03,0.04,0.04,-0.010000000000000002,0.0
m15,0.03,0.05,0.04,-0.020000000000000004,-0.010000000000000002
m15,0.02,0.02,0.02,0.0,0.0
m15,0.98,0.99,0.99,-0.010000000000000009,0.0
m15,0.98,0.99,0.99,-0.010000000000000009,0.0
m15,0.98,0.99,0.99,-0.010000000000000009,0.0
m15,0.98,0.99,0.99,-0.010000000000000009,0.0
h1,0.58,0.59,0.59,-0.010000000000000009,0.0
h1,0.58,0.59,0.59,-0.010000000000000009,0.0
m5,0.5,0.48,0.49,0.020000000000000018,0.010000000000000009
m15,0.4375,0.44,0.45,-0.0025000000000000022,0.010000000000000009
h1,0.5,0.51,0.51,-0.010000000000000009,0.0
m15,0.59,0.68,0.68,-0.09000000000000008,0.0
m15,0.32,0.27,0.33,0.04999999999999999,0.06
m15,0.32,0.27,0.33,0.04999999999999999,0.06
m15,0.32,0.27,0.33,0.04999999999999999,0.06
m15,0.32,0.27,0.33,0.04999999999999999,0.06
m15,0.32,0.27,0.33,0.04999999999999999,0.06
m15,0.32,0.27,0.33,0.04999999999999999,0.06
m15,0.32,0.26,0.25,0.06,-0.010000000000000009
m15,0.32,0.26,0.25,0.06,-0.010000000000000009
h1,0.5,0.55,0.55,-0.050000000000000044,0.0
m15,0.32,0.26,0.25,0.06,-0.010000000000000009
m5,0.78,0.85,0.85,-0.06999999999999995,0.0
m15,0.24,0.25,0.25,-0.010000000000000009,0.0
h1,0.539,0.55,0.55,-0.01100000000000001,0.0
h1,0.51,0.55,0.55,-0.040000000000000036,0.0
m15,0.24,0.24,0.24,0.0,0.0
m15,0.24,0.24,0.24,0.0,0.0
m5,0.85,0.92,0.9,-0.07000000000000006,-0.020000000000000018
h1,0.58,0.59,0.59,-0.010000000000000009,0.0
h1,0.56,0.59,0.59,-0.029999999999999916,0.0
h1,0.55,0.59,0.59,-0.039999999999999925,0.0
m15,0.19,0.2,0.2,-0.010000000000000009,0.0
m15,0.78,0.79,0.79,-0.010000000000000009,0.0
m15,0.15,0.14,0.14,0.009999999999999981,0.0
m15,0.15,0.14,0.14,0.009999999999999981,0.0
m15,0.15,0.14,0.14,0.009999999999999981,0.0
m15,0.15,0.14,0.14,0.009999999999999981,0.0
m15,0.8,0.87,0.87,-0.06999999999999995,0.0
m5,0.95,0.95,0.95,0.0,0.0
m15,0.15,0.16,0.16,-0.010000000000000009,0.0
m15,0.15,0.16,0.16,-0.010000000000000009,0.0
m15,0.15,0.16,0.16,-0.010000000000000009,0.0
m15,0.13,0.16,0.16,-0.03,0.0
m15,0.13,0.16,0.16,-0.03,0.0
m15,0.13,0.16,0.16,-0.03,0.0
m15,0.13,0.16,0.16,-0.03,0.0
m5,0.06,0.06,0.06,0.0,0.0
m15,0.13,0.18,0.18,-0.04999999999999999,0.0
m15,0.14,0.18,0.18,-0.03999999999999998,0.0
m15,0.13,0.18,0.18,-0.04999999999999999,0.0
m15,0.13,0.18,0.18,-0.04999999999999999,0.0
m15,0.13,0.18,0.18,-0.04999999999999999,0.0
m15,0.81,0.84,0.84,-0.029999999999999916,0.0
m15,0.16,0.17,0.17,-0.010000000000000009,0.0
m15,0.16,0.17,0.17,-0.010000000000000009,0.0
m5,0.06,0.06,0.06,0.0,0.0
m15,0.16,0.17,0.17,-0.010000000000000009,0.0
h1,0.32,0.33,0.33,-0.010000000000000009,0.0
m15,0.17,0.17,0.17,0.0,0.0
m15,0.16,0.17,0.17,-0.010000000000000009,0.0
m15,0.16,0.17,0.17,-0.010000000000000009,0.0
m15,0.16,0.17,0.17,-0.010000000000000009,0.0
m5,0.06,0.07,0.07,-0.010000000000000009,0.0
m5,0.06,0.07,0.07,-0.010000000000000009,0.0
m15,0.17,0.17,0.17,0.0,0.0
m15,0.16,0.17,0.17,-0.010000000000000009,0.0
m15,0.16,0.17,0.17,-0.010000000000000009,0.0
h1,0.33,0.33,0.33,0.0,0.0
m15,0.16,0.17,0.17,-0.010000000000000009,0.0
m5,0.06,0.07,0.07,-0.010000000000000009,0.0
h1,0.37,0.38,0.38,-0.010000000000000009,0.0
h1,0.37,0.38,0.38,-0.010000000000000009,0.0
h1,0.37,0.38,0.38,-0.010000000000000009,0.0
m5,0.06,0.07,0.07,-0.010000000000000009,0.0
h1,0.37,0.38,0.38,-0.010000000000000009,0.0
m15,0.18,0.18,0.18,0.0,0.0
h1,0.62,0.64,0.64,-0.020000000000000018,0.0
h1,0.62,0.64,0.64,-0.020000000000000018,0.0
h1,0.31,0.33,0.32,-0.020000000000000018,-0.010000000000000009
h1,0.31,0.33,0.32,-0.020000000000000018,-0.010000000000000009
h1,0.31,0.33,0.33,-0.020000000000000018,0.0
h1,0.31,0.33,0.33,-0.020000000000000018,0.0
m5,0.01,0.01,0.01,0.0,0.0
m15,0.83,0.84,0.84,-0.010000000000000009,0.0
m15,0.83,0.84,0.84,-0.010000000000000009,0.0
m15,0.83,0.84,0.84,-0.010000000000000009,0.0
m15,0.77,0.79,0.78,-0.020000000000000018,-0.010000000000000009
m15,0.78,0.79,0.79,-0.010000000000000009,0.0
m5,0.01,0.01,0.01,0.0,0.0
m15,0.22,0.25,0.25,-0.03,0.0
m5,0.01,0.01,0.01,0.0,0.0
m15,0.22,0.27,0.27,-0.05000000000000002,0.0
m5,0.01,0.02,0.01,-0.01,-0.01
m15,0.73,0.74,0.74,-0.010000000000000009,0.0
m15,0.73,0.74,0.74,-0.010000000000000009,0.0
m15,0.73,0.74,0.74,-0.010000000000000009,0.0
m15,0.73,0.74,0.74,-0.010000000000000009,0.0
m15,0.73,0.74,0.74,-0.010000000000000009,0.0
m15,0.73,0.74,0.74,-0.010000000000000009,0.0
m15,0.73,0.74,0.74,-0.010000000000000009,0.0
m15,0.28,0.3,0.3,-0.019999999999999962,0.0
m5,0.48,0.46,0.48,0.019999999999999962,0.019999999999999962
h1,0.53,0.53,0.53,0.0,0.0
h1,0.52,0.53,0.53,-0.010000000000000009,0.0
h1,0.52,0.54,0.53,-0.020000000000000018,-0.010000000000000009
h1,0.53,0.54,0.54,-0.010000000000000009,0.0
m15,0.74,0.75,0.75,-0.010000000000000009,0.0
h1,0.52,0.53,0.53,-0.010000000000000009,0.0
m5,0.5,0.5,0.5,0.0,0.0
m15,0.75,0.75,0.75,0.0,0.0
h1,0.5571,0.57,0.57,-0.012899999999999912,0.0
h1,0.53,0.57,0.57,-0.039999999999999925,0.0
m5,0.33,0.47,0.38,-0.13999999999999996,-0.08999999999999997
m5,0.64,0.69,0.7,-0.04999999999999993,0.010000000000000009
m5,0.31,0.34,0.34,-0.030000000000000027,0.0
m5,0.6537000000000001,0.67,0.67,-0.01629999999999998,0.0
m5,0.78,0.79,0.79,-0.010000000000000009,0.0
m15,0.35,0.35,0.35,0.0,0.0
m15,0.67,0.7,0.7,-0.029999999999999916,0.0
m5,0.2,0.33,0.33,-0.13,0.0
m5,0.67,0.74,0.73,-0.06999999999999995,-0.010000000000000009
m5,0.75,0.78,0.76,-0.030000000000000027,-0.020000000000000018
m15,0.29,0.33,0.33,-0.040000000000000036,0.0
m5,0.78,0.8,0.8,-0.020000000000000018,0.0
m15,0.29,0.33,0.33,-0.040000000000000036,0.0
m15,0.29,0.33,0.33,-0.040000000000000036,0.0
m5,0.27,0.32,0.32,-0.04999999999999999,0.0
h1,0.5323,0.56,0.55,-0.027700000000000058,-0.010000000000000009
m5,0.32,0.7,0.68,-0.37999999999999995,-0.019999999999999907
m15,0.13,0.14,0.14,-0.010000000000000009,0.0
m15,0.13,0.14,0.14,-0.010000000000000009,0.0
m5,0.32,0.32,0.32,0.0,0.0
m15,0.13,0.14,0.14,-0.010000000000000009,0.0
h1,0.55,0.57,0.56,-0.019999999999999907,-0.009999999999999898
m5,0.32,0.32,0.32,0.0,0.0
m15,0.13,0.14,0.14,-0.010000000000000009,0.0
m15,0.13,0.14,0.14,-0.010000000000000009,0.0
m15,0.13,0.14,0.14,-0.010000000000000009,0.0
m15,0.13,0.14,0.14,-0.010000000000000009,0.0
m5,0.69,0.71,0.7,-0.020000000000000018,-0.010000000000000009
h1,0.59,0.63,0.63,-0.040000000000000036,0.0
m5,0.8498,0.91,0.9,-0.06020000000000003,-0.010000000000000009
m5,0.02,0.01,0.02,0.01,0.01
m15,0.05,0.06,0.06,-0.009999999999999995,0.0
m15,0.05,0.06,0.06,-0.009999999999999995,0.0
m5,0.5966,0.6,0.6,-0.0033999999999999586,0.0
m15,0.05,0.06,0.06,-0.009999999999999995,0.0
m15,0.05,0.06,0.06,-0.009999999999999995,0.0
m15,0.05,0.06,0.06,-0.009999999999999995,0.0
m15,0.05,0.06,0.06,-0.009999999999999995,0.0
m15,0.05,0.05,0.05,0.0,0.0
m5,0.2,0.2,0.2,0.0,0.0
h1,0.6,0.62,0.62,-0.020000000000000018,0.0
m5,0.35,0.45,0.45,-0.10000000000000003,0.0
h1,0.62,0.65,0.65,-0.030000000000000027,0.0
h1,0.64,0.65,0.65,-0.010000000000000009,0.0
m5,0.48,0.55,0.54,-0.07000000000000006,-0.010000000000000009
m5,0.36,0.26,0.27,0.09999999999999998,0.010000000000000009
m5,0.75,0.87,0.84,-0.12,-0.030000000000000027
m15,0.98,0.97,0.97,0.010000000000000009,0.0
m5,0.86,0.91,0.9,-0.050000000000000044,-0.010000000000000009
m15,0.91,0.92,0.92,-0.010000000000000009,0.0
m15,0.96,0.97,0.97,-0.010000000000000009,0.0
m15,0.96,0.98,0.98,-0.020000000000000018,0.0
m15,0.96,0.97,0.98,-0.010000000000000009,0.010000000000000009
m15,0.96,0.97,0.98,-0.010000000000000009,0.010000000000000009
m15,0.96,0.97,0.97,-0.010000000000000009,0.0
m15,0.96,0.97,0.97,-0.010000000000000009,0.0
m15,0.96,0.97,0.97,-0.010000000000000009,0.0
m15,0.97,0.98,0.98,-0.010000000000000009,0.0
m15,0.96,0.98,0.98,-0.020000000000000018,0.0
m5,0.9236,0.97,0.97,-0.0464,0.0
m5,0.02,0.04,0.06,-0.02,0.019999999999999997
m5,0.95,0.99,0.99,-0.040000000000000036,0.0
h1,0.46,0.47,0.47,-0.009999999999999953,0.0
m15,0.59,0.6,0.6,-0.010000000000000009,0.0
m5,0.62,0.66,0.66,-0.040000000000000036,0.0
m5,0.64,0.72,0.72,-0.07999999999999996,0.0
m15,0.61,0.62,0.62,-0.010000000000000009,0.0
m15,0.61,0.62,0.62,-0.010000000000000009,0.0
h1,0.49,0.5,0.5,-0.010000000000000009,0.0
m5,0.28,0.33,0.32,-0.04999999999999999,-0.010000000000000009
m5,0.26,0.3,0.3,-0.03999999999999998,0.0
m5,0.28,0.3,0.3,-0.019999999999999962,0.0
m5,0.23,0.31,0.31,-0.07999999999999999,0.0
m5,0.3,0.33,0.31,-0.030000000000000027,-0.020000000000000018
h1,0.49,0.5,0.5,-0.010000000000000009,0.0
h1,0.49,0.51,0.5,-0.020000000000000018,-0.010000000000000009
h1,0.5329999999999999,0.55,0.55,-0.017000000000000126,0.0
h1,0.54,0.56,0.56,-0.020000000000000018,0.0
h1,0.54,0.56,0.56,-0.020000000000000018,0.0
m15,0.54,0.57,0.57,-0.029999999999999916,0.0
m5,0.43,0.4,0.4,0.02999999999999997,0.0
m15,0.54,0.57,0.57,-0.029999999999999916,0.0
m15,0.54,0.57,0.57,-0.029999999999999916,0.0
m15,0.54,0.55,0.55,-0.010000000000000009,0.0
h1,0.43,0.44,0.44,-0.010000000000000009,0.0
m15,0.5,0.5,0.5,0.0,0.0
m5,0.45,0.45,0.45,0.0,0.0
m5,0.55,0.56,0.56,-0.010000000000000009,0.0
m5,0.45,0.52,0.5,-0.07,-0.020000000000000018
m15,0.51,0.52,0.52,-0.010000000000000009,0.0
m15,0.51,0.52,0.52,-0.010000000000000009,0.0
m15,0.51,0.52,0.52,-0.010000000000000009,0.0
m5,0.48,0.65,0.6,-0.17000000000000004,-0.050000000000000044
m5,0.5338,0.65,0.6,-0.11619999999999997,-0.050000000000000044
m15,0.5,0.53,0.53,-0.030000000000000027,0.0
m15,0.47,0.47,0.47,0.0,0.0
m5,0.34,0.37,0.35,-0.02999999999999997,-0.020000000000000018
m15,0.47,0.47,0.47,0.0,0.0
m5,0.33,0.37,0.35,-0.03999999999999998,-0.020000000000000018
m5,0.64,0.64,0.64,0.0,0.0
m5,0.64,0.65,0.65,-0.010000000000000009,0.0
m5,0.5821000000000001,0.52,0.55,0.062100000000000044,0.030000000000000027
h1,0.38,0.39,0.39,-0.010000000000000009,0.0
m5,0.5293,0.64,0.54,-0.11070000000000002,-0.09999999999999998
h1,0.38,0.4,0.4,-0.020000000000000018,0.0
m5,0.61,0.68,0.67,-0.07000000000000006,-0.010000000000000009
h1,0.4,0.4,0.4,0.0,0.0
m15,0.41,0.42,0.42,-0.010000000000000009,0.0
m5,0.10679999999999999,0.1,0.13,0.006799999999999987,0.03
m15,0.44659999999999994,0.6,0.6,-0.15340000000000004,0.0
m15,0.56,0.6,0.6,-0.039999999999999925,0.0
m15,0.6,0.62,0.62,-0.020000000000000018,0.0
h1,0.69,0.7,0.7,-0.010000000000000009,0.0
m15,0.38,0.36,0.39,0.020000000000000018,0.030000000000000027
m15,0.38,0.36,0.39,0.020000000000000018,0.030000000000000027
m15,0.38,0.36,0.39,0.020000000000000018,0.030000000000000027
m15,0.38,0.36,0.39,0.020000000000000018,0.030000000000000027
m15,0.38,0.36,0.39,0.020000000000000018,0.030000000000000027
m15,0.38,0.36,0.39,0.020000000000000018,0.030000000000000027
m15,0.38,0.23,0.26,0.15,0.03
m15,0.38,0.23,0.26,0.15,0.03
m15,0.38,0.23,0.26,0.15,0.03
m15,0.38,0.23,0.26,0.15,0.03
h1,0.79,0.8,0.8,-0.010000000000000009,0.0
h1,0.78,0.8,0.8,-0.020000000000000018,0.0
h1,0.7,0.8,0.8,-0.10000000000000009,0.0
m5,0.63,0.77,0.77,-0.14,0.0
m5,0.7238,0.77,0.77,-0.04620000000000002,0.0
m15,0.647,0.78,0.78,-0.133,0.0
h1,0.79,0.8,0.8,-0.010000000000000009,0.0
m15,0.22,0.23,0.23,-0.010000000000000009,0.0
m15,0.22,0.23,0.23,-0.010000000000000009,0.0
h1,0.79,0.79,0.8,0.0,0.010000000000000009
m15,0.22,0.23,0.23,-0.010000000000000009,0.0
m15,0.22,0.23,0.23,-0.010000000000000009,0.0
m15,0.22,0.23,0.23,-0.010000000000000009,0.0
m15,0.22,0.23,0.23,-0.010000000000000009,0.0
m15,0.22,0.24,0.24,-0.01999999999999999,0.0
m15,0.23,0.24,0.24,-0.009999999999999981,0.0
m15,0.22,0.22,0.24,0.0,0.01999999999999999
m15,0.77,0.82,0.79,-0.04999999999999993,-0.029999999999999916
m5,0.79,0.85,0.85,-0.05999999999999994,0.0
m15,0.84,0.86,0.86,-0.020000000000000018,0.0
h1,0.15,0.17,0.18,-0.020000000000000018,0.009999999999999981
h1,0.15,0.17,0.18,-0.020000000000000018,0.009999999999999981
h1,0.15,0.17,0.18,-0.020000000000000018,0.009999999999999981
h1,0.15,0.17,0.18,-0.020000000000000018,0.009999999999999981
m15,0.14,0.17,0.17,-0.03,0.0
m15,0.14,0.17,0.17,-0.03,0.0
m15,0.14,0.17,0.17,-0.03,0.0
m15,0.14,0.17,0.17,-0.03,0.0
h1,0.15,0.17,0.18,-0.020000000000000018,0.009999999999999981
m15,0.14,0.17,0.17,-0.03,0.0
h1,0.15,0.17,0.18,-0.020000000000000018,0.009999999999999981
h1,0.15,0.17,0.18,-0.020000000000000018,0.009999999999999981
m15,0.81,0.8,0.82,0.010000000000000009,0.019999999999999907
h1,0.79,0.79,0.79,0.0,0.0
m5,0.17,0.21,0.23,-0.03999999999999998,0.020000000000000018
h1,0.79,0.8,0.79,-0.010000000000000009,-0.010000000000000009
h1,0.79,0.8,0.79,-0.010000000000000009,-0.010000000000000009
m15,0.78,0.79,0.79,-0.010000000000000009,0.0
h1,0.21,0.23,0.22,-0.020000000000000018,-0.010000000000000009
m5,0.17,0.21,0.21,-0.03999999999999998,0.0
h1,0.73,0.69,0.72,0.040000000000000036,0.030000000000000027
m5,0.55,0.49,0.49,0.06000000000000005,0.0
h1,0.36,0.37,0.37,-0.010000000000000009,0.0
h1,0.379,0.38,0.38,-0.0010000000000000009,0.0
m15,0.5088,0.52,0.52,-0.011199999999999988,0.0
m5,0.47,0.55,0.56,-0.08000000000000007,0.010000000000000009
h1,0.35,0.37,0.35,-0.020000000000000018,-0.020000000000000018
m15,0.4,0.59,0.59,-0.18999999999999995,0.0
m5,0.53,0.75,0.72,-0.21999999999999997,-0.030000000000000027
h1,0.4268,0.47,0.47,-0.04319999999999996,0.0
h1,0.45,0.45,0.45,0.0,0.0
h1,0.48,0.51,0.48,-0.030000000000000027,-0.030000000000000027
h1,0.48,0.51,0.48,-0.030000000000000027,-0.030000000000000027
h1,0.47,0.5,0.5,-0.030000000000000027,0.0
m15,0.32,0.29,0.31,0.030000000000000027,0.020000000000000018
m15,0.69,0.77,0.76,-0.08000000000000007,-0.010000000000000009
h1,0.55,0.6,0.58,-0.04999999999999993,-0.020000000000000018
h1,0.54,0.6,0.58,-0.05999999999999994,-0.020000000000000018
h1,0.58,0.6,0.6,-0.020000000000000018,0.0
m15,0.24,0.21,0.21,0.03,0.0
h1,0.59,0.6,0.6,-0.010000000000000009,0.0
h1,0.59,0.57,0.59,0.020000000000000018,0.020000000000000018
m15,0.21,0.22,0.22,-0.010000000000000009,0.0
m15,0.78,0.79,0.79,-0.010000000000000009,0.0
m15,0.2,0.22,0.22,-0.01999999999999999,0.0
m15,0.78,0.79,0.79,-0.010000000000000009,0.0
m15,0.77,0.79,0.79,-0.020000000000000018,0.0
h1,0.42,0.43,0.42,-0.010000000000000009,-0.010000000000000009
h1,0.55,0.56,0.56,-0.010000000000000009,0.0
h1,0.55,0.56,0.56,-0.010000000000000009,0.0
h1,0.55,0.56,0.56,-0.010000000000000009,0.0
h1,0.55,0.56,0.56,-0.010000000000000009,0.0
m15,0.72,0.74,0.74,-0.020000000000000018,0.0
m15,0.73,0.74,0.74,-0.010000000000000009,0.0
m15,0.72,0.74,0.74,-0.020000000000000018,0.0
h1,0.54,0.55,0.55,-0.010000000000000009,0.0
h1,0.54,0.55,0.55,-0.010000000000000009,0.0
m15,0.75,0.8,0.8,-0.050000000000000044,0.0
h1,0.58,0.6,0.6,-0.020000000000000018,0.0
h1,0.59,0.58,0.6,0.010000000000000009,0.020000000000000018
m15,0.18,0.24,0.24,-0.06,0.0
m15,0.77,0.8,0.8,-0.030000000000000027,0.0
m15,0.19,0.21,0.21,-0.01999999999999999,0.0
m5,0.02,0.02,0.02,0.0,0.0
m15,0.79,0.81,0.81,-0.020000000000000018,0.0
h1,0.59,0.62,0.6,-0.030000000000000027,-0.020000000000000018
h1,0.6,0.62,0.62,-0.020000000000000018,0.0
h1,0.61,0.63,0.62,-0.020000000000000018,-0.010000000000000009
m15,0.14,0.15,0.15,-0.009999999999999981,0.0
m15,0.14,0.15,0.15,-0.009999999999999981,0.0
m15,0.14,0.15,0.15,-0.009999999999999981,0.0
m15,0.14,0.18,0.15,-0.03999999999999998,-0.03
m15,0.14,0.18,0.15,-0.03999999999999998,-0.03
m15,0.14,0.18,0.15,-0.03999999999999998,-0.03
h1,0.37,0.38,0.38,-0.010000000000000009,0.0
m15,0.17,0.18,0.19,-0.009999999999999981,0.010000000000000009
h1,0.32,0.33,0.33,-0.010000000000000009,0.0
h1,0.32,0.33,0.33,-0.010000000000000009,0.0
h1,0.32,0.33,0.33,-0.010000000000000009,0.0
m15,0.93,0.96,0.96,-0.029999999999999916,0.0
m5,0.6,0.65,0.64,-0.050000000000000044,-0.010000000000000009
m15,0.06,0.06,0.06,0.0,0.0
m15,0.06,0.06,0.06,0.0,0.0
h1,0.36,0.37,0.37,-0.010000000000000009,0.0
m15,0.91,0.92,0.92,-0.010000000000000009,0.0
m15,0.91,0.92,0.92,-0.010000000000000009,0.0
m15,0.91,0.92,0.92,-0.010000000000000009,0.0
m15,0.87,0.89,0.88,-0.020000000000000018,-0.010000000000000009
h1,0.43,0.45,0.45,-0.020000000000000018,0.0
m15,0.87,0.89,0.88,-0.020000000000000018,-0.010000000000000009
m15,0.87,0.89,0.88,-0.020000000000000018,-0.010000000000000009
h1,0.45,0.46,0.46,-0.010000000000000009,0.0
m15,0.81,0.82,0.82,-0.009999999999999898,0.0
m15,0.8,0.82,0.82,-0.019999999999999907,0.0
h1,0.49079999999999996,0.51,0.51,-0.01920000000000005,0.0
m15,0.8,0.82,0.82,-0.019999999999999907,0.0
m15,0.8,0.82,0.82,-0.019999999999999907,0.0
h1,0.5,0.51,0.51,-0.010000000000000009,0.0
m15,0.18,0.2,0.2,-0.020000000000000018,0.0
m15,0.19,0.2,0.2,-0.010000000000000009,0.0
m5,0.12,0.15,0.15,-0.03,0.0
m5,0.13,0.15,0.15,-0.01999999999999999,0.0
m15,0.11,0.13,0.13,-0.020000000000000004,0.0
h1,0.53,0.54,0.54,-0.010000000000000009,0.0
h1,0.53,0.54,0.54,-0.010000000000000009,0.0
m15,0.11,0.11,0.11,0.0,0.0
m5,0.84,0.84,0.84,0.0,0.0
h1,0.51,0.51,0.51,0.0,0.0
h1,0.5478999999999999,0.63,0.63,-0.08210000000000006,0.0
m15,0.77,0.6,0.59,0.17000000000000004,-0.010000000000000009
m15,0.77,0.6,0.59,0.17000000000000004,-0.010000000000000009
h1,0.515,0.63,0.63,-0.11499999999999999,0.0
m15,0.77,0.6,0.59,0.17000000000000004,-0.010000000000000009
m15,0.77,0.6,0.59,0.17000000000000004,-0.010000000000000009
m15,0.77,0.6,0.59,0.17000000000000004,-0.010000000000000009
m15,0.77,0.6,0.59,0.17000000000000004,-0.010000000000000009
m15,0.77,0.6,0.59,0.17000000000000004,-0.010000000000000009
m15,0.58,0.59,0.59,-0.010000000000000009,0.0
m15,0.58,0.59,0.59,-0.010000000000000009,0.0
m15,0.58,0.59,0.59,-0.010000000000000009,0.0
m15,0.58,0.59,0.59,-0.010000000000000009,0.0
m15,0.58,0.59,0.59,-0.010000000000000009,0.0
m15,0.58,0.59,0.59,-0.010000000000000009,0.0
h1,0.6038,0.63,0.63,-0.0262,0.0
m15,0.58,0.58,0.58,0.0,0.0
m15,0.58,0.58,0.58,0.0,0.0
m15,0.58,0.58,0.58,0.0,0.0
m15,0.41,0.42,0.42,-0.010000000000000009,0.0
m15,0.49670000000000003,0.55,0.51,-0.053300000000000014,-0.040000000000000036
m15,0.45,0.45,0.46,0.0,0.010000000000000009
h1,0.65,0.66,0.66,-0.010000000000000009,0.0
h1,0.65,0.66,0.66,-0.010000000000000009,0.0
m15,0.45,0.45,0.45,0.0,0.0
m15,0.45,0.45,0.45,0.0,0.0
m15,0.45,0.45,0.45,0.0,0.0
m15,0.56,0.56,0.56,0.0,0.0
m15,0.484,0.53,0.53,-0.04600000000000004,0.0
h1,0.35,0.36,0.35,-0.010000000000000009,-0.010000000000000009
m15,0.45,0.43,0.43,0.020000000000000018,0.0
h1,0.35,0.35,0.35,0.0,0.0
h1,0.35,0.35,0.35,0.0,0.0
m15,0.43,0.43,0.43,0.0,0.0
m15,0.22,0.34,0.34,-0.12000000000000002,0.0
m15,0.22,0.34,0.34,-0.12000000000000002,0.0
m15,0.7173,0.67,0.67,0.04730000000000001,0.0
m15,0.29,0.34,0.34,-0.050000000000000044,0.0
m15,0.7978000000000001,0.87,0.86,-0.07219999999999993,-0.010000000000000009
m15,0.76,0.87,0.86,-0.10999999999999999,-0.010000000000000009
m15,0.79,0.87,0.86,-0.07999999999999996,-0.010000000000000009
m15,0.1,0.09,0.09,0.010000000000000009,0.0
m15,0.1,0.09,0.09,0.010000000000000009,0.0
m15,0.1,0.09,0.09,0.010000000000000009,0.0
m15,0.1,0.09,0.09,0.010000000000000009,0.0
m15,0.1,0.09,0.09,0.010000000000000009,0.0
m15,0.1,0.09,0.09,0.010000000000000009,0.0
m15,0.87,0.92,0.92,-0.050000000000000044,0.0
m15,0.1,0.09,0.09,0.010000000000000009,0.0
m15,0.1,0.09,0.09,0.010000000000000009,0.0
m15,0.1,0.09,0.09,0.010000000000000009,0.0
m15,0.0969,0.13,0.15,-0.033100000000000004,0.01999999999999999
h1,0.6,0.64,0.64,-0.040000000000000036,0.0
h1,0.64,0.64,0.64,0.0,0.0
h1,0.65,0.66,0.66,-0.010000000000000009,0.0
h1,0.68,0.7,0.7,-0.019999999999999907,0.0
h1,0.7,0.71,0.71,-0.010000000000000009,0.0
h1,0.7,0.71,0.71,-0.010000000000000009,0.0
m5,0.28,0.31,0.3,-0.02999999999999997,-0.010000000000000009
m15,0.36,0.39,0.39,-0.030000000000000027,0.0
h1,0.63,0.65,0.65,-0.020000000000000018,0.0
m15,0.43,0.44,0.44,-0.010000000000000009,0.0
h1,0.47,0.48,0.48,-0.010000000000000009,0.0
m5,0.33,0.32,0.32,0.010000000000000009,0.0
h1,0.47,0.48,0.48,-0.010000000000000009,0.0
h1,0.47,0.42,0.42,0.04999999999999999,0.0
m15,0.51,0.55,0.55,-0.040000000000000036,0.0
m15,0.54,0.55,0.55,-0.010000000000000009,0.0
m15,0.5,0.54,0.54,-0.040000000000000036,0.0
h1,0.45,0.47,0.47,-0.019999999999999962,0.0
m5,0.74,0.78,0.8,-0.040000000000000036,0.020000000000000018
h1,0.56,0.49,0.49,0.07000000000000006,0.0
m15,0.43,0.51,0.5,-0.08000000000000002,-0.010000000000000009
m15,0.44,0.51,0.5,-0.07,-0.010000000000000009
h1,0.55,0.57,0.57,-0.019999999999999907,0.0
h1,0.52,0.57,0.57,-0.04999999999999993,0.0
m5,0.57,0.68,0.67,-0.1100000000000001,-0.010000000000000009
h1,0.52,0.53,0.53,-0.010000000000000009,0.0
m15,0.46,0.47,0.47,-0.009999999999999953,0.0
h1,0.51,0.52,0.52,-0.010000000000000009,0.0
h1,0.51,0.53,0.53,-0.020000000000000018,0.0
m15,0.37,0.35,0.35,0.020000000000000018,0.0
m5,0.187,0.55,0.55,-0.36300000000000004,0.0
h1,0.6099,0.61,0.62,-9.999999999998899e-05,0.010000000000000009
m5,0.55,0.51,0.48,0.040000000000000036,-0.030000000000000027
m5,0.7028,0.72,0.76,-0.017199999999999993,0.040000000000000036
m15,0.55,0.56,0.57,-0.010000000000000009,0.009999999999999898
m5,0.4326,0.53,0.54,-0.09740000000000004,0.010000000000000009
m5,0.2693,0.53,0.54,-0.26070000000000004,0.010000000000000009
h1,0.6088,0.6,0.62,0.00880000000000003,0.020000000000000018
h1,0.6069,0.62,0.62,-0.0131,0.0
h1,0.62,0.62,0.62,0.0,0.0
h1,0.62,0.62,0.62,0.0,0.0
m5,0.45,0.49,0.49,-0.03999999999999998,0.0
h1,0.61,0.62,0.62,-0.010000000000000009,0.0
h1,0.61,0.62,0.62,-0.010000000000000009,0.0
m5,0.5032,0.5,0.51,0.0031999999999999806,0.010000000000000009
m5,0.436,0.42,0.43,0.016000000000000014,0.010000000000000009
m15,0.5,0.56,0.56,-0.06000000000000005,0.0
m5,0.86,0.92,0.9,-0.06000000000000005,-0.020000000000000018
m15,0.54,0.56,0.56,-0.020000000000000018,0.0
m5,0.882,0.95,0.96,-0.06799999999999995,0.010000000000000009
m5,0.095,0.56,0.66,-0.4650000000000001,0.09999999999999998
h1,0.63,0.67,0.67,-0.040000000000000036,0.0
m15,0.49,0.51,0.51,-0.020000000000000018,0.0
h1,0.28,0.29,0.29,-0.009999999999999953,0.0
h1,0.28,0.29,0.29,-0.009999999999999953,0.0
h1,0.28,0.29,0.29,-0.009999999999999953,0.0
h1,0.28,0.29,0.29,-0.009999999999999953,0.0
h1,0.28,0.29,0.29,-0.009999999999999953,0.0
m15,0.49,0.5,0.5,-0.010000000000000009,0.0
h1,0.38,0.38,0.38,0.0,0.0
h1,0.4,0.44,0.43,-0.03999999999999998,-0.010000000000000009
h1,0.42,0.44,0.44,-0.020000000000000018,0.0
h1,0.41,0.44,0.44,-0.030000000000000027,0.0
h1,0.43,0.44,0.44,-0.010000000000000009,0.0
h1,0.48,0.49,0.49,-0.010000000000000009,0.0
h1,0.48,0.49,0.49,-0.010000000000000009,0.0
h1,0.48,0.49,0.49,-0.010000000000000009,0.0
h1,0.48,0.49,0.49,-0.010000000000000009,0.0
m15,0.67,0.74,0.73,-0.06999999999999995,-0.010000000000000009
h1,0.57,0.6,0.58,-0.030000000000000027,-0.020000000000000018
h1,0.59,0.6,0.6,-0.010000000000000009,0.0
m15,0.69,0.69,0.69,0.0,0.0
h1,0.49,0.57,0.52,-0.07999999999999996,-0.04999999999999993
h1,0.5,0.65,0.65,-0.15000000000000002,0.0
h1,0.62,0.67,0.68,-0.050000000000000044,0.010000000000000009
h1,0.5995,0.67,0.68,-0.07050000000000001,0.010000000000000009
h1,0.5403,0.67,0.68,-0.12970000000000004,0.010000000000000009
h1,0.6533,0.68,0.68,-0.026700000000000057,0.0
h1,0.67,0.67,0.67,0.0,0.0
h1,0.3,0.32,0.32,-0.020000000000000018,0.0
h1,0.69,0.72,0.72,-0.030000000000000027,0.0
h1,0.7265999999999999,0.75,0.75,-0.023400000000000087,0.0
h1,0.7691,0.8,0.8,-0.03090000000000004,0.0
h1,0.2,0.21,0.21,-0.009999999999999981,0.0
h1,0.2,0.21,0.21,-0.009999999999999981,0.0
h1,0.2,0.21,0.21,-0.009999999999999981,0.0
h1,0.2,0.21,0.21,-0.009999999999999981,0.0
h1,0.2,0.21,0.21,-0.009999999999999981,0.0
h1,0.2,0.21,0.21,-0.009999999999999981,0.0
h1,0.2,0.21,0.21,-0.009999999999999981,0.0
h1,0.2,0.21,0.21,-0.009999999999999981,0.0
h1,0.2,0.21,0.21,-0.009999999999999981,0.0
h1,0.2,0.21,0.21,-0.009999999999999981,0.0
h1,0.2,0.21,0.21,-0.009999999999999981,0.0
h1,0.2,0.21,0.21,-0.009999999999999981,0.0
h1,0.2,0.21,0.21,-0.009999999999999981,0.0
h1,0.2,0.21,0.2,-0.009999999999999981,-0.009999999999999981
h1,0.2,0.21,0.2,-0.009999999999999981,-0.009999999999999981
h1,0.2,0.21,0.2,-0.009999999999999981,-0.009999999999999981
h1,0.2,0.21,0.2,-0.009999999999999981,-0.009999999999999981
h1,0.2,0.21,0.2,-0.009999999999999981,-0.009999999999999981
h1,0.2,0.21,0.2,-0.009999999999999981,-0.009999999999999981
h1,0.2,0.21,0.2,-0.009999999999999981,-0.009999999999999981
h1,0.2,0.21,0.2,-0.009999999999999981,-0.009999999999999981
h1,0.2,0.21,0.2,-0.009999999999999981,-0.009999999999999981
h1,0.2,0.21,0.21,-0.009999999999999981,0.0
h1,0.2,0.21,0.21,-0.009999999999999981,0.0
h1,0.2,0.21,0.21,-0.009999999999999981,0.0
h1,0.2,0.21,0.21,-0.009999999999999981,0.0
h1,0.2,0.21,0.21,-0.009999999999999981,0.0
h1,0.2,0.21,0.21,-0.009999999999999981,0.0
h1,0.2,0.21,0.21,-0.009999999999999981,0.0
h1,0.2,0.21,0.21,-0.009999999999999981,0.0
h1,0.2,0.21,0.21,-0.009999999999999981,0.0
h1,0.16,0.17,0.17,-0.010000000000000009,0.0
h1,0.16,0.17,0.17,-0.010000000000000009,0.0
h1,0.16,0.17,0.17,-0.010000000000000009,0.0
h1,0.16,0.17,0.17,-0.010000000000000009,0.0
h1,0.16,0.17,0.17,-0.010000000000000009,0.0
h1,0.16,0.17,0.17,-0.010000000000000009,0.0
h1,0.16,0.17,0.17,-0.010000000000000009,0.0
h1,0.16,0.17,0.17,-0.010000000000000009,0.0
h1,0.16,0.17,0.17,-0.010000000000000009,0.0
h1,0.16,0.17,0.17,-0.010000000000000009,0.0
h1,0.16,0.17,0.17,-0.010000000000000009,0.0
h1,0.16,0.17,0.17,-0.010000000000000009,0.0
h1,0.16,0.17,0.17,-0.010000000000000009,0.0
h1,0.16,0.17,0.17,-0.010000000000000009,0.0
h1,0.16,0.17,0.17,-0.010000000000000009,0.0
h1,0.16,0.17,0.17,-0.010000000000000009,0.0
h1,0.16,0.17,0.17,-0.010000000000000009,0.0
h1,0.16,0.17,0.17,-0.010000000000000009,0.0
h1,0.16,0.17,0.17,-0.010000000000000009,0.0
m15,0.19,0.11,0.11,0.08,0.0
m15,0.22,0.11,0.11,0.11,0.0
h1,0.94,0.95,0.95,-0.010000000000000009,0.0
h1,0.94,0.93,0.93,0.009999999999999898,0.0
h1,0.07,0.08,0.08,-0.009999999999999995,0.0
h1,0.07,0.08,0.08,-0.009999999999999995,0.0
h1,0.0616,0.08,0.08,-0.0184,0.0
h1,0.07,0.08,0.08,-0.009999999999999995,0.0
h1,0.07,0.08,0.08,-0.009999999999999995,0.0
h1,0.07,0.07,0.08,0.0,0.009999999999999995
h1,0.07,0.07,0.08,0.0,0.009999999999999995
h1,0.06,0.08,0.08,-0.020000000000000004,0.0
h1,0.06,0.08,0.08,-0.020000000000000004,0.0
h1,0.06,0.07,0.08,-0.010000000000000009,0.009999999999999995
h1,0.07,0.07,0.08,0.0,0.009999999999999995
h1,0.06,0.08,0.08,-0.020000000000000004,0.0
h1,0.06,0.08,0.08,-0.020000000000000004,0.0
m15,0.82,0.84,0.84,-0.020000000000000018,0.0
h1,0.06,0.07,0.07,-0.010000000000000009,0.0
h1,0.04,0.05,0.06,-0.010000000000000002,0.009999999999999995
h1,0.04,0.05,0.06,-0.010000000000000002,0.009999999999999995
h1,0.04,0.05,0.06,-0.010000000000000002,0.009999999999999995
h1,0.04,0.05,0.06,-0.010000000000000002,0.009999999999999995
h1,0.06,0.07,0.07,-0.010000000000000009,0.0
h1,0.06,0.07,0.07,-0.010000000000000009,0.0
m5,0.5946,0.62,0.61,-0.025399999999999978,-0.010000000000000009
m15,0.18230000000000002,0.18,0.18,0.0023000000000000242,0.0
m15,0.17,0.2,0.18,-0.03,-0.020000000000000018
h1,0.91,0.9,0.91,0.010000000000000009,0.010000000000000009
h1,0.89,0.9,0.9,-0.010000000000000009,0.0
h1,0.89,0.9,0.9,-0.010000000000000009,0.0
h1,0.91,0.9,0.9,0.010000000000000009,0.0
m15,0.76,0.76,0.76,0.0,0.0
m15,0.75,0.76,0.76,-0.010000000000000009,0.0
m15,0.75,0.76,0.76,-0.010000000000000009,0.0
m15,0.75,0.76,0.76,-0.010000000000000009,0.0
m15,0.75,0.76,0.76,-0.010000000000000009,0.0
m15,0.76,0.76,0.76,0.0,0.0
m15,0.25,0.18,0.24,0.07,0.06
h1,0.1,0.09,0.1,0.010000000000000009,0.010000000000000009
m5,0.26,0.4,0.43,-0.14,0.02999999999999997
m5,0.37810000000000005,0.4,0.4,-0.021899999999999975,0.0
m5,0.6,0.61,0.61,-0.010000000000000009,0.0
h1,0.92,0.95,0.95,-0.029999999999999916,0.0
h1,0.06,0.09,0.09,-0.03,0.0
m5,0.32,0.32,0.32,0.0,0.0
m5,0.32,0.31,0.32,0.010000000000000009,0.010000000000000009
m15,0.77,0.78,0.78,-0.010000000000000009,0.0
m15,0.27,0.3,0.3,-0.02999999999999997,0.0
m15,0.7,0.71,0.71,-0.010000000000000009,0.0
m15,0.7,0.69,0.71,0.010000000000000009,0.020000000000000018
m15,0.7,0.69,0.71,0.010000000000000009,0.020000000000000018
m15,0.7,0.69,0.71,0.010000000000000009,0.020000000000000018
m15,0.7,0.69,0.71,0.010000000000000009,0.020000000000000018
m15,0.7,0.65,0.69,0.04999999999999993,0.039999999999999925
h1,0.858,0.85,0.86,0.008000000000000007,0.010000000000000009
h1,0.21,0.28,0.28,-0.07000000000000003,0.0
h1,0.73,0.73,0.73,0.0,0.0
m15,0.5,0.54,0.54,-0.040000000000000036,0.0
m15,0.46,0.45,0.45,0.010000000000000009,0.0
h1,0.6901,0.75,0.72,-0.05989999999999995,-0.030000000000000027
h1,0.72,0.75,0.72,-0.030000000000000027,-0.030000000000000027
h1,0.72,0.73,0.75,-0.010000000000000009,0.020000000000000018
h1,0.26,0.31,0.29,-0.04999999999999999,-0.020000000000000018
h1,0.7,0.7,0.7,0.0,0.0
h1,0.665,0.79,0.68,-0.125,-0.10999999999999999
h1,0.7778,0.8,0.8,-0.022199999999999998,0.0
h1,0.7,0.8,0.8,-0.10000000000000009,0.0
h1,0.78,0.77,0.81,0.010000000000000009,0.040000000000000036
h1,0.79,0.77,0.81,0.020000000000000018,0.040000000000000036
m15,0.5,0.46,0.53,0.03999999999999998,0.07
m5,0.08,0.06,0.08,0.020000000000000004,0.020000000000000004
m15,0.524,0.55,0.55,-0.026000000000000023,0.0
m15,0.54,0.55,0.55,-0.010000000000000009,0.0
m15,0.53,0.55,0.55,-0.020000000000000018,0.0
h1,0.76,0.79,0.79,-0.030000000000000027,0.0
h1,0.21,0.25,0.25,-0.04000000000000001,0.0
m5,0.95,0.95,0.94,0.0,-0.010000000000000009
h1,0.22,0.3,0.25,-0.07999999999999999,-0.04999999999999999
m15,0.4,0.37,0.37,0.030000000000000027,0.0
m15,0.4,0.37,0.37,0.030000000000000027,0.0
m15,0.4,0.37,0.37,0.030000000000000027,0.0
m15,0.4,0.37,0.37,0.030000000000000027,0.0
m15,0.4,0.37,0.37,0.030000000000000027,0.0
m15,0.4,0.37,0.37,0.030000000000000027,0.0
m15,0.4,0.37,0.37,0.030000000000000027,0.0
m15,0.4,0.37,0.37,0.030000000000000027,0.0
m15,0.4,0.37,0.37,0.030000000000000027,0.0
m15,0.4,0.37,0.37,0.030000000000000027,0.0
m15,0.4,0.37,0.37,0.030000000000000027,0.0
m15,0.4,0.37,0.37,0.030000000000000027,0.0
m15,0.37,0.38,0.38,-0.010000000000000009,0.0
m15,0.37,0.38,0.38,-0.010000000000000009,0.0
h1,0.27,0.25,0.27,0.020000000000000018,0.020000000000000018
h1,0.8229000000000001,0.82,0.82,0.0029000000000001247,0.0
h1,0.81,0.86,0.86,-0.04999999999999993,0.0
m15,0.5,0.4,0.44,0.09999999999999998,0.03999999999999998
h1,0.845,0.93,0.93,-0.08500000000000008,0.0
m15,0.65,0.72,0.72,-0.06999999999999995,0.0
m15,0.22,0.22,0.23,0.0,0.010000000000000009
m15,0.22,0.22,0.23,0.0,0.010000000000000009
m15,0.27,0.22,0.23,0.05000000000000002,0.010000000000000009
m15,0.22,0.22,0.23,0.0,0.010000000000000009
m5,0.89,0.9,0.9,-0.010000000000000009,0.0
m15,0.2,0.15,0.15,0.05000000000000002,0.0
m15,0.2,0.15,0.15,0.05000000000000002,0.0
m15,0.2,0.15,0.15,0.05000000000000002,0.0
m15,0.2,0.15,0.15,0.05000000000000002,0.0
m15,0.2,0.15,0.15,0.05000000000000002,0.0
m15,0.2,0.15,0.15,0.05000000000000002,0.0
m15,0.2,0.15,0.15,0.05000000000000002,0.0
m15,0.2,0.15,0.15,0.05000000000000002,0.0
h1,0.96,0.97,0.97,-0.010000000000000009,0.0
h1,0.96,0.97,0.97,-0.010000000000000009,0.0
h1,0.96,0.97,0.97,-0.010000000000000009,0.0
m5,0.8,0.84,0.82,-0.039999999999999925,-0.020000000000000018
m15,0.1,0.11,0.11,-0.009999999999999995,0.0
m5,0.19,0.23,0.24,-0.04000000000000001,0.009999999999999981
h1,0.98,0.98,0.98,0.0,0.0
h1,0.98,0.98,0.98,0.0,0.0
m5,0.67,0.72,0.7,-0.04999999999999993,-0.020000000000000018
m5,0.79,0.8,0.82,-0.010000000000000009,0.019999999999999907
m5,0.2,0.21,0.21,-0.009999999999999981,0.0
m5,0.19,0.21,0.21,-0.01999999999999999,0.0
m5,0.1941,0.21,0.22,-0.015899999999999997,0.010000000000000009
m5,0.2,0.21,0.22,-0.009999999999999981,0.010000000000000009
m15,0.96,0.98,0.98,-0.020000000000000018,0.0
m5,0.69,0.73,0.73,-0.040000000000000036,0.0
h1,0.99,0.99,0.99,0.0,0.0
m5,0.28,0.3,0.3,-0.019999999999999962,0.0
m5,0.28,0.3,0.3,-0.019999999999999962,0.0
m15,0.97,0.98,0.99,-0.010000000000000009,0.010000000000000009
m15,0.97,0.98,0.99,-0.010000000000000009,0.010000000000000009
m15,0.97,0.99,0.98,-0.020000000000000018,-0.010000000000000009
m15,0.97,0.99,0.99,-0.020000000000000018,0.0
m15,0.64,0.58,0.59,0.06000000000000005,0.010000000000000009
m15,0.59,0.52,0.52,0.06999999999999995,0.0
m5,0.69,0.52,0.53,0.16999999999999993,0.010000000000000009
m15,0.59,0.52,0.52,0.06999999999999995,0.0
m5,0.6940999999999999,0.52,0.53,0.17409999999999992,0.010000000000000009
m15,0.59,0.52,0.52,0.06999999999999995,0.0
m15,0.59,0.52,0.52,0.06999999999999995,0.0
m15,0.59,0.52,0.52,0.06999999999999995,0.0
m15,0.59,0.52,0.52,0.06999999999999995,0.0
m15,0.43,0.46,0.49,-0.030000000000000027,0.02999999999999997
h1,0.48,0.53,0.53,-0.050000000000000044,0.0
h1,0.49,0.53,0.53,-0.040000000000000036,0.0
h1,0.47,0.53,0.53,-0.06000000000000005,0.0
m5,0.36,0.44,0.44,-0.08000000000000002,0.0
h1,0.5,0.5,0.49,0.0,-0.010000000000000009
m5,0.44,0.38,0.4,0.06,0.020000000000000018
h1,0.5126,0.55,0.54,-0.0374000000000001,-0.010000000000000009
h1,0.53,0.54,0.55,-0.010000000000000009,0.010000000000000009
m5,0.32,0.31,0.31,0.010000000000000009,0.0
m15,0.37,0.39,0.39,-0.020000000000000018,0.0
m5,0.31,0.34,0.34,-0.030000000000000027,0.0
h1,0.42,0.43,0.43,-0.010000000000000009,0.0
m5,0.36,0.39,0.38,-0.030000000000000027,-0.010000000000000009
m15,0.38,0.42,0.4,-0.03999999999999998,-0.019999999999999962
m5,0.35,0.39,0.38,-0.040000000000000036,-0.010000000000000009
m5,0.41,0.4,0.42,0.009999999999999953,0.019999999999999962
m15,0.42,0.4,0.4,0.019999999999999962,0.0
h1,0.56,0.56,0.56,0.0,0.0
h1,0.5665,0.61,0.61,-0.04349999999999998,0.0
h1,0.61,0.6,0.61,0.010000000000000009,0.010000000000000009
m5,0.09,0.19,0.18,-0.1,-0.010000000000000009
m15,0.24,0.28,0.28,-0.040000000000000036,0.0
m15,0.24,0.28,0.28,-0.040000000000000036,0.0
m15,0.73,0.75,0.75,-0.020000000000000018,0.0
m15,0.7,0.71,0.71,-0.010000000000000009,0.0
m15,0.7,0.71,0.71,-0.010000000000000009,0.0
m15,0.7,0.71,0.71,-0.010000000000000009,0.0
m15,0.26,0.28,0.26,-0.020000000000000018,-0.020000000000000018
m15,0.26,0.27,0.27,-0.010000000000000009,0.0
h1,0.63,0.67,0.67,-0.040000000000000036,0.0
h1,0.67,0.69,0.69,-0.019999999999999907,0.0
h1,0.67,0.69,0.69,-0.019999999999999907,0.0
m15,0.11,0.13,0.12,-0.020000000000000004,-0.010000000000000009
h1,0.68,0.69,0.69,-0.009999999999999898,0.0
h1,0.68,0.69,0.69,-0.009999999999999898,0.0
m15,0.86,0.87,0.87,-0.010000000000000009,0.0
m15,0.86,0.87,0.87,-0.010000000000000009,0.0
h1,0.68,0.69,0.69,-0.009999999999999898,0.0
m5,0.46,0.47,0.46,-0.009999999999999953,-0.009999999999999953
m15,0.91,0.93,0.93,-0.020000000000000018,0.0
m15,0.91,0.93,0.93,-0.020000000000000018,0.0
m5,0.52,0.58,0.58,-0.05999999999999994,0.0
m5,0.4,0.44,0.44,-0.03999999999999998,0.0
m5,0.5572,0.58,0.58,-0.02279999999999993,0.0
m5,0.6,0.66,0.65,-0.06000000000000005,-0.010000000000000009
m15,0.06,0.07,0.07,-0.010000000000000009,0.0
m15,0.06,0.07,0.07,-0.010000000000000009,0.0
m15,0.06,0.07,0.07,-0.010000000000000009,0.0
m5,0.67,0.69,0.69,-0.019999999999999907,0.0
h1,0.28,0.3,0.3,-0.019999999999999962,0.0
m15,0.06,0.07,0.07,-0.010000000000000009,0.0
m15,0.06,0.07,0.07,-0.010000000000000009,0.0
m5,0.7,0.73,0.73,-0.030000000000000027,0.0
m5,0.2643,0.43,0.42,-0.16570000000000001,-0.010000000000000009
m5,0.58,0.7,0.68,-0.12,-0.019999999999999907
m5,0.63,0.7,0.68,-0.06999999999999995,-0.019999999999999907
m5,0.6,0.7,0.68,-0.09999999999999998,-0.019999999999999907
h1,0.72,0.74,0.74,-0.020000000000000018,0.0
h1,0.71,0.72,0.72,-0.010000000000000009,0.0
h1,0.71,0.73,0.73,-0.020000000000000018,0.0
m5,0.04,0.03,0.03,0.010000000000000002,0.0
m5,0.031,0.11,0.12,-0.079,0.009999999999999995
m5,0.8572,0.92,0.91,-0.06280000000000008,-0.010000000000000009
m5,0.09,0.04,0.12,0.049999999999999996,0.07999999999999999
m15,0.01,0.01,0.01,0.0,0.0
m15,0.01,0.01,0.01,0.0,0.0
m15,0.01,0.01,0.01,0.0,0.0
m15,0.01,0.01,0.01,0.0,0.0
m15,0.01,0.01,0.01,0.0,0.0
m5,0.6,0.58,0.57,0.020000000000000018,-0.010000000000000009
h1,0.74,0.75,0.75,-0.010000000000000009,0.0
h1,0.23,0.25,0.26,-0.01999999999999999,0.010000000000000009
m5,0.58,0.58,0.58,0.0,0.0
m5,0.39,0.38,0.41,0.010000000000000009,0.02999999999999997
m5,0.46,0.51,0.51,-0.04999999999999999,0.0
m5,0.6195,0.62,0.63,-0.0004999999999999449,0.010000000000000009
m5,0.38,0.39,0.39,-0.010000000000000009,0.0
m5,0.62,0.56,0.63,0.05999999999999994,0.06999999999999995
m5,0.39,0.45,0.44,-0.06,-0.010000000000000009
m5,0.415,0.45,0.45,-0.03500000000000003,0.0
m5,0.57,0.43,0.57,0.13999999999999996,0.13999999999999996
m5,0.42,0.55,0.55,-0.13000000000000006,0.0
m5,0.46,0.33,0.34,0.13,0.010000000000000009
m5,0.7,0.76,0.75,-0.06000000000000005,-0.010000000000000009
m5,0.8,0.88,0.82,-0.07999999999999996,-0.06000000000000005
m5,0.95,0.97,0.97,-0.020000000000000018,0.0
m5,0.97,0.98,0.98,-0.010000000000000009,0.0
m5,0.5439,0.56,0.55,-0.016100000000000003,-0.010000000000000009
m15,0.48,0.49,0.49,-0.010000000000000009,0.0
m15,0.51,0.53,0.53,-0.020000000000000018,0.0
m5,0.4164,0.44,0.44,-0.02360000000000001,0.0
m15,0.46,0.42,0.42,0.040000000000000036,0.0
m15,0.46,0.42,0.42,0.040000000000000036,0.0
m15,0.46,0.42,0.42,0.040000000000000036,0.0
m15,0.41,0.42,0.42,-0.010000000000000009,0.0
m15,0.41,0.42,0.42,-0.010000000000000009,0.0
m15,0.41,0.42,0.42,-0.010000000000000009,0.0
m15,0.59,0.65,0.64,-0.06000000000000005,-0.010000000000000009
m15,0.61,0.6,0.6,0.010000000000000009,0.0
h1,0.72,0.75,0.75,-0.030000000000000027,0.0
m15,0.53,0.58,0.56,-0.04999999999999993,-0.019999999999999907
m15,0.42,0.43,0.43,-0.010000000000000009,0.0
m15,0.42,0.43,0.43,-0.010000000000000009,0.0
m5,0.36,0.38,0.38,-0.020000000000000018,0.0
m15,0.42,0.43,0.43,-0.010000000000000009,0.0
m5,0.6598,0.63,0.63,0.02980000000000005,0.0
m5,0.36,0.38,0.38,-0.020000000000000018,0.0
m15,0.54,0.56,0.56,-0.020000000000000018,0.0
m15,0.45,0.45,0.45,0.0,0.0
m5,0.36,0.42,0.42,-0.06,0.0
m15,0.52,0.51,0.51,0.010000000000000009,0.0
m15,0.45,0.5,0.5,-0.04999999999999999,0.0
m15,0.52,0.51,0.51,0.010000000000000009,0.0
m15,0.52,0.51,0.51,0.010000000000000009,0.0
m15,0.52,0.51,0.51,0.010000000000000009,0.0
m5,0.61,0.69,0.68,-0.07999999999999996,-0.009999999999999898
m5,0.32,0.23,0.27,0.09,0.04000000000000001
m15,0.37,0.38,0.38,-0.010000000000000009,0.0
m15,0.37,0.38,0.38,-0.010000000000000009,0.0
m15,0.37,0.38,0.38,-0.010000000000000009,0.0
m15,0.37,0.38,0.38,-0.010000000000000009,0.0
m15,0.37,0.38,0.38,-0.010000000000000009,0.0
m15,0.37,0.38,0.38,-0.010000000000000009,0.0
m15,0.37,0.38,0.38,-0.010000000000000009,0.0
m15,0.37,0.38,0.38,-0.010000000000000009,0.0
m15,0.37,0.38,0.38,-0.010000000000000009,0.0
m15,0.37,0.38,0.38,-0.010000000000000009,0.0
m15,0.37,0.38,0.38,-0.010000000000000009,0.0
m15,0.37,0.38,0.38,-0.010000000000000009,0.0
m15,0.37,0.38,0.38,-0.010000000000000009,0.0
m5,0.1232,0.14,0.12,-0.01680000000000001,-0.020000000000000018
m5,0.87,0.9,0.9,-0.030000000000000027,0.0
m5,0.88,0.9,0.9,-0.020000000000000018,0.0
m15,0.3971,0.44,0.42,-0.042899999999999994,-0.020000000000000018
m15,0.38,0.44,0.42,-0.06,-0.020000000000000018
m5,0.05,0.16,0.1,-0.11,-0.06
m5,0.06,0.16,0.1,-0.1,-0.06
h1,0.73,0.77,0.77,-0.040000000000000036,0.0
m5,0.5,0.49,0.51,0.010000000000000009,0.020000000000000018
m15,0.44,0.44,0.44,0.0,0.0
m5,0.52,0.48,0.48,0.040000000000000036,0.0
m5,0.48,0.41,0.42,0.07,0.010000000000000009
m5,0.53,0.59,0.59,-0.05999999999999994,0.0
m15,0.5,0.51,0.51,-0.010000000000000009,0.0
m15,0.5,0.51,0.51,-0.010000000000000009,0.0
m5,0.59,0.65,0.65,-0.06000000000000005,0.0
m15,0.41,0.36,0.36,0.04999999999999999,0.0
m15,0.41,0.36,0.36,0.04999999999999999,0.0
m15,0.41,0.36,0.36,0.04999999999999999,0.0
m15,0.41,0.36,0.36,0.04999999999999999,0.0
m15,0.41,0.36,0.36,0.04999999999999999,0.0
m15,0.41,0.36,0.36,0.04999999999999999,0.0
m15,0.41,0.36,0.36,0.04999999999999999,0.0
m5,0.76,0.8,0.79,-0.040000000000000036,-0.010000000000000009
h1,0.83,0.85,0.85,-0.020000000000000018,0.0
m15,0.31,0.32,0.32,-0.010000000000000009,0.0
h1,0.83,0.85,0.85,-0.020000000000000018,0.0
h1,0.16,0.2,0.2,-0.04000000000000001,0.0
m15,0.31,0.47,0.47,-0.15999999999999998,0.0
m5,0.18,0.35,0.34,-0.16999999999999998,-0.009999999999999953
m5,0.56,0.56,0.56,0.0,0.0
m5,0.43,0.43,0.43,0.0,0.0
m15,0.49,0.59,0.53,-0.09999999999999998,-0.05999999999999994
m5,0.45,0.47,0.47,-0.019999999999999962,0.0
m15,0.49,0.57,0.59,-0.07999999999999996,0.020000000000000018
m15,0.49,0.57,0.59,-0.07999999999999996,0.020000000000000018
m15,0.58,0.63,0.58,-0.050000000000000044,-0.050000000000000044
m5,0.46,0.5,0.5,-0.03999999999999998,0.0
m5,0.51,0.46,0.47,0.04999999999999999,0.009999999999999953
m5,0.54,0.55,0.55,-0.010000000000000009,0.0
m5,0.534,0.55,0.55,-0.016000000000000014,0.0
m5,0.44,0.35,0.42,0.09000000000000002,0.07
m5,0.58,0.66,0.66,-0.08000000000000007,0.0
m5,0.32,0.29,0.34,0.030000000000000027,0.050000000000000044
m5,0.32,0.29,0.34,0.030000000000000027,0.050000000000000044
m15,0.45,0.45,0.45,0.0,0.0
m5,0.25,0.26,0.25,-0.010000000000000009,-0.010000000000000009
h1,0.16,0.17,0.17,-0.010000000000000009,0.0
h1,0.16,0.17,0.17,-0.010000000000000009,0.0
h1,0.16,0.17,0.17,-0.010000000000000009,0.0
h1,0.16,0.17,0.17,-0.010000000000000009,0.0
h1,0.16,0.17,0.17,-0.010000000000000009,0.0
h1,0.82,0.83,0.83,-0.010000000000000009,0.0
m5,0.92,0.96,0.95,-0.039999999999999925,-0.010000000000000009
m5,0.9041,0.96,0.95,-0.05589999999999995,-0.010000000000000009
h1,0.8331999999999999,0.84,0.84,-0.006800000000000028,0.0
m15,0.29,0.31,0.31,-0.020000000000000018,0.0
m5,0.04,0.07,0.06,-0.030000000000000006,-0.010000000000000009
m5,0.04,0.04,0.04,0.0,0.0
m15,0.59,0.65,0.63,-0.06000000000000005,-0.020000000000000018
m15,0.34,0.47,0.37,-0.12999999999999995,-0.09999999999999998
m15,0.34,0.47,0.37,-0.12999999999999995,-0.09999999999999998
m5,0.6951,0.21,0.47,0.4851000000000001,0.26
m5,0.66,0.21,0.47,0.45000000000000007,0.26
m15,0.4,0.31,0.37,0.09000000000000002,0.06
m5,0.46,0.83,0.56,-0.36999999999999994,-0.2699999999999999
m15,0.43,0.31,0.37,0.12,0.06
m5,0.5516,0.21,0.47,0.3416,0.26
m5,0.4885,0.64,0.91,-0.15150000000000002,0.27
m5,0.8228,0.37,0.1,0.4528,-0.27
m15,0.5445,0.58,0.73,-0.035499999999999976,0.15000000000000002
m15,0.27,0.44,0.44,-0.16999999999999998,0.0
m15,0.28,0.44,0.44,-0.15999999999999998,0.0
m15,0.3996,0.48,0.48,-0.08039999999999997,0.0
m5,0.51,0.52,0.52,-0.010000000000000009,0.0
m5,0.51,0.52,0.52,-0.010000000000000009,0.0
m5,0.59,0.57,0.61,0.020000000000000018,0.040000000000000036
m5,0.41,0.47,0.47,-0.06,0.0
m5,0.63,0.56,0.58,0.06999999999999995,0.019999999999999907
m15,0.71,0.63,0.65,0.07999999999999996,0.020000000000000018
m15,0.71,0.63,0.65,0.07999999999999996,0.020000000000000018
m15,0.71,0.63,0.65,0.07999999999999996,0.020000000000000018
m15,0.71,0.63,0.65,0.07999999999999996,0.020000000000000018
m15,0.71,0.63,0.65,0.07999999999999996,0.020000000000000018
m5,0.4129,0.45,0.45,-0.03710000000000002,0.0
m15,0.31,0.38,0.38,-0.07,0.0
m5,0.56,0.56,0.56,0.0,0.0
m15,0.37,0.38,0.38,-0.010000000000000009,0.0
m15,0.38,0.46,0.46,-0.08000000000000002,0.0
m15,0.46,0.46,0.46,0.0,0.0
m15,0.56,0.41,0.44,0.15000000000000008,0.030000000000000027
m15,0.58,0.6,0.6,-0.020000000000000018,0.0
m5,0.6347,0.66,0.66,-0.02529999999999999,0.0
m15,0.54,0.6,0.6,-0.05999999999999994,0.0
m15,0.54,0.6,0.6,-0.05999999999999994,0.0
m15,0.54,0.6,0.6,-0.05999999999999994,0.0
m15,0.54,0.6,0.6,-0.05999999999999994,0.0
m15,0.54,0.6,0.6,-0.05999999999999994,0.0
m15,0.54,0.6,0.6,-0.05999999999999994,0.0
m15,0.43,0.41,0.41,0.020000000000000018,0.0
m15,0.54,0.6,0.6,-0.05999999999999994,0.0
m15,0.6,0.61,0.61,-0.010000000000000009,0.0
m5,0.64,0.67,0.67,-0.030000000000000027,0.0
m15,0.39,0.39,0.39,0.0,0.0
m15,0.59,0.61,0.56,-0.020000000000000018,-0.04999999999999993
m5,0.45,0.48,0.47,-0.02999999999999997,-0.010000000000000009
m15,0.41,0.4,0.4,0.009999999999999953,0.0
m15,0.41,0.4,0.4,0.009999999999999953,0.0
m15,0.41,0.4,0.4,0.009999999999999953,0.0
m5,0.47,0.51,0.5,-0.040000000000000036,-0.010000000000000009
m15,0.41,0.4,0.4,0.009999999999999953,0.0
m5,0.54,0.55,0.55,-0.010000000000000009,0.0
m15,0.53,0.48,0.48,0.050000000000000044,0.0
m5,0.46,0.47,0.47,-0.009999999999999953,0.0
m5,0.46,0.47,0.47,-0.009999999999999953,0.0
m15,0.58,0.55,0.55,0.029999999999999916,0.0
m15,0.52,0.55,0.55,-0.030000000000000027,0.0
m5,0.54,0.56,0.56,-0.020000000000000018,0.0
m5,0.56,0.61,0.61,-0.04999999999999993,0.0
m5,0.52,0.55,0.55,-0.030000000000000027,0.0
m5,0.5075999999999999,0.5,0.5,0.00759999999999994,0.0
m5,0.5,0.51,0.51,-0.010000000000000009,0.0
m15,0.57,0.59,0.59,-0.020000000000000018,0.0
m15,0.58,0.6,0.6,-0.020000000000000018,0.0
m5,0.49,0.51,0.51,-0.020000000000000018,0.0
m15,0.45,0.47,0.47,-0.019999999999999962,0.0
m5,0.53,0.55,0.55,-0.020000000000000018,0.0
m5,0.55,0.59,0.56,-0.039999999999999925,-0.029999999999999916
m5,0.57,0.59,0.59,-0.020000000000000018,0.0
m5,0.56,0.59,0.59,-0.029999999999999916,0.0
m15,0.52,0.55,0.55,-0.030000000000000027,0.0
m5,0.4179,0.45,0.45,-0.03210000000000002,0.0
m15,0.56,0.57,0.57,-0.009999999999999898,0.0
m5,0.45,0.47,0.47,-0.019999999999999962,0.0
m5,0.47,0.48,0.47,-0.010000000000000009,-0.010000000000000009
m15,0.59,0.61,0.6,-0.020000000000000018,-0.010000000000000009
m5,0.5574,0.6,0.59,-0.04259999999999997,-0.010000000000000009
h1,0.83,0.84,0.84,-0.010000000000000009,0.0
m15,0.46,0.56,0.5,-0.10000000000000003,-0.06000000000000005
m5,0.6,0.65,0.64,-0.050000000000000044,-0.010000000000000009
m5,0.67,0.66,0.67,0.010000000000000009,0.010000000000000009
m5,0.6637000000000001,0.66,0.67,0.0037000000000000366,0.010000000000000009
m15,0.5821999999999999,0.59,0.6,-0.007800000000000029,0.010000000000000009
m15,0.5869,0.59,0.6,-0.0030999999999999917,0.010000000000000009
m15,0.41,0.42,0.42,-0.010000000000000009,0.0
m5,0.34,0.35,0.35,-0.009999999999999953,0.0
m5,0.33490000000000003,0.35,0.35,-0.015099999999999947,0.0
m15,0.44,0.46,0.46,-0.020000000000000018,0.0
m5,0.3608,0.36,0.38,0.0008000000000000229,0.020000000000000018
m15,0.49369999999999997,0.49,0.49,0.003699999999999981,0.0
m15,0.52,0.52,0.52,0.0,0.0
m5,0.66,0.7,0.69,-0.039999999999999925,-0.010000000000000009
m15,0.55,0.57,0.58,-0.019999999999999907,0.010000000000000009
m5,0.69,0.68,0.7,0.009999999999999898,0.019999999999999907
m15,0.44,0.49,0.47,-0.04999999999999999,-0.020000000000000018
m15,0.5329999999999999,0.55,0.55,-0.017000000000000126,0.0
m15,0.46,0.6,0.6,-0.13999999999999996,0.0
m15,0.5856,0.6,0.6,-0.014399999999999968,0.0
m5,0.2876,0.46,0.47,-0.1724,0.009999999999999953
m15,0.6045,0.61,0.6,-0.005499999999999949,-0.010000000000000009
m5,0.4729,0.41,0.4,0.06290000000000001,-0.009999999999999953
m15,0.7041,0.7,0.7,0.0040999999999999925,0.0
m5,0.4,0.43,0.39,-0.02999999999999997,-0.03999999999999998
m5,0.4025,0.37,0.42,0.03250000000000003,0.04999999999999999
m5,0.56,0.69,0.68,-0.1299999999999999,-0.009999999999999898
m5,0.5861999999999999,0.69,0.68,-0.1038,-0.009999999999999898
m5,0.4424,0.32,0.33,0.12240000000000001,0.010000000000000009
m5,0.6255,0.69,0.68,-0.0645,-0.009999999999999898
m15,0.2861,0.27,0.27,0.016100000000000003,0.0
m15,0.26,0.26,0.26,0.0,0.0
m15,0.25,0.39,0.4,-0.14,0.010000000000000009
m5,0.7354999999999999,0.83,0.8,-0.09450000000000003,-0.029999999999999916
m5,0.72,0.83,0.8,-0.10999999999999999,-0.029999999999999916
m5,0.75,0.83,0.8,-0.07999999999999996,-0.029999999999999916
m15,0.3901,0.38,0.38,0.010099999999999998,0.0
m15,0.39289999999999997,0.38,0.38,0.012899999999999967,0.0
m15,0.3937,0.38,0.38,0.01369999999999999,0.0
m5,0.7565000000000001,0.83,0.8,-0.0734999999999999,-0.029999999999999916
m15,0.37,0.35,0.37,0.020000000000000018,0.020000000000000018
m15,0.37,0.35,0.37,0.020000000000000018,0.020000000000000018
m15,0.37,0.35,0.37,0.020000000000000018,0.020000000000000018
m15,0.37,0.35,0.37,0.020000000000000018,0.020000000000000018
m15,0.37,0.35,0.37,0.020000000000000018,0.020000000000000018
h1,0.83,0.85,0.85,-0.020000000000000018,0.0
h1,0.85,0.89,0.88,-0.040000000000000036,-0.010000000000000009
h1,0.11,0.13,0.13,-0.020000000000000004,0.0
h1,0.11,0.13,0.13,-0.020000000000000004,0.0
h1,0.11,0.13,0.13,-0.020000000000000004,0.0
h1,0.11,0.13,0.13,-0.020000000000000004,0.0
m15,0.51,0.51,0.51,0.0,0.0
m5,0.66,0.66,0.66,0.0,0.0
m15,0.47,0.48,0.48,-0.010000000000000009,0.0
m15,0.47,0.48,0.48,-0.010000000000000009,0.0
m15,0.47,0.48,0.48,-0.010000000000000009,0.0
m15,0.47,0.47,0.48,0.0,0.010000000000000009
m15,0.47,0.47,0.48,0.0,0.010000000000000009
m15,0.47,0.47,0.48,0.0,0.010000000000000009
m15,0.47,0.47,0.48,0.0,0.010000000000000009
m15,0.47,0.47,0.48,0.0,0.010000000000000009
m15,0.47,0.47,0.48,0.0,0.010000000000000009
m15,0.46,0.46,0.5,0.0,0.03999999999999998
m15,0.46,0.46,0.5,0.0,0.03999999999999998
m15,0.46,0.46,0.5,0.0,0.03999999999999998
m15,0.49,0.46,0.46,0.02999999999999997,0.0
m15,0.49,0.46,0.46,0.02999999999999997,0.0
m15,0.49,0.46,0.46,0.02999999999999997,0.0
m15,0.49,0.46,0.46,0.02999999999999997,0.0
m5,0.62,0.72,0.72,-0.09999999999999998,0.0
m5,0.73,0.76,0.76,-0.030000000000000027,0.0
m5,0.26,0.35,0.35,-0.08999999999999997,0.0
m5,0.32,0.36,0.36,-0.03999999999999998,0.0
m5,0.3042,0.36,0.36,-0.05579999999999996,0.0
m5,0.59,0.6,0.59,-0.010000000000000009,-0.010000000000000009
m15,0.47,0.5,0.49,-0.030000000000000027,-0.010000000000000009
m5,0.6234000000000001,0.67,0.67,-0.046599999999999975,0.0
m5,0.6,0.67,0.67,-0.07000000000000006,0.0
m5,0.32,0.36,0.35,-0.03999999999999998,-0.010000000000000009
m5,0.64,0.66,0.66,-0.020000000000000018,0.0
h1,0.86,0.89,0.88,-0.030000000000000027,-0.010000000000000009
h1,0.87,0.88,0.88,-0.010000000000000009,0.0
m5,0.68,0.72,0.72,-0.039999999999999925,0.0
m5,0.34,0.35,0.35,-0.009999999999999953,0.0
m5,0.45,0.48,0.47,-0.02999999999999997,-0.010000000000000009
h1,0.16,0.18,0.18,-0.01999999999999999,0.0
m5,0.3704,0.37,0.38,0.00040000000000001146,0.010000000000000009
m15,0.6,0.61,0.61,-0.010000000000000009,0.0
m15,0.6,0.61,0.61,-0.010000000000000009,0.0
m15,0.6,0.61,0.61,-0.010000000000000009,0.0
m15,0.6,0.61,0.61,-0.010000000000000009,0.0
m15,0.6,0.61,0.61,-0.010000000000000009,0.0
m15,0.6,0.61,0.61,-0.010000000000000009,0.0
m15,0.6,0.61,0.61,-0.010000000000000009,0.0
m15,0.6,0.64,0.63,-0.040000000000000036,-0.010000000000000009
m15,0.6,0.64,0.63,-0.040000000000000036,-0.010000000000000009
m5,0.75,0.8,0.8,-0.050000000000000044,0.0
m5,0.76,0.8,0.8,-0.040000000000000036,0.0
m5,0.19,0.19,0.2,0.0,0.010000000000000009
m5,0.82,0.86,0.86,-0.040000000000000036,0.0
m5,0.11,0.29,0.24,-0.18,-0.04999999999999999
h1,0.82,0.85,0.84,-0.030000000000000027,-0.010000000000000009
m5,0.75,0.8,0.8,-0.050000000000000044,0.0
m5,0.7328,0.8,0.8,-0.06720000000000004,0.0
m5,0.7659,0.83,0.81,-0.06409999999999993,-0.019999999999999907
h1,0.17,0.17,0.17,0.0,0.0
h1,0.16,0.17,0.17,-0.010000000000000009,0.0
h1,0.17,0.18,0.18,-0.009999999999999981,0.0
h1,0.17,0.18,0.18,-0.009999999999999981,0.0
m5,0.5411,0.56,0.55,-0.018900000000000028,-0.010000000000000009
m15,0.35450000000000004,0.35,0.34,0.0045000000000000595,-0.009999999999999953
m15,0.33,0.35,0.35,-0.019999999999999962,0.0
m5,0.55,0.56,0.56,-0.010000000000000009,0.0
m15,0.66,0.67,0.67,-0.010000000000000009,0.0
m15,0.66,0.7,0.67,-0.039999999999999925,-0.029999999999999916
m15,0.66,0.7,0.67,-0.039999999999999925,-0.029999999999999916
m15,0.66,0.7,0.67,-0.039999999999999925,-0.029999999999999916
m5,0.42,0.52,0.46,-0.10000000000000003,-0.06
m15,0.66,0.7,0.67,-0.039999999999999925,-0.029999999999999916
m15,0.66,0.7,0.67,-0.039999999999999925,-0.029999999999999916
m5,0.51,0.54,0.54,-0.030000000000000027,0.0
m5,0.47,0.47,0.47,0.0,0.0
h1,0.25,0.29,0.29,-0.03999999999999998,0.0
m15,0.85,0.89,0.89,-0.040000000000000036,0.0
m5,0.8417,0.7,0.75,0.14170000000000005,0.050000000000000044
m5,0.7936,0.7,0.75,0.09360000000000002,0.050000000000000044
m5,0.8294,0.7,0.75,0.12940000000000007,0.050000000000000044
h1,0.25,0.21,0.21,0.04000000000000001,0.0
m15,0.78,0.77,0.77,0.010000000000000009,0.0
m5,0.34,0.32,0.34,0.020000000000000018,0.020000000000000018
m15,0.78,0.79,0.79,-0.010000000000000009,0.0
m15,0.78,0.79,0.79,-0.010000000000000009,0.0
m15,0.82,0.83,0.83,-0.010000000000000009,0.0
m15,0.82,0.88,0.83,-0.06000000000000005,-0.050000000000000044
m15,0.82,0.88,0.83,-0.06000000000000005,-0.050000000000000044
h1,0.75,0.76,0.74,-0.010000000000000009,-0.020000000000000018
m15,0.84,0.85,0.87,-0.010000000000000009,0.020000000000000018
m5,0.18,0.21,0.23,-0.03,0.020000000000000018
m15,0.85,0.85,0.85,0.0,0.0
m5,0.78,0.78,0.79,0.0,0.010000000000000009
m15,0.85,0.84,0.85,0.010000000000000009,0.010000000000000009
m15,0.81,0.78,0.78,0.030000000000000027,0.0
m5,0.3,0.29,0.33,0.010000000000000009,0.040000000000000036
m5,0.68,0.73,0.72,-0.04999999999999993,-0.010000000000000009
m5,0.72,0.75,0.75,-0.030000000000000027,0.0
m5,0.73,0.77,0.77,-0.040000000000000036,0.0
m5,0.75,0.77,0.77,-0.020000000000000018,0.0
m5,0.2688,0.33,0.33,-0.06120000000000003,0.0
h1,0.79,0.8,0.8,-0.010000000000000009,0.0
m5,0.68,0.68,0.68,0.0,0.0
m15,0.21,0.22,0.22,-0.010000000000000009,0.0
m15,0.21,0.22,0.22,-0.010000000000000009,0.0
m15,0.21,0.22,0.22,-0.010000000000000009,0.0
h1,0.8,0.81,0.81,-0.010000000000000009,0.0
h1,0.81,0.82,0.82,-0.009999999999999898,0.0
m15,0.23,0.25,0.25,-0.01999999999999999,0.0
m15,0.32,0.33,0.33,-0.010000000000000009,0.0
m5,0.44,0.46,0.45,-0.020000000000000018,-0.010000000000000009
m5,0.53,0.54,0.53,-0.010000000000000009,-0.010000000000000009
m15,0.31,0.32,0.32,-0.010000000000000009,0.0
m5,0.52,0.75,0.61,-0.22999999999999998,-0.14
m5,0.6,0.84,0.84,-0.24,0.0
m5,0.5387,0.84,0.84,-0.3013,0.0
h1,0.9,0.9,0.9,0.0,0.0
m5,0.8243,0.85,0.85,-0.025699999999999945,0.0
m15,0.5,0.51,0.51,-0.010000000000000009,0.0
m15,0.51,0.51,0.51,0.0,0.0
m15,0.51,0.51,0.51,0.0,0.0
m15,0.51,0.51,0.51,0.0,0.0
m5,0.15,0.15,0.15,0.0,0.0
m15,0.48,0.5,0.49,-0.020000000000000018,-0.010000000000000009
m15,0.48,0.5,0.49,-0.020000000000000018,-0.010000000000000009
m15,0.48,0.5,0.49,-0.020000000000000018,-0.010000000000000009
m15,0.48,0.5,0.49,-0.020000000000000018,-0.010000000000000009
m15,0.48,0.5,0.5,-0.020000000000000018,0.0
m15,0.48,0.5,0.5,-0.020000000000000018,0.0
m15,0.49,0.5,0.5,-0.010000000000000009,0.0
m15,0.49,0.5,0.5,-0.010000000000000009,0.0
m5,0.06,0.05,0.06,0.009999999999999995,0.009999999999999995
m15,0.52,0.54,0.54,-0.020000000000000018,0.0
h1,0.08,0.09,0.09,-0.009999999999999995,0.0
h1,0.08,0.09,0.09,-0.009999999999999995,0.0
m5,0.02,0.3,0.18,-0.27999999999999997,-0.12
m15,0.63,0.68,0.63,-0.050000000000000044,-0.050000000000000044
m5,0.23,0.3,0.18,-0.06999999999999998,-0.12
m15,0.37,0.31,0.31,0.06,0.0
h1,0.12,0.14,0.14,-0.020000000000000018,0.0
m5,0.2732,0.3,0.32,-0.02679999999999999,0.020000000000000018
m5,0.8623000000000001,0.71,0.69,0.1523000000000001,-0.020000000000000018
m5,0.2425,0.3,0.32,-0.057499999999999996,0.020000000000000018
m5,0.8070999999999999,0.71,0.69,0.09709999999999996,-0.020000000000000018
m5,0.25,0.3,0.32,-0.04999999999999999,0.020000000000000018
m15,0.3,0.27,0.31,0.02999999999999997,0.03999999999999998
m15,0.3,0.25,0.26,0.04999999999999999,0.010000000000000009
h1,0.14,0.14,0.14,0.0,0.0
h1,0.13,0.13,0.13,0.0,0.0
m5,0.55,0.62,0.56,-0.06999999999999995,-0.05999999999999994
m15,0.2882,0.4,0.28,-0.11180000000000001,-0.12
m15,0.28,0.4,0.28,-0.12,-0.12
m15,0.28,0.4,0.28,-0.12,-0.12
m5,0.54,0.62,0.56,-0.07999999999999996,-0.05999999999999994
m15,0.27,0.4,0.4,-0.13,0.0
h1,0.1,0.12,0.12,-0.01999999999999999,0.0
h1,0.87,0.89,0.9,-0.020000000000000018,0.010000000000000009
h1,0.1,0.12,0.12,-0.01999999999999999,0.0
h1,0.87,0.89,0.89,-0.020000000000000018,0.0
h1,0.1,0.11,0.11,-0.009999999999999995,0.0
h1,0.1,0.11,0.11,-0.009999999999999995,0.0
h1,0.9,0.92,0.92,-0.020000000000000018,0.0
m15,0.38,0.45,0.36,-0.07,-0.09000000000000002
m15,0.38,0.45,0.36,-0.07,-0.09000000000000002
m15,0.38,0.45,0.36,-0.07,-0.09000000000000002
m15,0.38,0.45,0.36,-0.07,-0.09000000000000002
h1,0.91,0.93,0.92,-0.020000000000000018,-0.010000000000000009
m5,0.21,0.25,0.25,-0.04000000000000001,0.0
m15,0.46299999999999997,0.4,0.4,0.06299999999999994,0.0
m5,0.25,0.28,0.29,-0.030000000000000027,0.009999999999999953
m15,0.46,0.46,0.48,0.0,0.019999999999999962
m15,0.47,0.43,0.43,0.03999999999999998,0.0
m15,0.47,0.43,0.43,0.03999999999999998,0.0
m15,0.53,0.58,0.58,-0.04999999999999993,0.0
h1,0.09,0.09,0.09,0.0,0.0
h1,0.09,0.09,0.09,0.0,0.0
m15,0.47,0.43,0.43,0.03999999999999998,0.0
h1,0.08,0.08,0.08,0.0,0.0
h1,0.08,0.08,0.08,0.0,0.0
h1,0.08,0.08,0.08,0.0,0.0
m15,0.57,0.62,0.61,-0.050000000000000044,-0.010000000000000009
m15,0.38,0.39,0.39,-0.010000000000000009,0.0
m15,0.38,0.39,0.39,-0.010000000000000009,0.0
m15,0.4,0.48,0.49,-0.07999999999999996,0.010000000000000009
m15,0.51,0.51,0.54,0.0,0.030000000000000027
m5,0.26,0.25,0.24,0.010000000000000009,-0.010000000000000009
m5,0.24,0.25,0.25,-0.010000000000000009,0.0
m5,0.25,0.28,0.32,-0.030000000000000027,0.03999999999999998
m15,0.48,0.5,0.5,-0.020000000000000018,0.0
m5,0.69,0.75,0.74,-0.06000000000000005,-0.010000000000000009
m15,0.5,0.59,0.6,-0.08999999999999997,0.010000000000000009
m5,0.79,0.8,0.8,-0.010000000000000009,0.0
m15,0.39,0.42,0.4,-0.02999999999999997,-0.019999999999999962
m15,0.61,0.59,0.61,0.020000000000000018,0.020000000000000018
m15,0.4241,0.5,0.5,-0.07590000000000002,0.0
m5,0.25,0.27,0.27,-0.020000000000000018,0.0
m15,0.47,0.5,0.5,-0.030000000000000027,0.0
m15,0.56,0.57,0.57,-0.009999999999999898,0.0
m5,0.79,0.82,0.81,-0.029999999999999916,-0.009999999999999898
m5,0.81,0.88,0.88,-0.06999999999999995,0.0
m5,0.81,0.88,0.88,-0.06999999999999995,0.0
m15,0.7,0.8,0.78,-0.10000000000000009,-0.020000000000000018
m15,0.23,0.2,0.21,0.03,0.009999999999999981
m15,0.23,0.2,0.21,0.03,0.009999999999999981
m15,0.23,0.2,0.21,0.03,0.009999999999999981
m15,0.2,0.18,0.18,0.020000000000000018,0.0
m15,0.14,0.15,0.15,-0.009999999999999981,0.0
m15,0.85,0.91,0.91,-0.06000000000000005,0.0
m15,0.85,0.91,0.91,-0.06000000000000005,0.0
m15,0.85,0.91,0.91,-0.06000000000000005,0.0
m15,0.84,0.91,0.91,-0.07000000000000006,0.0
h1,0.94,0.96,0.96,-0.020000000000000018,0.0
h1,0.95,0.96,0.96,-0.010000000000000009,0.0
m15,0.89,0.93,0.91,-0.040000000000000036,-0.020000000000000018
m15,0.9,0.93,0.91,-0.030000000000000027,-0.020000000000000018
m15,0.07,0.09,0.08,-0.01999999999999999,-0.009999999999999995
m15,0.07,0.09,0.08,-0.01999999999999999,-0.009999999999999995
m15,0.07,0.09,0.08,-0.01999999999999999,-0.009999999999999995
m15,0.07,0.09,0.08,-0.01999999999999999,-0.009999999999999995
m15,0.91,0.94,0.94,-0.029999999999999916,0.0
m15,0.06,0.08,0.08,-0.020000000000000004,0.0
m15,0.06,0.08,0.08,-0.020000000000000004,0.0
m15,0.87,0.88,0.88,-0.010000000000000009,0.0
m15,0.09,0.13,0.13,-0.04000000000000001,0.0
m15,0.87,0.89,0.88,-0.020000000000000018,-0.010000000000000009
m15,0.87,0.88,0.89,-0.010000000000000009,0.010000000000000009
m15,0.87,0.88,0.89,-0.010000000000000009,0.010000000000000009
m15,0.87,0.88,0.89,-0.010000000000000009,0.010000000000000009
m15,0.87,0.88,0.89,-0.010000000000000009,0.010000000000000009
m15,0.09,0.1,0.1,-0.010000000000000009,0.0
m15,0.09,0.1,0.1,-0.010000000000000009,0.0
m15,0.08,0.1,0.1,-0.020000000000000004,0.0
m15,0.09,0.1,0.1,-0.010000000000000009,0.0
m15,0.85,0.92,0.9,-0.07000000000000006,-0.020000000000000018
m15,0.9,0.94,0.93,-0.039999999999999925,-0.009999999999999898
m15,0.91,0.95,0.95,-0.039999999999999925,0.0
m15,0.98,1.0,1.0,-0.020000000000000018,0.0
m15,0.46,0.46,0.46,0.0,0.0
m5,0.5075999999999999,0.53,0.53,-0.022400000000000087,0.0
m15,0.46,0.5,0.5,-0.03999999999999998,0.0
m15,0.45,0.46,0.46,-0.010000000000000009,0.0
m15,0.45,0.46,0.46,-0.010000000000000009,0.0
m15,0.45,0.46,0.46,-0.010000000000000009,0.0
m5,0.25,0.29,0.29,-0.03999999999999998,0.0
m5,0.29,0.37,0.33,-0.08000000000000002,-0.03999999999999998
m5,0.29,0.37,0.33,-0.08000000000000002,-0.03999999999999998
m5,0.33,0.38,0.38,-0.04999999999999999,0.0
m15,0.43,0.6,0.56,-0.16999999999999998,-0.039999999999999925
m5,0.32,0.31,0.31,0.010000000000000009,0.0
m15,0.58,0.6,0.6,-0.020000000000000018,0.0
m15,0.58,0.6,0.6,-0.020000000000000018,0.0
m15,0.58,0.6,0.6,-0.020000000000000018,0.0
m15,0.58,0.6,0.6,-0.020000000000000018,0.0
m15,0.4,0.42,0.42,-0.019999999999999962,0.0
m5,0.31,0.34,0.34,-0.030000000000000027,0.0
m5,0.31,0.34,0.34,-0.030000000000000027,0.0
m5,0.2859,0.34,0.34,-0.05410000000000004,0.0
m5,0.34,0.36,0.34,-0.019999999999999962,-0.019999999999999962
m15,0.44,0.46,0.45,-0.020000000000000018,-0.010000000000000009
m5,0.61,0.73,0.72,-0.12,-0.010000000000000009
m5,0.6965,0.74,0.74,-0.04349999999999998,0.0
m5,0.72,0.74,0.74,-0.020000000000000018,0.0
m15,0.62,0.65,0.68,-0.030000000000000027,0.030000000000000027
m5,0.7511,0.81,0.82,-0.05890000000000006,0.009999999999999898
m15,0.33,0.37,0.37,-0.03999999999999998,0.0
m5,0.19,0.24,0.24,-0.04999999999999999,0.0
m15,0.36,0.37,0.37,-0.010000000000000009,0.0
m15,0.36,0.37,0.37,-0.010000000000000009,0.0
m15,0.36,0.37,0.37,-0.010000000000000009,0.0
m15,0.36,0.37,0.37,-0.010000000000000009,0.0
m15,0.36,0.37,0.37,-0.010000000000000009,0.0
m5,0.83,0.88,0.86,-0.050000000000000044,-0.020000000000000018
m5,0.85,0.88,0.89,-0.030000000000000027,0.010000000000000009
m5,0.12,0.13,0.13,-0.010000000000000009,0.0
m5,0.18,0.2,0.19,-0.020000000000000018,-0.010000000000000009
m5,0.19,0.22,0.2,-0.03,-0.01999999999999999
m5,0.76,0.82,0.81,-0.05999999999999994,-0.009999999999999898
m5,0.81,0.7,0.82,0.1100000000000001,0.12
m5,0.67,0.61,0.63,0.06000000000000005,0.020000000000000018
m5,0.4,0.39,0.4,0.010000000000000009,0.010000000000000009
m5,0.4,0.34,0.36,0.06,0.019999999999999962
m5,0.6347,0.67,0.67,-0.0353,0.0
m5,0.3331,0.34,0.34,-0.006900000000000017,0.0
m15,0.46,0.47,0.47,-0.009999999999999953,0.0
m5,0.34,0.29,0.32,0.050000000000000044,0.030000000000000027
m5,0.67,0.72,0.69,-0.04999999999999993,-0.030000000000000027
m5,0.32,0.29,0.29,0.030000000000000027,0.0
m5,0.72,0.73,0.73,-0.010000000000000009,0.0
m5,0.72,0.72,0.72,0.0,0.0
m5,0.72,0.72,0.72,0.0,0.0
m5,0.73,0.79,0.78,-0.06000000000000005,-0.010000000000000009
m5,0.77,0.79,0.79,-0.020000000000000018,0.0
m5,0.31,0.34,0.33,-0.030000000000000027,-0.010000000000000009
m15,0.46,0.47,0.47,-0.009999999999999953,0.0
m5,0.68,0.67,0.67,0.010000000000000009,0.0
m5,0.67,0.67,0.67,0.0,0.0
m15,0.5685,0.56,0.58,0.008499999999999952,0.019999999999999907
m5,0.75,0.7,0.7,0.050000000000000044,0.0
m5,0.79,0.8,0.8,-0.010000000000000009,0.0
m5,0.18,0.18,0.18,0.0,0.0
m5,0.83,0.84,0.84,-0.010000000000000009,0.0
m5,0.35350000000000004,0.49,0.4,-0.13649999999999995,-0.08999999999999997
m5,0.37,0.64,0.57,-0.27,-0.07000000000000006
m5,0.49729999999999996,0.66,0.67,-0.16270000000000007,0.010000000000000009
m5,0.331,0.55,0.36,-0.21900000000000003,-0.19000000000000006
m5,0.56,0.35,0.43,0.21000000000000008,0.08000000000000002
m5,0.36,0.35,0.43,0.010000000000000009,0.08000000000000002
m5,0.5483,0.71,0.68,-0.16169999999999995,-0.029999999999999916
m5,0.7779,0.86,0.86,-0.08209999999999995,0.0
m5,0.85,0.86,0.86,-0.010000000000000009,0.0
m5,0.16,0.14,0.14,0.01999999999999999,0.0
m5,0.86,0.87,0.87,-0.010000000000000009,0.0
m5,0.95,0.97,0.96,-0.020000000000000018,-0.010000000000000009
m5,0.05,0.03,0.05,0.020000000000000004,0.020000000000000004
m5,0.552,0.58,0.59,-0.027999999999999914,0.010000000000000009
m5,0.42,0.42,0.42,0.0,0.0
m15,0.5,0.42,0.5,0.08000000000000002,0.08000000000000002
m5,0.56,0.52,0.54,0.040000000000000036,0.020000000000000018
m5,0.43,0.56,0.55,-0.13000000000000006,-0.010000000000000009
m5,0.54,0.58,0.59,-0.039999999999999925,0.010000000000000009
m5,0.43,0.46,0.45,-0.030000000000000027,-0.010000000000000009
m5,0.4625,0.49,0.49,-0.02749999999999997,0.0
m5,0.49,0.49,0.49,0.0,0.0
m5,0.524,0.58,0.55,-0.05599999999999994,-0.029999999999999916
m15,0.43,0.49,0.48,-0.06,-0.010000000000000009
m5,0.55,0.6,0.6,-0.04999999999999993,0.0
h1,0.005,0.01,0.01,-0.005,0.0
m5,0.41,0.46,0.44,-0.050000000000000044,-0.020000000000000018
h1,0.005,0.01,0.01,-0.005,0.0
m5,0.4384,0.52,0.49,-0.0816,-0.030000000000000027
m15,0.51,0.6,0.57,-0.08999999999999997,-0.030000000000000027
m5,0.49,0.57,0.55,-0.07999999999999996,-0.019999999999999907
m5,0.55,0.6,0.59,-0.04999999999999993,-0.010000000000000009
h1,0.006999999999999999,0.01,0.01,-0.003000000000000001,0.0
m5,0.38,0.44,0.45,-0.06,0.010000000000000009
h1,0.009000000000000001,0.01,0.01,-0.0009999999999999992,0.0
h1,0.991,0.99,0.99,0.0010000000000000009,0.0
m5,0.51,0.55,0.55,-0.040000000000000036,0.0
m5,0.5,0.55,0.55,-0.050000000000000044,0.0
h1,0.9940000000000001,0.99,0.99,0.004000000000000115,0.0
m5,0.55,0.58,0.58,-0.029999999999999916,0.0
h1,0.993,0.99,0.99,0.0030000000000000027,0.0
m5,0.58,0.59,0.58,-0.010000000000000009,-0.010000000000000009
h1,0.9940000000000001,1.0,1.0,-0.005999999999999894,0.0
m5,0.56,0.59,0.58,-0.029999999999999916,-0.010000000000000009
h1,0.005,0.01,0.01,-0.005,0.0
h1,0.996,1.0,1.0,-0.0040000000000000036,0.0
h1,0.004,0.01,0.01,-0.006,0.0
m5,0.59,0.6,0.6,-0.010000000000000009,0.0
h1,0.995,1.0,1.0,-0.0050000000000000044,0.0
m5,0.41,0.43,0.42,-0.020000000000000018,-0.010000000000000009
h1,0.995,1.0,0.99,-0.0050000000000000044,-0.010000000000000009
m5,0.5792,0.51,0.51,0.06920000000000004,0.0
m5,0.53,0.51,0.51,0.020000000000000018,0.0
m5,0.49,0.54,0.53,-0.050000000000000044,-0.010000000000000009
m15,0.45,0.46,0.46,-0.010000000000000009,0.0
m5,0.39,0.52,0.46,-0.13,-0.06
m5,0.38,0.52,0.46,-0.14,-0.06
m5,0.38,0.52,0.46,-0.14,-0.06
m5,0.6114,0.49,0.55,0.12140000000000006,0.06000000000000005
m15,0.5,0.56,0.55,-0.06000000000000005,-0.010000000000000009
m5,0.45,0.5,0.52,-0.04999999999999999,0.020000000000000018
m5,0.43,0.5,0.52,-0.07,0.020000000000000018
m5,0.5,0.55,0.55,-0.050000000000000044,0.0
m5,0.46,0.49,0.49,-0.02999999999999997,0.0
m5,0.47,0.46,0.46,0.009999999999999953,0.0
m5,0.46,0.44,0.46,0.020000000000000018,0.020000000000000018
m5,0.56,0.56,0.57,0.0,0.009999999999999898
m5,0.56,0.57,0.64,-0.009999999999999898,0.07000000000000006
m15,0.58,0.59,0.64,-0.010000000000000009,0.050000000000000044
m5,0.64,0.56,0.57,0.07999999999999996,0.009999999999999898
m15,0.41,0.42,0.42,-0.010000000000000009,0.0
m5,0.40950000000000003,0.44,0.45,-0.03049999999999997,0.010000000000000009
m5,0.58,0.69,0.66,-0.10999999999999999,-0.029999999999999916
m5,0.5728,0.69,0.66,-0.11719999999999997,-0.029999999999999916
m5,0.57,0.69,0.66,-0.12,-0.029999999999999916
m5,0.65,0.69,0.69,-0.039999999999999925,0.0
m5,0.67,0.68,0.69,-0.010000000000000009,0.009999999999999898
h1,0.003,0.0,0.0,0.003,0.0
m15,0.39740000000000003,0.43,0.41,-0.03259999999999996,-0.020000000000000018
h1,0.997,1.0,1.0,-0.0030000000000000027,0.0
m5,0.45,0.68,0.65,-0.23000000000000004,-0.030000000000000027
m5,0.46,0.68,0.65,-0.22000000000000003,-0.030000000000000027
m5,0.6592,0.71,0.7,-0.050799999999999956,-0.010000000000000009
m5,0.72,0.8,0.79,-0.08000000000000007,-0.010000000000000009
m5,0.75,0.8,0.79,-0.050000000000000044,-0.010000000000000009
m15,0.35,0.33,0.33,0.019999999999999962,0.0
m5,0.13,0.1,0.12,0.03,0.01999999999999999
m5,0.13,0.1,0.12,0.03,0.01999999999999999
h1,0.998,1.0,1.0,-0.0020000000000000018,0.0
m15,0.67,0.68,0.68,-0.010000000000000009,0.0
m15,0.65,0.68,0.68,-0.030000000000000027,0.0
m15,0.66,0.68,0.68,-0.020000000000000018,0.0
m15,0.68,0.68,0.68,0.0,0.0
m5,0.08,0.1,0.11,-0.020000000000000004,0.009999999999999995
m15,0.41,0.43,0.43,-0.020000000000000018,0.0
m5,0.1,0.1,0.1,0.0,0.0
m15,0.58,0.58,0.58,0.0,0.0
m5,0.1,0.08,0.09,0.020000000000000004,0.009999999999999995
m15,0.42,0.42,0.43,0.0,0.010000000000000009
m5,0.08,0.08,0.08,0.0,0.0
m15,0.57,0.62,0.58,-0.050000000000000044,-0.040000000000000036
m15,0.57,0.62,0.58,-0.050000000000000044,-0.040000000000000036
m15,0.6,0.61,0.61,-0.010000000000000009,0.0
m5,0.97,0.98,0.98,-0.010000000000000009,0.0
m5,0.48,0.5,0.5,-0.020000000000000018,0.0
m15,0.69,0.7,0.7,-0.010000000000000009,0.0
m5,0.4943,0.5,0.5,-0.005699999999999983,0.0
m5,0.5154,0.55,0.55,-0.034600000000000075,0.0
m15,0.3248,0.35,0.35,-0.0252,0.0
m5,0.46,0.46,0.46,0.0,0.0
m5,0.65,0.68,0.68,-0.030000000000000027,0.0
m5,0.5985,0.68,0.68,-0.08150000000000002,0.0
m5,0.3,0.3,0.3,0.0,0.0
m15,0.48,0.49,0.49,-0.010000000000000009,0.0
m5,0.8009000000000001,0.82,0.82,-0.019099999999999895,0.0
m15,0.642,0.63,0.63,0.01200000000000001,0.0
m15,0.6,0.59,0.59,0.010000000000000009,0.0
m5,0.25,0.28,0.27,-0.030000000000000027,-0.010000000000000009
m15,0.41729999999999995,0.42,0.42,-0.0027000000000000357,0.0
m5,0.77,0.75,0.75,0.020000000000000018,0.0
m5,0.23,0.26,0.26,-0.03,0.0
m5,0.25,0.26,0.26,-0.010000000000000009,0.0
m15,0.38,0.4,0.4,-0.020000000000000018,0.0
m5,0.26,0.25,0.25,0.010000000000000009,0.0
m15,0.44,0.46,0.46,-0.020000000000000018,0.0
m5,0.38,0.45,0.45,-0.07,0.0
m5,0.4,0.45,0.45,-0.04999999999999999,0.0
m15,0.33380000000000004,0.34,0.34,-0.006199999999999983,0.0
m15,0.32,0.34,0.34,-0.020000000000000018,0.0
m5,0.56,0.57,0.56,-0.009999999999999898,-0.009999999999999898
m15,0.67,0.68,0.68,-0.010000000000000009,0.0
m15,0.26,0.27,0.27,-0.010000000000000009,0.0
m15,0.26,0.28,0.27,-0.020000000000000018,-0.010000000000000009
m15,0.73,0.81,0.8,-0.08000000000000007,-0.010000000000000009
m5,0.45,0.54,0.52,-0.09000000000000002,-0.020000000000000018
m5,0.43,0.54,0.52,-0.11000000000000004,-0.020000000000000018
m5,0.48,0.52,0.55,-0.040000000000000036,0.030000000000000027
m5,0.4855,0.52,0.55,-0.03450000000000003,0.030000000000000027
m15,0.27,0.28,0.27,-0.010000000000000009,-0.010000000000000009
m15,0.27,0.28,0.28,-0.010000000000000009,0.0
m5,0.41,0.31,0.31,0.09999999999999998,0.0
m5,0.67,0.7,0.7,-0.029999999999999916,0.0
m5,0.37229999999999996,0.44,0.45,-0.06770000000000004,0.010000000000000009
m15,0.7639,0.75,0.76,0.013900000000000023,0.010000000000000009
m5,0.55,0.58,0.58,-0.029999999999999916,0.0
m5,0.61,0.73,0.72,-0.12,-0.010000000000000009
m5,0.63,0.73,0.73,-0.09999999999999998,0.0
m15,0.65,0.65,0.65,0.0,0.0
m15,0.36,0.39,0.36,-0.030000000000000027,-0.030000000000000027
m5,0.7029000000000001,0.77,0.77,-0.06709999999999994,0.0
m5,0.74,0.77,0.77,-0.030000000000000027,0.0
m15,0.64,0.62,0.62,0.020000000000000018,0.0
m15,0.39,0.39,0.39,0.0,0.0
m15,0.40549999999999997,0.57,0.56,-0.16449999999999998,-0.009999999999999898
m15,0.35,0.45,0.44,-0.10000000000000003,-0.010000000000000009
m15,0.35,0.45,0.44,-0.10000000000000003,-0.010000000000000009
m15,0.35,0.45,0.44,-0.10000000000000003,-0.010000000000000009
m15,0.35,0.45,0.44,-0.10000000000000003,-0.010000000000000009
m15,0.35,0.45,0.44,-0.10000000000000003,-0.010000000000000009
m5,0.13,0.14,0.15,-0.010000000000000009,0.009999999999999981
m15,0.44,0.44,0.45,0.0,0.010000000000000009
m15,0.53,0.6,0.57,-0.06999999999999995,-0.030000000000000027
m5,0.15,0.11,0.12,0.039999999999999994,0.009999999999999995
m15,0.4451,0.42,0.44,0.02510000000000001,0.020000000000000018
m5,0.91,0.94,0.94,-0.029999999999999916,0.0
m15,0.69,0.76,0.71,-0.07000000000000006,-0.050000000000000044
m15,0.69,0.76,0.71,-0.07000000000000006,-0.050000000000000044
m15,0.69,0.76,0.71,-0.07000000000000006,-0.050000000000000044
m15,0.7158,0.78,0.77,-0.06420000000000003,-0.010000000000000009
m15,0.23,0.23,0.23,0.0,0.0
m15,0.23,0.23,0.23,0.0,0.0
m15,0.75,0.78,0.78,-0.030000000000000027,0.0
m15,0.2,0.19,0.2,0.010000000000000009,0.010000000000000009
m15,0.18,0.17,0.18,0.009999999999999981,0.009999999999999981
m15,0.18,0.21,0.16,-0.03,-0.04999999999999999
m15,0.18,0.21,0.16,-0.03,-0.04999999999999999
m15,0.1778,0.17,0.21,0.007800000000000001,0.03999999999999998
m15,0.82,0.84,0.84,-0.020000000000000018,0.0
m15,0.14,0.08,0.09,0.06000000000000001,0.009999999999999995
m15,0.09,0.08,0.08,0.009999999999999995,0.0
m15,0.07,0.06,0.06,0.010000000000000009,0.0
m15,0.06,0.06,0.06,0.0,0.0
m5,0.35840000000000005,0.36,0.36,-0.0015999999999999348,0.0
m15,0.4,0.36,0.37,0.040000000000000036,0.010000000000000009
m5,0.36,0.27,0.31,0.08999999999999997,0.03999999999999998
m15,0.35,0.36,0.36,-0.010000000000000009,0.0
m15,0.4,0.36,0.36,0.040000000000000036,0.0
m15,0.4,0.36,0.36,0.040000000000000036,0.0
m15,0.4,0.36,0.36,0.040000000000000036,0.0
m15,0.37,0.36,0.36,0.010000000000000009,0.0
m15,0.37,0.36,0.36,0.010000000000000009,0.0
m15,0.37,0.36,0.36,0.010000000000000009,0.0
h1,0.55,0.59,0.59,-0.039999999999999925,0.0
h1,0.55,0.59,0.59,-0.039999999999999925,0.0
m5,0.22,0.29,0.29,-0.06999999999999998,0.0
h1,0.42,0.42,0.42,0.0,0.0
m5,0.7,0.82,0.8,-0.12,-0.019999999999999907
h1,0.59,0.59,0.59,0.0,0.0
m15,0.64,0.65,0.65,-0.010000000000000009,0.0
m15,0.64,0.65,0.65,-0.010000000000000009,0.0
m15,0.64,0.65,0.65,-0.010000000000000009,0.0
m15,0.64,0.65,0.65,-0.010000000000000009,0.0
h1,0.55,0.58,0.58,-0.029999999999999916,0.0
m15,0.64,0.65,0.65,-0.010000000000000009,0.0
m15,0.64,0.65,0.65,-0.010000000000000009,0.0
m15,0.64,0.65,0.65,-0.010000000000000009,0.0
m15,0.64,0.67,0.68,-0.030000000000000027,0.010000000000000009
m5,0.21,0.24,0.24,-0.03,0.0
m5,0.76,0.82,0.81,-0.05999999999999994,-0.009999999999999898
h1,0.41,0.43,0.42,-0.020000000000000018,-0.010000000000000009
h1,0.6,0.64,0.62,-0.040000000000000036,-0.020000000000000018
m5,0.86,0.92,0.89,-0.06000000000000005,-0.030000000000000027
m5,0.89,0.89,0.92,0.0,0.030000000000000027
h1,0.63,0.64,0.64,-0.010000000000000009,0.0
h1,0.62,0.65,0.65,-0.030000000000000027,0.0
m15,0.8,0.8,0.8,0.0,0.0
m15,0.8,0.79,0.8,0.010000000000000009,0.010000000000000009
m5,0.91,0.91,0.91,0.0,0.0
m5,0.1,0.08,0.1,0.020000000000000004,0.020000000000000004
h1,0.62,0.63,0.6,-0.010000000000000009,-0.030000000000000027
m15,0.23,0.24,0.24,-0.009999999999999981,0.0
m15,0.23,0.38,0.38,-0.15,0.0
m15,0.23,0.38,0.38,-0.15,0.0
m5,0.7968999999999999,0.92,0.91,-0.1231000000000001,-0.010000000000000009
m5,0.8212,0.91,0.92,-0.08879999999999999,0.010000000000000009
m5,0.84,0.89,0.93,-0.050000000000000044,0.040000000000000036
m5,0.08,0.12,0.12,-0.039999999999999994,0.0
m15,0.26,0.29,0.29,-0.02999999999999997,0.0
m15,0.26,0.29,0.29,-0.02999999999999997,0.0
m15,0.26,0.29,0.29,-0.02999999999999997,0.0
m5,0.08,0.12,0.12,-0.039999999999999994,0.0
m5,0.93,0.93,0.93,0.0,0.0
m5,0.94,0.95,0.95,-0.010000000000000009,0.0
m15,0.74,0.77,0.75,-0.030000000000000027,-0.020000000000000018
m15,0.74,0.79,0.78,-0.050000000000000044,-0.010000000000000009
m15,0.74,0.79,0.78,-0.050000000000000044,-0.010000000000000009
h1,0.41,0.45,0.44,-0.040000000000000036,-0.010000000000000009
h1,0.42,0.45,0.44,-0.030000000000000027,-0.010000000000000009
m5,0.82,0.83,0.84,-0.010000000000000009,0.010000000000000009
m5,0.8345,0.88,0.87,-0.045499999999999985,-0.010000000000000009
h1,0.43,0.43,0.43,0.0,0.0
h1,0.44,0.46,0.46,-0.020000000000000018,0.0
h1,0.45,0.46,0.46,-0.010000000000000009,0.0
h1,0.45,0.46,0.46,-0.010000000000000009,0.0
h1,0.45,0.46,0.46,-0.010000000000000009,0.0
h1,0.46,0.46,0.46,0.0,0.0
h1,0.46,0.46,0.46,0.0,0.0
h1,0.45,0.46,0.46,-0.010000000000000009,0.0
h1,0.45,0.46,0.46,-0.010000000000000009,0.0
m15,0.69,0.73,0.73,-0.040000000000000036,0.0
m15,0.69,0.73,0.73,-0.040000000000000036,0.0
m15,0.72,0.79,0.74,-0.07000000000000006,-0.050000000000000044
h1,0.6,0.63,0.63,-0.030000000000000027,0.0
m5,0.97,0.95,0.98,0.020000000000000018,0.030000000000000027
m5,0.97,0.95,0.98,0.020000000000000018,0.030000000000000027
h1,0.61,0.63,0.63,-0.020000000000000018,0.0
m15,0.77,0.72,0.77,0.050000000000000044,0.050000000000000044
m15,0.77,0.72,0.77,0.050000000000000044,0.050000000000000044
m15,0.78,0.72,0.77,0.06000000000000005,0.050000000000000044
h1,0.6,0.64,0.64,-0.040000000000000036,0.0
h1,0.37,0.37,0.37,0.0,0.0
h1,0.37,0.37,0.37,0.0,0.0
h1,0.36,0.38,0.38,-0.020000000000000018,0.0
h1,0.36,0.38,0.38,-0.020000000000000018,0.0
m15,0.79,0.79,0.8,0.0,0.010000000000000009
h1,0.36,0.38,0.38,-0.020000000000000018,0.0
h1,0.37,0.38,0.38,-0.010000000000000009,0.0
h1,0.39,0.44,0.41,-0.04999999999999999,-0.030000000000000027
h1,0.39,0.44,0.41,-0.04999999999999999,-0.030000000000000027
h1,0.41,0.44,0.41,-0.030000000000000027,-0.030000000000000027
h1,0.38,0.44,0.41,-0.06,-0.030000000000000027
m15,0.28,0.29,0.29,-0.009999999999999953,0.0
m5,0.64,0.68,0.66,-0.040000000000000036,-0.020000000000000018
m15,0.29,0.3,0.3,-0.010000000000000009,0.0
m5,0.64,0.69,0.69,-0.04999999999999993,0.0
h1,0.43,0.44,0.44,-0.010000000000000009,0.0
m5,0.29,0.35,0.35,-0.06,0.0
h1,0.44,0.46,0.46,-0.020000000000000018,0.0
m15,0.29,0.29,0.29,0.0,0.0
m15,0.32,0.29,0.29,0.030000000000000027,0.0
m5,0.69,0.78,0.75,-0.09000000000000008,-0.030000000000000027
h1,0.41,0.44,0.44,-0.030000000000000027,0.0
h1,0.44,0.44,0.44,0.0,0.0
h1,0.43,0.43,0.43,0.0,0.0
m15,0.69,0.74,0.74,-0.050000000000000044,0.0
m5,0.23,0.27,0.27,-0.04000000000000001,0.0
m5,0.73,0.77,0.76,-0.040000000000000036,-0.010000000000000009
h1,0.4825,0.5,0.5,-0.017500000000000016,0.0
h1,0.5,0.51,0.5,-0.010000000000000009,-0.010000000000000009
h1,0.5,0.51,0.5,-0.010000000000000009,-0.010000000000000009
h1,0.5,0.51,0.51,-0.010000000000000009,0.0
h1,0.5,0.51,0.51,-0.010000000000000009,0.0
m5,0.1,0.1,0.1,0.0,0.0
m15,0.52,0.57,0.56,-0.04999999999999993,-0.009999999999999898
m15,0.52,0.57,0.56,-0.04999999999999993,-0.009999999999999898
m15,0.42,0.59,0.59,-0.16999999999999998,0.0
m15,0.42,0.59,0.59,-0.16999999999999998,0.0
m15,0.42,0.59,0.59,-0.16999999999999998,0.0
m15,0.5,0.59,0.59,-0.08999999999999997,0.0
h1,0.52,0.53,0.53,-0.010000000000000009,0.0
m15,0.42,0.41,0.42,0.010000000000000009,0.010000000000000009
m15,0.42,0.41,0.42,0.010000000000000009,0.010000000000000009
h1,0.53,0.53,0.53,0.0,0.0
h1,0.52,0.53,0.53,-0.010000000000000009,0.0
m15,0.57,0.62,0.58,-0.050000000000000044,-0.040000000000000036
m15,0.57,0.62,0.58,-0.050000000000000044,-0.040000000000000036
m15,0.57,0.62,0.58,-0.050000000000000044,-0.040000000000000036
m15,0.57,0.62,0.62,-0.050000000000000044,0.0
h1,0.53,0.54,0.54,-0.010000000000000009,0.0
h1,0.53,0.55,0.54,-0.020000000000000018,-0.010000000000000009
m5,0.96,0.97,0.97,-0.010000000000000009,0.0
h1,0.53,0.57,0.55,-0.039999999999999925,-0.019999999999999907
h1,0.53,0.57,0.55,-0.039999999999999925,-0.019999999999999907
h1,0.54,0.57,0.57,-0.029999999999999916,0.0
h1,0.5552,0.57,0.57,-0.014799999999999924,0.0
m15,0.32,0.38,0.37,-0.06,-0.010000000000000009
m15,0.59,0.6,0.6,-0.010000000000000009,0.0
m15,0.59,0.6,0.6,-0.010000000000000009,0.0
m15,0.59,0.6,0.6,-0.010000000000000009,0.0
m15,0.55,0.6,0.59,-0.04999999999999993,-0.010000000000000009
m15,0.55,0.6,0.59,-0.04999999999999993,-0.010000000000000009
m15,0.41,0.4,0.4,0.009999999999999953,0.0
m15,0.41,0.4,0.4,0.009999999999999953,0.0
m15,0.6,0.68,0.64,-0.08000000000000007,-0.040000000000000036
m15,0.59,0.69,0.68,-0.09999999999999998,-0.009999999999999898
m15,0.59,0.69,0.68,-0.09999999999999998,-0.009999999999999898
h1,0.56,0.57,0.57,-0.009999999999999898,0.0
m5,0.98,0.98,0.98,0.0,0.0
m15,0.31,0.31,0.32,0.0,0.010000000000000009
m15,0.31,0.31,0.32,0.0,0.010000000000000009
m15,0.31,0.31,0.32,0.0,0.010000000000000009
m15,0.31,0.31,0.31,0.0,0.0
h1,0.57,0.59,0.59,-0.020000000000000018,0.0
m15,0.31,0.31,0.31,0.0,0.0
m15,0.3,0.35,0.32,-0.04999999999999999,-0.02999999999999997
m15,0.3,0.35,0.32,-0.04999999999999999,-0.02999999999999997
m15,0.3,0.35,0.32,-0.04999999999999999,-0.02999999999999997
m15,0.3,0.35,0.32,-0.04999999999999999,-0.02999999999999997
m15,0.3,0.35,0.32,-0.04999999999999999,-0.02999999999999997
m15,0.65,0.66,0.66,-0.010000000000000009,0.0
m15,0.25,0.22,0.22,0.03,0.0
m15,0.25,0.22,0.22,0.03,0.0
m15,0.25,0.22,0.22,0.03,0.0
h1,0.58,0.61,0.61,-0.030000000000000027,0.0
h1,0.59,0.61,0.61,-0.020000000000000018,0.0
m15,0.25,0.22,0.22,0.03,0.0
h1,0.61,0.61,0.61,0.0,0.0
h1,0.61,0.62,0.61,-0.010000000000000009,-0.010000000000000009
m15,0.15,0.18,0.18,-0.03,0.0
m15,0.15,0.18,0.18,-0.03,0.0
m15,0.15,0.18,0.18,-0.03,0.0
m15,0.15,0.18,0.18,-0.03,0.0
m15,0.15,0.18,0.18,-0.03,0.0
h1,0.62,0.69,0.69,-0.06999999999999995,0.0
m15,0.15,0.18,0.18,-0.03,0.0
m15,0.15,0.18,0.18,-0.03,0.0
m15,0.15,0.18,0.18,-0.03,0.0
m15,0.15,0.18,0.18,-0.03,0.0
m15,0.8291,0.79,0.83,0.03909999999999991,0.039999999999999925
m15,0.8,0.79,0.83,0.010000000000000009,0.039999999999999925
m15,0.8,0.79,0.83,0.010000000000000009,0.039999999999999925
m15,0.8,0.79,0.83,0.010000000000000009,0.039999999999999925
m15,0.15,0.22,0.18,-0.07,-0.04000000000000001
m15,0.15,0.22,0.18,-0.07,-0.04000000000000001
m15,0.18,0.2,0.2,-0.020000000000000018,0.0
m15,0.22,0.23,0.23,-0.010000000000000009,0.0
m15,0.22,0.24,0.24,-0.01999999999999999,0.0
m15,0.22,0.24,0.24,-0.01999999999999999,0.0
m15,0.2,0.24,0.24,-0.03999999999999998,0.0
m15,0.22,0.24,0.24,-0.01999999999999999,0.0
m15,0.22,0.18,0.23,0.04000000000000001,0.05000000000000002
m15,0.18,0.16,0.16,0.01999999999999999,0.0
h1,0.66,0.68,0.68,-0.020000000000000018,0.0
h1,0.66,0.65,0.65,0.010000000000000009,0.0
m15,0.24,0.2,0.21,0.03999999999999998,0.009999999999999981
m15,0.24,0.2,0.21,0.03999999999999998,0.009999999999999981
m15,0.24,0.2,0.21,0.03999999999999998,0.009999999999999981
m15,0.25,0.2,0.21,0.04999999999999999,0.009999999999999981
m15,0.25,0.2,0.21,0.04999999999999999,0.009999999999999981
m15,0.24,0.2,0.21,0.03999999999999998,0.009999999999999981
m15,0.25,0.2,0.21,0.04999999999999999,0.009999999999999981
m15,0.24,0.2,0.21,0.03999999999999998,0.009999999999999981
m15,0.24,0.2,0.21,0.03999999999999998,0.009999999999999981
m15,0.8,0.81,0.81,-0.010000000000000009,0.0
m15,0.25,0.2,0.2,0.04999999999999999,0.0
m15,0.18,0.19,0.19,-0.010000000000000009,0.0
m15,0.83,0.85,0.85,-0.020000000000000018,0.0
m5,0.43560000000000004,0.42,0.43,0.015600000000000058,0.010000000000000009
m15,0.86,0.88,0.88,-0.020000000000000018,0.0
m15,0.8614,0.88,0.88,-0.01859999999999995,0.0
m15,0.86,0.88,0.88,-0.020000000000000018,0.0
m5,0.4147,0.41,0.42,0.0047000000000000375,0.010000000000000009
m15,0.11,0.13,0.13,-0.020000000000000004,0.0
m15,0.87,0.89,0.89,-0.020000000000000018,0.0
m15,0.87,0.89,0.89,-0.020000000000000018,0.0
m15,0.11,0.1,0.12,0.009999999999999995,0.01999999999999999
m5,0.45,0.49,0.49,-0.03999999999999998,0.0
m5,0.47,0.46,0.46,0.009999999999999953,0.0
m15,0.06,0.08,0.08,-0.020000000000000004,0.0
m15,0.92,0.93,0.93,-0.010000000000000009,0.0
m15,0.92,0.93,0.93,-0.010000000000000009,0.0
m15,0.92,0.93,0.93,-0.010000000000000009,0.0
m15,0.92,0.94,0.93,-0.019999999999999907,-0.009999999999999898
m15,0.04,0.04,0.04,0.0,0.0
m15,0.04,0.04,0.04,0.0,0.0
m15,0.04,0.04,0.04,0.0,0.0
m5,0.44,0.47,0.45,-0.02999999999999997,-0.019999999999999962
m15,0.94,0.95,0.95,-0.010000000000000009,0.0
h1,0.64,0.65,0.65,-0.010000000000000009,0.0
m15,0.94,0.95,0.95,-0.010000000000000009,0.0
m15,0.94,0.95,0.95,-0.010000000000000009,0.0
m15,0.94,0.95,0.95,-0.010000000000000009,0.0
h1,0.64,0.67,0.67,-0.030000000000000027,0.0
h1,0.66,0.67,0.67,-0.010000000000000009,0.0
m5,0.53,0.53,0.55,0.0,0.020000000000000018
m5,0.46,0.51,0.5,-0.04999999999999999,-0.010000000000000009
h1,0.69,0.72,0.71,-0.030000000000000027,-0.010000000000000009
m5,0.26,0.31,0.31,-0.04999999999999999,0.0
m5,0.26,0.31,0.31,-0.04999999999999999,0.0
h1,0.72,0.72,0.72,0.0,0.0
m5,0.28,0.32,0.31,-0.03999999999999998,-0.010000000000000009
m5,0.31,0.32,0.32,-0.010000000000000009,0.0
m15,0.97,0.98,0.98,-0.010000000000000009,0.0
m15,0.02,0.03,0.03,-0.009999999999999998,0.0
m5,0.5,0.49,0.49,0.010000000000000009,0.0
m15,0.01,0.02,0.02,-0.01,0.0
m15,0.01,0.02,0.02,-0.01,0.0
m15,0.01,0.02,0.02,-0.01,0.0
m15,0.01,0.02,0.02,-0.01,0.0
m15,0.01,0.02,0.02,-0.01,0.0
m15,0.01,0.02,0.02,-0.01,0.0
m15,0.01,0.02,0.02,-0.01,0.0
m15,0.01,0.02,0.02,-0.01,0.0
m5,0.55,0.65,0.61,-0.09999999999999998,-0.040000000000000036
m15,0.01,0.02,0.02,-0.01,0.0
m5,0.6241,0.64,0.64,-0.015900000000000025,0.0
m15,0.01,0.01,0.01,0.0,0.0
m5,0.35,0.36,0.37,-0.010000000000000009,0.010000000000000009
m5,0.35,0.36,0.37,-0.010000000000000009,0.010000000000000009
m15,0.01,0.02,0.02,-0.01,0.0
m15,0.01,0.02,0.02,-0.01,0.0
m15,0.01,0.02,0.02,-0.01,0.0
m15,0.01,0.02,0.02,-0.01,0.0
m15,0.01,0.02,0.02,-0.01,0.0
m5,0.67,0.74,0.73,-0.06999999999999995,-0.010000000000000009
m15,0.01,0.02,0.02,-0.01,0.0
m15,0.98,0.99,0.99,-0.010000000000000009,0.0
m15,0.98,0.99,0.99,-0.010000000000000009,0.0
m15,0.01,0.02,0.02,-0.01,0.0
m5,0.25,0.24,0.24,0.010000000000000009,0.0
m15,0.98,0.99,0.99,-0.010000000000000009,0.0
m15,0.01,0.02,0.02,-0.01,0.0
m15,0.01,0.02,0.02,-0.01,0.0
m15,0.01,0.02,0.02,-0.01,0.0
m15,0.98,0.99,0.99,-0.010000000000000009,0.0
m15,0.01,0.02,0.02,-0.01,0.0
m15,0.01,0.02,0.02,-0.01,0.0
m15,0.01,0.02,0.02,-0.01,0.0
m15,0.98,0.99,0.99,-0.010000000000000009,0.0
m15,0.98,0.99,0.99,-0.010000000000000009,0.0
m15,0.01,0.02,0.02,-0.01,0.0
m15,0.01,0.02,0.02,-0.01,0.0
m15,0.01,0.02,0.02,-0.01,0.0
m15,0.98,0.99,0.99,-0.010000000000000009,0.0
m15,0.98,0.99,0.99,-0.010000000000000009,0.0
m15,0.98,0.99,0.99,-0.010000000000000009,0.0
m15,0.98,0.99,0.99,-0.010000000000000009,0.0
m15,0.98,0.99,0.99,-0.010000000000000009,0.0
m15,0.98,0.99,0.99,-0.010000000000000009,0.0
m15,0.98,0.99,0.99,-0.010000000000000009,0.0
m15,0.98,0.99,0.99,-0.010000000000000009,0.0
m15,0.98,0.99,0.99,-0.010000000000000009,0.0
m15,0.98,1.0,1.0,-0.020000000000000018,0.0
m15,0.98,1.0,1.0,-0.020000000000000018,0.0
h1,0.45,0.46,0.45,-0.010000000000000009,-0.010000000000000009
h1,0.44,0.46,0.45,-0.020000000000000018,-0.010000000000000009
h1,0.45,0.46,0.46,-0.010000000000000009,0.0
m15,0.44,0.45,0.45,-0.010000000000000009,0.0
m5,0.38,0.45,0.45,-0.07,0.0
m15,0.43,0.46,0.45,-0.030000000000000027,-0.010000000000000009
m5,0.3642,0.42,0.42,-0.05579999999999996,0.0
m5,0.59,0.66,0.66,-0.07000000000000006,0.0
m5,0.67,0.66,0.65,0.010000000000000009,-0.010000000000000009
m15,0.47,0.51,0.51,-0.040000000000000036,0.0
m5,0.5,0.46,0.46,0.03999999999999998,0.0
m5,0.49,0.55,0.55,-0.06000000000000005,0.0
m5,0.55,0.63,0.63,-0.07999999999999996,0.0
m15,0.45,0.49,0.49,-0.03999999999999998,0.0
m5,0.38,0.52,0.52,-0.14,0.0
m5,0.46,0.54,0.52,-0.08000000000000002,-0.020000000000000018
m15,0.48,0.5,0.5,-0.020000000000000018,0.0
m15,0.5,0.51,0.51,-0.010000000000000009,0.0
m5,0.5,0.46,0.49,0.03999999999999998,0.02999999999999997
m5,0.36,0.41,0.39,-0.04999999999999999,-0.019999999999999962
m5,0.39,0.49,0.49,-0.09999999999999998,0.0
m5,0.36,0.49,0.49,-0.13,0.0
m5,0.5259,0.53,0.54,-0.0040999999999999925,0.010000000000000009
m5,0.47,0.47,0.48,0.0,0.010000000000000009
m15,0.42,0.41,0.42,0.010000000000000009,0.010000000000000009
m15,0.41,0.41,0.42,0.0,0.010000000000000009
m15,0.41,0.41,0.41,0.0,0.0
m15,0.4,0.41,0.41,-0.009999999999999953,0.0
m15,0.4,0.41,0.41,-0.009999999999999953,0.0
m15,0.4,0.41,0.41,-0.009999999999999953,0.0
m5,0.8,0.83,0.81,-0.029999999999999916,-0.019999999999999907
h1,0.46,0.47,0.47,-0.009999999999999953,0.0
m5,0.79,0.83,0.81,-0.039999999999999925,-0.019999999999999907
m5,0.19,0.17,0.17,0.01999999999999999,0.0
m5,0.81,0.85,0.85,-0.039999999999999925,0.0
m15,0.6,0.62,0.62,-0.020000000000000018,0.0
m5,0.83,0.85,0.85,-0.020000000000000018,0.0
m5,0.82,0.85,0.85,-0.030000000000000027,0.0
m15,0.6,0.62,0.62,-0.020000000000000018,0.0
m5,0.79,0.85,0.85,-0.05999999999999994,0.0
m15,0.37,0.38,0.36,-0.010000000000000009,-0.020000000000000018
m5,0.1,0.15,0.14,-0.04999999999999999,-0.009999999999999981
m15,0.36,0.36,0.36,0.0,0.0
m15,0.36,0.37,0.37,-0.010000000000000009,0.0
m5,0.86,0.88,0.87,-0.020000000000000018,-0.010000000000000009
m5,0.93,0.96,0.95,-0.029999999999999916,-0.010000000000000009
h1,0.49,0.5,0.5,-0.010000000000000009,0.0
m5,0.61,0.72,0.72,-0.10999999999999999,0.0
m15,0.7,0.77,0.77,-0.07000000000000006,0.0
h1,0.53,0.54,0.54,-0.010000000000000009,0.0
m15,0.25,0.32,0.3,-0.07,-0.020000000000000018
m5,0.4,0.47,0.46,-0.06999999999999995,-0.009999999999999953
m15,0.69,0.69,0.69,0.0,0.0
h1,0.49,0.5,0.5,-0.010000000000000009,0.0
m5,0.69,0.65,0.7,0.039999999999999925,0.04999999999999993
h1,0.53,0.53,0.53,0.0,0.0
m5,0.63,0.65,0.7,-0.020000000000000018,0.04999999999999993
m5,0.31,0.36,0.36,-0.04999999999999999,0.0
m15,0.24,0.28,0.28,-0.040000000000000036,0.0
m5,0.35,0.39,0.37,-0.040000000000000036,-0.020000000000000018
m5,0.49,0.51,0.5,-0.020000000000000018,-0.010000000000000009
m15,0.62,0.63,0.63,-0.010000000000000009,0.0
m5,0.5621,0.51,0.52,0.052100000000000035,0.010000000000000009
m5,0.4,0.5,0.49,-0.09999999999999998,-0.010000000000000009
m15,0.29,0.31,0.31,-0.020000000000000018,0.0
m15,0.29,0.31,0.31,-0.020000000000000018,0.0
m5,0.51,0.49,0.49,0.020000000000000018,0.0
m15,0.32,0.32,0.33,0.0,0.010000000000000009
m5,0.6694,0.72,0.72,-0.05059999999999998,0.0
m5,0.28,0.3,0.29,-0.019999999999999962,-0.010000000000000009
m15,0.65,0.65,0.65,0.0,0.0
m15,0.64,0.71,0.7,-0.06999999999999995,-0.010000000000000009
m15,0.64,0.71,0.7,-0.06999999999999995,-0.010000000000000009
m5,0.55,0.68,0.59,-0.13,-0.09000000000000008
m5,0.7,0.75,0.74,-0.050000000000000044,-0.010000000000000009
m5,0.71,0.75,0.74,-0.040000000000000036,-0.010000000000000009
m5,0.69,0.75,0.74,-0.06000000000000005,-0.010000000000000009
m15,0.65,0.68,0.66,-0.030000000000000027,-0.020000000000000018
m5,0.3212,0.48,0.44,-0.1588,-0.03999999999999998
m5,0.35,0.48,0.44,-0.13,-0.03999999999999998
m5,0.47,0.65,0.6,-0.18000000000000005,-0.050000000000000044
m15,0.73,0.77,0.77,-0.040000000000000036,0.0
m5,0.4894,0.66,0.67,-0.17060000000000003,0.010000000000000009
h1,0.47,0.49,0.49,-0.020000000000000018,0.0
m15,0.22,0.22,0.24,0.0,0.01999999999999999
m5,0.6907,0.79,0.81,-0.09930000000000005,0.020000000000000018
m5,0.7276,0.79,0.81,-0.06240000000000001,0.020000000000000018
m5,0.2,0.24,0.22,-0.03999999999999998,-0.01999999999999999
m5,0.78,0.81,0.8,-0.030000000000000027,-0.010000000000000009
m5,0.2,0.11,0.11,0.09000000000000001,0.0
h1,0.5,0.54,0.51,-0.040000000000000036,-0.030000000000000027
h1,0.5189,0.54,0.54,-0.021100000000000008,0.0
m15,0.13,0.15,0.15,-0.01999999999999999,0.0
m5,0.07,0.06,0.07,0.010000000000000009,0.010000000000000009
m15,0.13,0.15,0.15,-0.01999999999999999,0.0
m15,0.85,0.87,0.87,-0.020000000000000018,0.0
m15,0.13,0.14,0.14,-0.010000000000000009,0.0
m15,0.13,0.14,0.14,-0.010000000000000009,0.0
h1,0.54,0.55,0.55,-0.010000000000000009,0.0
h1,0.57,0.58,0.58,-0.010000000000000009,0.0
h1,0.57,0.58,0.58,-0.010000000000000009,0.0
m15,0.89,0.9,0.9,-0.010000000000000009,0.0
m15,0.11,0.11,0.11,0.0,0.0
m15,0.1,0.11,0.11,-0.009999999999999995,0.0
m15,0.1,0.11,0.11,-0.009999999999999995,0.0
m5,0.5908,0.59,0.6,0.0008000000000000229,0.010000000000000009
m15,0.1,0.11,0.11,-0.009999999999999995,0.0
m15,0.1,0.1,0.11,0.0,0.009999999999999995
m15,0.1,0.1,0.11,0.0,0.009999999999999995
m15,0.1,0.1,0.11,0.0,0.009999999999999995
m15,0.1,0.1,0.11,0.0,0.009999999999999995
h1,0.55,0.57,0.57,-0.019999999999999907,0.0
h1,0.55,0.57,0.57,-0.019999999999999907,0.0
m5,0.42,0.47,0.46,-0.04999999999999999,-0.009999999999999953
m15,0.91,0.92,0.92,-0.010000000000000009,0.0
m15,0.91,0.92,0.92,-0.010000000000000009,0.0
m15,0.91,0.92,0.92,-0.010000000000000009,0.0
m15,0.91,0.94,0.92,-0.029999999999999916,-0.019999999999999907
m5,0.47,0.51,0.52,-0.040000000000000036,0.010000000000000009
m15,0.94,0.94,0.92,0.0,-0.019999999999999907
h1,0.42,0.42,0.42,0.0,0.0
m15,0.07,0.08,0.08,-0.009999999999999995,0.0
m15,0.07,0.08,0.08,-0.009999999999999995,0.0
m15,0.07,0.07,0.08,0.0,0.009999999999999995
m15,0.07,0.07,0.08,0.0,0.009999999999999995
m5,0.41,0.5,0.48,-0.09000000000000002,-0.020000000000000018
m15,0.07,0.06,0.06,0.010000000000000009,0.0
m5,0.48,0.51,0.54,-0.030000000000000027,0.030000000000000027
m5,0.5164,0.49,0.51,0.02639999999999998,0.020000000000000018
m15,0.04,0.05,0.05,-0.010000000000000002,0.0
m5,0.49,0.47,0.47,0.020000000000000018,0.0
m15,0.04,0.04,0.04,0.0,0.0
h1,0.43,0.44,0.44,-0.010000000000000009,0.0
m5,0.48729999999999996,0.54,0.53,-0.05270000000000008,-0.010000000000000009
m5,0.48,0.45,0.46,0.02999999999999997,0.010000000000000009
m5,0.44,0.52,0.52,-0.08000000000000002,0.0
m5,0.4476,0.52,0.52,-0.07240000000000002,0.0
m5,0.45,0.48,0.48,-0.02999999999999997,0.0
m5,0.45,0.51,0.49,-0.06,-0.020000000000000018
m5,0.46,0.46,0.46,0.0,0.0
m5,0.55,0.57,0.57,-0.019999999999999907,0.0
m5,0.57,0.6,0.59,-0.030000000000000027,-0.010000000000000009
m5,0.37,0.39,0.38,-0.020000000000000018,-0.010000000000000009
h1,0.59,0.61,0.61,-0.020000000000000018,0.0
h1,0.6,0.61,0.61,-0.010000000000000009,0.0
m5,0.77,0.8,0.79,-0.030000000000000027,-0.010000000000000009
m5,0.16,0.17,0.17,-0.010000000000000009,0.0
m5,0.84,0.78,0.87,0.05999999999999994,0.08999999999999997
h1,0.62,0.66,0.65,-0.040000000000000036,-0.010000000000000009
m5,0.9,0.93,0.93,-0.030000000000000027,0.0
m5,0.53,0.51,0.51,0.020000000000000018,0.0
m5,0.52,0.53,0.51,-0.010000000000000009,-0.020000000000000018
h1,0.31,0.32,0.32,-0.010000000000000009,0.0
h1,0.31,0.32,0.32,-0.010000000000000009,0.0
m5,0.53,0.61,0.61,-0.07999999999999996,0.0
m15,0.5,0.5,0.5,0.0,0.0
h1,0.31,0.34,0.34,-0.030000000000000027,0.0
m5,0.51,0.53,0.53,-0.020000000000000018,0.0
m15,0.51,0.51,0.52,0.0,0.010000000000000009
m15,0.51,0.51,0.51,0.0,0.0
m15,0.51,0.51,0.51,0.0,0.0
m5,0.36,0.37,0.38,-0.010000000000000009,0.010000000000000009
h1,0.32,0.34,0.34,-0.020000000000000018,0.0
m5,0.42,0.45,0.45,-0.030000000000000027,0.0
m5,0.46,0.59,0.59,-0.12999999999999995,0.0
m5,0.73,0.77,0.76,-0.040000000000000036,-0.010000000000000009
m5,0.27,0.33,0.33,-0.06,0.0
m5,0.26,0.26,0.25,0.0,-0.010000000000000009
m5,0.7472,0.77,0.77,-0.022800000000000042,0.0
m5,0.22,0.3,0.27,-0.07999999999999999,-0.02999999999999997
m15,0.31,0.37,0.34,-0.06,-0.02999999999999997
m15,0.31,0.37,0.34,-0.06,-0.02999999999999997
m15,0.31,0.37,0.34,-0.06,-0.02999999999999997
m5,0.32,0.31,0.33,0.010000000000000009,0.020000000000000018
h1,0.25,0.26,0.26,-0.010000000000000009,0.0
m5,0.6645,0.75,0.74,-0.08550000000000002,-0.010000000000000009
m5,0.75,0.8,0.78,-0.050000000000000044,-0.020000000000000018
m5,0.14,0.16,0.16,-0.01999999999999999,0.0
m15,0.69,0.7,0.7,-0.010000000000000009,0.0
m15,0.69,0.7,0.7,-0.010000000000000009,0.0
m15,0.69,0.71,0.71,-0.020000000000000018,0.0
h1,0.18,0.19,0.19,-0.010000000000000009,0.0
m5,0.87,0.94,0.94,-0.06999999999999995,0.0
h1,0.15,0.17,0.16,-0.020000000000000018,-0.010000000000000009
h1,0.15,0.17,0.16,-0.020000000000000018,-0.010000000000000009
m5,0.19,0.19,0.19,0.0,0.0
m5,0.16,0.19,0.19,-0.03,0.0
m15,0.67,0.68,0.68,-0.010000000000000009,0.0
m15,0.3,0.33,0.33,-0.030000000000000027,0.0
m15,0.67,0.68,0.68,-0.010000000000000009,0.0
m15,0.67,0.69,0.69,-0.019999999999999907,0.0
m15,0.67,0.68,0.68,-0.010000000000000009,0.0
m15,0.67,0.68,0.68,-0.010000000000000009,0.0
m15,0.68,0.68,0.68,0.0,0.0
m5,0.82,0.84,0.84,-0.020000000000000018,0.0
m5,0.15,0.15,0.15,0.0,0.0
m5,0.15,0.18,0.18,-0.03,0.0
m5,0.83,0.88,0.86,-0.050000000000000044,-0.020000000000000018
m5,0.83,0.88,0.88,-0.050000000000000044,0.0
h1,0.8,0.8,0.8,0.0,0.0
h1,0.8,0.8,0.8,0.0,0.0
m5,0.1,0.11,0.11,-0.009999999999999995,0.0
m15,0.33,0.34,0.34,-0.010000000000000009,0.0
m15,0.3331,0.34,0.34,-0.006900000000000017,0.0
m15,0.33,0.34,0.34,-0.010000000000000009,0.0
m15,0.33,0.34,0.34,-0.010000000000000009,0.0
m5,0.1001,0.08,0.1,0.020099999999999993,0.020000000000000004
m5,0.1,0.08,0.1,0.020000000000000004,0.020000000000000004
m15,0.33,0.4,0.34,-0.07,-0.06
m15,0.33,0.4,0.34,-0.07,-0.06
m5,0.62,0.48,0.57,0.14,0.08999999999999997
m15,0.52,0.48,0.49,0.040000000000000036,0.010000000000000009
m15,0.52,0.48,0.49,0.040000000000000036,0.010000000000000009
m15,0.52,0.48,0.49,0.040000000000000036,0.010000000000000009
m15,0.52,0.48,0.49,0.040000000000000036,0.010000000000000009
m5,0.5961,0.37,0.42,0.22609999999999997,0.04999999999999999
m15,0.48,0.44,0.44,0.03999999999999998,0.0
m15,0.43,0.44,0.44,-0.010000000000000009,0.0
m15,0.43,0.44,0.44,-0.010000000000000009,0.0
m15,0.43,0.44,0.44,-0.010000000000000009,0.0
m15,0.43,0.44,0.44,-0.010000000000000009,0.0
m15,0.43,0.44,0.44,-0.010000000000000009,0.0
m5,0.51,0.36,0.36,0.15000000000000002,0.0
m15,0.43,0.44,0.44,-0.010000000000000009,0.0
m15,0.43,0.44,0.44,-0.010000000000000009,0.0
m15,0.43,0.43,0.44,0.0,0.010000000000000009
m15,0.43,0.43,0.44,0.0,0.010000000000000009
m5,0.65,0.71,0.71,-0.05999999999999994,0.0
h1,0.32,0.34,0.34,-0.020000000000000018,0.0
m5,0.32,0.36,0.36,-0.03999999999999998,0.0
m5,0.3,0.36,0.36,-0.06,0.0
h1,0.32,0.33,0.33,-0.010000000000000009,0.0
m15,0.55,0.57,0.57,-0.019999999999999907,0.0
m15,0.41,0.44,0.44,-0.030000000000000027,0.0
m15,0.43,0.44,0.44,-0.010000000000000009,0.0
m15,0.55,0.59,0.57,-0.039999999999999925,-0.020000000000000018
m15,0.55,0.59,0.57,-0.039999999999999925,-0.020000000000000018
m5,0.26,0.39,0.38,-0.13,-0.010000000000000009
m15,0.41,0.44,0.44,-0.030000000000000027,0.0
m5,0.25,0.35,0.37,-0.09999999999999998,0.020000000000000018
m5,0.34,0.35,0.37,-0.009999999999999953,0.020000000000000018
m5,0.62,0.71,0.68,-0.08999999999999997,-0.029999999999999916
m15,0.56,0.59,0.58,-0.029999999999999916,-0.010000000000000009
m5,0.722,0.79,0.78,-0.06800000000000006,-0.010000000000000009
m15,0.57,0.6,0.59,-0.030000000000000027,-0.010000000000000009
m15,0.57,0.65,0.65,-0.08000000000000007,0.0
m15,0.57,0.65,0.65,-0.08000000000000007,0.0
m5,0.8651000000000001,0.95,0.93,-0.08489999999999986,-0.019999999999999907
m15,0.65,0.74,0.73,-0.08999999999999997,-0.010000000000000009
m5,0.03,0.04,0.04,-0.010000000000000002,0.0
m5,0.04,0.06,0.07,-0.019999999999999997,0.010000000000000009
m5,0.06,0.02,0.04,0.039999999999999994,0.02
h1,0.75,0.78,0.78,-0.030000000000000027,0.0
m5,0.7,0.72,0.73,-0.020000000000000018,0.010000000000000009
m15,0.35,0.41,0.41,-0.06,0.0
h1,0.24,0.25,0.25,-0.010000000000000009,0.0
m5,0.28,0.32,0.31,-0.03999999999999998,-0.010000000000000009
m15,0.62,0.63,0.63,-0.010000000000000009,0.0
m15,0.62,0.64,0.64,-0.020000000000000018,0.0
h1,0.21,0.2,0.22,0.009999999999999981,0.01999999999999999
h1,0.21,0.2,0.22,0.009999999999999981,0.01999999999999999
h1,0.21,0.2,0.22,0.009999999999999981,0.01999999999999999
h1,0.21,0.2,0.22,0.009999999999999981,0.01999999999999999
h1,0.18,0.21,0.21,-0.03,0.0
m5,0.79,0.88,0.87,-0.08999999999999997,-0.010000000000000009
m5,0.21,0.3,0.25,-0.09,-0.04999999999999999
m5,0.94,0.95,0.95,-0.010000000000000009,0.0
m5,0.95,0.95,0.96,0.0,0.010000000000000009
h1,0.1,0.12,0.12,-0.01999999999999999,0.0
h1,0.1,0.12,0.12,-0.01999999999999999,0.0
h1,0.1,0.12,0.12,-0.01999999999999999,0.0
h1,0.1,0.12,0.12,-0.01999999999999999,0.0
m15,0.84,0.86,0.86,-0.020000000000000018,0.0
m5,0.97,0.97,0.97,0.0,0.0
h1,0.08,0.09,0.09,-0.009999999999999995,0.0
m15,0.87,0.88,0.88,-0.010000000000000009,0.0
h1,0.08,0.09,0.09,-0.009999999999999995,0.0
h1,0.08,0.09,0.09,-0.009999999999999995,0.0
h1,0.08,0.09,0.09,-0.009999999999999995,0.0
m15,0.13,0.13,0.13,0.0,0.0
h1,0.1,0.12,0.13,-0.01999999999999999,0.010000000000000009
m15,0.83,0.84,0.84,-0.010000000000000009,0.0
h1,0.08,0.1,0.11,-0.020000000000000004,0.009999999999999995
m15,0.82,0.83,0.83,-0.010000000000000009,0.0
m5,0.39,0.4,0.4,-0.010000000000000009,0.0
h1,0.12,0.13,0.13,-0.010000000000000009,0.0
h1,0.12,0.13,0.13,-0.010000000000000009,0.0
m5,0.38,0.41,0.43,-0.02999999999999997,0.020000000000000018
m5,0.6084,0.65,0.66,-0.04159999999999997,0.010000000000000009
m15,0.79,0.82,0.8,-0.029999999999999916,-0.019999999999999907
h1,0.12,0.13,0.13,-0.010000000000000009,0.0
m15,0.79,0.83,0.82,-0.039999999999999925,-0.010000000000000009
m15,0.79,0.83,0.82,-0.039999999999999925,-0.010000000000000009
m15,0.8,0.87,0.83,-0.06999999999999995,-0.040000000000000036
m5,0.36,0.43,0.38,-0.07,-0.04999999999999999
m15,0.13,0.14,0.14,-0.010000000000000009,0.0
m15,0.12,0.13,0.13,-0.010000000000000009,0.0
m15,0.12,0.13,0.13,-0.010000000000000009,0.0
m15,0.11,0.15,0.15,-0.039999999999999994,0.0
m15,0.11,0.15,0.15,-0.039999999999999994,0.0
m15,0.12,0.15,0.15,-0.03,0.0
m5,0.53,0.51,0.54,0.020000000000000018,0.030000000000000027
h1,0.91,0.89,0.9,0.020000000000000018,0.010000000000000009
m15,0.89,0.89,0.89,0.0,0.0
h1,0.88,0.9,0.9,-0.020000000000000018,0.0
m15,0.88,0.89,0.89,-0.010000000000000009,0.0
m15,0.88,0.91,0.89,-0.030000000000000027,-0.020000000000000018
m15,0.88,0.91,0.89,-0.030000000000000027,-0.020000000000000018
m15,0.88,0.91,0.89,-0.030000000000000027,-0.020000000000000018
m15,0.88,0.91,0.89,-0.030000000000000027,-0.020000000000000018
m15,0.88,0.91,0.91,-0.030000000000000027,0.0
m5,0.39,0.46,0.45,-0.07,-0.010000000000000009
m15,0.07,0.08,0.08,-0.009999999999999995,0.0
m15,0.07,0.08,0.08,-0.009999999999999995,0.0
m15,0.07,0.07,0.08,0.0,0.009999999999999995
m15,0.07,0.07,0.08,0.0,0.009999999999999995
m5,0.43,0.49,0.48,-0.06,-0.010000000000000009
m5,0.52,0.52,0.53,0.0,0.010000000000000009
m5,0.48,0.5,0.49,-0.020000000000000018,-0.010000000000000009
m5,0.5223,0.57,0.52,-0.047699999999999965,-0.04999999999999993
h1,0.93,0.96,0.94,-0.029999999999999916,-0.020000000000000018
m15,0.96,0.97,0.97,-0.010000000000000009,0.0
h1,0.94,0.95,0.96,-0.010000000000000009,0.010000000000000009
m5,0.16,0.18,0.19,-0.01999999999999999,0.010000000000000009
m15,0.97,0.97,0.97,0.0,0.0
h1,0.94,0.95,0.95,-0.010000000000000009,0.0
h1,0.95,0.95,0.95,0.0,0.0
h1,0.94,0.95,0.95,-0.010000000000000009,0.0
m15,0.04,0.06,0.06,-0.019999999999999997,0.0
m5,0.33,0.34,0.33,-0.010000000000000009,-0.010000000000000009
h1,0.06,0.07,0.07,-0.010000000000000009,0.0
h1,0.0691,0.09,0.09,-0.020900000000000002,0.0
h1,0.06,0.09,0.09,-0.03,0.0
h1,0.06,0.09,0.09,-0.03,0.0
h1,0.06,0.09,0.09,-0.03,0.0
h1,0.06,0.09,0.09,-0.03,0.0
h1,0.07,0.09,0.09,-0.01999999999999999,0.0
m5,0.67,0.64,0.64,0.030000000000000027,0.0
m15,0.06,0.06,0.06,0.0,0.0
h1,0.07,0.08,0.08,-0.009999999999999995,0.0
h1,0.06,0.08,0.08,-0.020000000000000004,0.0
h1,0.06,0.08,0.08,-0.020000000000000004,0.0
h1,0.06,0.08,0.08,-0.020000000000000004,0.0
h1,0.06,0.08,0.08,-0.020000000000000004,0.0
h1,0.06,0.08,0.08,-0.020000000000000004,0.0
h1,0.06,0.08,0.08,-0.020000000000000004,0.0
h1,0.06,0.08,0.08,-0.020000000000000004,0.0
h1,0.06,0.08,0.08,-0.020000000000000004,0.0
h1,0.06,0.08,0.08,-0.020000000000000004,0.0
m15,0.05,0.06,0.06,-0.009999999999999995,0.0
m15,0.05,0.06,0.06,-0.009999999999999995,0.0
m5,0.63,0.7,0.69,-0.06999999999999995,-0.010000000000000009
m15,0.95,0.97,0.97,-0.020000000000000018,0.0
m5,0.3,0.37,0.34,-0.07,-0.02999999999999997
m5,0.64,0.57,0.58,0.07000000000000006,0.010000000000000009
m5,0.37,0.44,0.43,-0.07,-0.010000000000000009
m5,0.38,0.63,0.63,-0.25,0.0
m5,0.4,0.63,0.63,-0.22999999999999998,0.0
m5,0.42,0.42,0.41,0.0,-0.010000000000000009
m15,0.91,0.95,0.95,-0.039999999999999925,0.0
m15,0.91,0.95,0.95,-0.039999999999999925,0.0
m15,0.91,0.95,0.95,-0.039999999999999925,0.0
m15,0.93,0.95,0.95,-0.019999999999999907,0.0
m5,0.5995,0.61,0.6,-0.010499999999999954,-0.010000000000000009
m5,0.51,0.58,0.57,-0.06999999999999995,-0.010000000000000009
h1,0.09,0.1,0.1,-0.010000000000000009,0.0
m15,0.05,0.07,0.07,-0.020000000000000004,0.0
m5,0.7426,0.78,0.78,-0.03739999999999999,0.0
m5,0.22,0.22,0.23,0.0,0.010000000000000009
m5,0.79,0.79,0.78,0.0,-0.010000000000000009
m15,0.05,0.06,0.06,-0.009999999999999995,0.0
m15,0.06,0.08,0.08,-0.020000000000000004,0.0
m15,0.10289999999999999,0.12,0.12,-0.017100000000000004,0.0
h1,0.13,0.15,0.15,-0.01999999999999999,0.0
h1,0.12,0.15,0.15,-0.03,0.0
h1,0.14,0.15,0.15,-0.009999999999999981,0.0
m15,0.8845000000000001,0.97,0.97,-0.08549999999999991,0.0
h1,0.13,0.14,0.14,-0.010000000000000009,0.0
h1,0.13,0.18,0.18,-0.04999999999999999,0.0
h1,0.13,0.18,0.18,-0.04999999999999999,0.0
h1,0.13,0.18,0.18,-0.04999999999999999,0.0
m15,0.65,0.67,0.67,-0.020000000000000018,0.0
m5,0.73,0.75,0.73,-0.020000000000000018,-0.020000000000000018
h1,0.21,0.22,0.22,-0.010000000000000009,0.0
h1,0.21,0.22,0.22,-0.010000000000000009,0.0
h1,0.21,0.27,0.27,-0.060000000000000026,0.0
h1,0.21,0.27,0.27,-0.060000000000000026,0.0
h1,0.26,0.34,0.33,-0.08000000000000002,-0.010000000000000009
h1,0.26,0.34,0.33,-0.08000000000000002,-0.010000000000000009
h1,0.28,0.35,0.35,-0.06999999999999995,0.0
h1,0.33,0.35,0.35,-0.019999999999999962,0.0
h1,0.34,0.35,0.35,-0.009999999999999953,0.0
m15,0.23,0.22,0.22,0.010000000000000009,0.0
m15,0.23,0.22,0.22,0.010000000000000009,0.0
m5,0.11,0.13,0.13,-0.020000000000000004,0.0
m15,0.76,0.76,0.76,0.0,0.0
m15,0.22,0.24,0.24,-0.01999999999999999,0.0
m15,0.22,0.24,0.24,-0.01999999999999999,0.0
m15,0.22,0.24,0.24,-0.01999999999999999,0.0
m15,0.22,0.24,0.24,-0.01999999999999999,0.0
m15,0.22,0.24,0.24,-0.01999999999999999,0.0
m15,0.22,0.24,0.24,-0.01999999999999999,0.0
m15,0.23,0.24,0.24,-0.009999999999999981,0.0
m15,0.22,0.24,0.24,-0.01999999999999999,0.0
m15,0.22,0.24,0.24,-0.01999999999999999,0.0
h1,0.66,0.65,0.65,0.010000000000000009,0.0
h1,0.44,0.46,0.46,-0.020000000000000018,0.0
m15,0.18,0.21,0.21,-0.03,0.0
h1,0.61,0.59,0.59,0.020000000000000018,0.0
h1,0.65,0.67,0.67,-0.020000000000000018,0.0
h1,0.65,0.67,0.67,-0.020000000000000018,0.0
h1,0.66,0.67,0.67,-0.010000000000000009,0.0
h1,0.66,0.69,0.69,-0.029999999999999916,0.0
h1,0.66,0.69,0.69,-0.029999999999999916,0.0
h1,0.69,0.72,0.72,-0.030000000000000027,0.0
m15,0.3,0.29,0.3,0.010000000000000009,0.010000000000000009
m5,0.795,0.82,0.83,-0.02499999999999991,0.010000000000000009
m15,0.35,0.36,0.36,-0.010000000000000009,0.0
h1,0.8,0.8,0.8,0.0,0.0
m5,0.09,0.08,0.1,0.009999999999999995,0.020000000000000004
h1,0.76,0.79,0.79,-0.030000000000000027,0.0
h1,0.77,0.78,0.78,-0.010000000000000009,0.0
h1,0.77,0.78,0.78,-0.010000000000000009,0.0
h1,0.2,0.21,0.21,-0.009999999999999981,0.0
m5,0.5,0.5,0.5,0.0,0.0
h1,0.27,0.29,0.29,-0.019999999999999962,0.0
m15,0.18,0.19,0.19,-0.010000000000000009,0.0
m15,0.79,0.79,0.79,0.0,0.0
m15,0.79,0.79,0.79,0.0,0.0
m5,0.48,0.5,0.51,-0.020000000000000018,0.010000000000000009
h1,0.31670000000000004,0.36,0.36,-0.04329999999999995,0.0
h1,0.6,0.6,0.6,0.0,0.0
m15,0.88,0.88,0.89,0.0,0.010000000000000009
m5,0.79,0.83,0.82,-0.039999999999999925,-0.010000000000000009
m5,0.8,0.85,0.84,-0.04999999999999993,-0.010000000000000009
h1,0.46,0.49,0.49,-0.02999999999999997,0.0
h1,0.53,0.7,0.59,-0.16999999999999993,-0.10999999999999999
h1,0.5056,0.7,0.59,-0.1943999999999999,-0.10999999999999999
h1,0.68,0.74,0.73,-0.05999999999999994,-0.010000000000000009
h1,0.69,0.74,0.73,-0.050000000000000044,-0.010000000000000009
h1,0.67,0.74,0.73,-0.06999999999999995,-0.010000000000000009
h1,0.57,0.74,0.73,-0.17000000000000004,-0.010000000000000009
h1,0.71,0.77,0.75,-0.06000000000000005,-0.020000000000000018
h1,0.7,0.77,0.75,-0.07000000000000006,-0.020000000000000018
h1,0.24,0.19,0.18,0.04999999999999999,-0.010000000000000009
m15,0.96,0.96,0.96,0.0,0.0
m15,0.96,0.96,0.96,0.0,0.0
m15,0.95,0.96,0.96,-0.010000000000000009,0.0
h1,0.77,0.82,0.83,-0.04999999999999993,0.010000000000000009
m15,0.95,0.96,0.96,-0.010000000000000009,0.0
m15,0.95,0.96,0.96,-0.010000000000000009,0.0
h1,0.79,0.76,0.77,0.030000000000000027,0.010000000000000009
h1,0.24,0.24,0.25,0.0,0.010000000000000009
m15,0.03,0.03,0.03,0.0,0.0
h1,0.23,0.22,0.24,0.010000000000000009,0.01999999999999999
h1,0.23,0.22,0.24,0.010000000000000009,0.01999999999999999
h1,0.24789999999999998,0.22,0.24,0.02789999999999998,0.01999999999999999
h1,0.23,0.22,0.24,0.010000000000000009,0.01999999999999999
h1,0.23,0.22,0.24,0.010000000000000009,0.01999999999999999
h1,0.23,0.22,0.24,0.010000000000000009,0.01999999999999999
h1,0.23,0.22,0.24,0.010000000000000009,0.01999999999999999
h1,0.81,0.87,0.83,-0.05999999999999994,-0.040000000000000036
m15,0.97,0.99,0.99,-0.020000000000000018,0.0
h1,0.12,0.13,0.13,-0.010000000000000009,0.0
h1,0.12,0.13,0.13,-0.010000000000000009,0.0
h1,0.12,0.13,0.13,-0.010000000000000009,0.0
h1,0.12,0.13,0.13,-0.010000000000000009,0.0
h1,0.12,0.13,0.13,-0.010000000000000009,0.0
h1,0.12,0.13,0.13,-0.010000000000000009,0.0
h1,0.12,0.13,0.13,-0.010000000000000009,0.0
h1,0.12,0.13,0.13,-0.010000000000000009,0.0
h1,0.1322,0.13,0.16,0.0022000000000000075,0.03
h1,0.12,0.12,0.13,0.0,0.010000000000000009
h1,0.16,0.12,0.13,0.04000000000000001,0.010000000000000009
h1,0.83,0.89,0.88,-0.06000000000000005,-0.010000000000000009
h1,0.16,0.12,0.13,0.04000000000000001,0.010000000000000009
h1,0.12,0.11,0.12,0.009999999999999995,0.009999999999999995
h1,0.12,0.11,0.12,0.009999999999999995,0.009999999999999995
h1,0.12,0.11,0.12,0.009999999999999995,0.009999999999999995
h1,0.12,0.11,0.12,0.009999999999999995,0.009999999999999995
h1,0.12,0.11,0.12,0.009999999999999995,0.009999999999999995
h1,0.12,0.11,0.12,0.009999999999999995,0.009999999999999995
h1,0.12,0.11,0.11,0.009999999999999995,0.0
h1,0.91,0.92,0.93,-0.010000000000000009,0.010000000000000009
m15,0.01,0.01,0.01,0.0,0.0
h1,0.08,0.07,0.07,0.009999999999999995,0.0
h1,0.08,0.07,0.07,0.009999999999999995,0.0
h1,0.08,0.07,0.07,0.009999999999999995,0.0
h1,0.08,0.07,0.07,0.009999999999999995,0.0
h1,0.08,0.07,0.07,0.009999999999999995,0.0
h1,0.07,0.06,0.06,0.010000000000000009,0.0
h1,0.08,0.06,0.06,0.020000000000000004,0.0
h1,0.08,0.06,0.06,0.020000000000000004,0.0
h1,0.95,0.95,0.95,0.0,0.0
h1,0.03,0.04,0.04,-0.010000000000000002,0.0
h1,0.98,0.99,0.99,-0.010000000000000009,0.0
h1,0.98,0.99,0.99,-0.010000000000000009,0.0
m5,0.4182,0.36,0.38,0.05820000000000003,0.020000000000000018
m5,0.42,0.36,0.38,0.06,0.020000000000000018
m5,0.61,0.62,0.64,-0.010000000000000009,0.020000000000000018
m15,0.002,0.0,0.0,0.002,0.0
m5,0.5387,0.56,0.56,-0.021300000000000097,0.0
m5,0.51,0.5,0.5,0.010000000000000009,0.0
m5,0.56,0.5,0.5,0.06000000000000005,0.0
m15,0.001,0.0,0.0,0.001,0.0
m15,0.001,0.0,0.0,0.001,0.0
m15,0.001,0.0,0.0,0.001,0.0
m5,0.4962,0.5,0.51,-0.0038000000000000256,0.010000000000000009
m15,0.001,0.0,0.0,0.001,0.0
m15,0.001,0.0,0.0,0.001,0.0
m5,0.5,0.52,0.51,-0.020000000000000018,-0.010000000000000009
m5,0.59,0.64,0.64,-0.050000000000000044,0.0
m5,0.75,0.8,0.8,-0.050000000000000044,0.0
m15,0.997,1.0,1.0,-0.0030000000000000027,0.0
m5,0.21,0.2,0.23,0.009999999999999981,0.03
m5,0.21,0.17,0.2,0.03999999999999998,0.03
h1,0.01,0.01,0.01,0.0,0.0
h1,0.01,0.01,0.01,0.0,0.0
m15,0.995,1.0,1.0,-0.0050000000000000044,0.0
h1,0.01,0.01,0.01,0.0,0.0
m15,0.995,0.99,1.0,0.0050000000000000044,0.010000000000000009
h1,0.01,0.01,0.01,0.0,0.0
h1,0.01,0.01,0.01,0.0,0.0
m15,0.003,0.01,0.01,-0.007,0.0
m15,0.004,0.0,0.0,0.004,0.0
m15,0.003,0.0,0.0,0.003,0.0
m15,0.003,0.0,0.0,0.003,0.0
m15,0.003,0.0,0.0,0.003,0.0
m15,0.003,0.0,0.0,0.003,0.0
m15,0.003,0.0,0.0,0.003,0.0
m15,0.003,0.0,0.0,0.003,0.0
m15,0.996,1.0,1.0,-0.0040000000000000036,0.0
m15,0.997,1.0,1.0,-0.0030000000000000027,0.0
m15,0.996,1.0,1.0,-0.0040000000000000036,0.0
m15,0.003,0.0,0.0,0.003,0.0
m15,0.003,0.0,0.0,0.003,0.0
m15,0.003,0.0,0.0,0.003,0.0
m15,0.003,0.0,0.0,0.003,0.0
m15,0.997,1.0,1.0,-0.0030000000000000027,0.0
m15,0.998,1.0,1.0,-0.0020000000000000018,0.0
h1,0.48,0.5,0.5,-0.020000000000000018,0.0
m15,0.55,0.55,0.53,0.0,-0.020000000000000018
m15,0.46,0.46,0.48,0.0,0.019999999999999962
m15,0.46,0.46,0.46,0.0,0.0
m15,0.46,0.46,0.46,0.0,0.0
m15,0.46,0.46,0.46,0.0,0.0
m15,0.46,0.46,0.46,0.0,0.0
m15,0.46,0.46,0.46,0.0,0.0
m15,0.46,0.46,0.46,0.0,0.0
m15,0.46,0.46,0.46,0.0,0.0
m15,0.46,0.46,0.46,0.0,0.0
m15,0.46,0.46,0.46,0.0,0.0
m15,0.46,0.46,0.46,0.0,0.0
m15,0.46,0.46,0.46,0.0,0.0
m15,0.46,0.46,0.46,0.0,0.0
h1,0.47,0.5,0.5,-0.030000000000000027,0.0
m15,0.53,0.53,0.51,0.0,-0.020000000000000018
m15,0.53,0.53,0.51,0.0,-0.020000000000000018
m15,0.53,0.53,0.51,0.0,-0.020000000000000018
m5,0.61,0.63,0.63,-0.020000000000000018,0.0
m15,0.5,0.51,0.51,-0.010000000000000009,0.0
m5,0.38,0.39,0.42,-0.010000000000000009,0.02999999999999997
m15,0.45,0.45,0.46,0.0,0.010000000000000009
m5,0.3,0.3,0.3,0.0,0.0
h1,0.5,0.51,0.51,-0.010000000000000009,0.0
m15,0.5,0.51,0.51,-0.010000000000000009,0.0
m15,0.5,0.51,0.51,-0.010000000000000009,0.0
m15,0.5,0.51,0.51,-0.010000000000000009,0.0
m15,0.5,0.51,0.51,-0.010000000000000009,0.0
h1,0.5,0.51,0.51,-0.010000000000000009,0.0
m5,0.61,0.73,0.72,-0.12,-0.010000000000000009
m5,0.65,0.73,0.72,-0.07999999999999996,-0.010000000000000009
h1,0.49,0.5,0.5,-0.010000000000000009,0.0
h1,0.49,0.5,0.5,-0.010000000000000009,0.0
h1,0.49,0.5,0.5,-0.010000000000000009,0.0
h1,0.49,0.5,0.5,-0.010000000000000009,0.0
h1,0.49,0.5,0.5,-0.010000000000000009,0.0
h1,0.49,0.5,0.5,-0.010000000000000009,0.0
h1,0.49,0.5,0.5,-0.010000000000000009,0.0
h1,0.46,0.47,0.47,-0.009999999999999953,0.0
h1,0.46,0.47,0.47,-0.009999999999999953,0.0
h1,0.43,0.44,0.44,-0.010000000000000009,0.0
h1,0.43,0.44,0.44,-0.010000000000000009,0.0
h1,0.43,0.44,0.44,-0.010000000000000009,0.0
h1,0.43,0.44,0.44,-0.010000000000000009,0.0
m15,0.27,0.29,0.29,-0.019999999999999962,0.0
h1,0.43,0.44,0.44,-0.010000000000000009,0.0
m15,0.65,0.67,0.66,-0.020000000000000018,-0.010000000000000009
h1,0.44,0.45,0.45,-0.010000000000000009,0.0
h1,0.44,0.45,0.45,-0.010000000000000009,0.0
h1,0.44,0.45,0.45,-0.010000000000000009,0.0
h1,0.44,0.45,0.45,-0.010000000000000009,0.0
h1,0.44,0.45,0.45,-0.010000000000000009,0.0
h1,0.44,0.44,0.44,0.0,0.0
m15,0.27,0.26,0.27,0.010000000000000009,0.010000000000000009
m15,0.27,0.26,0.27,0.010000000000000009,0.010000000000000009
m15,0.75,0.76,0.76,-0.010000000000000009,0.0
m15,0.65,0.65,0.65,0.0,0.0
h1,0.44,0.45,0.45,-0.010000000000000009,0.0
m15,0.65,0.65,0.65,0.0,0.0
m5,0.07,0.07,0.07,0.0,0.0
m5,0.08,0.12,0.12,-0.039999999999999994,0.0
h1,0.48,0.49,0.49,-0.010000000000000009,0.0
m15,0.48,0.51,0.5,-0.030000000000000027,-0.010000000000000009
m15,0.46,0.46,0.46,0.0,0.0
m15,0.4,0.4,0.4,0.0,0.0
h1,0.49,0.47,0.48,0.020000000000000018,0.010000000000000009
m15,0.46,0.49,0.49,-0.02999999999999997,0.0
h1,0.47,0.48,0.48,-0.010000000000000009,0.0
m15,0.47,0.49,0.49,-0.020000000000000018,0.0
h1,0.48,0.49,0.49,-0.010000000000000009,0.0
m15,0.45,0.45,0.45,0.0,0.0
m15,0.63,0.67,0.67,-0.040000000000000036,0.0
m15,0.55,0.67,0.67,-0.12,0.0
m15,0.65,0.63,0.65,0.020000000000000018,0.020000000000000018
m15,0.55,0.54,0.54,0.010000000000000009,0.0
m15,0.26,0.31,0.31,-0.04999999999999999,0.0
m15,0.66,0.68,0.68,-0.020000000000000018,0.0
m15,0.66,0.72,0.68,-0.05999999999999994,-0.039999999999999925
m15,0.66,0.72,0.68,-0.05999999999999994,-0.039999999999999925
m15,0.66,0.72,0.68,-0.05999999999999994,-0.039999999999999925
m15,0.67,0.75,0.72,-0.07999999999999996,-0.030000000000000027
m15,0.21,0.22,0.21,-0.010000000000000009,-0.010000000000000009
m15,0.21,0.22,0.21,-0.010000000000000009,-0.010000000000000009
m15,0.21,0.22,0.21,-0.010000000000000009,-0.010000000000000009
m15,0.21,0.22,0.21,-0.010000000000000009,-0.010000000000000009
m15,0.78,0.8,0.8,-0.020000000000000018,0.0
m5,0.29,0.36,0.35,-0.07,-0.010000000000000009
m15,0.79,0.77,0.77,0.020000000000000018,0.0
h1,0.53,0.55,0.55,-0.020000000000000018,0.0
m5,0.83,0.85,0.84,-0.020000000000000018,-0.010000000000000009
m5,0.86,0.89,0.89,-0.030000000000000027,0.0
m5,0.11,0.16,0.16,-0.05,0.0
m5,0.91,0.92,0.92,-0.010000000000000009,0.0
m15,0.96,0.97,0.97,-0.010000000000000009,0.0
h1,0.59,0.61,0.61,-0.020000000000000018,0.0
h1,0.6,0.61,0.61,-0.010000000000000009,0.0
h1,0.6,0.61,0.61,-0.010000000000000009,0.0
h1,0.6,0.61,0.61,-0.010000000000000009,0.0
h1,0.39,0.4,0.4,-0.010000000000000009,0.0
m5,0.05,0.11,0.12,-0.06,0.009999999999999995
h1,0.41,0.43,0.43,-0.020000000000000018,0.0
m5,0.9,0.93,0.92,-0.030000000000000027,-0.010000000000000009
m5,0.89,0.93,0.92,-0.040000000000000036,-0.010000000000000009
m15,0.02,0.03,0.03,-0.009999999999999998,0.0
m15,0.02,0.03,0.03,-0.009999999999999998,0.0
m15,0.02,0.03,0.03,-0.009999999999999998,0.0
m15,0.02,0.03,0.03,-0.009999999999999998,0.0
m15,0.02,0.02,0.02,0.0,0.0
m5,0.95,0.97,0.97,-0.020000000000000018,0.0
h1,0.37,0.38,0.38,-0.010000000000000009,0.0
h1,0.38,0.38,0.38,0.0,0.0
h1,0.38,0.38,0.38,0.0,0.0
h1,0.38,0.39,0.39,-0.010000000000000009,0.0
h1,0.37,0.39,0.39,-0.020000000000000018,0.0
h1,0.38,0.39,0.39,-0.010000000000000009,0.0
m5,0.24,0.22,0.23,0.01999999999999999,0.010000000000000009
m15,0.77,0.8,0.78,-0.030000000000000027,-0.020000000000000018
m15,0.19,0.22,0.21,-0.03,-0.010000000000000009
m15,0.19,0.22,0.21,-0.03,-0.010000000000000009
m15,0.19,0.22,0.21,-0.03,-0.010000000000000009
m15,0.19,0.22,0.21,-0.03,-0.010000000000000009
m15,0.19,0.22,0.21,-0.03,-0.010000000000000009
m15,0.19,0.22,0.21,-0.03,-0.010000000000000009
m15,0.19,0.22,0.21,-0.03,-0.010000000000000009
m15,0.19,0.22,0.21,-0.03,-0.010000000000000009
m5,0.11,0.16,0.15,-0.05,-0.010000000000000009
m5,0.75,0.81,0.8,-0.06000000000000005,-0.010000000000000009
m5,0.81,0.83,0.82,-0.019999999999999907,-0.010000000000000009
m15,0.75,0.77,0.77,-0.020000000000000018,0.0
h1,0.43,0.44,0.44,-0.010000000000000009,0.0
h1,0.43,0.44,0.44,-0.010000000000000009,0.0
m15,0.7,0.7,0.7,0.0,0.0
m15,0.69,0.72,0.71,-0.030000000000000027,-0.010000000000000009
m15,0.69,0.72,0.71,-0.030000000000000027,-0.010000000000000009
m5,0.03,0.03,0.02,0.0,-0.009999999999999998
m15,0.43520000000000003,0.39,0.39,0.04520000000000002,0.0
m5,0.48369999999999996,0.41,0.41,0.07369999999999999,0.0
m5,0.57,0.63,0.63,-0.06000000000000005,0.0
h1,0.38,0.4,0.4,-0.020000000000000018,0.0
m15,0.7,0.73,0.71,-0.030000000000000027,-0.020000000000000018
m15,0.7,0.74,0.74,-0.040000000000000036,0.0
m5,0.75,0.8,0.8,-0.050000000000000044,0.0
m5,0.75,0.8,0.8,-0.050000000000000044,0.0
m5,0.74,0.69,0.69,0.050000000000000044,0.0
m15,0.65,0.67,0.66,-0.020000000000000018,-0.010000000000000009
m15,0.65,0.67,0.66,-0.020000000000000018,-0.010000000000000009
m15,0.66,0.67,0.66,-0.010000000000000009,-0.010000000000000009
m15,0.65,0.67,0.67,-0.020000000000000018,0.0
m15,0.65,0.67,0.67,-0.020000000000000018,0.0
m15,0.65,0.67,0.67,-0.020000000000000018,0.0
m15,0.31,0.31,0.32,0.0,0.010000000000000009
m15,0.3,0.3,0.31,0.0,0.010000000000000009
h1,0.39,0.4,0.4,-0.010000000000000009,0.0
m5,0.69,0.69,0.7,0.0,0.010000000000000009
m5,0.69,0.74,0.74,-0.050000000000000044,0.0
m5,0.7,0.76,0.76,-0.06000000000000005,0.0
m15,0.58,0.57,0.57,0.010000000000000009,0.0
m15,0.58,0.57,0.57,0.010000000000000009,0.0
m15,0.58,0.57,0.57,0.010000000000000009,0.0
m15,0.58,0.57,0.57,0.010000000000000009,0.0
m5,0.5776,0.4,0.51,0.17759999999999998,0.10999999999999999
m5,0.5522,0.73,0.73,-0.17779999999999996,0.0
h1,0.65,0.65,0.65,0.0,0.0
m15,0.5,0.55,0.55,-0.050000000000000044,0.0
m5,0.28,0.27,0.27,0.010000000000000009,0.0
m15,0.45,0.5,0.46,-0.04999999999999999,-0.03999999999999998
m15,0.45,0.5,0.46,-0.04999999999999999,-0.03999999999999998
m15,0.45,0.5,0.46,-0.04999999999999999,-0.03999999999999998
m5,0.28,0.33,0.27,-0.04999999999999999,-0.06
m15,0.45,0.5,0.46,-0.04999999999999999,-0.03999999999999998
m15,0.45,0.5,0.46,-0.04999999999999999,-0.03999999999999998
m15,0.45,0.5,0.46,-0.04999999999999999,-0.03999999999999998
m5,0.27,0.33,0.27,-0.06,-0.06
m15,0.45,0.56,0.52,-0.11000000000000004,-0.040000000000000036
m15,0.45,0.56,0.52,-0.11000000000000004,-0.040000000000000036
m15,0.43,0.42,0.44,0.010000000000000009,0.020000000000000018
m15,0.43,0.42,0.44,0.010000000000000009,0.020000000000000018
m15,0.57,0.57,0.57,0.0,0.0
m15,0.57,0.57,0.57,0.0,0.0
m15,0.57,0.57,0.57,0.0,0.0
h1,0.63,0.64,0.64,-0.010000000000000009,0.0
m5,0.43,0.49,0.51,-0.06,0.020000000000000018
h1,0.63,0.65,0.65,-0.020000000000000018,0.0
m15,0.48,0.51,0.5,-0.030000000000000027,-0.010000000000000009
m15,0.48,0.51,0.5,-0.030000000000000027,-0.010000000000000009
m15,0.48,0.51,0.5,-0.030000000000000027,-0.010000000000000009
h1,0.64,0.65,0.65,-0.010000000000000009,0.0
m5,0.37,0.27,0.27,0.09999999999999998,0.0
m15,0.5204,0.56,0.56,-0.03960000000000008,0.0
h1,0.64,0.65,0.65,-0.010000000000000009,0.0
m5,0.37,0.38,0.38,-0.010000000000000009,0.0
m5,0.38,0.42,0.42,-0.03999999999999998,0.0
h1,0.63,0.64,0.64,-0.010000000000000009,0.0
m15,0.53,0.55,0.53,-0.020000000000000018,-0.020000000000000018
m15,0.53,0.55,0.53,-0.020000000000000018,-0.020000000000000018
h1,0.63,0.63,0.63,0.0,0.0
m5,0.37,0.45,0.45,-0.08000000000000002,0.0
m15,0.57,0.58,0.58,-0.010000000000000009,0.0
m5,0.45,0.47,0.47,-0.019999999999999962,0.0
m5,0.3,0.35,0.37,-0.04999999999999999,0.020000000000000018
m5,0.35,0.36,0.35,-0.010000000000000009,-0.010000000000000009
m15,0.55,0.54,0.6,0.010000000000000009,0.05999999999999994
m5,0.39,0.35,0.46,0.040000000000000036,0.11000000000000004
m5,0.6423000000000001,0.69,0.68,-0.047699999999999854,-0.009999999999999898
h1,0.63,0.65,0.65,-0.020000000000000018,0.0
h1,0.63,0.65,0.65,-0.020000000000000018,0.0
h1,0.63,0.65,0.66,-0.020000000000000018,0.010000000000000009
m5,0.2163,0.22,0.21,-0.003700000000000009,-0.010000000000000009
m15,0.47,0.46,0.47,0.009999999999999953,0.009999999999999953
m15,0.47,0.46,0.47,0.009999999999999953,0.009999999999999953
m5,0.21,0.2,0.22,0.009999999999999981,0.01999999999999999
m15,0.47,0.46,0.47,0.009999999999999953,0.009999999999999953
m15,0.47,0.46,0.47,0.009999999999999953,0.009999999999999953
m15,0.45,0.51,0.46,-0.06,-0.04999999999999999
m15,0.45,0.51,0.46,-0.06,-0.04999999999999999
m15,0.45,0.51,0.46,-0.06,-0.04999999999999999
m15,0.45,0.51,0.46,-0.06,-0.04999999999999999
m5,0.19,0.17,0.26,0.01999999999999999,0.09
m15,0.46,0.48,0.51,-0.019999999999999962,0.030000000000000027
m15,0.45,0.48,0.51,-0.02999999999999997,0.030000000000000027
m5,0.26,0.17,0.17,0.09,0.0
m15,0.5,0.54,0.53,-0.040000000000000036,-0.010000000000000009
m5,0.2371,0.17,0.17,0.06709999999999999,0.0
m15,0.47,0.52,0.5,-0.050000000000000044,-0.020000000000000018
m5,0.8,0.75,0.76,0.050000000000000044,0.010000000000000009
m15,0.48,0.45,0.45,0.02999999999999997,0.0
m15,0.45,0.45,0.45,0.0,0.0
m5,0.8,0.87,0.82,-0.06999999999999995,-0.050000000000000044
h1,0.64,0.65,0.65,-0.010000000000000009,0.0
m15,0.56,0.56,0.56,0.0,0.0
h1,0.64,0.65,0.65,-0.010000000000000009,0.0
m15,0.54,0.54,0.54,0.0,0.0
m5,0.2749,0.29,0.28,-0.015100000000000002,-0.009999999999999953
h1,0.63,0.65,0.64,-0.020000000000000018,-0.010000000000000009
m5,0.72,0.92,0.91,-0.20000000000000007,-0.010000000000000009
m15,0.49,0.56,0.56,-0.07000000000000006,0.0
m15,0.47,0.56,0.56,-0.09000000000000008,0.0
m15,0.47,0.56,0.56,-0.09000000000000008,0.0
m15,0.49,0.56,0.56,-0.07000000000000006,0.0
m15,0.49,0.56,0.56,-0.07000000000000006,0.0
m15,0.51,0.56,0.56,-0.050000000000000044,0.0
m15,0.47,0.56,0.56,-0.09000000000000008,0.0
m5,0.89,0.92,0.92,-0.030000000000000027,0.0
m15,0.52,0.56,0.56,-0.040000000000000036,0.0
h1,0.64,0.65,0.65,-0.010000000000000009,0.0
h1,0.64,0.65,0.65,-0.010000000000000009,0.0
m15,0.56,0.57,0.57,-0.009999999999999898,0.0
h1,0.64,0.65,0.64,-0.010000000000000009,-0.010000000000000009
m5,0.1,0.09,0.2,0.010000000000000009,0.11000000000000001
h1,0.64,0.65,0.64,-0.010000000000000009,-0.010000000000000009
m5,0.0717,0.07,0.1,0.0016999999999999932,0.03
m15,0.51,0.51,0.5,0.0,-0.010000000000000009
m15,0.51,0.51,0.5,0.0,-0.010000000000000009
m5,0.08560000000000001,0.04,0.05,0.04560000000000001,0.010000000000000002
m5,0.94,0.97,0.97,-0.030000000000000027,0.0
m15,0.5,0.58,0.54,-0.07999999999999996,-0.039999999999999925
m15,0.58,0.58,0.58,0.0,0.0
m15,0.57,0.51,0.58,0.05999999999999994,0.06999999999999995
m15,0.57,0.51,0.58,0.05999999999999994,0.06999999999999995
m15,0.57,0.51,0.58,0.05999999999999994,0.06999999999999995
m15,0.57,0.51,0.51,0.05999999999999994,0.0
m15,0.5,0.57,0.6,-0.06999999999999995,0.030000000000000027
m5,0.57,0.57,0.6,0.0,0.030000000000000027
m15,0.57,0.62,0.62,-0.050000000000000044,0.0
m15,0.62,0.68,0.67,-0.06000000000000005,-0.010000000000000009
m5,0.5182,0.5,0.53,0.018199999999999994,0.030000000000000027
h1,0.66,0.66,0.67,0.0,0.010000000000000009
m5,0.48,0.45,0.51,0.02999999999999997,0.06
m5,0.4736,0.45,0.51,0.02360000000000001,0.06
m5,0.45,0.45,0.51,0.0,0.06
m15,0.62,0.64,0.64,-0.020000000000000018,0.0
m5,0.45,0.46,0.47,-0.010000000000000009,0.009999999999999953
m5,0.55,0.6,0.59,-0.04999999999999993,-0.010000000000000009
m15,0.31,0.2,0.24,0.10999999999999999,0.03999999999999998
m15,0.69,0.81,0.77,-0.1200000000000001,-0.040000000000000036
m15,0.31,0.2,0.24,0.10999999999999999,0.03999999999999998
m15,0.77,0.77,0.77,0.0,0.0
m15,0.77,0.77,0.77,0.0,0.0
m15,0.76,0.81,0.81,-0.050000000000000044,0.0
m15,0.76,0.81,0.81,-0.050000000000000044,0.0
m15,0.76,0.81,0.81,-0.050000000000000044,0.0
m15,0.77,0.81,0.81,-0.040000000000000036,0.0
m15,0.76,0.81,0.81,-0.050000000000000044,0.0
m15,0.76,0.81,0.81,-0.050000000000000044,0.0
m15,0.76,0.81,0.81,-0.050000000000000044,0.0
m15,0.76,0.81,0.81,-0.050000000000000044,0.0
m15,0.76,0.81,0.81,-0.050000000000000044,0.0
m5,0.34,0.3,0.31,0.040000000000000036,0.010000000000000009
m15,0.2,0.2,0.2,0.0,0.0
m15,0.21,0.2,0.2,0.009999999999999981,0.0
m15,0.81,0.82,0.84,-0.009999999999999898,0.020000000000000018
h1,0.68,0.69,0.69,-0.009999999999999898,0.0
h1,0.68,0.69,0.69,-0.009999999999999898,0.0
m15,0.81,0.84,0.84,-0.029999999999999916,0.0
h1,0.68,0.7,0.7,-0.019999999999999907,0.0
h1,0.68,0.7,0.7,-0.019999999999999907,0.0
m5,0.72,0.74,0.73,-0.020000000000000018,-0.010000000000000009
m15,0.83,0.84,0.84,-0.010000000000000009,0.0
m5,0.3,0.32,0.31,-0.020000000000000018,-0.010000000000000009
m5,0.7852,0.81,0.81,-0.024800000000000044,0.0
h1,0.69,0.7,0.7,-0.010000000000000009,0.0
m15,0.08,0.09,0.09,-0.009999999999999995,0.0
h1,0.69,0.7,0.7,-0.010000000000000009,0.0
m15,0.08,0.09,0.09,-0.009999999999999995,0.0
m15,0.08,0.09,0.09,-0.009999999999999995,0.0
m15,0.08,0.09,0.09,-0.009999999999999995,0.0
h1,0.69,0.71,0.71,-0.020000000000000018,0.0
h1,0.69,0.71,0.71,-0.020000000000000018,0.0
m15,0.84,0.9,0.91,-0.06000000000000005,0.010000000000000009
m15,0.84,0.9,0.91,-0.06000000000000005,0.010000000000000009
m15,0.84,0.9,0.91,-0.06000000000000005,0.010000000000000009
m15,0.84,0.9,0.91,-0.06000000000000005,0.010000000000000009
m15,0.84,0.9,0.91,-0.06000000000000005,0.010000000000000009
m15,0.84,0.9,0.91,-0.06000000000000005,0.010000000000000009
m15,0.84,0.9,0.91,-0.06000000000000005,0.010000000000000009
m15,0.84,0.9,0.91,-0.06000000000000005,0.010000000000000009
h1,0.67,0.69,0.69,-0.019999999999999907,0.0
h1,0.68,0.67,0.69,0.010000000000000009,0.019999999999999907
m5,0.6809999999999999,0.71,0.73,-0.029000000000000026,0.020000000000000018
m5,0.25,0.35,0.35,-0.09999999999999998,0.0
m5,0.66,0.67,0.68,-0.010000000000000009,0.010000000000000009
m5,0.35,0.34,0.33,0.009999999999999953,-0.010000000000000009
m15,0.2,0.19,0.2,0.010000000000000009,0.010000000000000009
h1,0.66,0.66,0.67,0.0,0.010000000000000009
m15,0.61,0.58,0.6,0.030000000000000027,0.020000000000000018
m15,0.2,0.43,0.41,-0.22999999999999998,-0.020000000000000018
m15,0.61,0.58,0.6,0.030000000000000027,0.020000000000000018
m5,0.38,0.61,0.56,-0.22999999999999998,-0.04999999999999993
m5,0.35,0.61,0.56,-0.26,-0.04999999999999993
m15,0.59,0.6,0.56,-0.010000000000000009,-0.039999999999999925
m15,0.59,0.6,0.56,-0.010000000000000009,-0.039999999999999925
m15,0.61,0.6,0.56,0.010000000000000009,-0.039999999999999925
m15,0.61,0.6,0.56,0.010000000000000009,-0.039999999999999925
m15,0.61,0.6,0.56,0.010000000000000009,-0.039999999999999925
m15,0.59,0.6,0.56,-0.010000000000000009,-0.039999999999999925
m15,0.55,0.52,0.54,0.030000000000000027,0.020000000000000018
m15,0.55,0.52,0.54,0.030000000000000027,0.020000000000000018
m15,0.55,0.52,0.54,0.030000000000000027,0.020000000000000018
m15,0.45,0.49,0.47,-0.03999999999999998,-0.020000000000000018
m15,0.51,0.61,0.56,-0.09999999999999998,-0.04999999999999993
m15,0.5,0.61,0.56,-0.10999999999999999,-0.04999999999999993
m5,0.64,0.73,0.7,-0.08999999999999997,-0.030000000000000027
m5,0.63,0.73,0.7,-0.09999999999999998,-0.030000000000000027
h1,0.35,0.36,0.36,-0.010000000000000009,0.0
m15,0.59,0.64,0.63,-0.050000000000000044,-0.010000000000000009
m15,0.37,0.37,0.37,0.0,0.0
m15,0.61,0.64,0.64,-0.030000000000000027,0.0
m5,0.25,0.27,0.25,-0.020000000000000018,-0.020000000000000018
m15,0.36,0.4,0.38,-0.040000000000000036,-0.020000000000000018
m15,0.58,0.67,0.75,-0.09000000000000008,0.07999999999999996
m15,0.59,0.67,0.75,-0.08000000000000007,0.07999999999999996
m15,0.64,0.67,0.75,-0.030000000000000027,0.07999999999999996
m15,0.7,0.71,0.72,-0.010000000000000009,0.010000000000000009
m15,0.7,0.71,0.72,-0.010000000000000009,0.010000000000000009
m15,0.7,0.71,0.72,-0.010000000000000009,0.010000000000000009
m15,0.7,0.71,0.72,-0.010000000000000009,0.010000000000000009
m15,0.7,0.71,0.72,-0.010000000000000009,0.010000000000000009
m15,0.75,0.78,0.77,-0.030000000000000027,-0.010000000000000009
m15,0.82,0.86,0.86,-0.040000000000000036,0.0
h1,0.41,0.42,0.42,-0.010000000000000009,0.0
h1,0.41,0.42,0.42,-0.010000000000000009,0.0
m15,0.11,0.1,0.1,0.009999999999999995,0.0
m15,0.89,0.9,0.91,-0.010000000000000009,0.010000000000000009
m5,0.06,0.06,0.06,0.0,0.0
h1,0.41,0.42,0.42,-0.010000000000000009,0.0
m15,0.11,0.4,0.39,-0.29000000000000004,-0.010000000000000009
m5,0.78,0.62,0.83,0.16000000000000003,0.20999999999999996
m15,0.61,0.44,0.69,0.16999999999999998,0.24999999999999994
m15,0.61,0.44,0.69,0.16999999999999998,0.24999999999999994
m15,0.61,0.44,0.69,0.16999999999999998,0.24999999999999994
m15,0.55,0.56,0.62,-0.010000000000000009,0.05999999999999994
m15,0.61,0.45,0.39,0.15999999999999998,-0.06
m5,0.78,0.67,0.65,0.10999999999999999,-0.020000000000000018
m5,0.8,0.67,0.65,0.13,-0.020000000000000018
h1,0.34,0.37,0.35,-0.02999999999999997,-0.020000000000000018
h1,0.34,0.37,0.37,-0.02999999999999997,0.0
h1,0.34,0.37,0.37,-0.02999999999999997,0.0
m15,0.426,0.37,0.39,0.055999999999999994,0.020000000000000018
m15,0.44,0.37,0.37,0.07,0.0
m15,0.44,0.37,0.37,0.07,0.0
m15,0.44,0.37,0.37,0.07,0.0
m15,0.44,0.37,0.37,0.07,0.0
m15,0.56,0.64,0.64,-0.07999999999999996,0.0
m15,0.36,0.37,0.37,-0.010000000000000009,0.0
m5,0.44,0.43,0.44,0.010000000000000009,0.010000000000000009
m15,0.29,0.62,0.64,-0.33,0.020000000000000018
m15,0.71,0.39,0.37,0.31999999999999995,-0.020000000000000018
m15,0.36,0.45,0.45,-0.09000000000000002,0.0
m15,0.37,0.46,0.46,-0.09000000000000002,0.0
m5,0.64,0.68,0.67,-0.040000000000000036,-0.010000000000000009
h1,0.61,0.64,0.64,-0.030000000000000027,0.0
m15,0.46,0.49,0.48,-0.02999999999999997,-0.010000000000000009
m5,0.31,0.25,0.31,0.06,0.06
m15,0.47,0.44,0.44,0.02999999999999997,0.0
m15,0.47,0.44,0.44,0.02999999999999997,0.0
m15,0.43,0.41,0.41,0.020000000000000018,0.0
m15,0.43,0.41,0.41,0.020000000000000018,0.0
m15,0.43,0.41,0.41,0.020000000000000018,0.0
m15,0.43,0.41,0.41,0.020000000000000018,0.0
m15,0.44,0.41,0.41,0.030000000000000027,0.0
m5,0.25,0.22,0.23,0.03,0.010000000000000009
m15,0.54,0.6,0.6,-0.05999999999999994,0.0
m15,0.57,0.6,0.6,-0.030000000000000027,0.0
m15,0.57,0.6,0.6,-0.030000000000000027,0.0
m15,0.57,0.6,0.6,-0.030000000000000027,0.0
m15,0.57,0.6,0.6,-0.030000000000000027,0.0
m15,0.42,0.41,0.41,0.010000000000000009,0.0
m15,0.42,0.67,0.57,-0.25000000000000006,-0.10000000000000009
m15,0.565,0.67,0.57,-0.1050000000000001,-0.10000000000000009
m15,0.39,0.67,0.57,-0.28,-0.10000000000000009
m5,0.2125,0.37,0.33,-0.1575,-0.03999999999999998
m5,0.31,0.37,0.33,-0.06,-0.03999999999999998
m5,0.33,0.21,0.24,0.12000000000000002,0.03
m15,0.49,0.53,0.53,-0.040000000000000036,0.0
m5,0.64,0.78,0.79,-0.14,0.010000000000000009
m5,0.79,0.78,0.79,0.010000000000000009,0.010000000000000009
m5,0.78,0.77,0.77,0.010000000000000009,0.0
m15,0.53,0.58,0.57,-0.04999999999999993,-0.010000000000000009
m15,0.5781000000000001,0.64,0.61,-0.061899999999999955,-0.030000000000000027
m15,0.62,0.75,0.74,-0.13,-0.010000000000000009
m15,0.5854,0.75,0.74,-0.16459999999999997,-0.010000000000000009
m5,0.78,0.88,0.88,-0.09999999999999998,0.0
m15,0.2738,0.28,0.29,-0.006200000000000039,0.009999999999999953
m5,0.12,0.12,0.12,0.0,0.0
m5,0.12,0.12,0.12,0.0,0.0
m15,0.24,0.14,0.14,0.09999999999999998,0.0
m15,0.72,0.87,0.87,-0.15000000000000002,0.0
m15,0.24,0.14,0.14,0.09999999999999998,0.0
m15,0.85,0.89,0.88,-0.040000000000000036,-0.010000000000000009
m5,0.05,0.04,0.04,0.010000000000000002,0.0
m15,0.12,0.12,0.12,0.0,0.0
m15,0.12,0.12,0.12,0.0,0.0
m15,0.12,0.12,0.12,0.0,0.0
m15,0.28,0.26,0.28,0.020000000000000018,0.020000000000000018
m15,0.28,0.28,0.27,0.0,-0.010000000000000009
m15,0.25,0.28,0.29,-0.030000000000000027,0.009999999999999953
m5,0.07,0.04,0.04,0.030000000000000006,0.0
m15,0.77,0.78,0.78,-0.010000000000000009,0.0
m15,0.7354,0.78,0.78,-0.04459999999999997,0.0
m15,0.23,0.18,0.19,0.05000000000000002,0.010000000000000009
m15,0.77,0.84,0.84,-0.06999999999999995,0.0
m15,0.77,0.84,0.84,-0.06999999999999995,0.0
m5,0.03,0.02,0.06,0.009999999999999998,0.039999999999999994
m15,0.79,0.85,0.86,-0.05999999999999994,0.010000000000000009
m15,0.88,0.95,0.94,-0.06999999999999995,-0.010000000000000009
m15,0.91,0.95,0.95,-0.039999999999999925,0.0
m5,0.53,0.53,0.53,0.0,0.0
m5,0.42,0.46,0.42,-0.040000000000000036,-0.040000000000000036
m5,0.43,0.4,0.4,0.02999999999999997,0.0
m5,0.28,0.27,0.31,0.010000000000000009,0.03999999999999998
m5,0.28,0.27,0.31,0.010000000000000009,0.03999999999999998
m15,0.58,0.63,0.61,-0.050000000000000044,-0.020000000000000018
m15,0.37,0.41,0.41,-0.03999999999999998,0.0
m5,0.67,0.69,0.66,-0.019999999999999907,-0.029999999999999916
m15,0.4,0.42,0.42,-0.019999999999999962,0.0
m15,0.39,0.39,0.41,0.0,0.019999999999999962
m15,0.39,0.39,0.39,0.0,0.0
h1,0.53,0.54,0.54,-0.010000000000000009,0.0
m15,0.61,0.61,0.61,0.0,0.0
m15,0.61,0.61,0.61,0.0,0.0
m15,0.61,0.61,0.61,0.0,0.0
m15,0.61,0.61,0.61,0.0,0.0
m15,0.61,0.61,0.61,0.0,0.0
h1,0.53,0.55,0.55,-0.020000000000000018,0.0
m15,0.37,0.36,0.36,0.010000000000000009,0.0
m15,0.35,0.36,0.36,-0.010000000000000009,0.0
m15,0.35,0.36,0.36,-0.010000000000000009,0.0
m15,0.35,0.36,0.36,-0.010000000000000009,0.0
m15,0.35,0.36,0.36,-0.010000000000000009,0.0
m15,0.35,0.36,0.36,-0.010000000000000009,0.0
m15,0.35,0.36,0.36,-0.010000000000000009,0.0
h1,0.49,0.49,0.5,0.0,0.010000000000000009
h1,0.47,0.48,0.48,-0.010000000000000009,0.0
h1,0.47,0.44,0.48,0.02999999999999997,0.03999999999999998
h1,0.43,0.44,0.44,-0.010000000000000009,0.0
h1,0.43,0.45,0.45,-0.020000000000000018,0.0
m5,0.01,0.01,0.01,0.0,0.0
m5,0.01,0.01,0.01,0.0,0.0
h1,0.43,0.45,0.45,-0.020000000000000018,0.0
m15,0.76,0.79,0.79,-0.030000000000000027,0.0
m15,0.77,0.7,0.79,0.07000000000000006,0.09000000000000008
m15,0.72,0.69,0.69,0.030000000000000027,0.0
m15,0.72,0.69,0.69,0.030000000000000027,0.0
m15,0.72,0.69,0.69,0.030000000000000027,0.0
m15,0.72,0.69,0.69,0.030000000000000027,0.0
m15,0.69,0.69,0.69,0.0,0.0
m15,0.72,0.69,0.69,0.030000000000000027,0.0
m15,0.72,0.69,0.69,0.030000000000000027,0.0
m5,0.01,0.01,0.01,0.0,0.0
m15,0.26,0.26,0.26,0.0,0.0
m15,0.26,0.26,0.26,0.0,0.0
m15,0.28,0.26,0.26,0.020000000000000018,0.0
m15,0.25,0.23,0.23,0.01999999999999999,0.0
m15,0.25,0.23,0.23,0.01999999999999999,0.0
m15,0.25,0.23,0.23,0.01999999999999999,0.0
m15,0.25,0.23,0.23,0.01999999999999999,0.0
m15,0.25,0.25,0.25,0.0,0.0
m15,0.23,0.25,0.25,-0.01999999999999999,0.0
m15,0.31,0.34,0.33,-0.030000000000000027,-0.010000000000000009
m15,0.31,0.32,0.33,-0.010000000000000009,0.010000000000000009
m15,0.31,0.32,0.33,-0.010000000000000009,0.010000000000000009
h1,0.5,0.55,0.55,-0.050000000000000044,0.0
h1,0.49,0.48,0.5,0.010000000000000009,0.020000000000000018
m5,0.43,0.45,0.45,-0.020000000000000018,0.0
m5,0.51,0.54,0.55,-0.030000000000000027,0.010000000000000009
m5,0.53,0.56,0.57,-0.030000000000000027,0.009999999999999898
m5,0.41,0.44,0.44,-0.030000000000000027,0.0
m5,0.43,0.44,0.43,-0.010000000000000009,-0.010000000000000009
m5,0.54,0.58,0.58,-0.039999999999999925,0.0
m5,0.6,0.65,0.64,-0.050000000000000044,-0.010000000000000009
m15,0.22,0.21,0.21,0.010000000000000009,0.0
m5,0.29,0.33,0.33,-0.040000000000000036,0.0
h1,0.41,0.43,0.43,-0.020000000000000018,0.0
h1,0.41,0.43,0.43,-0.020000000000000018,0.0
m15,0.16,0.16,0.16,0.0,0.0
h1,0.36,0.38,0.39,-0.020000000000000018,0.010000000000000009
m15,0.12,0.14,0.14,-0.020000000000000018,0.0
m15,0.12,0.14,0.14,-0.020000000000000018,0.0
m15,0.12,0.14,0.14,-0.020000000000000018,0.0
h1,0.36,0.38,0.39,-0.020000000000000018,0.010000000000000009
h1,0.36,0.38,0.39,-0.020000000000000018,0.010000000000000009
h1,0.36,0.38,0.39,-0.020000000000000018,0.010000000000000009
h1,0.36,0.38,0.39,-0.020000000000000018,0.010000000000000009
h1,0.36,0.38,0.39,-0.020000000000000018,0.010000000000000009
m15,0.12,0.14,0.14,-0.020000000000000018,0.0
m15,0.12,0.14,0.14,-0.020000000000000018,0.0
m15,0.12,0.14,0.14,-0.020000000000000018,0.0
m15,0.12,0.14,0.14,-0.020000000000000018,0.0
m15,0.12,0.14,0.14,-0.020000000000000018,0.0
m15,0.12,0.14,0.14,-0.020000000000000018,0.0
m15,0.12,0.14,0.14,-0.020000000000000018,0.0
m5,0.15,0.16,0.17,-0.010000000000000009,0.010000000000000009
m15,0.12,0.14,0.14,-0.020000000000000018,0.0
m15,0.1,0.12,0.12,-0.01999999999999999,0.0
m5,0.07,0.06,0.06,0.010000000000000009,0.0
m15,0.9,0.91,0.91,-0.010000000000000009,0.0
m15,0.9,0.91,0.91,-0.010000000000000009,0.0
m15,0.9,0.89,0.9,0.010000000000000009,0.010000000000000009
h1,0.37,0.39,0.38,-0.020000000000000018,-0.010000000000000009
m15,0.87,0.9,0.9,-0.030000000000000027,0.0
m15,0.87,0.9,0.9,-0.030000000000000027,0.0
h1,0.64,0.7,0.7,-0.05999999999999994,0.0
h1,0.65,0.69,0.7,-0.039999999999999925,0.010000000000000009
m15,0.05,0.05,0.05,0.0,0.0
h1,0.25,0.26,0.27,-0.010000000000000009,0.010000000000000009
m15,0.03,0.06,0.04,-0.03,-0.019999999999999997
m5,0.03,0.05,0.04,-0.020000000000000004,-0.010000000000000002
h1,0.3,0.33,0.32,-0.030000000000000027,-0.010000000000000009
m15,0.94,0.95,0.95,-0.010000000000000009,0.0
m15,0.94,0.95,0.95,-0.010000000000000009,0.0
h1,0.22,0.24,0.24,-0.01999999999999999,0.0
h1,0.22,0.24,0.24,-0.01999999999999999,0.0
h1,0.22,0.24,0.24,-0.01999999999999999,0.0
h1,0.22,0.23,0.23,-0.010000000000000009,0.0
h1,0.22,0.23,0.23,-0.010000000000000009,0.0
h1,0.18,0.17,0.19,0.009999999999999981,0.01999999999999999
h1,0.18,0.17,0.19,0.009999999999999981,0.01999999999999999
h1,0.18,0.21,0.2,-0.03,-0.009999999999999981
h1,0.82,0.82,0.84,0.0,0.020000000000000018
h1,0.16,0.19,0.18,-0.03,-0.010000000000000009
h1,0.17,0.19,0.18,-0.01999999999999999,-0.010000000000000009
m15,0.01,0.02,0.02,-0.01,0.0
h1,0.21,0.21,0.21,0.0,0.0
h1,0.79,0.83,0.83,-0.039999999999999925,0.0
h1,0.82,0.84,0.84,-0.020000000000000018,0.0
h1,0.82,0.84,0.84,-0.020000000000000018,0.0
h1,0.82,0.84,0.84,-0.020000000000000018,0.0
h1,0.86,0.9,0.88,-0.040000000000000036,-0.020000000000000018
h1,0.13,0.11,0.11,0.020000000000000004,0.0
h1,0.14,0.16,0.16,-0.01999999999999999,0.0
h1,0.85,0.87,0.87,-0.020000000000000018,0.0
h1,0.12,0.11,0.13,0.009999999999999995,0.020000000000000004
m5,0.47,0.45,0.49,0.019999999999999962,0.03999999999999998
m5,0.47,0.45,0.49,0.019999999999999962,0.03999999999999998
h1,0.15,0.22,0.22,-0.07,0.0
h1,0.25,0.26,0.27,-0.010000000000000009,0.010000000000000009
m15,0.01,0.02,0.02,-0.01,0.0
m5,0.18,0.18,0.2,0.0,0.020000000000000018
m5,0.16,0.14,0.14,0.01999999999999999,0.0
h1,0.27,0.29,0.27,-0.019999999999999962,-0.019999999999999962
h1,0.3,0.31,0.31,-0.010000000000000009,0.0
m15,0.945,0.95,0.95,-0.0050000000000000044,0.0
h1,0.69,0.7,0.7,-0.010000000000000009,0.0
h1,0.66,0.68,0.68,-0.020000000000000018,0.0
h1,0.61,0.62,0.62,-0.010000000000000009,0.0
h1,0.61,0.64,0.62,-0.030000000000000027,-0.020000000000000018
h1,0.61,0.62,0.62,-0.010000000000000009,0.0
m15,0.917,0.91,0.9,0.007000000000000006,-0.010000000000000009
m15,0.89,0.9,0.9,-0.010000000000000009,0.0
h1,0.57,0.58,0.58,-0.010000000000000009,0.0
h1,0.56,0.58,0.58,-0.019999999999999907,0.0
h1,0.57,0.58,0.58,-0.010000000000000009,0.0
h1,0.58,0.58,0.58,0.0,0.0
h1,0.57,0.58,0.58,-0.010000000000000009,0.0
m5,0.03,0.04,0.04,-0.010000000000000002,0.0
m15,0.021,0.06,0.05,-0.03899999999999999,-0.009999999999999995
m15,0.021,0.06,0.05,-0.03899999999999999,-0.009999999999999995
m15,0.78,0.73,0.71,0.050000000000000044,-0.020000000000000018
m15,0.78,0.73,0.71,0.050000000000000044,-0.020000000000000018
m15,0.9,0.73,0.71,0.17000000000000004,-0.020000000000000018
m15,0.9,0.73,0.71,0.17000000000000004,-0.020000000000000018
h1,0.45,0.41,0.43,0.040000000000000036,0.020000000000000018
m15,0.9,0.73,0.71,0.17000000000000004,-0.020000000000000018
h1,0.53,0.41,0.43,0.12000000000000005,0.020000000000000018
h1,0.45,0.41,0.43,0.040000000000000036,0.020000000000000018
h1,0.45,0.41,0.43,0.040000000000000036,0.020000000000000018
h1,0.45,0.41,0.43,0.040000000000000036,0.020000000000000018
m15,0.831,0.73,0.71,0.10099999999999998,-0.020000000000000018
m15,0.9,0.73,0.71,0.17000000000000004,-0.020000000000000018
m15,0.7848,0.75,0.74,0.03480000000000005,-0.010000000000000009
m15,0.7020000000000001,0.75,0.74,-0.04799999999999993,-0.010000000000000009
m15,0.71,0.75,0.74,-0.040000000000000036,-0.010000000000000009
m15,0.7126,0.75,0.74,-0.03739999999999999,-0.010000000000000009
m15,0.705,0.75,0.74,-0.04500000000000004,-0.010000000000000009
m15,0.7020000000000001,0.75,0.74,-0.04799999999999993,-0.010000000000000009
m15,0.7814,0.75,0.74,0.031399999999999983,-0.010000000000000009
h1,0.45,0.42,0.42,0.030000000000000027,0.0
h1,0.43,0.42,0.42,0.010000000000000009,0.0
h1,0.43,0.42,0.42,0.010000000000000009,0.0
h1,0.43,0.42,0.42,0.010000000000000009,0.0
h1,0.43,0.42,0.42,0.010000000000000009,0.0
h1,0.43,0.42,0.42,0.010000000000000009,0.0
m15,0.7020000000000001,0.71,0.77,-0.007999999999999896,0.06000000000000005
m15,0.7020000000000001,0.71,0.77,-0.007999999999999896,0.06000000000000005
m15,0.708,0.71,0.77,-0.0020000000000000018,0.06000000000000005
m15,0.7020000000000001,0.71,0.77,-0.007999999999999896,0.06000000000000005
h1,0.41,0.42,0.43,-0.010000000000000009,0.010000000000000009
m15,0.7020000000000001,0.71,0.77,-0.007999999999999896,0.06000000000000005
h1,0.41,0.42,0.43,-0.010000000000000009,0.010000000000000009
h1,0.41,0.42,0.43,-0.010000000000000009,0.010000000000000009
m15,0.7020000000000001,0.71,0.77,-0.007999999999999896,0.06000000000000005
m15,0.264,0.2,0.24,0.064,0.03999999999999998
m15,0.264,0.2,0.24,0.064,0.03999999999999998
m15,0.264,0.2,0.24,0.064,0.03999999999999998
m15,0.252,0.2,0.24,0.05199999999999999,0.03999999999999998
m15,0.252,0.2,0.24,0.05199999999999999,0.03999999999999998
m15,0.245,0.15,0.18,0.095,0.03
m15,0.245,0.15,0.18,0.095,0.03
m15,0.188,0.15,0.18,0.038000000000000006,0.03
m15,0.17600000000000002,0.14,0.15,0.036000000000000004,0.009999999999999981
m15,0.188,0.14,0.15,0.04799999999999999,0.009999999999999981
m15,0.188,0.14,0.15,0.04799999999999999,0.009999999999999981
m15,0.142,0.12,0.13,0.021999999999999992,0.010000000000000009
m15,0.142,0.12,0.13,0.021999999999999992,0.010000000000000009
m15,0.142,0.12,0.13,0.021999999999999992,0.010000000000000009
m15,0.1445,0.12,0.13,0.024499999999999994,0.010000000000000009
m15,0.111,0.12,0.12,-0.008999999999999994,0.0
m15,0.11199999999999999,0.11,0.12,0.001999999999999988,0.009999999999999995
m15,0.087,0.09,0.09,-0.0030000000000000027,0.0
m15,0.087,0.09,0.09,-0.0030000000000000027,0.0
m15,0.087,0.07,0.07,0.016999999999999987,0.0
m15,0.087,0.07,0.07,0.016999999999999987,0.0
m5,0.01,0.01,0.01,0.0,0.0
m15,0.057,0.05,0.06,0.006999999999999999,0.009999999999999995
m15,0.027000000000000003,0.02,0.02,0.007000000000000003,0.0
m15,0.027000000000000003,0.02,0.02,0.007000000000000003,0.0
m15,0.027000000000000003,0.02,0.02,0.007000000000000003,0.0
m15,0.019,0.03,0.03,-0.011,0.0
m15,0.019,0.03,0.03,-0.011,0.0
m15,0.019,0.02,0.02,-0.0010000000000000009,0.0
m15,0.019,0.02,0.02,-0.0010000000000000009,0.0
m15,0.019,0.02,0.02,-0.0010000000000000009,0.0
m15,0.017,0.02,0.02,-0.002999999999999999,0.0
m15,0.017,0.02,0.02,-0.002999999999999999,0.0
m15,0.017,0.02,0.02,-0.002999999999999999,0.0
m15,0.017,0.02,0.02,-0.002999999999999999,0.0
m15,0.017,0.02,0.02,-0.002999999999999999,0.0
m15,0.017,0.02,0.02,-0.002999999999999999,0.0
m15,0.017,0.02,0.02,-0.002999999999999999,0.0
m15,0.017,0.02,0.02,-0.002999999999999999,0.0
m15,0.018000000000000002,0.02,0.02,-0.0019999999999999983,0.0
m15,0.018000000000000002,0.02,0.02,-0.0019999999999999983,0.0
m15,0.016,0.02,0.02,-0.004,0.0
m15,0.018000000000000002,0.02,0.02,-0.0019999999999999983,0.0
h1,0.4,0.41,0.41,-0.009999999999999953,0.0
h1,0.38,0.39,0.39,-0.010000000000000009,0.0
m5,0.01,0.02,0.01,-0.01,-0.01
h1,0.3,0.29,0.29,0.010000000000000009,0.0
h1,0.265,0.28,0.28,-0.015000000000000013,0.0
h1,0.31,0.32,0.32,-0.010000000000000009,0.0
m15,0.38,0.42,0.38,-0.03999999999999998,-0.03999999999999998
m15,0.38,0.42,0.38,-0.03999999999999998,-0.03999999999999998
m5,0.25,0.3,0.23,-0.04999999999999999,-0.06999999999999998
m15,0.38,0.42,0.38,-0.03999999999999998,-0.03999999999999998
m15,0.55,0.58,0.58,-0.029999999999999916,0.0
h1,0.3,0.31,0.31,-0.010000000000000009,0.0
m15,0.44,0.47,0.45,-0.02999999999999997,-0.019999999999999962
m15,0.44,0.53,0.47,-0.09000000000000002,-0.06000000000000005
m5,0.47729999999999995,0.48,0.47,-0.0027000000000000357,-0.010000000000000009
h1,0.62,0.63,0.63,-0.010000000000000009,0.0
m5,0.53,0.55,0.55,-0.020000000000000018,0.0
m5,0.48,0.55,0.55,-0.07000000000000006,0.0
h1,0.62,0.67,0.63,-0.050000000000000044,-0.040000000000000036
m5,0.4,0.41,0.4,-0.009999999999999953,-0.009999999999999953
m5,0.5475,0.52,0.52,0.02749999999999997,0.0
m15,0.43,0.45,0.44,-0.020000000000000018,-0.010000000000000009
m15,0.43,0.45,0.44,-0.020000000000000018,-0.010000000000000009
m15,0.54,0.55,0.55,-0.010000000000000009,0.0
m15,0.54,0.51,0.53,0.030000000000000027,0.020000000000000018
m5,0.45,0.38,0.42,0.07,0.03999999999999998
m5,0.38,0.41,0.39,-0.02999999999999997,-0.019999999999999962
m5,0.61,0.63,0.63,-0.020000000000000018,0.0
m5,0.37,0.43,0.39,-0.06,-0.03999999999999998
m5,0.5865,0.62,0.63,-0.033499999999999974,0.010000000000000009
m5,0.38,0.42,0.39,-0.03999999999999998,-0.02999999999999997
m5,0.62,0.64,0.62,-0.020000000000000018,-0.020000000000000018
h1,0.76,0.75,0.77,0.010000000000000009,0.020000000000000018
m5,0.2291,0.24,0.23,-0.010899999999999993,-0.009999999999999981
m5,0.23,0.25,0.25,-0.01999999999999999,0.0
m5,0.26,0.32,0.32,-0.06,0.0
m5,0.5401,0.61,0.59,-0.06989999999999996,-0.020000000000000018
h1,0.42,0.64,0.62,-0.22000000000000003,-0.020000000000000018
m15,0.32,0.15,0.24,0.17,0.09
m15,0.24,0.15,0.15,0.09,0.0
m15,0.24,0.15,0.15,0.09,0.0
m15,0.24,0.15,0.15,0.09,0.0
m15,0.24,0.15,0.15,0.09,0.0
m15,0.24,0.15,0.15,0.09,0.0
h1,0.64,0.79,0.79,-0.15000000000000002,0.0
h1,0.23,0.17,0.2,0.06,0.03
m5,0.01,0.01,0.01,0.0,0.0
h1,0.25,0.17,0.2,0.07999999999999999,0.03
h1,0.24,0.17,0.2,0.06999999999999998,0.03
h1,0.23,0.17,0.2,0.06,0.03
m15,0.15,0.19,0.17,-0.04000000000000001,-0.01999999999999999
m15,0.14,0.19,0.17,-0.04999999999999999,-0.01999999999999999
m15,0.14,0.19,0.17,-0.04999999999999999,-0.01999999999999999
h1,0.22690000000000002,0.17,0.2,0.056900000000000006,0.03
h1,0.25,0.15,0.16,0.1,0.010000000000000009
h1,0.25,0.15,0.16,0.1,0.010000000000000009
h1,0.25,0.15,0.16,0.1,0.010000000000000009
h1,0.26,0.15,0.16,0.11000000000000001,0.010000000000000009
h1,0.2593,0.15,0.16,0.10929999999999998,0.010000000000000009
h1,0.25,0.15,0.16,0.1,0.010000000000000009
h1,0.25,0.15,0.16,0.1,0.010000000000000009
m15,0.83,0.83,0.8,0.0,-0.029999999999999916
m15,0.85,0.83,0.8,0.020000000000000018,-0.029999999999999916
m15,0.81,0.83,0.8,-0.019999999999999907,-0.029999999999999916
m15,0.83,0.83,0.8,0.0,-0.029999999999999916
m15,0.82,0.83,0.8,-0.010000000000000009,-0.029999999999999916
m15,0.81,0.83,0.8,-0.019999999999999907,-0.029999999999999916
h1,0.25,0.15,0.16,0.1,0.010000000000000009
h1,0.15,0.14,0.14,0.009999999999999981,0.0
m15,0.85,0.81,0.82,0.039999999999999925,0.009999999999999898
m15,0.85,0.81,0.82,0.039999999999999925,0.009999999999999898
m15,0.85,0.81,0.82,0.039999999999999925,0.009999999999999898
m15,0.85,0.81,0.82,0.039999999999999925,0.009999999999999898
m15,0.85,0.81,0.82,0.039999999999999925,0.009999999999999898
m15,0.85,0.81,0.82,0.039999999999999925,0.009999999999999898
m15,0.79,0.81,0.82,-0.020000000000000018,0.009999999999999898
m15,0.79,0.81,0.82,-0.020000000000000018,0.009999999999999898
m15,0.79,0.81,0.82,-0.020000000000000018,0.009999999999999898
h1,0.14,0.14,0.14,0.0,0.0
m15,0.83,0.81,0.82,0.019999999999999907,0.009999999999999898
m15,0.85,0.81,0.82,0.039999999999999925,0.009999999999999898
h1,0.76,0.79,0.81,-0.030000000000000027,0.020000000000000018
h1,0.76,0.79,0.81,-0.030000000000000027,0.020000000000000018
h1,0.76,0.79,0.81,-0.030000000000000027,0.020000000000000018
h1,0.76,0.79,0.81,-0.030000000000000027,0.020000000000000018
h1,0.76,0.79,0.81,-0.030000000000000027,0.020000000000000018
h1,0.76,0.79,0.81,-0.030000000000000027,0.020000000000000018
h1,0.77,0.79,0.81,-0.020000000000000018,0.020000000000000018
h1,0.76,0.79,0.81,-0.030000000000000027,0.020000000000000018
h1,0.2,0.24,0.23,-0.03999999999999998,-0.009999999999999981
m15,0.13,0.26,0.26,-0.13,0.0
m15,0.24,0.26,0.26,-0.020000000000000018,0.0
h1,0.16,0.24,0.23,-0.07999999999999999,-0.009999999999999981
h1,0.76,0.78,0.78,-0.020000000000000018,0.0
h1,0.76,0.78,0.78,-0.020000000000000018,0.0
h1,0.76,0.78,0.78,-0.020000000000000018,0.0
m15,0.85,0.73,0.74,0.12,0.010000000000000009
m15,0.25,0.28,0.28,-0.030000000000000027,0.0
h1,0.22,0.26,0.26,-0.04000000000000001,0.0
m15,0.85,0.73,0.74,0.12,0.010000000000000009
m15,0.85,0.73,0.74,0.12,0.010000000000000009
m15,0.85,0.73,0.74,0.12,0.010000000000000009
m15,0.85,0.73,0.74,0.12,0.010000000000000009
m15,0.85,0.73,0.74,0.12,0.010000000000000009
m15,0.85,0.73,0.74,0.12,0.010000000000000009
m15,0.85,0.73,0.74,0.12,0.010000000000000009
m15,0.83,0.73,0.74,0.09999999999999998,0.010000000000000009
m15,0.85,0.73,0.74,0.12,0.010000000000000009
m15,0.85,0.73,0.74,0.12,0.010000000000000009
m15,0.85,0.73,0.74,0.12,0.010000000000000009
m15,0.83,0.73,0.74,0.09999999999999998,0.010000000000000009
m15,0.85,0.73,0.74,0.12,0.010000000000000009
m15,0.25,0.28,0.28,-0.030000000000000027,0.0
m15,0.84,0.73,0.74,0.10999999999999999,0.010000000000000009
m15,0.84,0.73,0.74,0.10999999999999999,0.010000000000000009
m15,0.84,0.73,0.74,0.10999999999999999,0.010000000000000009
m15,0.25,0.28,0.28,-0.030000000000000027,0.0
m15,0.85,0.73,0.74,0.12,0.010000000000000009
m15,0.85,0.73,0.74,0.12,0.010000000000000009
m15,0.85,0.73,0.74,0.12,0.010000000000000009
m15,0.85,0.73,0.74,0.12,0.010000000000000009
m15,0.84,0.73,0.74,0.10999999999999999,0.010000000000000009
h1,0.23,0.22,0.22,0.010000000000000009,0.0
h1,0.22,0.22,0.22,0.0,0.0
m15,0.82,0.82,0.79,0.0,-0.029999999999999916
m15,0.82,0.82,0.79,0.0,-0.029999999999999916
m15,0.83,0.82,0.79,0.010000000000000009,-0.029999999999999916
m15,0.82,0.82,0.79,0.0,-0.029999999999999916
m15,0.84,0.82,0.79,0.020000000000000018,-0.029999999999999916
m15,0.25,0.19,0.22,0.06,0.03
m15,0.26,0.19,0.22,0.07,0.03
m15,0.82,0.82,0.79,0.0,-0.029999999999999916
m15,0.25,0.19,0.22,0.06,0.03
m15,0.82,0.82,0.79,0.0,-0.029999999999999916
h1,0.13,0.21,0.22,-0.07999999999999999,0.010000000000000009
h1,0.13,0.21,0.22,-0.07999999999999999,0.010000000000000009
h1,0.74,0.8,0.79,-0.06000000000000005,-0.010000000000000009
h1,0.13,0.21,0.22,-0.07999999999999999,0.010000000000000009
h1,0.13,0.21,0.22,-0.07999999999999999,0.010000000000000009
h1,0.13,0.21,0.22,-0.07999999999999999,0.010000000000000009
h1,0.13,0.21,0.22,-0.07999999999999999,0.010000000000000009
m15,0.21,0.18,0.2,0.03,0.020000000000000018
m15,0.21,0.18,0.2,0.03,0.020000000000000018
m15,0.21,0.18,0.2,0.03,0.020000000000000018
m15,0.21,0.18,0.2,0.03,0.020000000000000018
m15,0.2,0.18,0.2,0.020000000000000018,0.020000000000000018
m15,0.2,0.18,0.2,0.020000000000000018,0.020000000000000018
h1,0.13,0.2,0.21,-0.07,0.009999999999999981
h1,0.14,0.2,0.21,-0.06,0.009999999999999981
h1,0.13,0.2,0.21,-0.07,0.009999999999999981
h1,0.13,0.2,0.21,-0.07,0.009999999999999981
h1,0.13,0.2,0.21,-0.07,0.009999999999999981
h1,0.13,0.2,0.21,-0.07,0.009999999999999981
h1,0.13,0.2,0.21,-0.07,0.009999999999999981
h1,0.13,0.2,0.21,-0.07,0.009999999999999981
h1,0.13,0.2,0.21,-0.07,0.009999999999999981
h1,0.84,0.81,0.8,0.029999999999999916,-0.010000000000000009
h1,0.84,0.81,0.8,0.029999999999999916,-0.010000000000000009
h1,0.13,0.2,0.21,-0.07,0.009999999999999981
h1,0.13,0.2,0.21,-0.07,0.009999999999999981
m15,0.18,0.17,0.18,0.009999999999999981,0.009999999999999981
m15,0.18,0.17,0.18,0.009999999999999981,0.009999999999999981
m15,0.18,0.17,0.18,0.009999999999999981,0.009999999999999981
m15,0.18,0.17,0.18,0.009999999999999981,0.009999999999999981
m15,0.18,0.17,0.18,0.009999999999999981,0.009999999999999981
m15,0.18,0.17,0.18,0.009999999999999981,0.009999999999999981
m15,0.18,0.17,0.18,0.009999999999999981,0.009999999999999981
m15,0.18,0.17,0.18,0.009999999999999981,0.009999999999999981
m15,0.18,0.17,0.18,0.009999999999999981,0.009999999999999981
m15,0.18,0.17,0.18,0.009999999999999981,0.009999999999999981
m15,0.18,0.17,0.18,0.009999999999999981,0.009999999999999981
m15,0.18,0.17,0.18,0.009999999999999981,0.009999999999999981
m15,0.19,0.17,0.18,0.01999999999999999,0.009999999999999981
m15,0.23,0.16,0.17,0.07,0.010000000000000009
m15,0.22,0.16,0.17,0.06,0.010000000000000009
m15,0.22,0.16,0.17,0.06,0.010000000000000009
m15,0.22,0.16,0.17,0.06,0.010000000000000009
m15,0.24,0.16,0.17,0.07999999999999999,0.010000000000000009
m15,0.22,0.16,0.17,0.06,0.010000000000000009
h1,0.16,0.17,0.2,-0.010000000000000009,0.03
m15,0.22,0.16,0.17,0.06,0.010000000000000009
h1,0.79,0.84,0.81,-0.04999999999999993,-0.029999999999999916
h1,0.79,0.84,0.81,-0.04999999999999993,-0.029999999999999916
h1,0.79,0.84,0.81,-0.04999999999999993,-0.029999999999999916
h1,0.15,0.17,0.2,-0.020000000000000018,0.03
h1,0.14,0.17,0.2,-0.03,0.03
h1,0.14,0.17,0.2,-0.03,0.03
h1,0.16,0.17,0.2,-0.010000000000000009,0.03
h1,0.16,0.17,0.2,-0.010000000000000009,0.03
h1,0.16,0.17,0.2,-0.010000000000000009,0.03
h1,0.79,0.84,0.81,-0.04999999999999993,-0.029999999999999916
m15,0.83,0.87,0.86,-0.040000000000000036,-0.010000000000000009
h1,0.22,0.16,0.16,0.06,0.0
h1,0.23,0.16,0.16,0.07,0.0
h1,0.22,0.16,0.16,0.06,0.0
h1,0.8,0.85,0.85,-0.04999999999999993,0.0
h1,0.79,0.85,0.85,-0.05999999999999994,0.0
h1,0.79,0.85,0.85,-0.05999999999999994,0.0
h1,0.8,0.85,0.85,-0.04999999999999993,0.0
h1,0.8,0.85,0.85,-0.04999999999999993,0.0
h1,0.8,0.85,0.85,-0.04999999999999993,0.0
h1,0.8,0.85,0.85,-0.04999999999999993,0.0
h1,0.8,0.85,0.85,-0.04999999999999993,0.0
m15,0.24,0.14,0.15,0.09999999999999998,0.009999999999999981
m15,0.25,0.14,0.15,0.10999999999999999,0.009999999999999981
m15,0.25,0.14,0.15,0.10999999999999999,0.009999999999999981
m15,0.25,0.14,0.15,0.10999999999999999,0.009999999999999981
m15,0.24,0.14,0.15,0.09999999999999998,0.009999999999999981
m15,0.26,0.14,0.15,0.12,0.009999999999999981
m15,0.25,0.14,0.15,0.10999999999999999,0.009999999999999981
m15,0.25,0.14,0.15,0.10999999999999999,0.009999999999999981
m15,0.25,0.14,0.15,0.10999999999999999,0.009999999999999981
m15,0.25,0.14,0.15,0.10999999999999999,0.009999999999999981
m15,0.25,0.14,0.15,0.10999999999999999,0.009999999999999981
m15,0.26,0.14,0.15,0.12,0.009999999999999981
m15,0.25,0.14,0.15,0.10999999999999999,0.009999999999999981
m15,0.25,0.14,0.15,0.10999999999999999,0.009999999999999981
m15,0.25,0.14,0.15,0.10999999999999999,0.009999999999999981
m15,0.25,0.14,0.15,0.10999999999999999,0.009999999999999981
m15,0.26,0.16,0.15,0.1,-0.010000000000000009
h1,0.22,0.16,0.16,0.06,0.0
m15,0.84,0.85,0.86,-0.010000000000000009,0.010000000000000009
m15,0.25,0.16,0.15,0.09,-0.010000000000000009
m15,0.25,0.16,0.15,0.09,-0.010000000000000009
m15,0.84,0.85,0.86,-0.010000000000000009,0.010000000000000009
m15,0.25,0.16,0.15,0.09,-0.010000000000000009
m15,0.25,0.16,0.15,0.09,-0.010000000000000009
m15,0.26,0.16,0.15,0.1,-0.010000000000000009
m15,0.26,0.16,0.15,0.1,-0.010000000000000009
m15,0.26,0.16,0.15,0.1,-0.010000000000000009
m15,0.25,0.16,0.15,0.09,-0.010000000000000009
m15,0.25,0.16,0.15,0.09,-0.010000000000000009
m15,0.2,0.16,0.15,0.04000000000000001,-0.010000000000000009
m15,0.25,0.16,0.15,0.09,-0.010000000000000009
m15,0.2673,0.16,0.15,0.10729999999999998,-0.010000000000000009
h1,0.23,0.16,0.16,0.07,0.0
h1,0.22,0.16,0.16,0.06,0.0
h1,0.22,0.16,0.16,0.06,0.0
h1,0.22,0.16,0.16,0.06,0.0
h1,0.25,0.16,0.16,0.09,0.0
m15,0.85,0.85,0.85,0.0,0.0
m15,0.85,0.85,0.85,0.0,0.0
m15,0.85,0.85,0.85,0.0,0.0
m15,0.85,0.85,0.85,0.0,0.0
h1,0.24,0.17,0.17,0.06999999999999998,0.0
h1,0.25,0.17,0.17,0.07999999999999999,0.0
h1,0.24,0.17,0.17,0.06999999999999998,0.0
m15,0.85,0.86,0.87,-0.010000000000000009,0.010000000000000009
m15,0.86,0.87,0.87,-0.010000000000000009,0.0
m15,0.86,0.87,0.87,-0.010000000000000009,0.0
m15,0.86,0.87,0.87,-0.010000000000000009,0.0
m15,0.85,0.87,0.87,-0.020000000000000018,0.0
m15,0.85,0.87,0.87,-0.020000000000000018,0.0
m15,0.85,0.87,0.87,-0.020000000000000018,0.0
m15,0.85,0.87,0.87,-0.020000000000000018,0.0
m15,0.85,0.87,0.87,-0.020000000000000018,0.0
m15,0.85,0.87,0.87,-0.020000000000000018,0.0
m15,0.85,0.87,0.87,-0.020000000000000018,0.0
m15,0.85,0.87,0.87,-0.020000000000000018,0.0
m15,0.86,0.86,0.87,0.0,0.010000000000000009
m15,0.86,0.86,0.87,0.0,0.010000000000000009
m15,0.86,0.86,0.87,0.0,0.010000000000000009
m15,0.86,0.86,0.87,0.0,0.010000000000000009
m15,0.86,0.86,0.87,0.0,0.010000000000000009
m15,0.86,0.86,0.87,0.0,0.010000000000000009
m15,0.86,0.86,0.86,0.0,0.0
h1,0.86,0.89,0.89,-0.030000000000000027,0.0
h1,0.86,0.89,0.89,-0.030000000000000027,0.0
h1,0.12,0.13,0.13,-0.010000000000000009,0.0
m15,0.12,0.12,0.15,0.0,0.03
m15,0.86,0.89,0.87,-0.030000000000000027,-0.020000000000000018
h1,0.89,0.92,0.91,-0.030000000000000027,-0.010000000000000009
h1,0.89,0.92,0.91,-0.030000000000000027,-0.010000000000000009
h1,0.89,0.92,0.91,-0.030000000000000027,-0.010000000000000009
h1,0.89,0.92,0.91,-0.030000000000000027,-0.010000000000000009
h1,0.89,0.92,0.91,-0.030000000000000027,-0.010000000000000009
h1,0.94,0.95,0.96,-0.010000000000000009,0.010000000000000009
h1,0.94,0.95,0.95,-0.010000000000000009,0.0
h1,0.94,0.95,0.95,-0.010000000000000009,0.0
h1,0.94,0.95,0.95,-0.010000000000000009,0.0
h1,0.06,0.07,0.07,-0.010000000000000009,0.0
m15,0.92,0.93,0.93,-0.010000000000000009,0.0
m15,0.92,0.93,0.93,-0.010000000000000009,0.0
m15,0.92,0.93,0.93,-0.010000000000000009,0.0
m15,0.92,0.93,0.93,-0.010000000000000009,0.0
m15,0.92,0.93,0.93,-0.010000000000000009,0.0
m15,0.92,0.93,0.93,-0.010000000000000009,0.0
m15,0.92,0.93,0.93,-0.010000000000000009,0.0
h1,0.06,0.07,0.07,-0.010000000000000009,0.0
h1,0.05,0.07,0.07,-0.020000000000000004,0.0
h1,0.05,0.07,0.07,-0.020000000000000004,0.0
h1,0.05,0.07,0.07,-0.020000000000000004,0.0
h1,0.05,0.07,0.07,-0.020000000000000004,0.0
h1,0.05,0.07,0.06,-0.020000000000000004,-0.010000000000000009
m15,0.07,0.09,0.09,-0.01999999999999999,0.0
h1,0.05,0.07,0.06,-0.020000000000000004,-0.010000000000000009
h1,0.05,0.07,0.06,-0.020000000000000004,-0.010000000000000009
h1,0.05,0.07,0.06,-0.020000000000000004,-0.010000000000000009
h1,0.05,0.07,0.06,-0.020000000000000004,-0.010000000000000009
h1,0.05,0.07,0.06,-0.020000000000000004,-0.010000000000000009
h1,0.05,0.07,0.06,-0.020000000000000004,-0.010000000000000009
h1,0.05,0.07,0.06,-0.020000000000000004,-0.010000000000000009
h1,0.06,0.07,0.06,-0.010000000000000009,-0.010000000000000009
h1,0.06,0.07,0.06,-0.010000000000000009,-0.010000000000000009
h1,0.05,0.07,0.06,-0.020000000000000004,-0.010000000000000009
h1,0.06,0.07,0.06,-0.010000000000000009,-0.010000000000000009
h1,0.06,0.07,0.06,-0.010000000000000009,-0.010000000000000009
h1,0.05,0.07,0.06,-0.020000000000000004,-0.010000000000000009
h1,0.06,0.07,0.06,-0.010000000000000009,-0.010000000000000009
h1,0.05,0.07,0.06,-0.020000000000000004,-0.010000000000000009
h1,0.05,0.07,0.06,-0.020000000000000004,-0.010000000000000009
h1,0.05,0.08,0.07,-0.03,-0.009999999999999995
h1,0.05,0.08,0.07,-0.03,-0.009999999999999995
h1,0.05,0.08,0.07,-0.03,-0.009999999999999995
h1,0.05,0.08,0.07,-0.03,-0.009999999999999995
h1,0.05,0.08,0.07,-0.03,-0.009999999999999995
h1,0.05,0.08,0.07,-0.03,-0.009999999999999995
h1,0.05,0.08,0.07,-0.03,-0.009999999999999995
h1,0.05,0.08,0.07,-0.03,-0.009999999999999995
h1,0.05,0.08,0.07,-0.03,-0.009999999999999995
h1,0.05,0.08,0.07,-0.03,-0.009999999999999995
h1,0.05,0.08,0.07,-0.03,-0.009999999999999995
h1,0.05,0.08,0.07,-0.03,-0.009999999999999995
h1,0.05,0.08,0.07,-0.03,-0.009999999999999995
h1,0.05,0.08,0.07,-0.03,-0.009999999999999995
h1,0.05,0.08,0.07,-0.03,-0.009999999999999995
h1,0.05,0.08,0.07,-0.03,-0.009999999999999995
h1,0.05,0.08,0.07,-0.03,-0.009999999999999995
h1,0.05,0.08,0.07,-0.03,-0.009999999999999995
h1,0.05,0.08,0.07,-0.03,-0.009999999999999995
h1,0.05,0.08,0.07,-0.03,-0.009999999999999995
h1,0.05,0.08,0.07,-0.03,-0.009999999999999995
h1,0.05,0.08,0.07,-0.03,-0.009999999999999995
h1,0.05,0.08,0.07,-0.03,-0.009999999999999995
h1,0.05,0.08,0.07,-0.03,-0.009999999999999995
h1,0.05,0.08,0.07,-0.03,-0.009999999999999995
h1,0.05,0.08,0.07,-0.03,-0.009999999999999995
h1,0.05,0.08,0.07,-0.03,-0.009999999999999995
h1,0.05,0.08,0.07,-0.03,-0.009999999999999995
h1,0.05,0.08,0.07,-0.03,-0.009999999999999995
m5,0.41,0.41,0.41,0.0,0.0
h1,0.07,0.08,0.07,-0.009999999999999995,-0.009999999999999995
h1,0.07,0.08,0.07,-0.009999999999999995,-0.009999999999999995
h1,0.07,0.08,0.07,-0.009999999999999995,-0.009999999999999995
h1,0.07,0.08,0.07,-0.009999999999999995,-0.009999999999999995
h1,0.07,0.08,0.07,-0.009999999999999995,-0.009999999999999995
h1,0.07,0.08,0.07,-0.009999999999999995,-0.009999999999999995
h1,0.05,0.06,0.08,-0.009999999999999995,0.020000000000000004
h1,0.05,0.06,0.08,-0.009999999999999995,0.020000000000000004
h1,0.06,0.06,0.08,0.0,0.020000000000000004
m5,0.56,0.53,0.53,0.030000000000000027,0.0
m15,0.91,0.91,0.92,0.0,0.010000000000000009
h1,0.05,0.07,0.07,-0.020000000000000004,0.0
m15,0.91,0.91,0.92,0.0,0.010000000000000009
m15,0.91,0.91,0.92,0.0,0.010000000000000009
m15,0.91,0.91,0.92,0.0,0.010000000000000009
m15,0.91,0.91,0.92,0.0,0.010000000000000009
h1,0.05,0.07,0.07,-0.020000000000000004,0.0
m5,0.52,0.54,0.58,-0.020000000000000018,0.039999999999999925
m15,0.91,0.93,0.92,-0.020000000000000018,-0.010000000000000009
m5,0.41,0.48,0.43,-0.07,-0.04999999999999999
h1,0.07,0.06,0.06,0.010000000000000009,0.0
h1,0.07,0.06,0.06,0.010000000000000009,0.0
h1,0.07,0.06,0.06,0.010000000000000009,0.0
h1,0.07,0.06,0.06,0.010000000000000009,0.0
h1,0.07,0.06,0.06,0.010000000000000009,0.0
h1,0.07,0.06,0.06,0.010000000000000009,0.0
m5,0.44,0.47,0.48,-0.02999999999999997,0.010000000000000009
h1,0.07,0.06,0.06,0.010000000000000009,0.0
m15,0.91,0.92,0.91,-0.010000000000000009,-0.010000000000000009
m15,0.91,0.92,0.91,-0.010000000000000009,-0.010000000000000009
m15,0.07,0.08,0.08,-0.009999999999999995,0.0
m15,0.07,0.08,0.08,-0.009999999999999995,0.0
m15,0.07,0.08,0.08,-0.009999999999999995,0.0
m15,0.07,0.08,0.08,-0.009999999999999995,0.0
m15,0.07,0.09,0.08,-0.01999999999999999,-0.009999999999999995
m15,0.07,0.09,0.08,-0.01999999999999999,-0.009999999999999995
m15,0.07,0.09,0.08,-0.01999999999999999,-0.009999999999999995
m5,0.53,0.51,0.5,0.020000000000000018,-0.010000000000000009
m15,0.07,0.09,0.08,-0.01999999999999999,-0.009999999999999995
m15,0.92,0.93,0.93,-0.010000000000000009,0.0
m15,0.92,0.93,0.93,-0.010000000000000009,0.0
m15,0.92,0.93,0.93,-0.010000000000000009,0.0
m15,0.92,0.93,0.93,-0.010000000000000009,0.0
m5,0.58,0.7,0.71,-0.12,0.010000000000000009
m5,0.3,0.34,0.33,-0.040000000000000036,-0.010000000000000009
m15,0.89,0.9,0.91,-0.010000000000000009,0.010000000000000009
h1,0.07,0.09,0.09,-0.01999999999999999,0.0
h1,0.07,0.09,0.09,-0.01999999999999999,0.0
m15,0.89,0.9,0.91,-0.010000000000000009,0.010000000000000009
h1,0.07,0.09,0.09,-0.01999999999999999,0.0
m15,0.89,0.9,0.91,-0.010000000000000009,0.010000000000000009
m15,0.89,0.9,0.91,-0.010000000000000009,0.010000000000000009
h1,0.09,0.09,0.09,0.0,0.0
h1,0.08,0.09,0.09,-0.009999999999999995,0.0
h1,0.08,0.09,0.09,-0.009999999999999995,0.0
h1,0.08,0.09,0.09,-0.009999999999999995,0.0
h1,0.08,0.09,0.09,-0.009999999999999995,0.0
h1,0.08,0.09,0.09,-0.009999999999999995,0.0
h1,0.08,0.09,0.09,-0.009999999999999995,0.0
h1,0.08,0.08,0.08,0.0,0.0
h1,0.08,0.08,0.08,0.0,0.0
h1,0.08,0.08,0.08,0.0,0.0
h1,0.08,0.09,0.08,-0.009999999999999995,-0.009999999999999995
h1,0.08,0.09,0.08,-0.009999999999999995,-0.009999999999999995
h1,0.08,0.09,0.08,-0.009999999999999995,-0.009999999999999995
h1,0.08,0.09,0.08,-0.009999999999999995,-0.009999999999999995
h1,0.08,0.09,0.08,-0.009999999999999995,-0.009999999999999995
h1,0.08,0.09,0.08,-0.009999999999999995,-0.009999999999999995
h1,0.08,0.09,0.09,-0.009999999999999995,0.0
h1,0.08,0.09,0.09,-0.009999999999999995,0.0
h1,0.08,0.09,0.09,-0.009999999999999995,0.0
h1,0.08,0.09,0.09,-0.009999999999999995,0.0
m5,0.17,0.18,0.2,-0.009999999999999981,0.020000000000000018
h1,0.08,0.09,0.09,-0.009999999999999995,0.0
h1,0.08,0.09,0.09,-0.009999999999999995,0.0
h1,0.08,0.09,0.09,-0.009999999999999995,0.0
h1,0.08,0.09,0.09,-0.009999999999999995,0.0
h1,0.08,0.09,0.09,-0.009999999999999995,0.0
h1,0.08,0.09,0.09,-0.009999999999999995,0.0
h1,0.08,0.09,0.09,-0.009999999999999995,0.0
h1,0.08,0.09,0.09,-0.009999999999999995,0.0
m15,0.11,0.13,0.13,-0.020000000000000004,0.0
h1,0.08,0.09,0.09,-0.009999999999999995,0.0
h1,0.08,0.09,0.09,-0.009999999999999995,0.0
m15,0.11,0.13,0.13,-0.020000000000000004,0.0
m15,0.87,0.88,0.88,-0.010000000000000009,0.0
h1,0.08,0.09,0.09,-0.009999999999999995,0.0
h1,0.08,0.09,0.09,-0.009999999999999995,0.0
h1,0.08,0.09,0.09,-0.009999999999999995,0.0
h1,0.08,0.1,0.1,-0.020000000000000004,0.0
h1,0.08,0.1,0.1,-0.020000000000000004,0.0
h1,0.08,0.1,0.1,-0.020000000000000004,0.0
m15,0.87,0.89,0.89,-0.020000000000000018,0.0
h1,0.91,0.92,0.92,-0.010000000000000009,0.0
h1,0.91,0.92,0.92,-0.010000000000000009,0.0
m15,0.89,0.91,0.91,-0.020000000000000018,0.0
m15,0.89,0.91,0.91,-0.020000000000000018,0.0
h1,0.1,0.1,0.1,0.0,0.0
h1,0.11,0.1,0.1,0.009999999999999995,0.0
m15,0.09,0.09,0.09,0.0,0.0
h1,0.08,0.09,0.09,-0.009999999999999995,0.0
h1,0.08,0.08,0.09,0.0,0.009999999999999995
m5,0.04,0.09,0.09,-0.049999999999999996,0.0
m15,0.92,0.92,0.93,0.0,0.010000000000000009
h1,0.07,0.11,0.08,-0.039999999999999994,-0.03
h1,0.07,0.12,0.11,-0.04999999999999999,-0.009999999999999995
h1,0.1,0.12,0.12,-0.01999999999999999,0.0
h1,0.89,0.91,0.91,-0.020000000000000018,0.0
h1,0.89,0.91,0.91,-0.020000000000000018,0.0
h1,0.88,0.89,0.89,-0.010000000000000009,0.0
h1,0.88,0.89,0.89,-0.010000000000000009,0.0
h1,0.88,0.89,0.89,-0.010000000000000009,0.0
m15,0.09,0.1,0.1,-0.010000000000000009,0.0
m15,0.09,0.1,0.1,-0.010000000000000009,0.0
m15,0.09,0.1,0.1,-0.010000000000000009,0.0
m15,0.08,0.09,0.08,-0.009999999999999995,-0.009999999999999995
m15,0.08,0.09,0.08,-0.009999999999999995,-0.009999999999999995
m15,0.08,0.08,0.08,0.0,0.0
h1,0.93,0.94,0.94,-0.009999999999999898,0.0
h1,0.93,0.96,0.95,-0.029999999999999916,-0.010000000000000009
h1,0.94,0.96,0.96,-0.020000000000000018,0.0
h1,0.05,0.05,0.05,0.0,0.0
m5,0.01,0.01,0.01,0.0,0.0
h1,0.96,0.96,0.96,0.0,0.0
h1,0.96,0.96,0.96,0.0,0.0
h1,0.96,0.96,0.96,0.0,0.0
h1,0.96,0.96,0.96,0.0,0.0
h1,0.96,0.96,0.96,0.0,0.0
h1,0.95,0.96,0.96,-0.010000000000000009,0.0
h1,0.95,0.96,0.96,-0.010000000000000009,0.0
h1,0.95,0.96,0.96,-0.010000000000000009,0.0
h1,0.97,0.97,0.97,0.0,0.0
m15,0.02,0.03,0.03,-0.009999999999999998,0.0
h1,0.97,0.98,0.98,-0.010000000000000009,0.0
h1,0.97,0.98,0.98,-0.010000000000000009,0.0
h1,0.98,0.99,0.99,-0.010000000000000009,0.0
h1,0.98,0.99,0.99,-0.010000000000000009,0.0
h1,0.98,0.99,0.99,-0.010000000000000009,0.0
h1,0.98,0.99,0.99,-0.010000000000000009,0.0
h1,0.98,0.99,0.99,-0.010000000000000009,0.0
h1,0.98,0.99,0.99,-0.010000000000000009,0.0
m5,0.4,0.44,0.45,-0.03999999999999998,0.010000000000000009
m5,0.42,0.34,0.4,0.07999999999999996,0.06
m5,0.77,0.82,0.81,-0.04999999999999993,-0.009999999999999898
m5,0.04,0.03,0.03,0.010000000000000002,0.0
m5,0.02,0.02,0.02,0.0,0.0
m5,0.02,0.02,0.02,0.0,0.0
h1,0.46,0.46,0.46,0.0,0.0
h1,0.46,0.46,0.46,0.0,0.0
h1,0.46,0.46,0.46,0.0,0.0
m5,0.5,0.53,0.5,-0.030000000000000027,-0.030000000000000027
h1,0.46,0.47,0.47,-0.009999999999999953,0.0
m15,0.49,0.5,0.5,-0.010000000000000009,0.0
m15,0.49,0.5,0.5,-0.010000000000000009,0.0
h1,0.46,0.47,0.47,-0.009999999999999953,0.0
m5,0.4,0.44,0.44,-0.03999999999999998,0.0
h1,0.46,0.46,0.46,0.0,0.0
h1,0.45,0.46,0.46,-0.010000000000000009,0.0
h1,0.45,0.46,0.46,-0.010000000000000009,0.0
h1,0.45,0.46,0.46,-0.010000000000000009,0.0
h1,0.46,0.47,0.47,-0.009999999999999953,0.0
h1,0.46,0.47,0.47,-0.009999999999999953,0.0
h1,0.46,0.47,0.47,-0.009999999999999953,0.0
h1,0.48,0.5,0.5,-0.020000000000000018,0.0
h1,0.48,0.5,0.5,-0.020000000000000018,0.0
h1,0.48,0.5,0.5,-0.020000000000000018,0.0
m5,0.26,0.38,0.34,-0.12,-0.03999999999999998
m15,0.46,0.48,0.5,-0.019999999999999962,0.020000000000000018
h1,0.49,0.5,0.5,-0.010000000000000009,0.0
m15,0.48,0.48,0.49,0.0,0.010000000000000009
m5,0.58,0.59,0.59,-0.010000000000000009,0.0
m15,0.48,0.48,0.49,0.0,0.010000000000000009
m5,0.51,0.48,0.49,0.030000000000000027,0.010000000000000009
h1,0.54,0.56,0.56,-0.020000000000000018,0.0
h1,0.57,0.6,0.6,-0.030000000000000027,0.0
m5,0.36,0.3,0.28,0.06,-0.019999999999999962
m15,0.39,0.38,0.38,0.010000000000000009,0.0
m15,0.37,0.36,0.38,0.010000000000000009,0.020000000000000018
m15,0.37,0.36,0.38,0.010000000000000009,0.020000000000000018
m15,0.37,0.36,0.38,0.010000000000000009,0.020000000000000018
m15,0.37,0.36,0.38,0.010000000000000009,0.020000000000000018
h1,0.56,0.59,0.59,-0.029999999999999916,0.0
h1,0.4,0.38,0.39,0.020000000000000018,0.010000000000000009
m15,0.3,0.33,0.31,-0.030000000000000027,-0.020000000000000018
h1,0.38,0.38,0.39,0.0,0.010000000000000009
h1,0.4,0.38,0.39,0.020000000000000018,0.010000000000000009
h1,0.4,0.38,0.39,0.020000000000000018,0.010000000000000009
m5,0.17,0.26,0.22,-0.09,-0.04000000000000001
m15,0.3,0.35,0.32,-0.04999999999999999,-0.02999999999999997
h1,0.38,0.4,0.39,-0.020000000000000018,-0.010000000000000009
h1,0.37,0.4,0.39,-0.030000000000000027,-0.010000000000000009
m5,0.75,0.78,0.75,-0.030000000000000027,-0.030000000000000027
h1,0.39,0.4,0.4,-0.010000000000000009,0.0
h1,0.39,0.4,0.4,-0.010000000000000009,0.0
h1,0.39,0.4,0.4,-0.010000000000000009,0.0
h1,0.39,0.4,0.4,-0.010000000000000009,0.0
h1,0.39,0.4,0.4,-0.010000000000000009,0.0
h1,0.41,0.42,0.43,-0.010000000000000009,0.010000000000000009
m5,0.195,0.21,0.21,-0.014999999999999986,0.0
m15,0.66,0.69,0.68,-0.029999999999999916,-0.009999999999999898
m15,0.67,0.69,0.68,-0.019999999999999907,-0.009999999999999898
m15,0.66,0.69,0.68,-0.029999999999999916,-0.009999999999999898
m15,0.66,0.69,0.68,-0.029999999999999916,-0.009999999999999898
m15,0.66,0.69,0.68,-0.029999999999999916,-0.009999999999999898
h1,0.38,0.38,0.39,0.0,0.010000000000000009
m15,0.25,0.27,0.27,-0.020000000000000018,0.0
h1,0.34,0.36,0.36,-0.019999999999999962,0.0
h1,0.34,0.36,0.36,-0.019999999999999962,0.0
h1,0.34,0.36,0.36,-0.019999999999999962,0.0
h1,0.35,0.35,0.35,0.0,0.0
m15,0.76,0.79,0.76,-0.030000000000000027,-0.030000000000000027
m15,0.75,0.8,0.79,-0.050000000000000044,-0.010000000000000009
m15,0.75,0.8,0.79,-0.050000000000000044,-0.010000000000000009
m15,0.75,0.8,0.79,-0.050000000000000044,-0.010000000000000009
h1,0.33,0.33,0.33,0.0,0.0
h1,0.33,0.33,0.33,0.0,0.0
m15,0.18,0.19,0.19,-0.010000000000000009,0.0
m15,0.8,0.83,0.83,-0.029999999999999916,0.0
m5,0.02,0.02,0.02,0.0,0.0
m15,0.79,0.8,0.8,-0.010000000000000009,0.0
m5,0.02,0.02,0.02,0.0,0.0
m15,0.79,0.77,0.78,0.020000000000000018,0.010000000000000009
m5,0.01,0.01,0.01,0.0,0.0
m5,0.01,0.01,0.01,0.0,0.0
h1,0.33,0.34,0.33,-0.010000000000000009,-0.010000000000000009
m5,0.44,0.44,0.44,0.0,0.0
m5,0.43,0.45,0.45,-0.020000000000000018,0.0
m5,0.43,0.39,0.39,0.03999999999999998,0.0
m15,0.7,0.7,0.71,0.0,0.010000000000000009
m5,0.34,0.38,0.36,-0.03999999999999998,-0.020000000000000018
m15,0.27,0.29,0.29,-0.019999999999999962,0.0
m15,0.21,0.19,0.2,0.01999999999999999,0.010000000000000009
m15,0.21,0.19,0.2,0.01999999999999999,0.010000000000000009
m15,0.21,0.19,0.2,0.01999999999999999,0.010000000000000009
m15,0.21,0.19,0.2,0.01999999999999999,0.010000000000000009
m15,0.19,0.19,0.2,0.0,0.010000000000000009
h1,0.63,0.67,0.67,-0.040000000000000036,0.0
m15,0.21,0.19,0.2,0.01999999999999999,0.010000000000000009
m15,0.18,0.19,0.19,-0.010000000000000009,0.0
m15,0.19,0.19,0.19,0.0,0.0
m15,0.19,0.19,0.19,0.0,0.0
m15,0.18,0.19,0.19,-0.010000000000000009,0.0
m15,0.19,0.19,0.19,0.0,0.0
m15,0.19,0.19,0.19,0.0,0.0
m15,0.18,0.19,0.19,-0.010000000000000009,0.0
m15,0.18,0.17,0.18,0.009999999999999981,0.009999999999999981
m15,0.18,0.17,0.18,0.009999999999999981,0.009999999999999981
m5,0.53,0.6,0.59,-0.06999999999999995,-0.010000000000000009
m5,0.38,0.37,0.38,0.010000000000000009,0.010000000000000009
m5,0.3,0.33,0.33,-0.030000000000000027,0.0
m5,0.31,0.34,0.33,-0.030000000000000027,-0.010000000000000009
m5,0.19,0.22,0.22,-0.03,0.0
m15,0.31,0.3,0.3,0.010000000000000009,0.0
h1,0.57,0.58,0.58,-0.010000000000000009,0.0
m5,0.69,0.73,0.7,-0.040000000000000036,-0.030000000000000027
m5,0.68,0.73,0.73,-0.04999999999999993,0.0
m15,0.72,0.74,0.74,-0.020000000000000018,0.0
m5,0.64,0.62,0.65,0.020000000000000018,0.030000000000000027
m5,0.42,0.4,0.41,0.019999999999999962,0.009999999999999953
m5,0.27,0.26,0.27,0.010000000000000009,0.010000000000000009
m5,0.16,0.18,0.18,-0.01999999999999999,0.0
m15,0.09,0.1,0.1,-0.010000000000000009,0.0
m15,0.09,0.1,0.1,-0.010000000000000009,0.0
m15,0.09,0.12,0.11,-0.03,-0.009999999999999995
m15,0.09,0.12,0.11,-0.03,-0.009999999999999995
m5,0.2,0.26,0.22,-0.06,-0.04000000000000001
h1,0.32,0.33,0.33,-0.010000000000000009,0.0
m15,0.07,0.09,0.09,-0.01999999999999999,0.0
m15,0.07,0.09,0.09,-0.01999999999999999,0.0
m15,0.07,0.09,0.09,-0.01999999999999999,0.0
m15,0.07,0.09,0.09,-0.01999999999999999,0.0
m5,0.15,0.17,0.18,-0.020000000000000018,0.009999999999999981
m15,0.07,0.09,0.09,-0.01999999999999999,0.0
m15,0.07,0.09,0.09,-0.01999999999999999,0.0
m15,0.91,0.88,0.89,0.030000000000000027,0.010000000000000009
m5,0.83,0.73,0.77,0.09999999999999998,0.040000000000000036
m5,0.71,0.67,0.67,0.039999999999999925,0.0
m5,0.71,0.67,0.67,0.039999999999999925,0.0
h1,0.31,0.35,0.35,-0.03999999999999998,0.0
m15,0.87,0.87,0.87,0.0,0.0
m5,0.29,0.33,0.34,-0.040000000000000036,0.010000000000000009
m5,0.72,0.74,0.72,-0.020000000000000018,-0.020000000000000018
h1,0.67,0.69,0.7,-0.019999999999999907,0.010000000000000009
m5,0.14,0.2,0.17,-0.06,-0.03
m15,0.91,0.9,0.91,0.010000000000000009,0.010000000000000009
m15,0.91,0.9,0.91,0.010000000000000009,0.010000000000000009
m5,0.2,0.21,0.22,-0.009999999999999981,0.010000000000000009
m5,0.78,0.84,0.85,-0.05999999999999994,0.010000000000000009
m5,0.16,0.2,0.22,-0.04000000000000001,0.01999999999999999
m5,0.87,0.92,0.91,-0.050000000000000044,-0.010000000000000009
m5,0.040999999999999995,0.16,0.11,-0.11900000000000001,-0.05
m15,0.91,0.93,0.91,-0.020000000000000018,-0.020000000000000018
m5,0.12,0.08,0.14,0.039999999999999994,0.06000000000000001
m5,0.08,0.08,0.14,0.0,0.06000000000000001
m5,0.85,0.96,0.96,-0.10999999999999999,0.0
m5,0.04,0.04,0.06,0.0,0.019999999999999997
m15,0.04,0.07,0.07,-0.030000000000000006,0.0
m15,0.04,0.07,0.07,-0.030000000000000006,0.0
m15,0.04,0.07,0.07,-0.030000000000000006,0.0
h1,0.68,0.69,0.69,-0.009999999999999898,0.0
h1,0.31,0.32,0.32,-0.010000000000000009,0.0
m5,0.54,0.59,0.59,-0.04999999999999993,0.0
h1,0.32,0.33,0.32,-0.010000000000000009,-0.010000000000000009
h1,0.32,0.33,0.32,-0.010000000000000009,-0.010000000000000009
m15,0.05,0.06,0.06,-0.009999999999999995,0.0
m5,0.38,0.41,0.4,-0.02999999999999997,-0.009999999999999953
m15,0.91,0.91,0.91,0.0,0.0
m15,0.91,0.91,0.91,0.0,0.0
m15,0.9,0.92,0.91,-0.020000000000000018,-0.010000000000000009
m15,0.83,0.82,0.82,0.010000000000000009,0.0
m15,0.82,0.82,0.82,0.0,0.0
m15,0.82,0.82,0.82,0.0,0.0
m15,0.81,0.79,0.81,0.020000000000000018,0.020000000000000018
m15,0.81,0.83,0.79,-0.019999999999999907,-0.039999999999999925
m15,0.8,0.83,0.79,-0.029999999999999916,-0.039999999999999925
m15,0.81,0.83,0.79,-0.019999999999999907,-0.039999999999999925
m5,0.17,0.13,0.14,0.04000000000000001,0.010000000000000009
m15,0.75,0.77,0.77,-0.020000000000000018,0.0
m15,0.22,0.22,0.21,0.0,-0.010000000000000009
m15,0.2,0.27,0.22,-0.07,-0.05000000000000002
m15,0.73,0.75,0.77,-0.020000000000000018,0.020000000000000018
m15,0.73,0.75,0.77,-0.020000000000000018,0.020000000000000018
m15,0.21,0.24,0.23,-0.03,-0.009999999999999981
m15,0.21,0.24,0.23,-0.03,-0.009999999999999981
m15,0.21,0.24,0.23,-0.03,-0.009999999999999981
m15,0.21,0.28,0.28,-0.07000000000000003,0.0
m15,0.3,0.29,0.28,0.010000000000000009,-0.009999999999999953
m15,0.7,0.68,0.68,0.019999999999999907,0.0
m5,0.05,0.05,0.05,0.0,0.0
m15,0.19,0.22,0.22,-0.03,0.0
h1,0.41,0.44,0.44,-0.030000000000000027,0.0
m15,0.24,0.23,0.25,0.009999999999999981,0.01999999999999999
m15,0.21,0.23,0.18,-0.020000000000000018,-0.05000000000000002
m15,0.21,0.24,0.22,-0.03,-0.01999999999999999
m15,0.76,0.85,0.85,-0.08999999999999997,0.0
m5,0.02,0.03,0.03,-0.009999999999999998,0.0
m15,0.1,0.12,0.1,-0.01999999999999999,-0.01999999999999999
m5,0.02,0.03,0.03,-0.009999999999999998,0.0
m15,0.1,0.12,0.1,-0.01999999999999999,-0.01999999999999999
m15,0.1,0.12,0.1,-0.01999999999999999,-0.01999999999999999
m15,0.87,0.88,0.88,-0.010000000000000009,0.0
m15,0.87,0.88,0.88,-0.010000000000000009,0.0
m15,0.87,0.88,0.88,-0.010000000000000009,0.0
m15,0.07,0.04,0.09,0.030000000000000006,0.049999999999999996
m15,0.07,0.04,0.09,0.030000000000000006,0.049999999999999996
m5,0.03,0.03,0.04,0.0,0.010000000000000002
m15,0.04,0.05,0.05,-0.010000000000000002,0.0
m15,0.04,0.05,0.04,-0.010000000000000002,-0.010000000000000002
h1,0.38,0.4,0.4,-0.020000000000000018,0.0
m15,0.03,0.08,0.08,-0.05,0.0
m15,0.91,0.83,0.88,0.08000000000000007,0.050000000000000044
m15,0.91,0.83,0.88,0.08000000000000007,0.050000000000000044
m15,0.85,0.82,0.84,0.030000000000000027,0.020000000000000018
m15,0.91,0.82,0.84,0.09000000000000008,0.020000000000000018
m15,0.87,0.82,0.84,0.050000000000000044,0.020000000000000018
m15,0.87,0.82,0.84,0.050000000000000044,0.020000000000000018
m15,0.87,0.82,0.84,0.050000000000000044,0.020000000000000018
m15,0.85,0.82,0.84,0.030000000000000027,0.020000000000000018
m15,0.85,0.82,0.84,0.030000000000000027,0.020000000000000018
m15,0.81,0.79,0.81,0.020000000000000018,0.020000000000000018
m15,0.83,0.79,0.81,0.039999999999999925,0.020000000000000018
m15,0.8,0.85,0.85,-0.04999999999999993,0.0
m15,0.8,0.85,0.85,-0.04999999999999993,0.0
m15,0.8,0.85,0.85,-0.04999999999999993,0.0
m15,0.8,0.85,0.85,-0.04999999999999993,0.0
m15,0.8,0.85,0.85,-0.04999999999999993,0.0
m15,0.14,0.22,0.16,-0.07999999999999999,-0.06
m15,0.15,0.22,0.16,-0.07,-0.06
m15,0.15,0.22,0.16,-0.07,-0.06
m15,0.15,0.22,0.16,-0.07,-0.06
m15,0.8,0.79,0.85,0.010000000000000009,0.05999999999999994
m15,0.16,0.22,0.16,-0.06,-0.06
m15,0.14,0.22,0.16,-0.07999999999999999,-0.06
m15,0.15,0.22,0.16,-0.07,-0.06
m15,0.76,0.8,0.8,-0.040000000000000036,0.0
m15,0.2,0.18,0.2,0.020000000000000018,0.020000000000000018
m15,0.17,0.14,0.14,0.03,0.0
m15,0.17,0.14,0.14,0.03,0.0
m15,0.17,0.14,0.14,0.03,0.0
m15,0.17,0.14,0.14,0.03,0.0
m15,0.09,0.14,0.14,-0.05000000000000002,0.0
m15,0.13,0.14,0.14,-0.010000000000000009,0.0
m15,0.17,0.14,0.14,0.03,0.0
m15,0.09,0.14,0.14,-0.05000000000000002,0.0
m15,0.09,0.14,0.14,-0.05000000000000002,0.0
m15,0.13,0.14,0.14,-0.010000000000000009,0.0
m15,0.09,0.14,0.14,-0.05000000000000002,0.0
m15,0.13,0.09,0.08,0.04000000000000001,-0.009999999999999995
m15,0.13,0.09,0.08,0.04000000000000001,-0.009999999999999995
m15,0.13,0.09,0.08,0.04000000000000001,-0.009999999999999995
m15,0.13,0.09,0.08,0.04000000000000001,-0.009999999999999995
m15,0.12,0.19,0.12,-0.07,-0.07
m15,0.04,0.19,0.12,-0.15,-0.07
m15,0.04,0.19,0.12,-0.15,-0.07
m15,0.12,0.19,0.12,-0.07,-0.07
m15,0.81,0.91,0.88,-0.09999999999999998,-0.030000000000000027
m15,0.89,0.91,0.88,-0.020000000000000018,-0.030000000000000027
m15,0.08,0.11,0.14,-0.03,0.030000000000000013
m15,0.07,0.19,0.17,-0.12,-0.01999999999999999
m15,0.08,0.19,0.17,-0.11,-0.01999999999999999
m15,0.87,0.86,0.85,0.010000000000000009,-0.010000000000000009
m15,0.83,0.86,0.85,-0.030000000000000027,-0.010000000000000009
m15,0.85,0.86,0.85,-0.010000000000000009,-0.010000000000000009
m15,0.83,0.86,0.85,-0.030000000000000027,-0.010000000000000009
m15,0.83,0.86,0.85,-0.030000000000000027,-0.010000000000000009
m15,0.08,0.17,0.18,-0.09000000000000001,0.009999999999999981
m15,0.11,0.03,0.05,0.08,0.020000000000000004
m15,0.04,0.03,0.06,0.010000000000000002,0.03
m15,0.05,0.03,0.06,0.020000000000000004,0.03
m15,0.11,0.03,0.06,0.08,0.03
m15,0.02,0.03,0.06,-0.009999999999999998,0.03
m15,0.04,0.03,0.06,0.010000000000000002,0.03
m15,0.04,0.03,0.06,0.010000000000000002,0.03
m15,0.02,0.03,0.06,-0.009999999999999998,0.03
m15,0.04,0.03,0.06,0.010000000000000002,0.03
m15,0.02,0.03,0.06,-0.009999999999999998,0.03
m15,0.04,0.03,0.06,0.010000000000000002,0.03
m15,0.04,0.03,0.06,0.010000000000000002,0.03
m15,0.02,0.02,0.02,0.0,0.0
m15,0.02,0.02,0.02,0.0,0.0
m15,0.02,0.02,0.02,0.0,0.0
m15,0.02,0.02,0.02,0.0,0.0
m15,0.02,0.02,0.02,0.0,0.0
m15,0.02,0.02,0.02,0.0,0.0
m15,0.02,0.02,0.02,0.0,0.0
m15,0.02,0.02,0.02,0.0,0.0
m15,0.02,0.02,0.02,0.0,0.0
m5,0.41,0.47,0.44,-0.06,-0.02999999999999997
m5,0.41,0.47,0.44,-0.06,-0.02999999999999997
m5,0.51,0.49,0.48,0.020000000000000018,-0.010000000000000009
m5,0.49,0.49,0.48,0.0,-0.010000000000000009
m5,0.44,0.41,0.45,0.030000000000000027,0.040000000000000036
m5,0.32,0.35,0.33,-0.02999999999999997,-0.019999999999999962
h1,0.47,0.48,0.48,-0.010000000000000009,0.0
m15,0.43,0.42,0.42,0.010000000000000009,0.0
m15,0.43,0.42,0.42,0.010000000000000009,0.0
m5,0.68,0.78,0.75,-0.09999999999999998,-0.030000000000000027
h1,0.5,0.51,0.5,-0.010000000000000009,-0.010000000000000009
h1,0.5,0.53,0.51,-0.030000000000000027,-0.020000000000000018
h1,0.5,0.53,0.51,-0.030000000000000027,-0.020000000000000018
h1,0.5,0.53,0.51,-0.030000000000000027,-0.020000000000000018
h1,0.5,0.53,0.51,-0.030000000000000027,-0.020000000000000018
h1,0.49,0.53,0.51,-0.040000000000000036,-0.020000000000000018
m5,0.19,0.24,0.22,-0.04999999999999999,-0.01999999999999999
m5,0.75,0.77,0.77,-0.020000000000000018,0.0
h1,0.47,0.48,0.48,-0.010000000000000009,0.0
h1,0.47,0.48,0.48,-0.010000000000000009,0.0
h1,0.48,0.5,0.49,-0.020000000000000018,-0.010000000000000009
m15,0.6,0.62,0.62,-0.020000000000000018,0.0
m15,0.6,0.64,0.63,-0.040000000000000036,-0.010000000000000009
m5,0.79,0.8,0.8,-0.010000000000000009,0.0
m5,0.19,0.19,0.2,0.0,0.010000000000000009
h1,0.47,0.48,0.48,-0.010000000000000009,0.0
h1,0.47,0.48,0.48,-0.010000000000000009,0.0
h1,0.47,0.48,0.48,-0.010000000000000009,0.0
h1,0.47,0.49,0.48,-0.020000000000000018,-0.010000000000000009
m5,0.83,0.71,0.75,0.12,0.040000000000000036
m5,0.71,0.57,0.74,0.14,0.17000000000000004
m15,0.52,0.54,0.54,-0.020000000000000018,0.0
m15,0.52,0.54,0.54,-0.020000000000000018,0.0
m15,0.53,0.54,0.54,-0.010000000000000009,0.0
m15,0.53,0.54,0.54,-0.010000000000000009,0.0
m15,0.53,0.54,0.54,-0.010000000000000009,0.0
m15,0.53,0.54,0.54,-0.010000000000000009,0.0
m15,0.53,0.54,0.54,-0.010000000000000009,0.0
m15,0.53,0.54,0.54,-0.010000000000000009,0.0
m15,0.52,0.54,0.54,-0.020000000000000018,0.0
m5,0.5972999999999999,0.52,0.57,0.07729999999999992,0.04999999999999993
m5,0.71,0.52,0.57,0.18999999999999995,0.04999999999999993
m5,0.5957,0.52,0.57,0.07569999999999999,0.04999999999999993
m15,0.52,0.52,0.52,0.0,0.0
m15,0.52,0.52,0.52,0.0,0.0
m15,0.52,0.52,0.52,0.0,0.0
m5,0.51,0.3,0.49,0.21000000000000002,0.19
m15,0.54,0.64,0.64,-0.09999999999999998,0.0
m15,0.36,0.37,0.37,-0.010000000000000009,0.0
m15,0.36,0.37,0.37,-0.010000000000000009,0.0
m15,0.36,0.37,0.37,-0.010000000000000009,0.0
m5,0.6609,0.75,0.76,-0.08909999999999996,0.010000000000000009
m5,0.6636,0.75,0.76,-0.08640000000000003,0.010000000000000009
m15,0.36,0.37,0.37,-0.010000000000000009,0.0
m15,0.36,0.37,0.37,-0.010000000000000009,0.0
m15,0.36,0.37,0.37,-0.010000000000000009,0.0
m5,0.27,0.23,0.26,0.04000000000000001,0.03
m5,0.26489999999999997,0.21,0.22,0.05489999999999998,0.010000000000000009
m5,0.26530000000000004,0.21,0.22,0.055300000000000044,0.010000000000000009
m5,0.25,0.21,0.22,0.04000000000000001,0.010000000000000009
h1,0.66,0.68,0.68,-0.020000000000000018,0.0
m15,0.71,0.71,0.71,0.0,0.0
m5,0.04,0.06,0.06,-0.019999999999999997,0.0
m15,0.27,0.28,0.28,-0.010000000000000009,0.0
m15,0.27,0.28,0.28,-0.010000000000000009,0.0
m15,0.27,0.28,0.28,-0.010000000000000009,0.0
m15,0.27,0.28,0.28,-0.010000000000000009,0.0
m5,0.01,0.01,0.01,0.0,0.0
m5,0.01,0.01,0.01,0.0,0.0
h1,0.32,0.34,0.34,-0.020000000000000018,0.0
h1,0.32,0.32,0.32,0.0,0.0
h1,0.32,0.35,0.35,-0.02999999999999997,0.0
h1,0.35,0.36,0.36,-0.010000000000000009,0.0
m15,0.64,0.65,0.65,-0.010000000000000009,0.0
h1,0.36,0.38,0.38,-0.020000000000000018,0.0
m5,0.28,0.29,0.29,-0.009999999999999953,0.0
m15,0.6,0.61,0.61,-0.010000000000000009,0.0
m5,0.29,0.32,0.31,-0.030000000000000027,-0.010000000000000009
m15,0.61,0.64,0.63,-0.030000000000000027,-0.010000000000000009
m15,0.61,0.64,0.65,-0.030000000000000027,0.010000000000000009
m15,0.41,0.41,0.42,0.0,0.010000000000000009
m15,0.35,0.39,0.39,-0.040000000000000036,0.0
m5,0.71,0.79,0.78,-0.08000000000000007,-0.010000000000000009
m15,0.52,0.51,0.54,0.010000000000000009,0.030000000000000027
m15,0.52,0.51,0.54,0.010000000000000009,0.030000000000000027
m15,0.52,0.51,0.54,0.010000000000000009,0.030000000000000027
m15,0.52,0.51,0.54,0.010000000000000009,0.030000000000000027
m15,0.52,0.51,0.54,0.010000000000000009,0.030000000000000027
m15,0.52,0.51,0.54,0.010000000000000009,0.030000000000000027
m15,0.52,0.51,0.54,0.010000000000000009,0.030000000000000027
m5,0.87,0.89,0.89,-0.020000000000000018,0.0
m15,0.5,0.45,0.46,0.04999999999999999,0.010000000000000009
m15,0.45,0.45,0.45,0.0,0.0
m15,0.62,0.71,0.68,-0.08999999999999997,-0.029999999999999916
m15,0.62,0.71,0.72,-0.08999999999999997,0.010000000000000009
m5,0.72,0.79,0.78,-0.07000000000000006,-0.010000000000000009
m5,0.74,0.89,0.8,-0.15000000000000002,-0.08999999999999997
m5,0.1,0.08,0.08,0.020000000000000004,0.0
m5,0.06,0.08,0.05,-0.020000000000000004,-0.03
m5,0.05,0.1,0.07,-0.05,-0.03
m15,0.43,0.34,0.36,0.08999999999999997,0.019999999999999962
m15,0.43,0.34,0.36,0.08999999999999997,0.019999999999999962
m15,0.43,0.34,0.36,0.08999999999999997,0.019999999999999962
m15,0.32,0.2,0.19,0.12,-0.010000000000000009
m15,0.32,0.2,0.19,0.12,-0.010000000000000009
m15,0.32,0.2,0.19,0.12,-0.010000000000000009
m15,0.32,0.2,0.19,0.12,-0.010000000000000009
m15,0.7095999999999999,0.83,0.82,-0.12040000000000006,-0.010000000000000009
m15,0.32,0.2,0.19,0.12,-0.010000000000000009
m15,0.32,0.2,0.19,0.12,-0.010000000000000009
m15,0.32,0.2,0.19,0.12,-0.010000000000000009
m15,0.32,0.2,0.19,0.12,-0.010000000000000009
m15,0.32,0.2,0.19,0.12,-0.010000000000000009
m15,0.32,0.2,0.19,0.12,-0.010000000000000009
m5,0.7278,0.7,0.72,0.027800000000000047,0.020000000000000018
h1,0.29,0.3,0.29,-0.010000000000000009,-0.010000000000000009
m5,0.38,0.59,0.54,-0.20999999999999996,-0.04999999999999993
h1,0.29,0.3,0.29,-0.010000000000000009,-0.010000000000000009
m5,0.45,0.51,0.47,-0.06,-0.040000000000000036
m5,0.61,0.5,0.54,0.10999999999999999,0.040000000000000036
m5,0.42,0.51,0.47,-0.09000000000000002,-0.040000000000000036
m15,0.8,0.79,0.8,0.010000000000000009,0.010000000000000009
h1,0.71,0.7,0.71,0.010000000000000009,0.010000000000000009
m5,0.53,0.46,0.48,0.07,0.019999999999999962
m5,0.49,0.55,0.54,-0.06000000000000005,-0.010000000000000009
m5,0.4269,0.56,0.55,-0.13310000000000005,-0.010000000000000009
m5,0.46,0.36,0.43,0.10000000000000003,0.07
m5,0.47,0.36,0.43,0.10999999999999999,0.07
m5,0.54,0.65,0.62,-0.10999999999999999,-0.030000000000000027
m5,0.56,0.69,0.66,-0.1299999999999999,-0.029999999999999916
m5,0.27,0.36,0.37,-0.08999999999999997,0.010000000000000009
m5,0.34,0.26,0.33,0.08000000000000002,0.07
m5,0.26,0.2,0.2,0.06,0.0
m5,0.78,0.83,0.82,-0.04999999999999993,-0.010000000000000009
m15,0.28,0.3,0.3,-0.019999999999999962,0.0
m5,0.05,0.03,0.03,0.020000000000000004,0.0
m5,0.02,0.01,0.02,0.01,0.01
m5,0.01,0.01,0.01,0.0,0.0
m5,0.38,0.36,0.36,0.020000000000000018,0.0
m5,0.59,0.66,0.66,-0.07000000000000006,0.0
h1,0.39,0.41,0.41,-0.019999999999999962,0.0
h1,0.55,0.55,0.55,0.0,0.0
m5,0.3419,0.34,0.34,0.0018999999999999573,0.0
m5,0.34,0.34,0.34,0.0,0.0
m5,0.41,0.49,0.49,-0.08000000000000002,0.0
m5,0.53,0.64,0.63,-0.10999999999999999,-0.010000000000000009
m15,0.68,0.69,0.69,-0.009999999999999898,0.0
m15,0.68,0.69,0.69,-0.009999999999999898,0.0
m15,0.68,0.69,0.69,-0.009999999999999898,0.0
m15,0.68,0.69,0.69,-0.009999999999999898,0.0
m15,0.68,0.69,0.69,-0.009999999999999898,0.0
m15,0.68,0.69,0.69,-0.009999999999999898,0.0
m15,0.32,0.39,0.42,-0.07,0.02999999999999997
m15,0.58,0.63,0.63,-0.050000000000000044,0.0
m5,0.51,0.55,0.54,-0.040000000000000036,-0.010000000000000009
m15,0.62,0.66,0.66,-0.040000000000000036,0.0
m15,0.6,0.67,0.67,-0.07000000000000006,0.0
m15,0.6,0.67,0.67,-0.07000000000000006,0.0
h1,0.51,0.53,0.52,-0.020000000000000018,-0.010000000000000009
m5,0.54,0.63,0.63,-0.08999999999999997,0.0
m15,0.31,0.4,0.35,-0.09000000000000002,-0.050000000000000044
m5,0.39,0.44,0.4,-0.04999999999999999,-0.03999999999999998
m15,0.31,0.4,0.35,-0.09000000000000002,-0.050000000000000044
m5,0.56,0.59,0.6,-0.029999999999999916,0.010000000000000009
m15,0.34,0.37,0.39,-0.02999999999999997,0.020000000000000018
m15,0.61,0.69,0.69,-0.07999999999999996,0.0
m5,0.6,0.65,0.65,-0.050000000000000044,0.0
m15,0.28,0.26,0.29,0.020000000000000018,0.02999999999999997
m15,0.28,0.26,0.29,0.020000000000000018,0.02999999999999997
m15,0.28,0.26,0.29,0.020000000000000018,0.02999999999999997
m15,0.29,0.2,0.25,0.08999999999999997,0.04999999999999999
m15,0.28,0.2,0.25,0.08000000000000002,0.04999999999999999
m5,0.36,0.27,0.36,0.08999999999999997,0.08999999999999997
m5,0.2758,0.21,0.23,0.0658,0.020000000000000018
m15,0.2,0.18,0.18,0.020000000000000018,0.0
m5,0.22,0.23,0.21,-0.010000000000000009,-0.020000000000000018
m15,0.17,0.21,0.19,-0.03999999999999998,-0.01999999999999999
m5,0.21,0.25,0.25,-0.04000000000000001,0.0
m15,0.8,0.82,0.8,-0.019999999999999907,-0.019999999999999907
m5,0.74,0.76,0.75,-0.020000000000000018,-0.010000000000000009
m15,0.8,0.81,0.82,-0.010000000000000009,0.009999999999999898
m15,0.18,0.19,0.2,-0.010000000000000009,0.010000000000000009
h1,0.48,0.51,0.51,-0.030000000000000027,0.0
m5,0.77,0.74,0.68,0.030000000000000027,-0.05999999999999994
m5,0.68,0.7,0.74,-0.019999999999999907,0.040000000000000036
m5,0.27,0.39,0.35,-0.12,-0.040000000000000036
m5,0.27,0.39,0.35,-0.12,-0.040000000000000036
m15,0.71,0.67,0.7,0.039999999999999925,0.029999999999999916
m15,0.71,0.67,0.7,0.039999999999999925,0.029999999999999916
m15,0.71,0.67,0.7,0.039999999999999925,0.029999999999999916
m15,0.6,0.54,0.58,0.05999999999999994,0.039999999999999925
m15,0.6,0.54,0.58,0.05999999999999994,0.039999999999999925
m15,0.6,0.54,0.58,0.05999999999999994,0.039999999999999925
m15,0.6,0.54,0.58,0.05999999999999994,0.039999999999999925
m15,0.61,0.54,0.58,0.06999999999999995,0.039999999999999925
m5,0.39,0.43,0.41,-0.03999999999999998,-0.020000000000000018
m15,0.42,0.46,0.47,-0.040000000000000036,0.009999999999999953
m15,0.44310000000000005,0.46,0.47,-0.01689999999999997,0.009999999999999953
m5,0.42,0.5,0.47,-0.08000000000000002,-0.030000000000000027
m15,0.53,0.61,0.59,-0.07999999999999996,-0.020000000000000018
m15,0.53,0.61,0.59,-0.07999999999999996,-0.020000000000000018
m15,0.54,0.61,0.59,-0.06999999999999995,-0.020000000000000018
m15,0.53,0.61,0.59,-0.07999999999999996,-0.020000000000000018
m15,0.54,0.61,0.59,-0.06999999999999995,-0.020000000000000018
m15,0.53,0.61,0.59,-0.07999999999999996,-0.020000000000000018
m15,0.53,0.61,0.59,-0.07999999999999996,-0.020000000000000018
m15,0.53,0.61,0.59,-0.07999999999999996,-0.020000000000000018
m5,0.4,0.5,0.47,-0.09999999999999998,-0.030000000000000027
m15,0.53,0.61,0.59,-0.07999999999999996,-0.020000000000000018
m15,0.37,0.47,0.45,-0.09999999999999998,-0.019999999999999962
m5,0.39,0.42,0.45,-0.02999999999999997,0.030000000000000027
m15,0.53,0.54,0.56,-0.010000000000000009,0.020000000000000018
m15,0.43,0.53,0.5,-0.10000000000000003,-0.030000000000000027
m15,0.48,0.61,0.59,-0.13,-0.020000000000000018
m5,0.6077,0.65,0.53,-0.042300000000000004,-0.12
m15,0.4,0.43,0.48,-0.02999999999999997,0.04999999999999999
m15,0.48,0.44,0.43,0.03999999999999998,-0.010000000000000009
m5,0.40270000000000006,0.46,0.47,-0.05729999999999996,0.009999999999999953
m5,0.36,0.46,0.47,-0.10000000000000003,0.009999999999999953
m15,0.59,0.54,0.55,0.04999999999999993,0.010000000000000009
m15,0.5093,0.53,0.5,-0.02070000000000005,-0.030000000000000027
m15,0.5,0.49,0.5,0.010000000000000009,0.010000000000000009
m15,0.49,0.54,0.51,-0.050000000000000044,-0.030000000000000027
m15,0.51,0.47,0.5,0.040000000000000036,0.030000000000000027
m15,0.51,0.54,0.55,-0.030000000000000027,0.010000000000000009
m15,0.54,0.47,0.46,0.07000000000000006,-0.009999999999999953
m15,0.53,0.54,0.55,-0.010000000000000009,0.010000000000000009
m5,0.3641,0.42,0.43,-0.055900000000000005,0.010000000000000009
m15,0.495,0.47,0.46,0.025000000000000022,-0.009999999999999953
m5,0.59,0.7,0.64,-0.10999999999999999,-0.05999999999999994
m15,0.5,0.55,0.5,-0.050000000000000044,-0.050000000000000044
m15,0.49,0.51,0.49,-0.020000000000000018,-0.020000000000000018
m15,0.49,0.51,0.49,-0.020000000000000018,-0.020000000000000018
m15,0.49,0.51,0.49,-0.020000000000000018,-0.020000000000000018
m5,0.31,0.38,0.32,-0.07,-0.06
m15,0.45,0.51,0.49,-0.06,-0.020000000000000018
m5,0.31,0.19,0.28,0.12,0.09000000000000002
m5,0.31,0.19,0.28,0.12,0.09000000000000002
m15,0.49,0.33,0.42,0.15999999999999998,0.08999999999999997
m15,0.49,0.68,0.59,-0.19000000000000006,-0.09000000000000008
m15,0.5115,0.69,0.68,-0.1785,-0.009999999999999898
m5,0.38,0.2,0.2,0.18,0.0
m15,0.57,0.69,0.68,-0.12,-0.009999999999999898
m15,0.57,0.69,0.68,-0.12,-0.009999999999999898
m15,0.68,0.69,0.68,-0.009999999999999898,-0.009999999999999898
m15,0.49,0.69,0.68,-0.19999999999999996,-0.009999999999999898
m15,0.49,0.69,0.68,-0.19999999999999996,-0.009999999999999898
m15,0.49,0.69,0.68,-0.19999999999999996,-0.009999999999999898
m15,0.56,0.69,0.68,-0.1299999999999999,-0.009999999999999898
m15,0.68,0.62,0.62,0.06000000000000005,0.0
m5,0.19,0.28,0.29,-0.09000000000000002,0.009999999999999953
m15,0.34,0.42,0.42,-0.07999999999999996,0.0
m15,0.31,0.42,0.42,-0.10999999999999999,0.0
m15,0.35,0.42,0.42,-0.07,0.0
m15,0.39,0.39,0.38,0.0,-0.010000000000000009
m15,0.36,0.44,0.39,-0.08000000000000002,-0.04999999999999999
m15,0.36,0.44,0.39,-0.08000000000000002,-0.04999999999999999
m15,0.6,0.56,0.56,0.039999999999999925,0.0
m15,0.36,0.48,0.45,-0.12,-0.02999999999999997
m15,0.35,0.48,0.45,-0.13,-0.02999999999999997
m15,0.6,0.56,0.56,0.039999999999999925,0.0
m15,0.6,0.56,0.56,0.039999999999999925,0.0
m15,0.35,0.48,0.45,-0.13,-0.02999999999999997
m15,0.43,0.54,0.55,-0.11000000000000004,0.010000000000000009
m5,0.24,0.14,0.29,0.09999999999999998,0.14999999999999997
m5,0.24,0.14,0.29,0.09999999999999998,0.14999999999999997
m5,0.2285,0.14,0.29,0.0885,0.14999999999999997
m15,0.5,0.6,0.55,-0.09999999999999998,-0.04999999999999993
m15,0.44,0.42,0.46,0.020000000000000018,0.040000000000000036
m5,0.21420000000000003,0.22,0.25,-0.005799999999999972,0.03
m5,0.22440000000000002,0.22,0.25,0.004400000000000015,0.03
m5,0.29,0.22,0.25,0.06999999999999998,0.03
m5,0.1576,0.15,0.18,0.007599999999999996,0.03
m5,0.76,0.86,0.83,-0.09999999999999998,-0.030000000000000027
m5,0.6125,0.63,0.63,-0.01749999999999996,0.0
m15,0.47,0.51,0.51,-0.040000000000000036,0.0
m15,0.51,0.49,0.5,0.020000000000000018,0.010000000000000009
h1,0.53,0.55,0.55,-0.020000000000000018,0.0
m15,0.43,0.46,0.46,-0.030000000000000027,0.0
m15,0.43,0.46,0.46,-0.030000000000000027,0.0
m5,0.47,0.54,0.53,-0.07000000000000006,-0.010000000000000009
m5,0.47,0.52,0.52,-0.050000000000000044,0.0
m15,0.43,0.43,0.43,0.0,0.0
m15,0.43,0.43,0.43,0.0,0.0
m15,0.43,0.43,0.43,0.0,0.0
m15,0.42,0.43,0.43,-0.010000000000000009,0.0
m15,0.42,0.43,0.43,-0.010000000000000009,0.0
h1,0.47,0.47,0.47,0.0,0.0
h1,0.55,0.55,0.53,0.0,-0.020000000000000018
m5,0.77,0.79,0.77,-0.020000000000000018,-0.020000000000000018
m15,0.4,0.39,0.42,0.010000000000000009,0.02999999999999997
m5,0.58,0.7,0.63,-0.12,-0.06999999999999995
m5,0.32,0.35,0.34,-0.02999999999999997,-0.009999999999999953
m5,0.58,0.66,0.67,-0.08000000000000007,0.010000000000000009
m5,0.32,0.38,0.34,-0.06,-0.03999999999999998
m5,0.63,0.71,0.68,-0.07999999999999996,-0.029999999999999916
m5,0.18,0.21,0.22,-0.03,0.010000000000000009
m5,0.18,0.21,0.22,-0.03,0.010000000000000009
h1,0.54,0.54,0.55,0.0,0.010000000000000009
m5,0.88,0.93,0.92,-0.050000000000000044,-0.010000000000000009
m15,0.61,0.64,0.63,-0.030000000000000027,-0.010000000000000009
m5,0.89,0.93,0.92,-0.040000000000000036,-0.010000000000000009
h1,0.59,0.6,0.6,-0.010000000000000009,0.0
h1,0.59,0.6,0.6,-0.010000000000000009,0.0
h1,0.59,0.6,0.6,-0.010000000000000009,0.0
h1,0.59,0.6,0.6,-0.010000000000000009,0.0
h1,0.59,0.6,0.6,-0.010000000000000009,0.0
h1,0.59,0.6,0.6,-0.010000000000000009,0.0
m15,0.28,0.28,0.28,0.0,0.0
m15,0.28,0.28,0.28,0.0,0.0
m15,0.27,0.27,0.28,0.0,0.010000000000000009
m15,0.27,0.27,0.28,0.0,0.010000000000000009
m15,0.27,0.27,0.28,0.0,0.010000000000000009
m15,0.27,0.27,0.28,0.0,0.010000000000000009
m15,0.27,0.23,0.24,0.04000000000000001,0.009999999999999981
m15,0.27,0.23,0.24,0.04000000000000001,0.009999999999999981
h1,0.33,0.35,0.35,-0.019999999999999962,0.0
h1,0.33,0.35,0.35,-0.019999999999999962,0.0
h1,0.63,0.64,0.64,-0.010000000000000009,0.0
m15,0.78,0.79,0.79,-0.010000000000000009,0.0
m5,0.52,0.43,0.51,0.09000000000000002,0.08000000000000002
m5,0.46130000000000004,0.52,0.52,-0.058699999999999974,0.0
m5,0.4771,0.5,0.5,-0.022899999999999976,0.0
m15,0.78,0.77,0.77,0.010000000000000009,0.0
m5,0.47,0.48,0.49,-0.010000000000000009,0.010000000000000009
m15,0.78,0.77,0.77,0.010000000000000009,0.0
m15,0.78,0.77,0.77,0.010000000000000009,0.0
m15,0.78,0.77,0.77,0.010000000000000009,0.0
m15,0.78,0.77,0.77,0.010000000000000009,0.0
m15,0.78,0.77,0.77,0.010000000000000009,0.0
m15,0.78,0.77,0.77,0.010000000000000009,0.0
m15,0.78,0.77,0.77,0.010000000000000009,0.0
m15,0.78,0.77,0.77,0.010000000000000009,0.0
m15,0.78,0.77,0.77,0.010000000000000009,0.0
m15,0.78,0.77,0.77,0.010000000000000009,0.0
m15,0.78,0.77,0.77,0.010000000000000009,0.0
m15,0.78,0.77,0.77,0.010000000000000009,0.0
m15,0.22,0.24,0.22,-0.01999999999999999,-0.01999999999999999
m5,0.53,0.56,0.59,-0.030000000000000027,0.029999999999999916
m15,0.21,0.22,0.22,-0.010000000000000009,0.0
m15,0.21,0.22,0.22,-0.010000000000000009,0.0
m15,0.21,0.22,0.22,-0.010000000000000009,0.0
m15,0.21,0.22,0.22,-0.010000000000000009,0.0
m5,0.47,0.51,0.5,-0.040000000000000036,-0.010000000000000009
m15,0.19,0.2,0.2,-0.010000000000000009,0.0
m15,0.19,0.2,0.2,-0.010000000000000009,0.0
m5,0.48,0.53,0.51,-0.050000000000000044,-0.020000000000000018
m15,0.19,0.2,0.2,-0.010000000000000009,0.0
m15,0.19,0.2,0.2,-0.010000000000000009,0.0
m15,0.19,0.19,0.2,0.0,0.010000000000000009
m5,0.47,0.56,0.57,-0.09000000000000008,0.009999999999999898
m5,0.44,0.47,0.46,-0.02999999999999997,-0.009999999999999953
m15,0.18,0.19,0.19,-0.010000000000000009,0.0
m15,0.18,0.19,0.19,-0.010000000000000009,0.0
m15,0.18,0.19,0.19,-0.010000000000000009,0.0
m15,0.18,0.19,0.19,-0.010000000000000009,0.0
m15,0.18,0.19,0.19,-0.010000000000000009,0.0
m15,0.18,0.19,0.19,-0.010000000000000009,0.0
h1,0.34,0.36,0.36,-0.019999999999999962,0.0
m5,0.44,0.45,0.45,-0.010000000000000009,0.0
h1,0.37,0.37,0.37,0.0,0.0
h1,0.37,0.37,0.37,0.0,0.0
m5,0.32,0.32,0.32,0.0,0.0
m5,0.61,0.61,0.61,0.0,0.0
m5,0.6,0.6,0.61,0.0,0.010000000000000009
m5,0.5,0.49,0.5,0.010000000000000009,0.010000000000000009
m15,0.13,0.14,0.14,-0.010000000000000009,0.0
m15,0.13,0.16,0.15,-0.03,-0.010000000000000009
m5,0.4,0.48,0.49,-0.07999999999999996,0.010000000000000009
m5,0.5256000000000001,0.59,0.57,-0.0643999999999999,-0.020000000000000018
m5,0.4,0.42,0.43,-0.019999999999999962,0.010000000000000009
m5,0.56,0.59,0.58,-0.029999999999999916,-0.010000000000000009
m5,0.40020000000000006,0.43,0.43,-0.029799999999999938,0.0
m5,0.6,0.58,0.58,0.020000000000000018,0.0
h1,0.64,0.64,0.65,0.0,0.010000000000000009
m5,0.36,0.36,0.36,0.0,0.0
m15,0.14,0.14,0.14,0.0,0.0
m5,0.59,0.59,0.6,0.0,0.010000000000000009
m5,0.4,0.43,0.43,-0.02999999999999997,0.0
m15,0.09,0.1,0.1,-0.010000000000000009,0.0
h1,0.68,0.68,0.69,0.0,0.009999999999999898
m5,0.3967,0.5,0.43,-0.1033,-0.07
m15,0.09,0.1,0.1,-0.010000000000000009,0.0
m15,0.09,0.1,0.1,-0.010000000000000009,0.0
m5,0.38,0.5,0.43,-0.12,-0.07
m5,0.53,0.51,0.55,0.020000000000000018,0.040000000000000036
m5,0.5325,0.51,0.55,0.022499999999999964,0.040000000000000036
m5,0.45,0.4,0.45,0.04999999999999999,0.04999999999999999
m5,0.5119,0.59,0.6,-0.07809999999999995,0.010000000000000009
m5,0.4,0.44,0.42,-0.03999999999999998,-0.020000000000000018
m5,0.58,0.61,0.6,-0.030000000000000027,-0.010000000000000009
m5,0.62,0.54,0.63,0.07999999999999996,0.08999999999999997
m5,0.6,0.56,0.57,0.039999999999999925,0.009999999999999898
m5,0.5690999999999999,0.55,0.5,0.019099999999999895,-0.050000000000000044
m5,0.5288,0.52,0.56,0.00880000000000003,0.040000000000000036
m5,0.5,0.49,0.45,0.010000000000000009,-0.03999999999999998
m5,0.45,0.45,0.48,0.0,0.02999999999999997
m5,0.45,0.47,0.49,-0.019999999999999962,0.020000000000000018
m5,0.55,0.71,0.64,-0.15999999999999992,-0.06999999999999995
m5,0.35,0.35,0.3,0.0,-0.04999999999999999
m5,0.3,0.28,0.28,0.019999999999999962,0.0
m5,0.28,0.04,0.04,0.24000000000000002,0.0
h1,0.7,0.68,0.68,0.019999999999999907,0.0
m5,0.43,0.43,0.47,0.0,0.03999999999999998
m5,0.36,0.37,0.37,-0.010000000000000009,0.0
m5,0.27,0.27,0.27,0.0,0.0
m5,0.68,0.68,0.68,0.0,0.0
m5,0.3,0.33,0.35,-0.030000000000000027,0.019999999999999962
m5,0.66,0.64,0.64,0.020000000000000018,0.0
m5,0.3,0.32,0.33,-0.020000000000000018,0.010000000000000009
h1,0.66,0.67,0.67,-0.010000000000000009,0.0
h1,0.66,0.68,0.68,-0.020000000000000018,0.0
m15,0.03,0.04,0.04,-0.010000000000000002,0.0
h1,0.68,0.67,0.67,0.010000000000000009,0.0
m15,0.03,0.04,0.04,-0.010000000000000002,0.0
m15,0.03,0.04,0.04,-0.010000000000000002,0.0
m15,0.03,0.04,0.04,-0.010000000000000002,0.0
m15,0.03,0.04,0.04,-0.010000000000000002,0.0
m5,0.62,0.64,0.63,-0.020000000000000018,-0.010000000000000009
m5,0.41,0.39,0.44,0.019999999999999962,0.04999999999999999
m5,0.44,0.38,0.39,0.06,0.010000000000000009
m5,0.51,0.55,0.55,-0.040000000000000036,0.0
m5,0.47,0.42,0.43,0.04999999999999999,0.010000000000000009
m15,0.01,0.01,0.01,0.0,0.0
m5,0.6368,0.84,0.75,-0.20319999999999994,-0.08999999999999997
m5,0.16,0.15,0.16,0.010000000000000009,0.010000000000000009
h1,0.15,0.17,0.17,-0.020000000000000018,0.0
m5,0.16,0.18,0.17,-0.01999999999999999,-0.009999999999999981
m5,0.16,0.16,0.15,0.0,-0.010000000000000009
m5,0.15,0.16,0.15,-0.010000000000000009,-0.010000000000000009
h1,0.17,0.17,0.17,0.0,0.0
h1,0.17,0.17,0.17,0.0,0.0
h1,0.16,0.17,0.17,-0.010000000000000009,0.0
h1,0.16,0.17,0.17,-0.010000000000000009,0.0
h1,0.16,0.17,0.17,-0.010000000000000009,0.0
m5,0.89,0.89,0.89,0.0,0.0
h1,0.16,0.18,0.18,-0.01999999999999999,0.0
h1,0.17,0.18,0.18,-0.009999999999999981,0.0
h1,0.17,0.18,0.18,-0.009999999999999981,0.0
h1,0.17,0.18,0.18,-0.009999999999999981,0.0
m5,0.89,0.89,0.87,0.0,-0.020000000000000018
h1,0.17,0.19,0.18,-0.01999999999999999,-0.010000000000000009
m5,0.88,0.9,0.89,-0.020000000000000018,-0.010000000000000009
h1,0.18,0.19,0.19,-0.010000000000000009,0.0
m5,0.9,0.92,0.89,-0.020000000000000018,-0.030000000000000027
m5,0.92,0.94,0.93,-0.019999999999999907,-0.009999999999999898
h1,0.15,0.17,0.17,-0.020000000000000018,0.0
h1,0.82,0.83,0.84,-0.010000000000000009,0.010000000000000009
m5,0.08,0.06,0.06,0.020000000000000004,0.0
h1,0.15,0.15,0.15,0.0,0.0
h1,0.15,0.16,0.16,-0.010000000000000009,0.0
h1,0.15,0.15,0.16,0.0,0.010000000000000009
h1,0.14,0.15,0.15,-0.009999999999999981,0.0
h1,0.14,0.15,0.15,-0.009999999999999981,0.0
h1,0.08,0.09,0.08,-0.009999999999999995,-0.009999999999999995
h1,0.07,0.09,0.08,-0.01999999999999999,-0.009999999999999995
h1,0.07,0.09,0.08,-0.01999999999999999,-0.009999999999999995
h1,0.07,0.09,0.08,-0.01999999999999999,-0.009999999999999995
h1,0.08,0.08,0.09,0.0,0.009999999999999995
h1,0.08,0.08,0.08,0.0,0.0
h1,0.07,0.08,0.09,-0.009999999999999995,0.009999999999999995
h1,0.91,0.93,0.93,-0.020000000000000018,0.0
h1,0.91,0.93,0.93,-0.020000000000000018,0.0
h1,0.06,0.07,0.07,-0.010000000000000009,0.0
h1,0.06,0.07,0.07,-0.010000000000000009,0.0
h1,0.06,0.07,0.07,-0.010000000000000009,0.0
h1,0.06,0.07,0.07,-0.010000000000000009,0.0
h1,0.06,0.07,0.07,-0.010000000000000009,0.0
h1,0.06,0.07,0.07,-0.010000000000000009,0.0
h1,0.06,0.07,0.07,-0.010000000000000009,0.0
h1,0.06,0.07,0.07,-0.010000000000000009,0.0
h1,0.06,0.07,0.07,-0.010000000000000009,0.0
h1,0.06,0.07,0.07,-0.010000000000000009,0.0
h1,0.06,0.07,0.07,-0.010000000000000009,0.0
h1,0.06,0.07,0.07,-0.010000000000000009,0.0
h1,0.06,0.07,0.07,-0.010000000000000009,0.0
h1,0.06,0.07,0.07,-0.010000000000000009,0.0
h1,0.06,0.07,0.07,-0.010000000000000009,0.0
h1,0.06,0.07,0.07,-0.010000000000000009,0.0
h1,0.06,0.07,0.07,-0.010000000000000009,0.0
h1,0.06,0.07,0.07,-0.010000000000000009,0.0
h1,0.06,0.07,0.07,-0.010000000000000009,0.0
h1,0.06,0.07,0.07,-0.010000000000000009,0.0
h1,0.06,0.07,0.07,-0.010000000000000009,0.0
h1,0.06,0.07,0.07,-0.010000000000000009,0.0
h1,0.06,0.07,0.07,-0.010000000000000009,0.0
h1,0.06,0.07,0.07,-0.010000000000000009,0.0
h1,0.06,0.07,0.07,-0.010000000000000009,0.0
h1,0.06,0.07,0.07,-0.010000000000000009,0.0
m5,0.43,0.48,0.47,-0.04999999999999999,-0.010000000000000009
h1,0.06,0.07,0.07,-0.010000000000000009,0.0
m15,0.48,0.5,0.5,-0.020000000000000018,0.0
m5,0.42,0.44,0.44,-0.020000000000000018,0.0
m5,0.53,0.52,0.55,0.010000000000000009,0.030000000000000027
m5,0.44,0.59,0.59,-0.14999999999999997,0.0
m5,0.42,0.43,0.43,-0.010000000000000009,0.0
m5,0.42,0.43,0.43,-0.010000000000000009,0.0
m5,0.42,0.41,0.41,0.010000000000000009,0.0
m5,0.61,0.62,0.62,-0.010000000000000009,0.0
m15,0.57,0.58,0.58,-0.010000000000000009,0.0
m5,0.46,0.59,0.54,-0.12999999999999995,-0.04999999999999993
h1,0.04,0.04,0.04,0.0,0.0
h1,0.04,0.04,0.04,0.0,0.0
h1,0.04,0.04,0.04,0.0,0.0
h1,0.04,0.04,0.04,0.0,0.0
h1,0.04,0.04,0.04,0.0,0.0
h1,0.04,0.04,0.04,0.0,0.0
h1,0.04,0.04,0.04,0.0,0.0
h1,0.04,0.04,0.04,0.0,0.0
h1,0.04,0.04,0.04,0.0,0.0
m15,0.51,0.6,0.59,-0.08999999999999997,-0.010000000000000009
m15,0.43,0.39,0.41,0.03999999999999998,0.019999999999999962
m15,0.41,0.38,0.38,0.02999999999999997,0.0
m15,0.41,0.38,0.38,0.02999999999999997,0.0
m15,0.41,0.38,0.38,0.02999999999999997,0.0
m15,0.41,0.38,0.38,0.02999999999999997,0.0
m15,0.38,0.38,0.38,0.0,0.0
m5,0.23,0.22,0.23,0.010000000000000009,0.010000000000000009
m15,0.41,0.37,0.38,0.03999999999999998,0.010000000000000009
m15,0.42,0.37,0.38,0.04999999999999999,0.010000000000000009
m5,0.81,0.82,0.81,-0.009999999999999898,-0.009999999999999898
m5,0.24,0.26,0.26,-0.020000000000000018,0.0
m15,0.56,0.57,0.57,-0.009999999999999898,0.0
m15,0.56,0.57,0.57,-0.009999999999999898,0.0
m15,0.56,0.58,0.58,-0.019999999999999907,0.0
m15,0.42,0.41,0.43,0.010000000000000009,0.020000000000000018
m15,0.42,0.41,0.43,0.010000000000000009,0.020000000000000018
m15,0.42,0.4,0.41,0.019999999999999962,0.009999999999999953
m5,0.74,0.78,0.78,-0.040000000000000036,0.0
m5,0.74,0.78,0.78,-0.040000000000000036,0.0
m5,0.82,0.96,0.91,-0.14,-0.04999999999999993
m15,0.67,0.78,0.73,-0.10999999999999999,-0.050000000000000044
m15,0.74,0.73,0.74,0.010000000000000009,0.010000000000000009
m15,0.74,0.73,0.74,0.010000000000000009,0.010000000000000009
h1,0.98,0.98,0.98,0.0,0.0
m15,0.74,0.73,0.74,0.010000000000000009,0.010000000000000009
m15,0.74,0.71,0.71,0.030000000000000027,0.0
m5,0.04650000000000001,0.1,0.09,-0.0535,-0.010000000000000009
h1,0.98,0.98,0.98,0.0,0.0
h1,0.98,0.98,0.98,0.0,0.0
h1,0.97,0.98,0.98,-0.010000000000000009,0.0
m5,0.06,0.11,0.11,-0.05,0.0
m15,0.7,0.71,0.71,-0.010000000000000009,0.0
m15,0.28,0.3,0.3,-0.019999999999999962,0.0
m15,0.69,0.72,0.69,-0.030000000000000027,-0.030000000000000027
m15,0.69,0.72,0.69,-0.030000000000000027,-0.030000000000000027
m15,0.69,0.72,0.69,-0.030000000000000027,-0.030000000000000027
m15,0.69,0.72,0.69,-0.030000000000000027,-0.030000000000000027
m15,0.69,0.72,0.69,-0.030000000000000027,-0.030000000000000027
m5,0.91,0.95,0.96,-0.039999999999999925,0.010000000000000009
m5,0.15,0.13,0.15,0.01999999999999999,0.01999999999999999
m5,0.83,0.88,0.87,-0.050000000000000044,-0.010000000000000009
m5,0.13,0.15,0.15,-0.01999999999999999,0.0
h1,0.03,0.05,0.03,-0.020000000000000004,-0.020000000000000004
h1,0.03,0.05,0.05,-0.020000000000000004,0.0
h1,0.03,0.05,0.05,-0.020000000000000004,0.0
m5,0.58,0.64,0.59,-0.06000000000000005,-0.050000000000000044
m5,0.58,0.75,0.71,-0.17000000000000004,-0.040000000000000036
m5,0.37,0.28,0.27,0.08999999999999997,-0.010000000000000009
m5,0.2809,0.31,0.28,-0.029100000000000015,-0.02999999999999997
m5,0.61,0.59,0.63,0.020000000000000018,0.040000000000000036
m5,0.62,0.63,0.59,-0.010000000000000009,-0.040000000000000036
m5,0.37579999999999997,0.43,0.42,-0.054200000000000026,-0.010000000000000009
m5,0.59,0.44,0.47,0.14999999999999997,0.02999999999999997
m5,0.39,0.57,0.54,-0.17999999999999994,-0.029999999999999916
m5,0.5,0.56,0.54,-0.06000000000000005,-0.020000000000000018
m5,0.45,0.56,0.54,-0.11000000000000004,-0.020000000000000018
m5,0.5,0.55,0.57,-0.050000000000000044,0.019999999999999907
m5,0.43,0.43,0.49,0.0,0.06
m5,0.57,0.55,0.53,0.019999999999999907,-0.020000000000000018
m5,0.52,0.55,0.53,-0.030000000000000027,-0.020000000000000018
m5,0.44,0.41,0.44,0.030000000000000027,0.030000000000000027
m5,0.56,0.53,0.66,0.030000000000000027,0.13
m5,0.5608,0.53,0.66,0.03079999999999994,0.13
m5,0.59,0.53,0.66,0.05999999999999994,0.13
m5,0.64,0.54,0.56,0.09999999999999998,0.020000000000000018
m5,0.43,0.32,0.36,0.10999999999999999,0.03999999999999998
m5,0.449,0.32,0.36,0.129,0.03999999999999998
m5,0.36,0.17,0.26,0.18999999999999997,0.09
m5,0.39,0.17,0.26,0.22,0.09
m5,0.7998999999999999,0.95,0.88,-0.1501,-0.06999999999999995
h1,0.04,0.06,0.05,-0.019999999999999997,-0.009999999999999995
h1,0.04,0.06,0.05,-0.019999999999999997,-0.009999999999999995
h1,0.04,0.06,0.05,-0.019999999999999997,-0.009999999999999995
h1,0.05,0.04,0.04,0.010000000000000002,0.0
h1,0.05,0.04,0.04,0.010000000000000002,0.0
h1,0.05,0.04,0.04,0.010000000000000002,0.0
h1,0.05,0.04,0.04,0.010000000000000002,0.0
m15,0.3643,0.39,0.38,-0.0257,-0.010000000000000009
m15,0.375,0.39,0.38,-0.015000000000000013,-0.010000000000000009
h1,0.05,0.04,0.04,0.010000000000000002,0.0
h1,0.05,0.04,0.04,0.010000000000000002,0.0
h1,0.03,0.04,0.04,-0.010000000000000002,0.0
h1,0.03,0.04,0.04,-0.010000000000000002,0.0
h1,0.03,0.04,0.04,-0.010000000000000002,0.0
h1,0.03,0.04,0.04,-0.010000000000000002,0.0
h1,0.03,0.04,0.04,-0.010000000000000002,0.0
h1,0.04,0.04,0.04,0.0,0.0
h1,0.03,0.04,0.04,-0.010000000000000002,0.0
h1,0.03,0.04,0.04,-0.010000000000000002,0.0
m5,0.46,0.49,0.49,-0.02999999999999997,0.0
h1,0.03,0.04,0.04,-0.010000000000000002,0.0
h1,0.03,0.04,0.04,-0.010000000000000002,0.0
h1,0.04,0.05,0.05,-0.010000000000000002,0.0
h1,0.04,0.05,0.05,-0.010000000000000002,0.0
h1,0.04,0.05,0.05,-0.010000000000000002,0.0
h1,0.04,0.05,0.05,-0.010000000000000002,0.0
h1,0.04,0.05,0.05,-0.010000000000000002,0.0
h1,0.04,0.05,0.05,-0.010000000000000002,0.0
h1,0.04,0.05,0.05,-0.010000000000000002,0.0
h1,0.04,0.05,0.05,-0.010000000000000002,0.0
h1,0.04,0.05,0.05,-0.010000000000000002,0.0
h1,0.04,0.05,0.05,-0.010000000000000002,0.0
h1,0.04,0.05,0.05,-0.010000000000000002,0.0
h1,0.04,0.05,0.05,-0.010000000000000002,0.0
h1,0.04,0.05,0.05,-0.010000000000000002,0.0
h1,0.04,0.05,0.05,-0.010000000000000002,0.0
h1,0.04,0.05,0.05,-0.010000000000000002,0.0
h1,0.04,0.05,0.05,-0.010000000000000002,0.0
h1,0.04,0.05,0.05,-0.010000000000000002,0.0
h1,0.04,0.05,0.05,-0.010000000000000002,0.0
h1,0.04,0.05,0.05,-0.010000000000000002,0.0
h1,0.04,0.05,0.05,-0.010000000000000002,0.0
h1,0.04,0.05,0.05,-0.010000000000000002,0.0
h1,0.04,0.05,0.05,-0.010000000000000002,0.0
h1,0.04,0.05,0.05,-0.010000000000000002,0.0
h1,0.04,0.05,0.05,-0.010000000000000002,0.0
h1,0.04,0.05,0.05,-0.010000000000000002,0.0
h1,0.04,0.05,0.05,-0.010000000000000002,0.0
h1,0.04,0.05,0.05,-0.010000000000000002,0.0
h1,0.04,0.05,0.05,-0.010000000000000002,0.0
h1,0.04,0.05,0.05,-0.010000000000000002,0.0
h1,0.04,0.05,0.05,-0.010000000000000002,0.0
h1,0.04,0.05,0.05,-0.010000000000000002,0.0
h1,0.04,0.05,0.05,-0.010000000000000002,0.0
h1,0.04,0.05,0.05,-0.010000000000000002,0.0
h1,0.04,0.05,0.05,-0.010000000000000002,0.0
h1,0.04,0.05,0.05,-0.010000000000000002,0.0
h1,0.04,0.05,0.05,-0.010000000000000002,0.0
h1,0.04,0.05,0.05,-0.010000000000000002,0.0
h1,0.04,0.05,0.05,-0.010000000000000002,0.0
h1,0.04,0.05,0.05,-0.010000000000000002,0.0
h1,0.04,0.05,0.05,-0.010000000000000002,0.0
h1,0.04,0.05,0.05,-0.010000000000000002,0.0
h1,0.04,0.04,0.04,0.0,0.0
h1,0.04,0.04,0.04,0.0,0.0
h1,0.04,0.04,0.04,0.0,0.0
h1,0.04,0.04,0.04,0.0,0.0
h1,0.04,0.04,0.04,0.0,0.0
h1,0.04,0.04,0.04,0.0,0.0
h1,0.04,0.04,0.04,0.0,0.0
h1,0.04,0.04,0.04,0.0,0.0
h1,0.04,0.04,0.04,0.0,0.0
h1,0.04,0.04,0.04,0.0,0.0
h1,0.04,0.04,0.04,0.0,0.0
h1,0.04,0.04,0.04,0.0,0.0
h1,0.04,0.04,0.04,0.0,0.0
h1,0.04,0.04,0.04,0.0,0.0
h1,0.04,0.04,0.04,0.0,0.0
h1,0.04,0.04,0.04,0.0,0.0
h1,0.04,0.04,0.04,0.0,0.0
h1,0.04,0.04,0.04,0.0,0.0
h1,0.04,0.04,0.04,0.0,0.0
h1,0.04,0.04,0.04,0.0,0.0
h1,0.04,0.04,0.04,0.0,0.0
h1,0.04,0.04,0.04,0.0,0.0
h1,0.04,0.04,0.04,0.0,0.0
h1,0.04,0.04,0.04,0.0,0.0
h1,0.04,0.04,0.04,0.0,0.0
h1,0.04,0.04,0.04,0.0,0.0
h1,0.04,0.04,0.04,0.0,0.0
h1,0.04,0.04,0.04,0.0,0.0
h1,0.04,0.04,0.04,0.0,0.0
h1,0.04,0.04,0.04,0.0,0.0
h1,0.04,0.04,0.04,0.0,0.0
m5,0.39,0.39,0.41,0.0,0.019999999999999962
h1,0.04,0.05,0.05,-0.010000000000000002,0.0
h1,0.04,0.05,0.05,-0.010000000000000002,0.0
h1,0.04,0.05,0.05,-0.010000000000000002,0.0
h1,0.04,0.05,0.05,-0.010000000000000002,0.0
h1,0.04,0.05,0.05,-0.010000000000000002,0.0
h1,0.04,0.05,0.05,-0.010000000000000002,0.0
h1,0.04,0.05,0.05,-0.010000000000000002,0.0
h1,0.04,0.05,0.05,-0.010000000000000002,0.0
h1,0.04,0.05,0.05,-0.010000000000000002,0.0
h1,0.04,0.05,0.05,-0.010000000000000002,0.0
h1,0.04,0.05,0.05,-0.010000000000000002,0.0
h1,0.04,0.05,0.05,-0.010000000000000002,0.0
h1,0.04,0.05,0.05,-0.010000000000000002,0.0
h1,0.04,0.05,0.05,-0.010000000000000002,0.0
h1,0.04,0.05,0.05,-0.010000000000000002,0.0
h1,0.04,0.05,0.05,-0.010000000000000002,0.0
h1,0.04,0.05,0.05,-0.010000000000000002,0.0
h1,0.04,0.05,0.05,-0.010000000000000002,0.0
h1,0.04,0.05,0.05,-0.010000000000000002,0.0
h1,0.04,0.05,0.05,-0.010000000000000002,0.0
h1,0.04,0.05,0.05,-0.010000000000000002,0.0
h1,0.04,0.05,0.05,-0.010000000000000002,0.0
h1,0.04,0.05,0.05,-0.010000000000000002,0.0
h1,0.04,0.05,0.05,-0.010000000000000002,0.0
h1,0.04,0.05,0.05,-0.010000000000000002,0.0
h1,0.04,0.05,0.05,-0.010000000000000002,0.0
h1,0.04,0.05,0.05,-0.010000000000000002,0.0
h1,0.04,0.05,0.05,-0.010000000000000002,0.0
h1,0.04,0.05,0.05,-0.010000000000000002,0.0
h1,0.04,0.05,0.05,-0.010000000000000002,0.0
h1,0.04,0.05,0.05,-0.010000000000000002,0.0
h1,0.04,0.05,0.05,-0.010000000000000002,0.0
h1,0.04,0.05,0.05,-0.010000000000000002,0.0
h1,0.04,0.05,0.05,-0.010000000000000002,0.0
h1,0.04,0.05,0.05,-0.010000000000000002,0.0
h1,0.04,0.05,0.05,-0.010000000000000002,0.0
h1,0.04,0.05,0.05,-0.010000000000000002,0.0
h1,0.04,0.05,0.05,-0.010000000000000002,0.0
h1,0.04,0.05,0.05,-0.010000000000000002,0.0
h1,0.04,0.05,0.05,-0.010000000000000002,0.0
h1,0.04,0.05,0.05,-0.010000000000000002,0.0
h1,0.04,0.05,0.05,-0.010000000000000002,0.0
h1,0.04,0.05,0.05,-0.010000000000000002,0.0
m5,0.34,0.39,0.39,-0.04999999999999999,0.0
m5,0.36,0.39,0.39,-0.030000000000000027,0.0
h1,0.951,0.95,0.95,0.0010000000000000009,0.0
h1,0.951,0.95,0.95,0.0010000000000000009,0.0
h1,0.951,0.95,0.95,0.0010000000000000009,0.0
m15,0.68,0.73,0.71,-0.04999999999999993,-0.020000000000000018
m5,0.26,0.25,0.26,0.010000000000000009,0.010000000000000009
h1,0.069,0.07,0.07,-0.0010000000000000009,0.0
h1,0.07,0.07,0.07,0.0,0.0
h1,0.932,0.94,0.94,-0.007999999999999896,0.0
m5,0.69,0.7,0.7,-0.010000000000000009,0.0
m5,0.68,0.7,0.7,-0.019999999999999907,0.0
h1,0.055999999999999994,0.06,0.07,-0.0040000000000000036,0.010000000000000009
m5,0.2,0.2,0.21,0.0,0.009999999999999981
m5,0.7,0.68,0.7,0.019999999999999907,0.019999999999999907
m5,0.26,0.33,0.31,-0.07,-0.020000000000000018
m5,0.31,0.32,0.33,-0.010000000000000009,0.010000000000000009
m5,0.68,0.69,0.68,-0.009999999999999898,-0.009999999999999898
m5,0.68,0.69,0.68,-0.009999999999999898,-0.009999999999999898
m5,0.32,0.33,0.33,-0.010000000000000009,0.0
h1,0.9590000000000001,0.96,0.96,-0.0009999999999998899,0.0
h1,0.037000000000000005,0.04,0.04,-0.0029999999999999957,0.0
h1,0.038,0.04,0.04,-0.0020000000000000018,0.0
h1,0.038,0.04,0.04,-0.0020000000000000018,0.0
h1,0.038,0.04,0.04,-0.0020000000000000018,0.0
h1,0.038,0.04,0.04,-0.0020000000000000018,0.0
h1,0.038,0.04,0.04,-0.0020000000000000018,0.0
h1,0.038,0.04,0.04,-0.0020000000000000018,0.0
m5,0.22,0.24,0.24,-0.01999999999999999,0.0
h1,0.027000000000000003,0.02,0.02,0.007000000000000003,0.0
h1,0.9790000000000001,0.98,0.98,-0.0009999999999998899,0.0
h1,0.9790000000000001,0.98,0.98,-0.0009999999999998899,0.0
h1,0.9790000000000001,0.98,0.98,-0.0009999999999998899,0.0
h1,0.016,0.02,0.02,-0.004,0.0
m5,0.56,0.62,0.62,-0.05999999999999994,0.0
m15,0.65,0.65,0.65,0.0,0.0
m5,0.39,0.41,0.41,-0.019999999999999962,0.0
h1,0.016,0.02,0.02,-0.004,0.0
h1,0.983,0.98,0.98,0.0030000000000000027,0.0
h1,0.983,0.98,0.98,0.0030000000000000027,0.0
h1,0.011000000000000001,0.01,0.01,0.0010000000000000009,0.0
h1,0.988,0.99,0.99,-0.0020000000000000018,0.0
h1,0.9890000000000001,0.99,0.99,-0.0009999999999998899,0.0
h1,0.9890000000000001,0.99,0.99,-0.0009999999999998899,0.0
h1,0.9890000000000001,0.99,0.99,-0.0009999999999998899,0.0
m5,0.26,0.18,0.2,0.08000000000000002,0.020000000000000018
m5,0.81,0.77,0.78,0.040000000000000036,0.010000000000000009
m5,0.35,0.36,0.36,-0.010000000000000009,0.0
m5,0.31,0.34,0.34,-0.030000000000000027,0.0
m5,0.18,0.08,0.14,0.09999999999999999,0.06000000000000001
m5,0.14,0.09,0.09,0.05000000000000002,0.0
m5,0.1,0.08,0.09,0.020000000000000004,0.009999999999999995
m5,0.97,0.98,0.97,-0.010000000000000009,-0.010000000000000009
m5,0.51,0.6,0.57,-0.08999999999999997,-0.030000000000000027
m15,0.75,0.74,0.76,0.010000000000000009,0.020000000000000018
m5,0.5487,0.58,0.6,-0.031299999999999994,0.020000000000000018
m15,0.7351000000000001,0.74,0.76,-0.004899999999999904,0.020000000000000018
h1,0.002,0.0,0.0,0.002,0.0
h1,0.003,0.0,0.0,0.003,0.0
h1,0.003,0.0,0.0,0.003,0.0
h1,0.997,1.0,1.0,-0.0030000000000000027,0.0
h1,0.997,1.0,1.0,-0.0030000000000000027,0.0
m15,0.35,0.42,0.43,-0.07,0.010000000000000009
m5,0.54,0.66,0.65,-0.12,-0.010000000000000009
m5,0.5603,0.65,0.64,-0.0897,-0.010000000000000009
m5,0.35,0.37,0.36,-0.020000000000000018,-0.010000000000000009
m15,0.24,0.23,0.23,0.009999999999999981,0.0
h1,0.998,1.0,1.0,-0.0020000000000000018,0.0
m5,0.44,0.38,0.43,0.06,0.04999999999999999
m15,0.1957,0.25,0.24,-0.05429999999999999,-0.010000000000000009
m5,0.52,0.56,0.54,-0.040000000000000036,-0.020000000000000018
h1,0.997,1.0,1.0,-0.0030000000000000027,0.0
m5,0.42,0.52,0.52,-0.10000000000000003,0.0
m5,0.49,0.46,0.48,0.02999999999999997,0.019999999999999962
m15,0.25,0.24,0.26,0.010000000000000009,0.020000000000000018
m5,0.46,0.46,0.46,0.0,0.0
m15,0.08,0.1,0.12,-0.020000000000000004,0.01999999999999999
m15,0.08,0.1,0.12,-0.020000000000000004,0.01999999999999999
m15,0.08,0.1,0.12,-0.020000000000000004,0.01999999999999999
m15,0.08,0.1,0.12,-0.020000000000000004,0.01999999999999999
m15,0.08,0.1,0.12,-0.020000000000000004,0.01999999999999999
m15,0.08,0.1,0.12,-0.020000000000000004,0.01999999999999999
m15,0.08,0.1,0.12,-0.020000000000000004,0.01999999999999999
m15,0.08,0.1,0.12,-0.020000000000000004,0.01999999999999999
m15,0.08,0.1,0.12,-0.020000000000000004,0.01999999999999999
m15,0.08,0.1,0.12,-0.020000000000000004,0.01999999999999999
m5,0.7392,0.78,0.78,-0.04080000000000006,0.0
m15,0.08,0.1,0.1,-0.020000000000000004,0.0
m5,0.23,0.15,0.15,0.08000000000000002,0.0
m5,0.15,0.1,0.12,0.04999999999999999,0.01999999999999999
m15,0.93,0.98,0.97,-0.04999999999999993,-0.010000000000000009
m15,0.93,0.98,0.97,-0.04999999999999993,-0.010000000000000009
m15,0.93,0.98,0.97,-0.04999999999999993,-0.010000000000000009
m15,0.93,0.98,0.97,-0.04999999999999993,-0.010000000000000009
m15,0.93,0.98,0.97,-0.04999999999999993,-0.010000000000000009
m15,0.93,0.98,0.97,-0.04999999999999993,-0.010000000000000009
m15,0.93,0.98,0.97,-0.04999999999999993,-0.010000000000000009
m5,0.84,0.94,0.9,-0.09999999999999998,-0.039999999999999925
m15,0.93,0.98,0.97,-0.04999999999999993,-0.010000000000000009
m15,0.93,0.98,0.97,-0.04999999999999993,-0.010000000000000009
m15,0.02,0.03,0.03,-0.009999999999999998,0.0
m15,0.02,0.02,0.03,0.0,0.009999999999999998
m15,0.02,0.02,0.03,0.0,0.009999999999999998
m15,0.02,0.02,0.03,0.0,0.009999999999999998
m15,0.02,0.02,0.03,0.0,0.009999999999999998
m15,0.02,0.02,0.03,0.0,0.009999999999999998
m15,0.02,0.02,0.03,0.0,0.009999999999999998
m15,0.02,0.02,0.02,0.0,0.0
m15,0.02,0.02,0.02,0.0,0.0
m15,0.01,0.01,0.01,0.0,0.0
h1,0.4654,0.44,0.47,0.025399999999999978,0.02999999999999997
h1,0.48,0.44,0.47,0.03999999999999998,0.02999999999999997
h1,0.48,0.44,0.47,0.03999999999999998,0.02999999999999997
h1,0.47,0.44,0.47,0.02999999999999997,0.02999999999999997
m15,0.51,0.58,0.57,-0.06999999999999995,-0.010000000000000009
h1,0.48,0.44,0.44,0.03999999999999998,0.0
m5,0.5225,0.62,0.61,-0.09750000000000003,-0.010000000000000009
m15,0.59,0.6,0.6,-0.010000000000000009,0.0
m15,0.59,0.64,0.6,-0.050000000000000044,-0.040000000000000036
m15,0.59,0.64,0.6,-0.050000000000000044,-0.040000000000000036
m15,0.36,0.39,0.39,-0.030000000000000027,0.0
m5,0.38,0.35,0.35,0.030000000000000027,0.0
m15,0.36,0.39,0.39,-0.030000000000000027,0.0
m15,0.36,0.39,0.39,-0.030000000000000027,0.0
m15,0.36,0.39,0.39,-0.030000000000000027,0.0
m15,0.36,0.39,0.39,-0.030000000000000027,0.0
m15,0.37,0.39,0.39,-0.020000000000000018,0.0
m15,0.37,0.39,0.39,-0.020000000000000018,0.0
m15,0.61,0.56,0.62,0.04999999999999993,0.05999999999999994
m15,0.61,0.56,0.62,0.04999999999999993,0.05999999999999994
m15,0.61,0.56,0.62,0.04999999999999993,0.05999999999999994
m15,0.61,0.56,0.62,0.04999999999999993,0.05999999999999994
m15,0.61,0.57,0.56,0.040000000000000036,-0.009999999999999898
m5,0.3703,0.45,0.44,-0.0797,-0.010000000000000009
h1,0.41,0.44,0.44,-0.030000000000000027,0.0
m15,0.61,0.58,0.58,0.030000000000000027,0.0
h1,0.41,0.44,0.44,-0.030000000000000027,0.0
m15,0.61,0.58,0.58,0.030000000000000027,0.0
m5,0.56,0.51,0.54,0.050000000000000044,0.030000000000000027
m15,0.41,0.46,0.45,-0.050000000000000044,-0.010000000000000009
m15,0.44,0.47,0.45,-0.02999999999999997,-0.019999999999999962
m15,0.44,0.47,0.45,-0.02999999999999997,-0.019999999999999962
m15,0.43,0.47,0.45,-0.03999999999999998,-0.019999999999999962
h1,0.43,0.44,0.45,-0.010000000000000009,0.010000000000000009
m5,0.5,0.51,0.52,-0.010000000000000009,0.010000000000000009
m5,0.37,0.38,0.42,-0.010000000000000009,0.03999999999999998
m15,0.58,0.6,0.6,-0.020000000000000018,0.0
m15,0.58,0.6,0.6,-0.020000000000000018,0.0
m5,0.33,0.36,0.33,-0.02999999999999997,-0.02999999999999997
m15,0.6,0.6,0.6,0.0,0.0
m5,0.36,0.38,0.39,-0.020000000000000018,0.010000000000000009
m5,0.31,0.34,0.31,-0.030000000000000027,-0.030000000000000027
m15,0.33,0.35,0.35,-0.019999999999999962,0.0
m5,0.27,0.32,0.28,-0.04999999999999999,-0.03999999999999998
m5,0.28,0.32,0.32,-0.03999999999999998,0.0
m15,0.62,0.64,0.63,-0.020000000000000018,-0.010000000000000009
m15,0.62,0.64,0.63,-0.020000000000000018,-0.010000000000000009
m15,0.31,0.32,0.32,-0.010000000000000009,0.0
m15,0.31,0.33,0.32,-0.020000000000000018,-0.010000000000000009
m5,0.24,0.23,0.23,0.009999999999999981,0.0
m5,0.22,0.24,0.25,-0.01999999999999999,0.010000000000000009
m15,0.66,0.67,0.68,-0.010000000000000009,0.010000000000000009
m5,0.72,0.74,0.74,-0.020000000000000018,0.0
m5,0.71,0.74,0.74,-0.030000000000000027,0.0
h1,0.64,0.66,0.66,-0.020000000000000018,0.0
h1,0.64,0.66,0.66,-0.020000000000000018,0.0
h1,0.64,0.66,0.66,-0.020000000000000018,0.0
m5,0.77,0.85,0.84,-0.07999999999999996,-0.010000000000000009
h1,0.66,0.68,0.67,-0.020000000000000018,-0.010000000000000009
h1,0.66,0.68,0.67,-0.020000000000000018,-0.010000000000000009
h1,0.67,0.68,0.68,-0.010000000000000009,0.0
m15,0.22,0.26,0.24,-0.04000000000000001,-0.020000000000000018
h1,0.68,0.69,0.69,-0.009999999999999898,0.0
h1,0.68,0.69,0.69,-0.009999999999999898,0.0
h1,0.68,0.7,0.7,-0.019999999999999907,0.0
m15,0.19,0.19,0.18,0.0,-0.010000000000000009
m15,0.19,0.19,0.18,0.0,-0.010000000000000009
m15,0.17,0.19,0.19,-0.01999999999999999,0.0
h1,0.7,0.72,0.72,-0.020000000000000018,0.0
m15,0.18,0.19,0.19,-0.010000000000000009,0.0
m15,0.17,0.19,0.19,-0.01999999999999999,0.0
m15,0.17,0.19,0.19,-0.01999999999999999,0.0
m15,0.19,0.19,0.19,0.0,0.0
m15,0.17,0.19,0.19,-0.01999999999999999,0.0
m15,0.17,0.19,0.19,-0.01999999999999999,0.0
h1,0.73,0.74,0.74,-0.010000000000000009,0.0
m15,0.81,0.85,0.84,-0.039999999999999925,-0.010000000000000009
m15,0.83,0.86,0.85,-0.030000000000000027,-0.010000000000000009
h1,0.73,0.75,0.74,-0.020000000000000018,-0.010000000000000009
h1,0.75,0.76,0.76,-0.010000000000000009,0.0
h1,0.74,0.76,0.76,-0.020000000000000018,0.0
h1,0.74,0.76,0.76,-0.020000000000000018,0.0
h1,0.75,0.76,0.76,-0.010000000000000009,0.0
h1,0.75,0.76,0.76,-0.010000000000000009,0.0
h1,0.75,0.76,0.76,-0.010000000000000009,0.0
h1,0.75,0.76,0.76,-0.010000000000000009,0.0
h1,0.75,0.76,0.76,-0.010000000000000009,0.0
h1,0.75,0.76,0.76,-0.010000000000000009,0.0
h1,0.75,0.77,0.76,-0.020000000000000018,-0.010000000000000009
h1,0.76,0.77,0.77,-0.010000000000000009,0.0
m15,0.88,0.9,0.9,-0.020000000000000018,0.0
h1,0.76,0.77,0.77,-0.010000000000000009,0.0
m15,0.09,0.1,0.1,-0.010000000000000009,0.0
m15,0.09,0.1,0.1,-0.010000000000000009,0.0
m15,0.09,0.1,0.1,-0.010000000000000009,0.0
h1,0.22,0.24,0.23,-0.01999999999999999,-0.009999999999999981
m15,0.88,0.9,0.9,-0.020000000000000018,0.0
h1,0.21,0.21,0.22,0.0,0.010000000000000009
h1,0.79,0.8,0.8,-0.010000000000000009,0.0
h1,0.79,0.8,0.8,-0.010000000000000009,0.0
h1,0.79,0.82,0.81,-0.029999999999999916,-0.009999999999999898
h1,0.8,0.82,0.81,-0.019999999999999907,-0.009999999999999898
h1,0.8,0.82,0.82,-0.019999999999999907,0.0
h1,0.81,0.82,0.82,-0.009999999999999898,0.0
h1,0.81,0.82,0.82,-0.009999999999999898,0.0
h1,0.81,0.82,0.82,-0.009999999999999898,0.0
h1,0.81,0.82,0.82,-0.009999999999999898,0.0
h1,0.81,0.82,0.82,-0.009999999999999898,0.0
h1,0.81,0.82,0.82,-0.009999999999999898,0.0
h1,0.81,0.82,0.82,-0.009999999999999898,0.0
h1,0.81,0.82,0.82,-0.009999999999999898,0.0
h1,0.81,0.82,0.82,-0.009999999999999898,0.0
h1,0.81,0.82,0.82,-0.009999999999999898,0.0
h1,0.81,0.81,0.82,0.0,0.009999999999999898
h1,0.81,0.81,0.82,0.0,0.009999999999999898
h1,0.81,0.81,0.82,0.0,0.009999999999999898
h1,0.81,0.81,0.82,0.0,0.009999999999999898
h1,0.81,0.81,0.82,0.0,0.009999999999999898
h1,0.81,0.81,0.82,0.0,0.009999999999999898
h1,0.82,0.82,0.82,0.0,0.0
h1,0.81,0.82,0.82,-0.009999999999999898,0.0
h1,0.81,0.82,0.82,-0.009999999999999898,0.0
h1,0.81,0.82,0.82,-0.009999999999999898,0.0
h1,0.81,0.82,0.82,-0.009999999999999898,0.0
h1,0.81,0.82,0.82,-0.009999999999999898,0.0
h1,0.81,0.82,0.82,-0.009999999999999898,0.0
h1,0.82,0.82,0.82,0.0,0.0
h1,0.81,0.82,0.82,-0.009999999999999898,0.0
h1,0.81,0.82,0.82,-0.009999999999999898,0.0
h1,0.81,0.82,0.82,-0.009999999999999898,0.0
h1,0.81,0.82,0.82,-0.009999999999999898,0.0
h1,0.81,0.82,0.82,-0.009999999999999898,0.0
h1,0.81,0.82,0.82,-0.009999999999999898,0.0
h1,0.19,0.21,0.21,-0.01999999999999999,0.0
h1,0.79,0.8,0.8,-0.010000000000000009,0.0
h1,0.19,0.21,0.21,-0.01999999999999999,0.0
h1,0.19,0.21,0.21,-0.01999999999999999,0.0
h1,0.19,0.21,0.21,-0.01999999999999999,0.0
m5,0.6,0.65,0.63,-0.050000000000000044,-0.020000000000000018
m5,0.6,0.74,0.73,-0.14,-0.010000000000000009
h1,0.79,0.77,0.78,0.020000000000000018,0.010000000000000009
h1,0.79,0.77,0.78,0.020000000000000018,0.010000000000000009
h1,0.79,0.77,0.78,0.020000000000000018,0.010000000000000009
h1,0.79,0.77,0.78,0.020000000000000018,0.010000000000000009
m15,0.88,0.89,0.89,-0.010000000000000009,0.0
m15,0.1,0.11,0.11,-0.009999999999999995,0.0
h1,0.75,0.76,0.76,-0.010000000000000009,0.0
h1,0.75,0.76,0.76,-0.010000000000000009,0.0
h1,0.75,0.76,0.76,-0.010000000000000009,0.0
h1,0.75,0.76,0.76,-0.010000000000000009,0.0
h1,0.75,0.76,0.76,-0.010000000000000009,0.0
m5,0.26,0.29,0.28,-0.02999999999999997,-0.009999999999999953
m5,0.25,0.29,0.28,-0.03999999999999998,-0.009999999999999953
h1,0.78,0.79,0.79,-0.010000000000000009,0.0
m15,0.08,0.08,0.08,0.0,0.0
m15,0.08,0.08,0.08,0.0,0.0
m15,0.08,0.08,0.08,0.0,0.0
m15,0.08,0.08,0.08,0.0,0.0
m15,0.08,0.08,0.08,0.0,0.0
m15,0.08,0.08,0.08,0.0,0.0
m15,0.08,0.08,0.08,0.0,0.0
m15,0.08,0.08,0.08,0.0,0.0
m15,0.08,0.08,0.08,0.0,0.0
m15,0.08,0.08,0.08,0.0,0.0
m15,0.08,0.08,0.08,0.0,0.0
m15,0.08,0.08,0.08,0.0,0.0
m15,0.08,0.08,0.08,0.0,0.0
m15,0.08,0.08,0.08,0.0,0.0
h1,0.79,0.8,0.8,-0.010000000000000009,0.0
m15,0.07,0.07,0.07,0.0,0.0
m15,0.07,0.07,0.07,0.0,0.0
m5,0.37,0.45,0.44,-0.08000000000000002,-0.010000000000000009
m5,0.3,0.32,0.3,-0.020000000000000018,-0.020000000000000018
m5,0.3,0.39,0.39,-0.09000000000000002,0.0
m5,0.5046,0.53,0.52,-0.025399999999999978,-0.010000000000000009
m5,0.41,0.44,0.44,-0.030000000000000027,0.0
m5,0.32,0.39,0.39,-0.07,0.0
m5,0.37,0.37,0.37,0.0,0.0
m5,0.61,0.66,0.66,-0.050000000000000044,0.0
m5,0.56,0.62,0.63,-0.05999999999999994,0.010000000000000009
h1,0.84,0.86,0.86,-0.020000000000000018,0.0
h1,0.84,0.86,0.86,-0.020000000000000018,0.0
h1,0.85,0.86,0.86,-0.010000000000000009,0.0
h1,0.85,0.86,0.86,-0.010000000000000009,0.0
h1,0.87,0.88,0.88,-0.010000000000000009,0.0
h1,0.86,0.88,0.88,-0.020000000000000018,0.0
h1,0.86,0.88,0.88,-0.020000000000000018,0.0
h1,0.87,0.88,0.88,-0.010000000000000009,0.0
h1,0.87,0.89,0.89,-0.020000000000000018,0.0
h1,0.87,0.89,0.89,-0.020000000000000018,0.0
h1,0.87,0.89,0.89,-0.020000000000000018,0.0
h1,0.87,0.9,0.89,-0.030000000000000027,-0.010000000000000009
h1,0.87,0.9,0.89,-0.030000000000000027,-0.010000000000000009
m5,0.061900000000000004,0.06,0.06,0.0019000000000000059,0.0
m5,0.06,0.07,0.05,-0.010000000000000009,-0.020000000000000004
h1,0.87,0.9,0.9,-0.030000000000000027,0.0
h1,0.1,0.12,0.11,-0.01999999999999999,-0.009999999999999995
h1,0.11,0.12,0.12,-0.009999999999999995,0.0
h1,0.1,0.12,0.12,-0.01999999999999999,0.0
h1,0.1,0.12,0.12,-0.01999999999999999,0.0
m5,0.11,0.12,0.13,-0.009999999999999995,0.010000000000000009
h1,0.12,0.13,0.13,-0.010000000000000009,0.0
h1,0.12,0.13,0.13,-0.010000000000000009,0.0
m15,0.01,0.01,0.01,0.0,0.0
m5,0.85,0.92,0.9,-0.07000000000000006,-0.020000000000000018
h1,0.11,0.13,0.12,-0.020000000000000004,-0.010000000000000009
m5,0.89,0.94,0.95,-0.04999999999999993,0.010000000000000009
m5,0.03,0.04,0.03,-0.010000000000000002,-0.010000000000000002
h1,0.12,0.14,0.13,-0.020000000000000018,-0.010000000000000009
h1,0.11,0.12,0.12,-0.009999999999999995,0.0
m5,0.4229,0.4,0.4,0.022899999999999976,0.0
m5,0.61,0.62,0.62,-0.010000000000000009,0.0
m5,0.59,0.6,0.6,-0.010000000000000009,0.0
m5,0.62,0.6,0.6,0.020000000000000018,0.0
m5,0.5,0.53,0.53,-0.030000000000000027,0.0
m5,0.4885,0.51,0.5,-0.02150000000000002,-0.010000000000000009
m5,0.52,0.49,0.52,0.030000000000000027,0.030000000000000027
h1,0.87,0.88,0.88,-0.010000000000000009,0.0
m5,0.41,0.46,0.46,-0.050000000000000044,0.0
m5,0.55,0.55,0.53,0.0,-0.020000000000000018
h1,0.11,0.12,0.12,-0.009999999999999995,0.0
m5,0.4,0.43,0.44,-0.02999999999999997,0.010000000000000009
m5,0.57,0.58,0.58,-0.010000000000000009,0.0
h1,0.1,0.11,0.11,-0.009999999999999995,0.0
m5,0.72,0.79,0.79,-0.07000000000000006,0.0
m5,0.84,0.86,0.87,-0.020000000000000018,0.010000000000000009
m5,0.13,0.16,0.15,-0.03,-0.010000000000000009
m5,0.15,0.16,0.16,-0.010000000000000009,0.0
h1,0.09,0.1,0.1,-0.010000000000000009,0.0
m5,0.84,0.87,0.82,-0.030000000000000027,-0.050000000000000044
h1,0.9,0.91,0.91,-0.010000000000000009,0.0
h1,0.9,0.92,0.92,-0.020000000000000018,0.0
h1,0.9,0.92,0.92,-0.020000000000000018,0.0
m5,0.11,0.2,0.2,-0.09000000000000001,0.0
m5,0.17,0.23,0.22,-0.06,-0.010000000000000009
h1,0.09,0.1,0.1,-0.010000000000000009,0.0
m5,0.78,0.84,0.84,-0.05999999999999994,0.0
m5,0.17,0.17,0.17,0.0,0.0
m5,0.79,0.88,0.86,-0.08999999999999997,-0.020000000000000018
m5,0.02,0.03,0.03,-0.009999999999999998,0.0
m5,0.03,0.03,0.02,0.0,-0.009999999999999998
h1,0.09,0.1,0.1,-0.010000000000000009,0.0
h1,0.09,0.1,0.1,-0.010000000000000009,0.0
h1,0.09,0.1,0.1,-0.010000000000000009,0.0
m5,0.54,0.59,0.58,-0.04999999999999993,-0.010000000000000009
m15,0.51,0.54,0.54,-0.030000000000000027,0.0
h1,0.1,0.1,0.1,0.0,0.0
m15,0.49,0.5,0.5,-0.010000000000000009,0.0
m15,0.49,0.5,0.5,-0.010000000000000009,0.0
m15,0.49,0.5,0.5,-0.010000000000000009,0.0
m15,0.49,0.5,0.5,-0.010000000000000009,0.0
m15,0.49,0.5,0.5,-0.010000000000000009,0.0
m15,0.49,0.5,0.5,-0.010000000000000009,0.0
m15,0.49,0.5,0.5,-0.010000000000000009,0.0
m5,0.31,0.37,0.36,-0.06,-0.010000000000000009
m15,0.4,0.39,0.39,0.010000000000000009,0.0
m5,0.6978,0.75,0.75,-0.052200000000000024,0.0
m5,0.29,0.29,0.29,0.0,0.0
h1,0.06,0.07,0.07,-0.010000000000000009,0.0
h1,0.06,0.07,0.07,-0.010000000000000009,0.0
m5,0.72,0.7,0.71,0.020000000000000018,0.010000000000000009
m15,0.59,0.6,0.6,-0.010000000000000009,0.0
m15,0.59,0.6,0.6,-0.010000000000000009,0.0
m5,0.69,0.71,0.69,-0.020000000000000018,-0.020000000000000018
m5,0.69,0.72,0.72,-0.030000000000000027,0.0
m5,0.6986,0.73,0.71,-0.031399999999999983,-0.020000000000000018
h1,0.05,0.07,0.07,-0.020000000000000004,0.0
m5,0.59,0.71,0.71,-0.12,0.0
m5,0.28,0.35,0.34,-0.06999999999999995,-0.009999999999999953
m15,0.62,0.64,0.64,-0.020000000000000018,0.0
m15,0.62,0.64,0.64,-0.020000000000000018,0.0
m5,0.16,0.16,0.16,0.0,0.0
h1,0.94,0.95,0.95,-0.010000000000000009,0.0
m5,0.17,0.18,0.18,-0.009999999999999981,0.0
h1,0.94,0.95,0.95,-0.010000000000000009,0.0
m15,0.4,0.41,0.4,-0.009999999999999953,-0.009999999999999953
h1,0.94,0.95,0.95,-0.010000000000000009,0.0
h1,0.94,0.95,0.95,-0.010000000000000009,0.0
m5,0.18,0.19,0.18,-0.010000000000000009,-0.010000000000000009
m15,0.3,0.3,0.3,0.0,0.0
m5,0.04,0.11,0.08,-0.07,-0.03
m5,0.07,0.13,0.11,-0.06,-0.020000000000000004
m5,0.11,0.1,0.13,0.009999999999999995,0.03
m5,0.73,0.55,0.61,0.17999999999999994,0.05999999999999994
m5,0.7,0.55,0.61,0.1499999999999999,0.05999999999999994
h1,0.05,0.05,0.05,0.0,0.0
h1,0.05,0.05,0.05,0.0,0.0
h1,0.04,0.05,0.05,-0.010000000000000002,0.0
m5,0.41,0.43,0.51,-0.020000000000000018,0.08000000000000002
m15,0.47,0.5,0.51,-0.030000000000000027,0.010000000000000009
m5,0.5,0.42,0.42,0.08000000000000002,0.0
m5,0.37070000000000003,0.66,0.46,-0.2893,-0.2
m5,0.6,0.7,0.62,-0.09999999999999998,-0.07999999999999996
m5,0.35,0.31,0.4,0.03999999999999998,0.09000000000000002
m5,0.33,0.31,0.4,0.020000000000000018,0.09000000000000002
m5,0.62,0.72,0.7,-0.09999999999999998,-0.020000000000000018
m5,0.7,0.83,0.78,-0.13,-0.04999999999999993
m5,0.75,0.7,0.84,0.050000000000000044,0.14
m15,0.43,0.45,0.47,-0.020000000000000018,0.019999999999999962
m5,0.29760000000000003,0.22,0.21,0.07760000000000003,-0.010000000000000009
m15,0.54,0.58,0.56,-0.039999999999999925,-0.019999999999999907
m5,0.8575,0.93,0.93,-0.07250000000000001,0.0
h1,0.95,0.96,0.96,-0.010000000000000009,0.0
h1,0.95,0.96,0.96,-0.010000000000000009,0.0
h1,0.96,0.96,0.96,0.0,0.0
m5,0.98,1.0,0.99,-0.020000000000000018,-0.010000000000000009
m5,0.98,1.0,0.99,-0.020000000000000018,-0.010000000000000009
h1,0.96,0.96,0.96,0.0,0.0
h1,0.96,0.96,0.96,0.0,0.0
h1,0.96,0.96,0.96,0.0,0.0
h1,0.96,0.96,0.96,0.0,0.0
h1,0.96,0.96,0.96,0.0,0.0
h1,0.96,0.96,0.96,0.0,0.0
h1,0.96,0.96,0.96,0.0,0.0
m5,0.64,0.68,0.65,-0.040000000000000036,-0.030000000000000027
m15,0.35,0.4,0.36,-0.050000000000000044,-0.040000000000000036
m15,0.35,0.4,0.36,-0.050000000000000044,-0.040000000000000036
m15,0.36,0.4,0.36,-0.040000000000000036,-0.040000000000000036
m5,0.64,0.68,0.69,-0.040000000000000036,0.009999999999999898
m5,0.64,0.68,0.69,-0.040000000000000036,0.009999999999999898
m5,0.63,0.68,0.69,-0.050000000000000044,0.009999999999999898
m15,0.35,0.38,0.39,-0.030000000000000027,0.010000000000000009
m15,0.59,0.58,0.58,0.010000000000000009,0.0
m15,0.57,0.58,0.58,-0.010000000000000009,0.0
m15,0.57,0.57,0.57,0.0,0.0
m15,0.54,0.55,0.55,-0.010000000000000009,0.0
m15,0.54,0.55,0.55,-0.010000000000000009,0.0
m15,0.54,0.55,0.55,-0.010000000000000009,0.0
m15,0.54,0.55,0.55,-0.010000000000000009,0.0
m15,0.54,0.55,0.55,-0.010000000000000009,0.0
m15,0.54,0.55,0.55,-0.010000000000000009,0.0
m15,0.54,0.53,0.55,0.010000000000000009,0.020000000000000018
m15,0.48,0.53,0.53,-0.050000000000000044,0.0
m5,0.19,0.23,0.23,-0.04000000000000001,0.0
m15,0.54,0.54,0.56,0.0,0.020000000000000018
m15,0.56,0.54,0.56,0.020000000000000018,0.020000000000000018
m5,0.71,0.73,0.74,-0.020000000000000018,0.010000000000000009
m15,0.53,0.57,0.57,-0.039999999999999925,0.0
m15,0.53,0.57,0.57,-0.039999999999999925,0.0
m15,0.53,0.58,0.58,-0.04999999999999993,0.0
m5,0.68,0.72,0.75,-0.039999999999999925,0.030000000000000027
m5,0.26,0.32,0.3,-0.06,-0.020000000000000018
m5,0.25,0.32,0.3,-0.07,-0.020000000000000018
m5,0.65,0.66,0.65,-0.010000000000000009,-0.010000000000000009
m15,0.58,0.59,0.59,-0.010000000000000009,0.0
m15,0.59,0.64,0.61,-0.050000000000000044,-0.030000000000000027
m5,0.56,0.62,0.62,-0.05999999999999994,0.0
m5,0.33,0.32,0.28,0.010000000000000009,-0.03999999999999998
m5,0.67,0.68,0.67,-0.010000000000000009,-0.010000000000000009
m5,0.3,0.34,0.34,-0.040000000000000036,0.0
m5,0.65,0.72,0.71,-0.06999999999999995,-0.010000000000000009
m15,0.53,0.54,0.52,-0.010000000000000009,-0.020000000000000018
m5,0.16,0.18,0.19,-0.01999999999999999,0.010000000000000009
m5,0.82,0.81,0.8,0.009999999999999898,-0.010000000000000009
m5,0.19,0.19,0.2,0.0,0.010000000000000009
m15,0.51,0.5,0.52,0.010000000000000009,0.020000000000000018
m15,0.51,0.5,0.52,0.010000000000000009,0.020000000000000018
m15,0.51,0.49,0.49,0.020000000000000018,0.0
m15,0.51,0.49,0.49,0.020000000000000018,0.0
m15,0.49,0.59,0.6,-0.09999999999999998,0.010000000000000009
m5,0.1,0.18,0.18,-0.07999999999999999,0.0
m5,0.13,0.18,0.18,-0.04999999999999999,0.0
m5,0.18,0.22,0.22,-0.04000000000000001,0.0
m5,0.12,0.12,0.12,0.0,0.0
m5,0.86,0.88,0.88,-0.020000000000000018,0.0
m5,0.1,0.09,0.09,0.010000000000000009,0.0
m5,0.04,0.1,0.09,-0.060000000000000005,-0.010000000000000009
m5,0.07,0.11,0.12,-0.039999999999999994,0.009999999999999995
m5,0.06,0.08,0.07,-0.020000000000000004,-0.009999999999999995
m5,0.93,0.92,0.95,0.010000000000000009,0.029999999999999916
m5,0.05,0.04,0.06,0.010000000000000002,0.019999999999999997
h1,0.96,0.97,0.97,-0.010000000000000009,0.0
m15,0.24,0.3,0.29,-0.06,-0.010000000000000009
m5,0.49,0.49,0.49,0.0,0.0
m15,0.71,0.71,0.72,0.0,0.010000000000000009
m15,0.7,0.71,0.71,-0.010000000000000009,0.0
m15,0.7,0.71,0.71,-0.010000000000000009,0.0
m15,0.7,0.72,0.72,-0.020000000000000018,0.0
m15,0.7,0.71,0.71,-0.010000000000000009,0.0
m15,0.7,0.71,0.71,-0.010000000000000009,0.0
m5,0.53,0.57,0.57,-0.039999999999999925,0.0
m15,0.36,0.37,0.36,-0.010000000000000009,-0.010000000000000009
m15,0.62,0.64,0.64,-0.020000000000000018,0.0
m15,0.63,0.65,0.65,-0.020000000000000018,0.0
m5,0.65,0.66,0.67,-0.010000000000000009,0.010000000000000009
m5,0.34,0.36,0.35,-0.019999999999999962,-0.010000000000000009
h1,0.95,0.97,0.96,-0.020000000000000018,-0.010000000000000009
m15,0.17,0.15,0.16,0.020000000000000018,0.010000000000000009
m15,0.17,0.15,0.16,0.020000000000000018,0.010000000000000009
m15,0.8,0.86,0.85,-0.05999999999999994,-0.010000000000000009
m15,0.8,0.86,0.85,-0.05999999999999994,-0.010000000000000009
m15,0.14,0.16,0.15,-0.01999999999999999,-0.010000000000000009
m15,0.15,0.16,0.15,-0.010000000000000009,-0.010000000000000009
h1,0.97,0.97,0.97,0.0,0.0
m15,0.14,0.14,0.16,0.0,0.01999999999999999
m15,0.14,0.14,0.16,0.0,0.01999999999999999
h1,0.96,0.97,0.97,-0.010000000000000009,0.0
m5,0.69,0.75,0.74,-0.06000000000000005,-0.010000000000000009
m15,0.86,0.85,0.85,0.010000000000000009,0.0
m15,0.86,0.85,0.85,0.010000000000000009,0.0
m5,0.67,0.63,0.65,0.040000000000000036,0.020000000000000018
m15,0.79,0.79,0.78,0.0,-0.010000000000000009
m15,0.78,0.79,0.79,-0.010000000000000009,0.0
m5,0.5,0.51,0.51,-0.010000000000000009,0.0
m5,0.56,0.59,0.59,-0.029999999999999916,0.0
m5,0.54,0.59,0.59,-0.04999999999999993,0.0
m15,0.3,0.45,0.43,-0.15000000000000002,-0.020000000000000018
m15,0.36,0.48,0.46,-0.12,-0.019999999999999962
h1,0.04,0.05,0.05,-0.010000000000000002,0.0
m5,0.8,0.74,0.8,0.06000000000000005,0.06000000000000005
m5,0.19,0.27,0.27,-0.08000000000000002,0.0
m5,0.74,0.77,0.77,-0.030000000000000027,0.0
m15,0.57,0.62,0.6,-0.050000000000000044,-0.020000000000000018
m15,0.57,0.63,0.63,-0.06000000000000005,0.0
m15,0.59,0.63,0.63,-0.040000000000000036,0.0
m15,0.5879,0.63,0.63,-0.042100000000000026,0.0
h1,0.05,0.06,0.06,-0.009999999999999995,0.0
h1,0.06,0.07,0.07,-0.010000000000000009,0.0
h1,0.06,0.07,0.07,-0.010000000000000009,0.0
h1,0.06,0.07,0.07,-0.010000000000000009,0.0
m15,0.19,0.18,0.18,0.010000000000000009,0.0
h1,0.06,0.07,0.07,-0.010000000000000009,0.0
m15,0.18,0.19,0.18,-0.010000000000000009,-0.010000000000000009
h1,0.06,0.08,0.07,-0.020000000000000004,-0.009999999999999995
m15,0.18,0.18,0.19,0.0,0.010000000000000009
m15,0.18,0.18,0.19,0.0,0.010000000000000009
m15,0.18,0.18,0.19,0.0,0.010000000000000009
h1,0.07,0.08,0.08,-0.009999999999999995,0.0
h1,0.07,0.08,0.08,-0.009999999999999995,0.0
m5,0.94,0.96,0.96,-0.020000000000000018,0.0
h1,0.07,0.08,0.08,-0.009999999999999995,0.0
h1,0.07,0.08,0.08,-0.009999999999999995,0.0
h1,0.07,0.08,0.08,-0.009999999999999995,0.0
h1,0.07,0.08,0.08,-0.009999999999999995,0.0
m15,0.81,0.73,0.79,0.08000000000000007,0.06000000000000005
m15,0.81,0.73,0.79,0.08000000000000007,0.06000000000000005
m15,0.24,0.3,0.28,-0.06,-0.019999999999999962
m15,0.24,0.3,0.28,-0.06,-0.019999999999999962
m15,0.72,0.7,0.71,0.020000000000000018,0.010000000000000009
m15,0.72,0.7,0.71,0.020000000000000018,0.010000000000000009
m15,0.72,0.7,0.71,0.020000000000000018,0.010000000000000009
m15,0.72,0.7,0.71,0.020000000000000018,0.010000000000000009
h1,0.05,0.06,0.06,-0.009999999999999995,0.0
h1,0.05,0.06,0.06,-0.009999999999999995,0.0
m15,0.37,0.38,0.36,-0.010000000000000009,-0.020000000000000018
m15,0.58,0.7,0.68,-0.12,-0.019999999999999907
m15,0.32,0.34,0.37,-0.020000000000000018,0.02999999999999997
m15,0.37020000000000003,0.32,0.32,0.05020000000000002,0.0
m15,0.69,0.69,0.69,0.0,0.0
m15,0.68,0.7,0.69,-0.019999999999999907,-0.010000000000000009
m15,0.79,0.82,0.82,-0.029999999999999916,0.0
m15,0.18,0.17,0.18,0.009999999999999981,0.009999999999999981
m15,0.17,0.3,0.18,-0.12999999999999998,-0.12
m15,0.183,0.27,0.28,-0.08700000000000002,0.010000000000000009
h1,0.04,0.05,0.05,-0.010000000000000002,0.0
h1,0.04,0.05,0.05,-0.010000000000000002,0.0
h1,0.04,0.05,0.05,-0.010000000000000002,0.0
h1,0.04,0.05,0.05,-0.010000000000000002,0.0
h1,0.04,0.05,0.05,-0.010000000000000002,0.0
h1,0.04,0.05,0.05,-0.010000000000000002,0.0
h1,0.04,0.05,0.05,-0.010000000000000002,0.0
h1,0.04,0.05,0.05,-0.010000000000000002,0.0
h1,0.04,0.05,0.05,-0.010000000000000002,0.0
h1,0.04,0.05,0.05,-0.010000000000000002,0.0
m5,0.37,0.41,0.42,-0.03999999999999998,0.010000000000000009
m5,0.59,0.67,0.67,-0.08000000000000007,0.0
m15,0.38,0.38,0.38,0.0,0.0
m15,0.38,0.38,0.38,0.0,0.0
m15,0.38,0.38,0.38,0.0,0.0
m15,0.38,0.38,0.38,0.0,0.0
m15,0.38,0.38,0.38,0.0,0.0
m15,0.38,0.38,0.38,0.0,0.0
m15,0.38,0.38,0.38,0.0,0.0
m15,0.37,0.39,0.39,-0.020000000000000018,0.0
m5,0.34,0.3,0.31,0.040000000000000036,0.010000000000000009
m15,0.37,0.39,0.39,-0.020000000000000018,0.0
m15,0.37,0.39,0.39,-0.020000000000000018,0.0
m15,0.37,0.39,0.39,-0.020000000000000018,0.0
m15,0.37,0.39,0.39,-0.020000000000000018,0.0
m15,0.6,0.63,0.62,-0.030000000000000027,-0.010000000000000009
m15,0.62,0.7,0.7,-0.07999999999999996,0.0
m15,0.3,0.3,0.28,0.0,-0.019999999999999962
m15,0.3,0.3,0.28,0.0,-0.019999999999999962
m15,0.3,0.3,0.28,0.0,-0.019999999999999962
m15,0.3,0.3,0.28,0.0,-0.019999999999999962
m15,0.3,0.27,0.27,0.02999999999999997,0.0
m15,0.3,0.27,0.27,0.02999999999999997,0.0
m15,0.27,0.27,0.27,0.0,0.0
m15,0.74,0.76,0.75,-0.020000000000000018,-0.010000000000000009
m15,0.75,0.76,0.76,-0.010000000000000009,0.0
m15,0.73,0.75,0.76,-0.020000000000000018,0.010000000000000009
m15,0.73,0.75,0.74,-0.020000000000000018,-0.010000000000000009
m15,0.73,0.76,0.76,-0.030000000000000027,0.0
m15,0.24,0.24,0.25,0.0,0.010000000000000009
m15,0.24,0.24,0.25,0.0,0.010000000000000009
m15,0.19,0.2,0.2,-0.010000000000000009,0.0
m15,0.19,0.2,0.2,-0.010000000000000009,0.0
m15,0.19,0.22,0.22,-0.03,0.0
m15,0.19,0.22,0.22,-0.03,0.0
m15,0.77,0.79,0.79,-0.020000000000000018,0.0
m15,0.15,0.16,0.15,-0.010000000000000009,-0.010000000000000009
m15,0.81,0.85,0.86,-0.039999999999999925,0.010000000000000009
m15,0.83,0.84,0.84,-0.010000000000000009,0.0
m15,0.81,0.83,0.83,-0.019999999999999907,0.0
m15,0.81,0.83,0.83,-0.019999999999999907,0.0
m5,0.02,0.03,0.03,-0.009999999999999998,0.0
m15,0.79,0.79,0.8,0.0,0.010000000000000009
m15,0.79,0.79,0.8,0.0,0.010000000000000009
m5,0.02,0.03,0.03,-0.009999999999999998,0.0
m15,0.17,0.18,0.18,-0.009999999999999981,0.0
m15,0.16,0.18,0.18,-0.01999999999999999,0.0
h1,0.98,0.98,0.98,0.0,0.0
h1,0.98,0.98,0.98,0.0,0.0
h1,0.98,0.98,0.98,0.0,0.0
m5,0.01,0.01,0.01,0.0,0.0
m5,0.01,0.01,0.01,0.0,0.0
m15,0.85,0.87,0.87,-0.020000000000000018,0.0
m5,0.35,0.4,0.41,-0.050000000000000044,0.009999999999999953
h1,0.987,0.99,0.99,-0.0030000000000000027,0.0
h1,0.9890000000000001,0.99,0.99,-0.0009999999999998899,0.0
m15,0.12,0.13,0.13,-0.010000000000000009,0.0
h1,0.987,0.99,0.99,-0.0030000000000000027,0.0
h1,0.987,0.99,0.99,-0.0030000000000000027,0.0
h1,0.987,0.99,0.99,-0.0030000000000000027,0.0
m5,0.37,0.41,0.4,-0.03999999999999998,-0.009999999999999953
m5,0.4,0.43,0.4,-0.02999999999999997,-0.02999999999999997
m5,0.4,0.45,0.44,-0.04999999999999999,-0.010000000000000009
m15,0.06,0.07,0.07,-0.010000000000000009,0.0
m15,0.06,0.07,0.07,-0.010000000000000009,0.0
m5,0.64,0.65,0.66,-0.010000000000000009,0.010000000000000009
m5,0.63,0.7,0.7,-0.06999999999999995,0.0
m5,0.23,0.23,0.22,0.0,-0.010000000000000009
m5,0.73,0.77,0.77,-0.040000000000000036,0.0
m5,0.24,0.24,0.24,0.0,0.0
m5,0.23,0.23,0.27,0.0,0.04000000000000001
m5,0.21,0.22,0.21,-0.010000000000000009,-0.010000000000000009
m5,0.22,0.2,0.21,0.01999999999999999,0.009999999999999981
m5,0.79,0.82,0.82,-0.029999999999999916,0.0
m5,0.8007,0.79,0.8,0.010699999999999932,0.010000000000000009
m5,0.2,0.26,0.22,-0.06,-0.04000000000000001
m5,0.68,0.73,0.7,-0.04999999999999993,-0.030000000000000027
m5,0.15,0.16,0.17,-0.010000000000000009,0.010000000000000009
m5,0.15,0.16,0.17,-0.010000000000000009,0.010000000000000009
m5,0.15,0.13,0.15,0.01999999999999999,0.01999999999999999
m5,0.16,0.13,0.15,0.03,0.01999999999999999
m5,0.25,0.35,0.39,-0.09999999999999998,0.040000000000000036
m5,0.7078,0.79,0.78,-0.08220000000000005,-0.010000000000000009
m5,0.72,0.79,0.78,-0.07000000000000006,-0.010000000000000009
m5,0.33,0.37,0.39,-0.03999999999999998,0.020000000000000018
m5,0.62,0.54,0.59,0.07999999999999996,0.04999999999999993
m5,0.6726000000000001,0.54,0.59,0.13260000000000005,0.04999999999999993
m5,0.42,0.34,0.44,0.07999999999999996,0.09999999999999998
m5,0.37,0.34,0.44,0.02999999999999997,0.09999999999999998
m5,0.68,0.69,0.68,-0.009999999999999898,-0.009999999999999898
m5,0.58,0.7,0.71,-0.12,0.010000000000000009
m5,0.6697,0.7,0.71,-0.030299999999999994,0.010000000000000009
m5,0.28,0.26,0.26,0.020000000000000018,0.0
m5,0.73,0.77,0.76,-0.040000000000000036,-0.010000000000000009
m5,0.26,0.25,0.27,0.010000000000000009,0.020000000000000018
m5,0.2523,0.29,0.26,-0.037699999999999956,-0.02999999999999997
m5,0.25,0.29,0.28,-0.03999999999999998,-0.009999999999999953
m5,0.24,0.29,0.28,-0.04999999999999999,-0.009999999999999953
m5,0.28,0.23,0.24,0.05000000000000002,0.009999999999999981
m5,0.23,0.33,0.35,-0.1,0.019999999999999962
m5,0.23,0.33,0.35,-0.1,0.019999999999999962
m5,0.66,0.72,0.71,-0.05999999999999994,-0.010000000000000009
m5,0.32,0.29,0.3,0.030000000000000027,0.010000000000000009
m5,0.29,0.34,0.29,-0.050000000000000044,-0.050000000000000044
m5,0.31,0.36,0.33,-0.04999999999999999,-0.02999999999999997
m5,0.61,0.68,0.68,-0.07000000000000006,0.0
m5,0.68,0.73,0.72,-0.04999999999999993,-0.010000000000000009
m5,0.33,0.34,0.31,-0.010000000000000009,-0.030000000000000027
m5,0.3,0.42,0.32,-0.12,-0.09999999999999998
m5,0.66,0.6,0.69,0.06000000000000005,0.08999999999999997
m5,0.34,0.4,0.41,-0.06,0.009999999999999953
m5,0.59,0.58,0.61,0.010000000000000009,0.030000000000000027
m5,0.4,0.54,0.48,-0.14,-0.06000000000000005
m5,0.24,0.43,0.45,-0.19,0.020000000000000018
m5,0.45,0.52,0.46,-0.07,-0.06
m5,0.5095000000000001,0.7,0.67,-0.1904999999999999,-0.029999999999999916
m15,0.91,0.93,0.93,-0.020000000000000018,0.0
m5,0.6577,0.6,0.62,0.057699999999999974,0.020000000000000018
m5,0.67,0.74,0.68,-0.06999999999999995,-0.05999999999999994
m5,0.33,0.28,0.26,0.04999999999999999,-0.020000000000000018
m5,0.26,0.41,0.45,-0.14999999999999997,0.040000000000000036
m5,0.45,0.33,0.36,0.12,0.02999999999999997
m5,0.33,0.32,0.33,0.010000000000000009,0.010000000000000009
m5,0.33,0.32,0.33,0.010000000000000009,0.010000000000000009
m5,0.33,0.32,0.33,0.010000000000000009,0.010000000000000009
m5,0.32,0.31,0.41,0.010000000000000009,0.09999999999999998
m5,0.45,0.51,0.5,-0.06,-0.010000000000000009
m5,0.45,0.51,0.5,-0.06,-0.010000000000000009
m5,0.45,0.51,0.5,-0.06,-0.010000000000000009
m5,0.44,0.46,0.47,-0.020000000000000018,0.009999999999999953
m5,0.36,0.44,0.43,-0.08000000000000002,-0.010000000000000009
m5,0.41,0.42,0.42,-0.010000000000000009,0.0
m5,0.41,0.42,0.42,-0.010000000000000009,0.0
m5,0.59,0.6,0.6,-0.010000000000000009,0.0
m15,0.03,0.04,0.04,-0.010000000000000002,0.0
m15,0.03,0.04,0.04,-0.010000000000000002,0.0
m15,0.03,0.05,0.04,-0.020000000000000004,-0.010000000000000002
m15,0.03,0.05,0.04,-0.020000000000000004,-0.010000000000000002
m15,0.95,0.95,0.95,0.0,0.0
m15,0.95,0.95,0.95,0.0,0.0
m5,0.65,0.67,0.66,-0.020000000000000018,-0.010000000000000009
m5,0.31,0.31,0.33,0.0,0.020000000000000018
m5,0.68,0.75,0.71,-0.06999999999999995,-0.040000000000000036
m5,0.66,0.75,0.71,-0.08999999999999997,-0.040000000000000036
m15,0.05,0.06,0.06,-0.009999999999999995,0.0
m5,0.82,0.85,0.85,-0.030000000000000027,0.0
m5,0.16,0.16,0.16,0.0,0.0
m5,0.17,0.21,0.21,-0.03999999999999998,0.0
m5,0.8,0.8,0.79,0.0,-0.010000000000000009
m5,0.79,0.78,0.8,0.010000000000000009,0.020000000000000018
m15,0.95,0.97,0.97,-0.020000000000000018,0.0
m15,0.97,0.97,0.96,0.0,-0.010000000000000009
m5,0.77,0.83,0.83,-0.05999999999999994,0.0
m5,0.17,0.19,0.2,-0.01999999999999999,0.010000000000000009
m5,0.2,0.22,0.22,-0.01999999999999999,0.0
m5,0.79,0.81,0.79,-0.020000000000000018,-0.020000000000000018
m5,0.77,0.77,0.78,0.0,0.010000000000000009
m5,0.22,0.26,0.26,-0.04000000000000001,0.0
m5,0.8,0.83,0.83,-0.029999999999999916,0.0
h1,0.986,0.99,0.99,-0.0040000000000000036,0.0
h1,0.986,0.99,0.99,-0.0040000000000000036,0.0
h1,0.986,0.99,0.99,-0.0040000000000000036,0.0
h1,0.986,0.99,0.99,-0.0040000000000000036,0.0
m5,0.16,0.14,0.14,0.01999999999999999,0.0
m5,0.85,0.88,0.88,-0.030000000000000027,0.0
m5,0.95,0.97,0.97,-0.020000000000000018,0.0
m5,0.3506,0.31,0.31,0.040600000000000025,0.0
m15,0.44,0.45,0.45,-0.010000000000000009,0.0
m5,0.31,0.3,0.31,0.010000000000000009,0.010000000000000009
m15,0.44,0.45,0.45,-0.010000000000000009,0.0
m15,0.44,0.45,0.45,-0.010000000000000009,0.0
m15,0.44,0.45,0.45,-0.010000000000000009,0.0
m15,0.44,0.44,0.44,0.0,0.0
m15,0.44,0.44,0.44,0.0,0.0
m15,0.44,0.44,0.44,0.0,0.0
m15,0.44,0.44,0.44,0.0,0.0
m15,0.44,0.44,0.44,0.0,0.0
m5,0.67,0.7,0.67,-0.029999999999999916,-0.029999999999999916
m5,0.67,0.7,0.7,-0.029999999999999916,0.0
m5,0.67,0.7,0.7,-0.029999999999999916,0.0
m5,0.31,0.41,0.41,-0.09999999999999998,0.0
m15,0.52,0.53,0.53,-0.010000000000000009,0.0
m15,0.52,0.53,0.53,-0.010000000000000009,0.0
m15,0.52,0.53,0.53,-0.010000000000000009,0.0
m15,0.52,0.53,0.53,-0.010000000000000009,0.0
m15,0.52,0.47,0.53,0.050000000000000044,0.06000000000000005
m15,0.52,0.47,0.53,0.050000000000000044,0.06000000000000005
m15,0.52,0.47,0.53,0.050000000000000044,0.06000000000000005
m5,0.5,0.51,0.5,-0.010000000000000009,-0.010000000000000009
m5,0.46,0.5,0.51,-0.03999999999999998,0.010000000000000009
m5,0.51,0.56,0.56,-0.050000000000000044,0.0
m5,0.45,0.48,0.48,-0.02999999999999997,0.0
m15,0.35,0.39,0.39,-0.040000000000000036,0.0
m5,0.69,0.72,0.71,-0.030000000000000027,-0.010000000000000009
m5,0.77,0.83,0.82,-0.05999999999999994,-0.010000000000000009
m15,0.31,0.35,0.32,-0.03999999999999998,-0.02999999999999997
m15,0.31,0.31,0.32,0.0,0.010000000000000009
m15,0.31,0.31,0.32,0.0,0.010000000000000009
m15,0.31,0.31,0.32,0.0,0.010000000000000009
m5,0.13,0.14,0.14,-0.010000000000000009,0.0
m15,0.71,0.72,0.72,-0.010000000000000009,0.0
m5,0.1825,0.58,0.42,-0.39749999999999996,-0.15999999999999998
m5,0.43060000000000004,0.52,0.42,-0.08939999999999998,-0.10000000000000003
m5,0.66,0.52,0.42,0.14,-0.10000000000000003
m15,0.51,0.48,0.49,0.030000000000000027,0.010000000000000009
m15,0.51,0.48,0.49,0.030000000000000027,0.010000000000000009
m15,0.51,0.48,0.49,0.030000000000000027,0.010000000000000009
m15,0.51,0.48,0.49,0.030000000000000027,0.010000000000000009
m15,0.51,0.48,0.49,0.030000000000000027,0.010000000000000009
m15,0.51,0.48,0.49,0.030000000000000027,0.010000000000000009
m15,0.51,0.48,0.49,0.030000000000000027,0.010000000000000009
m15,0.51,0.48,0.49,0.030000000000000027,0.010000000000000009
m15,0.51,0.48,0.49,0.030000000000000027,0.010000000000000009
m15,0.51,0.48,0.49,0.030000000000000027,0.010000000000000009
m5,0.43,0.58,0.58,-0.14999999999999997,0.0
m5,0.43,0.58,0.58,-0.14999999999999997,0.0
m15,0.51,0.48,0.49,0.030000000000000027,0.010000000000000009
m5,0.41,0.58,0.58,-0.16999999999999998,0.0
m5,0.52,0.52,0.6,0.0,0.07999999999999996
m5,0.5505,0.52,0.6,0.03049999999999997,0.07999999999999996
m5,0.5567,0.52,0.6,0.036699999999999955,0.07999999999999996
m5,0.4593,0.66,0.56,-0.20070000000000005,-0.09999999999999998
m5,0.39,0.43,0.4,-0.03999999999999998,-0.02999999999999997
m5,0.39,0.43,0.4,-0.03999999999999998,-0.02999999999999997
m5,0.37,0.39,0.45,-0.020000000000000018,0.06
m15,0.51,0.46,0.47,0.04999999999999999,0.009999999999999953
m5,0.74,0.65,0.66,0.08999999999999997,0.010000000000000009
m5,0.35,0.35,0.32,0.0,-0.02999999999999997
m5,0.24,0.35,0.32,-0.10999999999999999,-0.02999999999999997
m5,0.33,0.31,0.35,0.020000000000000018,0.03999999999999998
m15,0.47,0.48,0.48,-0.010000000000000009,0.0
m5,0.6812999999999999,0.81,0.8,-0.12870000000000015,-0.010000000000000009
m5,0.63,0.81,0.8,-0.18000000000000005,-0.010000000000000009
m5,0.69,0.81,0.8,-0.1200000000000001,-0.010000000000000009
m5,0.8,0.66,0.79,0.14,0.13
m5,0.8,0.69,0.63,0.1100000000000001,-0.05999999999999994
m5,0.21,0.32,0.38,-0.11000000000000001,0.06
m5,0.3527,0.34,0.33,0.012699999999999989,-0.010000000000000009
m5,0.3116,0.25,0.25,0.06159999999999999,0.0
m15,0.45,0.44,0.45,0.010000000000000009,0.010000000000000009
m15,0.45,0.44,0.45,0.010000000000000009,0.010000000000000009
m15,0.45,0.44,0.45,0.010000000000000009,0.010000000000000009
m5,0.49,0.44,0.47,0.04999999999999999,0.02999999999999997
m15,0.45,0.44,0.45,0.010000000000000009,0.010000000000000009
m5,0.49,0.47,0.48,0.020000000000000018,0.010000000000000009
m5,0.49,0.47,0.48,0.020000000000000018,0.010000000000000009
m15,0.56,0.57,0.57,-0.009999999999999898,0.0
m15,0.56,0.57,0.57,-0.009999999999999898,0.0
m15,0.56,0.57,0.57,-0.009999999999999898,0.0
m15,0.56,0.57,0.57,-0.009999999999999898,0.0
m15,0.56,0.59,0.57,-0.029999999999999916,-0.020000000000000018
m15,0.56,0.6,0.6,-0.039999999999999925,0.0
m15,0.56,0.6,0.6,-0.039999999999999925,0.0
m15,0.56,0.6,0.6,-0.039999999999999925,0.0
m15,0.6,0.61,0.61,-0.010000000000000009,0.0
m5,0.63,0.58,0.61,0.050000000000000044,0.030000000000000027
m5,0.56,0.63,0.63,-0.06999999999999995,0.0
m5,0.38,0.39,0.4,-0.010000000000000009,0.010000000000000009
m5,0.6,0.72,0.72,-0.12,0.0
m5,0.68,0.74,0.74,-0.05999999999999994,0.0
m5,0.74,0.74,0.75,0.0,0.010000000000000009
m5,0.71,0.74,0.75,-0.030000000000000027,0.010000000000000009
m5,0.75,0.74,0.72,0.010000000000000009,-0.020000000000000018
m5,0.26,0.26,0.26,0.0,0.0
m5,0.72,0.75,0.75,-0.030000000000000027,0.0
m5,0.76,0.8,0.79,-0.040000000000000036,-0.010000000000000009
m5,0.86,0.88,0.83,-0.020000000000000018,-0.050000000000000044
m5,0.85,0.92,0.9,-0.07000000000000006,-0.020000000000000018
m5,0.82,0.84,0.84,-0.020000000000000018,0.0
m5,0.08,0.13,0.13,-0.05,0.0
m5,0.1,0.11,0.12,-0.009999999999999995,0.009999999999999995
m5,0.89,0.91,0.9,-0.020000000000000018,-0.010000000000000009
m5,0.04,0.04,0.03,0.0,-0.010000000000000002
m5,0.01,0.01,0.01,0.0,0.0
m15,0.79,0.84,0.82,-0.04999999999999993,-0.020000000000000018
m5,0.67,0.68,0.7,-0.010000000000000009,0.019999999999999907
m15,0.76,0.8,0.8,-0.040000000000000036,0.0
m15,0.76,0.8,0.8,-0.040000000000000036,0.0
m5,0.23,0.24,0.24,-0.009999999999999981,0.0
m15,0.64,0.67,0.67,-0.030000000000000027,0.0
m15,0.33,0.33,0.35,0.0,0.019999999999999962
m5,0.77,0.79,0.79,-0.020000000000000018,0.0
m15,0.4,0.41,0.41,-0.009999999999999953,0.0
m15,0.23,0.2,0.2,0.03,0.0
m5,0.2,0.25,0.25,-0.04999999999999999,0.0
m15,0.19,0.2,0.2,-0.010000000000000009,0.0
m15,0.19,0.2,0.2,-0.010000000000000009,0.0
m15,0.19,0.2,0.2,-0.010000000000000009,0.0
m5,0.3,0.35,0.33,-0.04999999999999999,-0.019999999999999962
m5,0.32,0.37,0.37,-0.04999999999999999,0.0
m15,0.89,0.9,0.9,-0.010000000000000009,0.0
m5,0.37,0.38,0.38,-0.010000000000000009,0.0
m5,0.61,0.63,0.63,-0.020000000000000018,0.0
m5,0.61,0.64,0.64,-0.030000000000000027,0.0
m5,0.37,0.41,0.39,-0.03999999999999998,-0.019999999999999962
m15,0.17,0.2,0.2,-0.03,0.0
m15,0.74,0.81,0.81,-0.07000000000000006,0.0
m15,0.74,0.81,0.81,-0.07000000000000006,0.0
m15,0.7545000000000001,0.81,0.81,-0.055499999999999994,0.0
m5,0.84,0.9,0.89,-0.06000000000000005,-0.010000000000000009
m15,0.35,0.31,0.38,0.03999999999999998,0.07
m15,0.61,0.7,0.63,-0.08999999999999997,-0.06999999999999995
m15,0.32,0.37,0.4,-0.04999999999999999,0.030000000000000027
m15,0.62,0.68,0.66,-0.06000000000000005,-0.020000000000000018
m15,0.37,0.37,0.38,0.0,0.010000000000000009
m15,0.36,0.36,0.36,0.0,0.0
m15,0.64,0.65,0.65,-0.010000000000000009,0.0
m15,0.64,0.59,0.62,0.050000000000000044,0.030000000000000027
m15,0.64,0.59,0.62,0.050000000000000044,0.030000000000000027
m15,0.64,0.59,0.62,0.050000000000000044,0.030000000000000027
m15,0.64,0.59,0.62,0.050000000000000044,0.030000000000000027
m15,0.58,0.78,0.76,-0.20000000000000007,-0.020000000000000018
m15,0.22,0.24,0.23,-0.01999999999999999,-0.009999999999999981
m15,0.22,0.24,0.23,-0.01999999999999999,-0.009999999999999981
m15,0.22,0.24,0.23,-0.01999999999999999,-0.009999999999999981
m15,0.22,0.24,0.23,-0.01999999999999999,-0.009999999999999981
m15,0.22,0.24,0.23,-0.01999999999999999,-0.009999999999999981
m15,0.75,0.77,0.78,-0.020000000000000018,0.010000000000000009
m15,0.22,0.24,0.23,-0.01999999999999999,-0.009999999999999981
m15,0.22,0.23,0.23,-0.010000000000000009,0.0
m15,0.22,0.23,0.23,-0.010000000000000009,0.0
m15,0.22,0.23,0.23,-0.010000000000000009,0.0
m15,0.22,0.23,0.23,-0.010000000000000009,0.0
m15,0.23,0.23,0.23,0.0,0.0
m15,0.22,0.23,0.23,-0.010000000000000009,0.0
m15,0.22,0.23,0.23,-0.010000000000000009,0.0
m15,0.22,0.23,0.23,-0.010000000000000009,0.0
m15,0.22,0.23,0.23,-0.010000000000000009,0.0
m15,0.22,0.23,0.23,-0.010000000000000009,0.0
m15,0.22,0.2,0.22,0.01999999999999999,0.01999999999999999
m15,0.22,0.2,0.22,0.01999999999999999,0.01999999999999999
m15,0.2,0.22,0.27,-0.01999999999999999,0.05000000000000002
m15,0.2,0.22,0.27,-0.01999999999999999,0.05000000000000002
m15,0.76,0.82,0.82,-0.05999999999999994,0.0
m15,0.17,0.17,0.18,0.0,0.009999999999999981
m15,0.16,0.24,0.23,-0.07999999999999999,-0.009999999999999981
m15,0.21,0.24,0.23,-0.03,-0.009999999999999981
m15,0.22,0.27,0.27,-0.05000000000000002,0.0
m15,0.22,0.27,0.27,-0.05000000000000002,0.0
m15,0.22,0.27,0.27,-0.05000000000000002,0.0
m15,0.73,0.76,0.75,-0.030000000000000027,-0.010000000000000009
m15,0.74,0.76,0.75,-0.020000000000000018,-0.010000000000000009
m15,0.73,0.77,0.76,-0.040000000000000036,-0.010000000000000009
m15,0.2159,0.12,0.16,0.09590000000000001,0.04000000000000001
m15,0.05,0.11,0.1,-0.06,-0.009999999999999995
m15,0.14,0.11,0.1,0.030000000000000013,-0.009999999999999995
m15,0.09,0.06,0.12,0.03,0.06
m15,0.09,0.06,0.12,0.03,0.06
m15,0.09,0.06,0.12,0.03,0.06
m15,0.09,0.06,0.12,0.03,0.06
m15,0.09,0.05,0.05,0.039999999999999994,0.0
m15,0.11,0.05,0.05,0.06,0.0
m15,0.04,0.03,0.03,0.010000000000000002,0.0
m15,0.04,0.03,0.03,0.010000000000000002,0.0
m15,0.05,0.03,0.03,0.020000000000000004,0.0
m15,0.04,0.03,0.03,0.010000000000000002,0.0
m15,0.04,0.03,0.03,0.010000000000000002,0.0
m15,0.04,0.03,0.03,0.010000000000000002,0.0
m15,0.04,0.03,0.03,0.010000000000000002,0.0
m15,0.5,0.5,0.5,0.0,0.0
m15,0.5,0.5,0.5,0.0,0.0
m5,0.43,0.43,0.44,0.0,0.010000000000000009
m15,0.51,0.56,0.56,-0.050000000000000044,0.0
m5,0.35,0.33,0.34,0.019999999999999962,0.010000000000000009
m5,0.33,0.33,0.34,0.0,0.010000000000000009
m5,0.66,0.7,0.7,-0.039999999999999925,0.0
m5,0.65,0.7,0.7,-0.04999999999999993,0.0
m15,0.41,0.48,0.47,-0.07,-0.010000000000000009
m5,0.56,0.55,0.59,0.010000000000000009,0.039999999999999925
h1,0.49,0.52,0.52,-0.030000000000000027,0.0
m5,0.3924,0.48,0.48,-0.08759999999999996,0.0
m5,0.45,0.48,0.48,-0.02999999999999997,0.0
m5,0.53,0.5,0.49,0.030000000000000027,-0.010000000000000009
m5,0.48,0.51,0.52,-0.030000000000000027,0.010000000000000009
m5,0.49,0.48,0.48,0.010000000000000009,0.0
m15,0.49,0.53,0.53,-0.040000000000000036,0.0
m15,0.49,0.53,0.53,-0.040000000000000036,0.0
m15,0.49,0.53,0.53,-0.040000000000000036,0.0
m15,0.46,0.46,0.46,0.0,0.0
m5,0.43,0.51,0.52,-0.08000000000000002,0.010000000000000009
m5,0.49,0.44,0.5,0.04999999999999999,0.06
m5,0.49,0.44,0.5,0.04999999999999999,0.06
m15,0.5,0.48,0.51,0.020000000000000018,0.030000000000000027
m5,0.44,0.49,0.49,-0.04999999999999999,0.0
m15,0.47,0.5,0.5,-0.030000000000000027,0.0
m5,0.5,0.54,0.53,-0.040000000000000036,-0.010000000000000009
m5,0.6,0.7,0.69,-0.09999999999999998,-0.010000000000000009
m15,0.42,0.43,0.43,-0.010000000000000009,0.0
h1,0.52,0.53,0.52,-0.010000000000000009,-0.010000000000000009
m15,0.42,0.42,0.43,0.0,0.010000000000000009
m15,0.42,0.42,0.43,0.0,0.010000000000000009
h1,0.53,0.53,0.53,0.0,0.0
h1,0.53,0.54,0.53,-0.010000000000000009,-0.010000000000000009
m15,0.37,0.38,0.38,-0.010000000000000009,0.0
m15,0.37,0.38,0.38,-0.010000000000000009,0.0
m15,0.37,0.41,0.38,-0.03999999999999998,-0.02999999999999997
m15,0.37,0.41,0.38,-0.03999999999999998,-0.02999999999999997
m15,0.37,0.41,0.38,-0.03999999999999998,-0.02999999999999997
m15,0.37,0.39,0.39,-0.020000000000000018,0.0
m5,0.8,0.82,0.82,-0.019999999999999907,0.0
m5,0.3,0.33,0.33,-0.030000000000000027,0.0
m5,0.33,0.33,0.33,0.0,0.0
m5,0.7,0.68,0.68,0.019999999999999907,0.0
m5,0.67,0.66,0.66,0.010000000000000009,0.0
m5,0.33,0.37,0.37,-0.03999999999999998,0.0
m5,0.5440999999999999,0.75,0.68,-0.20590000000000008,-0.06999999999999995
m5,0.61,0.75,0.68,-0.14,-0.06999999999999995
m5,0.21,0.21,0.23,0.0,0.020000000000000018
m15,0.39,0.4,0.41,-0.010000000000000009,0.009999999999999953
m5,0.23,0.2,0.2,0.03,0.0
m5,0.2,0.2,0.2,0.0,0.0
m5,0.21,0.2,0.2,0.009999999999999981,0.0
m5,0.2,0.25,0.2,-0.04999999999999999,-0.04999999999999999
m5,0.7786,0.76,0.81,0.01859999999999995,0.050000000000000044
m5,0.2,0.14,0.21,0.06,0.06999999999999998
m15,0.38,0.39,0.39,-0.010000000000000009,0.0
m15,0.38,0.39,0.39,-0.010000000000000009,0.0
m15,0.38,0.39,0.39,-0.010000000000000009,0.0
m15,0.38,0.39,0.39,-0.010000000000000009,0.0
m15,0.38,0.39,0.39,-0.010000000000000009,0.0
m15,0.38,0.39,0.39,-0.010000000000000009,0.0
m15,0.38,0.39,0.39,-0.010000000000000009,0.0
m15,0.38,0.39,0.39,-0.010000000000000009,0.0
m15,0.38,0.39,0.39,-0.010000000000000009,0.0
m15,0.38,0.39,0.39,-0.010000000000000009,0.0
m15,0.38,0.39,0.39,-0.010000000000000009,0.0
m15,0.38,0.39,0.39,-0.010000000000000009,0.0
m15,0.38,0.39,0.39,-0.010000000000000009,0.0
m15,0.38,0.39,0.39,-0.010000000000000009,0.0
m5,0.06,0.05,0.06,0.009999999999999995,0.009999999999999995
m5,0.05,0.03,0.03,0.020000000000000004,0.0
h1,0.55,0.56,0.56,-0.010000000000000009,0.0
m15,0.31,0.31,0.31,0.0,0.0
h1,0.59,0.6,0.6,-0.010000000000000009,0.0
h1,0.6,0.6,0.6,0.0,0.0
h1,0.6,0.6,0.6,0.0,0.0
h1,0.6,0.6,0.6,0.0,0.0
h1,0.6,0.6,0.6,0.0,0.0
m5,0.28,0.34,0.34,-0.06,0.0
m5,0.67,0.68,0.68,-0.010000000000000009,0.0
m5,0.67,0.76,0.76,-0.08999999999999997,0.0
h1,0.6,0.63,0.63,-0.030000000000000027,0.0
m5,0.25,0.28,0.27,-0.030000000000000027,-0.010000000000000009
m15,0.1,0.14,0.13,-0.04000000000000001,-0.010000000000000009
m15,0.1,0.14,0.13,-0.04000000000000001,-0.010000000000000009
m15,0.1,0.14,0.13,-0.04000000000000001,-0.010000000000000009
m15,0.1,0.14,0.13,-0.04000000000000001,-0.010000000000000009
m15,0.1,0.14,0.13,-0.04000000000000001,-0.010000000000000009
m15,0.1,0.14,0.13,-0.04000000000000001,-0.010000000000000009
m15,0.1,0.14,0.14,-0.04000000000000001,0.0
m5,0.79,0.78,0.79,0.010000000000000009,0.010000000000000009
m5,0.13,0.17,0.17,-0.04000000000000001,0.0
m5,0.19,0.21,0.21,-0.01999999999999999,0.0
m5,0.2,0.27,0.25,-0.07,-0.020000000000000018
m5,0.3387,0.27,0.28,0.06869999999999998,0.010000000000000009
h1,0.39,0.38,0.38,0.010000000000000009,0.0
m15,0.1818,0.21,0.2,-0.028200000000000003,-0.009999999999999981
h1,0.39,0.38,0.38,0.010000000000000009,0.0
h1,0.39,0.42,0.42,-0.02999999999999997,0.0
h1,0.39,0.42,0.42,-0.02999999999999997,0.0
m5,0.68,0.71,0.71,-0.029999999999999916,0.0
m15,0.38,0.39,0.41,-0.010000000000000009,0.019999999999999962
m15,0.39,0.38,0.37,0.010000000000000009,-0.010000000000000009
m15,0.38,0.38,0.37,0.0,-0.010000000000000009
h1,0.45,0.52,0.52,-0.07,0.0
h1,0.49,0.54,0.54,-0.050000000000000044,0.0
m5,0.5665,0.6,0.58,-0.033499999999999974,-0.020000000000000018
m5,0.53,0.6,0.58,-0.06999999999999995,-0.020000000000000018
h1,0.48,0.53,0.53,-0.050000000000000044,0.0
m15,0.38,0.51,0.49,-0.13,-0.020000000000000018
m5,0.72,0.77,0.76,-0.050000000000000044,-0.010000000000000009
m5,0.28,0.24,0.25,0.040000000000000036,0.010000000000000009
m5,0.2,0.17,0.19,0.03,0.01999999999999999
m15,0.43,0.42,0.42,0.010000000000000009,0.0
m5,0.84,0.87,0.88,-0.030000000000000027,0.010000000000000009
m15,0.36,0.4,0.37,-0.040000000000000036,-0.030000000000000027
m15,0.36,0.4,0.37,-0.040000000000000036,-0.030000000000000027
m5,0.13,0.15,0.14,-0.01999999999999999,-0.009999999999999981
m5,0.13,0.15,0.14,-0.01999999999999999,-0.009999999999999981
m5,0.13,0.15,0.14,-0.01999999999999999,-0.009999999999999981
m5,0.14,0.16,0.16,-0.01999999999999999,0.0
m15,0.56,0.54,0.54,0.020000000000000018,0.0
m15,0.47,0.49,0.48,-0.020000000000000018,-0.010000000000000009
m5,0.7,0.72,0.71,-0.020000000000000018,-0.010000000000000009
m5,0.71,0.74,0.72,-0.030000000000000027,-0.020000000000000018
m5,0.71,0.74,0.72,-0.030000000000000027,-0.020000000000000018
m5,0.72,0.75,0.74,-0.030000000000000027,-0.010000000000000009
m5,0.7173,0.63,0.68,0.08730000000000004,0.050000000000000044
m15,0.46,0.4,0.44,0.06,0.03999999999999998
m5,0.36,0.34,0.34,0.019999999999999962,0.0
m5,0.67,0.7,0.69,-0.029999999999999916,-0.010000000000000009
m15,0.52,0.57,0.56,-0.04999999999999993,-0.009999999999999898
m5,0.33899999999999997,0.3,0.31,0.03899999999999998,0.010000000000000009
m5,0.32,0.29,0.31,0.030000000000000027,0.020000000000000018
m5,0.3,0.29,0.31,0.010000000000000009,0.020000000000000018
m5,0.31,0.25,0.26,0.06,0.010000000000000009
m5,0.74,0.77,0.77,-0.030000000000000027,0.0
m5,0.24,0.23,0.25,0.009999999999999981,0.01999999999999999
m5,0.81,0.91,0.89,-0.09999999999999998,-0.020000000000000018
m5,0.1,0.12,0.14,-0.01999999999999999,0.020000000000000018
m5,0.1,0.12,0.14,-0.01999999999999999,0.020000000000000018
m15,0.28,0.29,0.29,-0.009999999999999953,0.0
m5,0.5479999999999999,0.54,0.54,0.007999999999999896,0.0
m5,0.55,0.54,0.54,0.010000000000000009,0.0
m15,0.86,0.87,0.87,-0.010000000000000009,0.0
m5,0.54,0.53,0.53,0.010000000000000009,0.0
m5,0.43,0.44,0.44,-0.010000000000000009,0.0
m5,0.43,0.44,0.44,-0.010000000000000009,0.0
m5,0.44,0.45,0.44,-0.010000000000000009,-0.010000000000000009
m15,0.11,0.11,0.12,0.0,0.009999999999999995
m15,0.11,0.11,0.12,0.0,0.009999999999999995
m15,0.11,0.13,0.12,-0.020000000000000004,-0.010000000000000009
m5,0.43,0.51,0.51,-0.08000000000000002,0.0
m5,0.46,0.44,0.46,0.020000000000000018,0.020000000000000018
m5,0.44,0.47,0.45,-0.02999999999999997,-0.019999999999999962
m15,0.09,0.09,0.09,0.0,0.0
m15,0.09,0.09,0.09,0.0,0.0
m15,0.09,0.09,0.09,0.0,0.0
m15,0.09,0.09,0.09,0.0,0.0
m15,0.09,0.09,0.09,0.0,0.0
m5,0.38,0.41,0.41,-0.02999999999999997,0.0
h1,0.65,0.66,0.66,-0.010000000000000009,0.0
m5,0.4008,0.44,0.41,-0.03920000000000001,-0.030000000000000027
h1,0.65,0.66,0.66,-0.010000000000000009,0.0
m5,0.57,0.59,0.58,-0.020000000000000018,-0.010000000000000009
m5,0.41,0.42,0.43,-0.010000000000000009,0.010000000000000009
m15,0.91,0.94,0.94,-0.029999999999999916,0.0
m5,0.43,0.45,0.45,-0.020000000000000018,0.0
m5,0.52,0.55,0.54,-0.030000000000000027,-0.010000000000000009
m5,0.53,0.56,0.56,-0.030000000000000027,0.0
m5,0.39,0.4,0.4,-0.010000000000000009,0.0
m5,0.4,0.45,0.45,-0.04999999999999999,0.0
m5,0.56,0.56,0.56,0.0,0.0
h1,0.64,0.65,0.65,-0.010000000000000009,0.0
m5,0.43,0.5,0.43,-0.07,-0.07
m5,0.55,0.61,0.62,-0.05999999999999994,0.010000000000000009
m5,0.57,0.61,0.62,-0.040000000000000036,0.010000000000000009
m15,0.91,0.92,0.92,-0.010000000000000009,0.0
m15,0.91,0.92,0.92,-0.010000000000000009,0.0
m15,0.07,0.09,0.09,-0.01999999999999999,0.0
m5,0.39,0.41,0.41,-0.019999999999999962,0.0
m15,0.91,0.94,0.95,-0.029999999999999916,0.010000000000000009
m5,0.53,0.58,0.58,-0.04999999999999993,0.0
m5,0.45,0.53,0.47,-0.08000000000000002,-0.06000000000000005
m5,0.45,0.53,0.47,-0.08000000000000002,-0.06000000000000005
m5,0.45,0.47,0.47,-0.019999999999999962,0.0
m5,0.47,0.49,0.49,-0.020000000000000018,0.0
m5,0.41,0.44,0.41,-0.030000000000000027,-0.030000000000000027
m5,0.41,0.44,0.44,-0.030000000000000027,0.0
m5,0.41,0.44,0.44,-0.030000000000000027,0.0
m15,0.03,0.04,0.04,-0.010000000000000002,0.0
m15,0.03,0.04,0.04,-0.010000000000000002,0.0
m15,0.03,0.04,0.04,-0.010000000000000002,0.0
m15,0.03,0.04,0.04,-0.010000000000000002,0.0
m15,0.03,0.04,0.04,-0.010000000000000002,0.0
m5,0.5,0.55,0.55,-0.050000000000000044,0.0
m5,0.54,0.55,0.55,-0.010000000000000009,0.0
m5,0.58,0.61,0.59,-0.030000000000000027,-0.020000000000000018
m15,0.02,0.04,0.04,-0.02,0.0
m15,0.02,0.03,0.03,-0.009999999999999998,0.0
m15,0.97,0.98,0.98,-0.010000000000000009,0.0
m15,0.97,0.98,0.98,-0.010000000000000009,0.0
m15,0.97,0.98,0.98,-0.010000000000000009,0.0
m5,0.46,0.51,0.47,-0.04999999999999999,-0.040000000000000036
m5,0.37,0.58,0.48,-0.20999999999999996,-0.09999999999999998
m15,0.01,0.01,0.01,0.0,0.0
m5,0.33,0.41,0.38,-0.07999999999999996,-0.02999999999999997
m5,0.41,0.32,0.35,0.08999999999999997,0.02999999999999997
m5,0.81,0.84,0.84,-0.029999999999999916,0.0
m5,0.07,0.04,0.04,0.030000000000000006,0.0
h1,0.7,0.71,0.71,-0.010000000000000009,0.0
h1,0.71,0.72,0.72,-0.010000000000000009,0.0
h1,0.71,0.72,0.72,-0.010000000000000009,0.0
m5,0.96,0.96,0.96,0.0,0.0
h1,0.71,0.72,0.72,-0.010000000000000009,0.0
h1,0.7248,0.72,0.72,0.0048000000000000265,0.0
m5,0.46,0.44,0.45,0.020000000000000018,0.010000000000000009
m15,0.46,0.45,0.46,0.010000000000000009,0.010000000000000009
m5,0.45,0.42,0.43,0.030000000000000027,0.010000000000000009
m5,0.79,0.82,0.82,-0.029999999999999916,0.0
m5,0.79,0.82,0.82,-0.029999999999999916,0.0
m5,0.8,0.82,0.82,-0.019999999999999907,0.0
m5,0.17,0.21,0.21,-0.03999999999999998,0.0
m5,0.66,0.67,0.67,-0.010000000000000009,0.0
m5,0.67,0.66,0.66,0.010000000000000009,0.0
m5,0.42,0.41,0.43,0.010000000000000009,0.020000000000000018
m5,0.59,0.59,0.6,0.0,0.010000000000000009
m5,0.43,0.47,0.47,-0.03999999999999998,0.0
m5,0.45,0.57,0.49,-0.11999999999999994,-0.07999999999999996
m5,0.44,0.49,0.49,-0.04999999999999999,0.0
m15,0.51,0.55,0.55,-0.040000000000000036,0.0
m5,0.68,0.82,0.8,-0.1399999999999999,-0.019999999999999907
m5,0.1935,0.23,0.22,-0.036500000000000005,-0.010000000000000009
m5,0.22,0.19,0.22,0.03,0.03
m5,0.2,0.19,0.22,0.010000000000000009,0.03
m5,0.79,0.79,0.82,0.0,0.029999999999999916
m5,0.77,0.81,0.8,-0.040000000000000036,-0.010000000000000009
m5,0.22,0.22,0.22,0.0,0.0
m5,0.77,0.76,0.78,0.010000000000000009,0.020000000000000018
m5,0.75,0.8,0.8,-0.050000000000000044,0.0
m5,0.18,0.18,0.2,0.0,0.020000000000000018
m5,0.08,0.07,0.07,0.009999999999999995,0.0
h1,0.2,0.21,0.21,-0.009999999999999981,0.0
h1,0.2,0.21,0.21,-0.009999999999999981,0.0
h1,0.21,0.21,0.21,0.0,0.0
h1,0.21,0.22,0.22,-0.010000000000000009,0.0
h1,0.15,0.19,0.19,-0.04000000000000001,0.0
m15,0.75,0.76,0.81,-0.010000000000000009,0.050000000000000044
m15,0.75,0.76,0.81,-0.010000000000000009,0.050000000000000044
m15,0.76,0.71,0.72,0.050000000000000044,0.010000000000000009
m15,0.67,0.7,0.71,-0.029999999999999916,0.010000000000000009
m5,0.5,0.54,0.54,-0.040000000000000036,0.0
m5,0.55,0.53,0.53,0.020000000000000018,0.0
h1,0.78,0.79,0.79,-0.010000000000000009,0.0
h1,0.78,0.79,0.79,-0.010000000000000009,0.0
m5,0.48,0.36,0.48,0.12,0.12
m5,0.36,0.34,0.34,0.019999999999999962,0.0
h1,0.24,0.26,0.26,-0.020000000000000018,0.0
m5,0.7,0.71,0.69,-0.010000000000000009,-0.020000000000000018
m5,0.26,0.26,0.27,0.0,0.010000000000000009
m5,0.24,0.4,0.36,-0.16000000000000003,-0.040000000000000036
m5,0.3,0.4,0.4,-0.10000000000000003,0.0
m5,0.61,0.6,0.6,0.010000000000000009,0.0
h1,0.76,0.77,0.77,-0.010000000000000009,0.0
m15,0.43,0.45,0.44,-0.020000000000000018,-0.010000000000000009
m15,0.43,0.43,0.42,0.0,-0.010000000000000009
m15,0.43,0.43,0.42,0.0,-0.010000000000000009
m15,0.43,0.43,0.42,0.0,-0.010000000000000009
m15,0.43,0.43,0.42,0.0,-0.010000000000000009
m5,0.32,0.32,0.32,0.0,0.0
m5,0.33,0.36,0.36,-0.02999999999999997,0.0
h1,0.73,0.77,0.77,-0.040000000000000036,0.0
h1,0.77,0.78,0.78,-0.010000000000000009,0.0
m5,0.56,0.69,0.63,-0.1299999999999999,-0.05999999999999994
m15,0.36,0.39,0.39,-0.030000000000000027,0.0
m15,0.36,0.39,0.39,-0.030000000000000027,0.0
m15,0.36,0.39,0.38,-0.030000000000000027,-0.010000000000000009
m5,0.34,0.33,0.35,0.010000000000000009,0.019999999999999962
m5,0.54,0.64,0.62,-0.09999999999999998,-0.020000000000000018
m5,0.66,0.65,0.66,0.010000000000000009,0.010000000000000009
m15,0.33,0.33,0.33,0.0,0.0
m5,0.33,0.35,0.34,-0.019999999999999962,-0.009999999999999953
m5,0.3994,0.32,0.38,0.07939999999999997,0.06
m15,0.17,0.18,0.18,-0.009999999999999981,0.0
m15,0.17,0.18,0.18,-0.009999999999999981,0.0
m15,0.17,0.18,0.18,-0.009999999999999981,0.0
m5,0.38,0.36,0.32,0.020000000000000018,-0.03999999999999998
m5,0.38,0.36,0.32,0.020000000000000018,-0.03999999999999998
m5,0.6396000000000001,0.65,0.69,-0.010399999999999965,0.039999999999999925
m15,0.17,0.2,0.19,-0.03,-0.010000000000000009
m5,0.32,0.38,0.37,-0.06,-0.010000000000000009
m5,0.36,0.39,0.42,-0.030000000000000027,0.02999999999999997
m5,0.34,0.39,0.42,-0.04999999999999999,0.02999999999999997
m5,0.72,0.78,0.74,-0.06000000000000005,-0.040000000000000036
m5,0.71,0.78,0.74,-0.07000000000000006,-0.040000000000000036
m5,0.78,0.77,0.77,0.010000000000000009,0.0
m5,0.77,0.79,0.77,-0.020000000000000018,-0.020000000000000018
m5,0.89,0.97,0.95,-0.07999999999999996,-0.020000000000000018
h1,0.85,0.85,0.85,0.0,0.0
h1,0.85,0.85,0.85,0.0,0.0
h1,0.13,0.13,0.13,0.0,0.0
h1,0.09,0.1,0.1,-0.010000000000000009,0.0
h1,0.09,0.1,0.1,-0.010000000000000009,0.0
h1,0.09,0.1,0.1,-0.010000000000000009,0.0
h1,0.1,0.1,0.1,0.0,0.0
h1,0.09,0.1,0.1,-0.010000000000000009,0.0
h1,0.09,0.1,0.1,-0.010000000000000009,0.0
m5,0.5,0.51,0.51,-0.010000000000000009,0.0
h1,0.09,0.1,0.1,-0.010000000000000009,0.0
h1,0.09,0.1,0.1,-0.010000000000000009,0.0
m5,0.51,0.54,0.56,-0.030000000000000027,0.020000000000000018
m5,0.5238,0.54,0.56,-0.016199999999999992,0.020000000000000018
m5,0.5135000000000001,0.52,0.54,-0.00649999999999995,0.020000000000000018
m5,0.49,0.45,0.46,0.03999999999999998,0.010000000000000009
m5,0.52,0.56,0.56,-0.040000000000000036,0.0
m5,0.45,0.5,0.5,-0.04999999999999999,0.0
m5,0.51,0.54,0.54,-0.030000000000000027,0.0
h1,0.09,0.09,0.09,0.0,0.0
m5,0.46649999999999997,0.45,0.51,0.01649999999999996,0.06
m5,0.45,0.47,0.47,-0.019999999999999962,0.0
m5,0.44,0.49,0.49,-0.04999999999999999,0.0
m5,0.45,0.52,0.5,-0.07,-0.020000000000000018
h1,0.09,0.09,0.09,0.0,0.0
m15,0.01,0.02,0.02,-0.01,0.0
m5,0.47,0.5,0.5,-0.030000000000000027,0.0
h1,0.09,0.1,0.09,-0.010000000000000009,-0.010000000000000009
h1,0.09,0.1,0.1,-0.010000000000000009,0.0
h1,0.09,0.1,0.1,-0.010000000000000009,0.0
m5,0.34,0.43,0.44,-0.08999999999999997,0.010000000000000009
m5,0.58,0.6,0.6,-0.020000000000000018,0.0
m5,0.38,0.32,0.33,0.06,0.010000000000000009
m5,0.69,0.7,0.7,-0.010000000000000009,0.0
m15,0.02,0.04,0.04,-0.02,0.0
m15,0.02,0.09,0.08,-0.06999999999999999,-0.009999999999999995
m15,0.07,0.08,0.08,-0.009999999999999995,0.0
m5,0.14,0.15,0.15,-0.009999999999999981,0.0
m5,0.86,0.86,0.86,0.0,0.0
m15,0.02,0.03,0.03,-0.009999999999999998,0.0
m5,0.13,0.13,0.13,0.0,0.0
m5,0.9076000000000001,0.94,0.94,-0.03239999999999987,0.0
m5,0.84,0.72,0.66,0.12,-0.05999999999999994
m5,0.62,0.64,0.7,-0.020000000000000018,0.05999999999999994
m5,0.66,0.63,0.61,0.030000000000000027,-0.020000000000000018
m5,0.7012,0.63,0.61,0.07120000000000004,-0.020000000000000018
m5,0.3,0.59,0.54,-0.29,-0.04999999999999993
m5,0.4,0.43,0.52,-0.02999999999999997,0.09000000000000002
m5,0.42,0.69,0.68,-0.26999999999999996,-0.009999999999999898
m5,0.59,0.63,0.66,-0.040000000000000036,0.030000000000000027
m5,0.35,0.29,0.27,0.06,-0.019999999999999962
m5,0.335,0.29,0.27,0.04500000000000004,-0.019999999999999962
m5,0.38,0.33,0.32,0.04999999999999999,-0.010000000000000009
m5,0.32,0.29,0.33,0.030000000000000027,0.040000000000000036
m5,0.4733,0.64,0.66,-0.16670000000000001,0.020000000000000018
m5,0.6,0.64,0.66,-0.040000000000000036,0.020000000000000018
h1,0.9,0.91,0.9,-0.010000000000000009,-0.010000000000000009
h1,0.9,0.91,0.9,-0.010000000000000009,-0.010000000000000009
m5,0.38,0.64,0.66,-0.26,0.020000000000000018
h1,0.9,0.92,0.92,-0.020000000000000018,0.0
m5,0.35,0.35,0.28,0.0,-0.06999999999999995
m5,0.73,0.39,0.58,0.33999999999999997,0.18999999999999995
m5,0.43,0.55,0.67,-0.12000000000000005,0.12
m5,0.42,0.55,0.67,-0.13000000000000006,0.12
m5,0.34,0.7,0.53,-0.35999999999999993,-0.16999999999999993
m5,0.45649999999999996,0.31,0.48,0.14649999999999996,0.16999999999999998
m5,0.81,0.78,0.76,0.030000000000000027,-0.020000000000000018
m5,0.85,0.78,0.76,0.06999999999999995,-0.020000000000000018
m5,0.84,0.78,0.76,0.05999999999999994,-0.020000000000000018
m5,0.1522,0.14,0.29,0.012199999999999989,0.14999999999999997
m5,0.7646,0.87,0.73,-0.10540000000000005,-0.14
m5,0.87,0.94,0.94,-0.06999999999999995,0.0
m5,0.7332,0.94,0.94,-0.20679999999999998,0.0
m5,0.7195999999999999,0.94,0.94,-0.22040000000000004,0.0
m5,0.72,0.94,0.94,-0.21999999999999997,0.0
m5,0.8978,0.95,0.96,-0.05219999999999991,0.010000000000000009
m5,0.8769,0.95,0.96,-0.07309999999999994,0.010000000000000009
h1,0.07,0.07,0.07,0.0,0.0
h1,0.07,0.07,0.07,0.0,0.0
h1,0.07,0.07,0.07,0.0,0.0
h1,0.07,0.07,0.07,0.0,0.0
h1,0.07,0.07,0.07,0.0,0.0
h1,0.07,0.07,0.07,0.0,0.0
h1,0.07,0.07,0.07,0.0,0.0
h1,0.07,0.07,0.07,0.0,0.0
m5,0.49,0.58,0.48,-0.08999999999999997,-0.09999999999999998
m5,0.43,0.5,0.5,-0.07,0.0
m15,0.51,0.52,0.52,-0.010000000000000009,0.0
m5,0.5708,0.61,0.64,-0.03920000000000001,0.030000000000000027
m5,0.5965,0.66,0.65,-0.0635,-0.010000000000000009
m5,0.35,0.44,0.44,-0.09000000000000002,0.0
m15,0.55,0.51,0.53,0.040000000000000036,0.020000000000000018
m5,0.4,0.48,0.47,-0.07999999999999996,-0.010000000000000009
m15,0.46,0.52,0.52,-0.06,0.0
m5,0.49,0.38,0.32,0.10999999999999999,-0.06
m5,0.33,0.38,0.4,-0.04999999999999999,0.020000000000000018
h1,0.92,0.93,0.93,-0.010000000000000009,0.0
h1,0.93,0.93,0.93,0.0,0.0
m5,0.26,0.27,0.28,-0.010000000000000009,0.010000000000000009
m5,0.69,0.7,0.7,-0.010000000000000009,0.0
h1,0.93,0.94,0.94,-0.009999999999999898,0.0
h1,0.93,0.94,0.94,-0.009999999999999898,0.0
m5,0.27,0.28,0.27,-0.010000000000000009,-0.010000000000000009
m5,0.57,0.52,0.56,0.04999999999999993,0.040000000000000036
m5,0.51,0.58,0.58,-0.06999999999999995,0.0
m5,0.5,0.54,0.55,-0.040000000000000036,0.010000000000000009
m5,0.46,0.49,0.47,-0.02999999999999997,-0.020000000000000018
m5,0.46,0.49,0.47,-0.02999999999999997,-0.020000000000000018
m5,0.47,0.6,0.56,-0.13,-0.039999999999999925
m5,0.4,0.43,0.41,-0.02999999999999997,-0.020000000000000018
m5,0.41,0.45,0.45,-0.040000000000000036,0.0
m5,0.3,0.24,0.25,0.06,0.010000000000000009
m15,0.38,0.4,0.4,-0.020000000000000018,0.0
m5,0.49,0.62,0.63,-0.13,0.010000000000000009
m15,0.4935,0.53,0.5,-0.03650000000000003,-0.030000000000000027
h1,0.92,0.93,0.93,-0.010000000000000009,0.0
h1,0.92,0.93,0.93,-0.010000000000000009,0.0
m5,0.527,0.46,0.44,0.067,-0.020000000000000018
m5,0.42,0.25,0.28,0.16999999999999998,0.030000000000000027
m15,0.47,0.38,0.39,0.08999999999999997,0.010000000000000009
m5,0.15109999999999998,0.08,0.09,0.07109999999999998,0.009999999999999995
m5,0.06,0.2,0.16,-0.14,-0.04000000000000001
m5,0.06,0.2,0.16,-0.14,-0.04000000000000001
m5,0.1,0.19,0.23,-0.09,0.04000000000000001
m5,0.83,0.76,0.79,0.06999999999999995,0.030000000000000027
m5,0.7456,0.82,0.82,-0.07439999999999991,0.0
m5,0.82,0.82,0.82,0.0,0.0
m5,0.82,0.83,0.84,-0.010000000000000009,0.010000000000000009
m5,0.2,0.23,0.18,-0.03,-0.05000000000000002
m5,0.81,0.78,0.83,0.030000000000000027,0.04999999999999993
m5,0.18,0.23,0.23,-0.05000000000000002,0.0
m5,0.23,0.29,0.24,-0.05999999999999997,-0.04999999999999999
m15,0.5735,0.62,0.62,-0.046499999999999986,0.0
m15,0.58,0.59,0.63,-0.010000000000000009,0.040000000000000036
h1,0.88,0.9,0.9,-0.020000000000000018,0.0
m5,0.24,0.38,0.39,-0.14,0.010000000000000009
h1,0.88,0.9,0.9,-0.020000000000000018,0.0
m5,0.35,0.39,0.38,-0.040000000000000036,-0.010000000000000009
m5,0.62,0.77,0.74,-0.15000000000000002,-0.030000000000000027
m5,0.63,0.77,0.74,-0.14,-0.030000000000000027
m5,0.18,0.19,0.17,-0.010000000000000009,-0.01999999999999999
m5,0.19,0.19,0.17,0.0,-0.01999999999999999
m5,0.17,0.21,0.2,-0.03999999999999998,-0.009999999999999981
m5,0.81,0.8,0.81,0.010000000000000009,0.010000000000000009
m5,0.2,0.17,0.18,0.03,0.009999999999999981
m5,0.82,0.82,0.84,0.0,0.020000000000000018
m5,0.19,0.23,0.3,-0.04000000000000001,0.06999999999999998
m5,0.71,0.83,0.8,-0.12,-0.029999999999999916
m5,0.83,0.81,0.8,0.019999999999999907,-0.010000000000000009
m5,0.8042,0.81,0.8,-0.005800000000000027,-0.010000000000000009
m5,0.1889,0.13,0.15,0.05890000000000001,0.01999999999999999
m15,0.42,0.41,0.42,0.010000000000000009,0.010000000000000009
m5,0.7392,0.88,0.86,-0.14080000000000004,-0.020000000000000018
m5,0.13,0.12,0.09,0.010000000000000009,-0.03
m5,0.58,0.56,0.58,0.019999999999999907,0.019999999999999907
m15,0.5,0.49,0.49,0.010000000000000009,0.0
h1,0.07,0.08,0.08,-0.009999999999999995,0.0
h1,0.07,0.08,0.08,-0.009999999999999995,0.0
h1,0.07,0.08,0.08,-0.009999999999999995,0.0
m5,0.46,0.49,0.49,-0.02999999999999997,0.0
m5,0.53,0.59,0.59,-0.05999999999999994,0.0
m5,0.61,0.69,0.69,-0.07999999999999996,0.0
m5,0.31,0.36,0.35,-0.04999999999999999,-0.010000000000000009
m5,0.61,0.63,0.62,-0.020000000000000018,-0.010000000000000009
m5,0.37,0.37,0.37,0.0,0.0
m5,0.5828,0.67,0.6,-0.08720000000000006,-0.07000000000000006
m15,0.49,0.5,0.5,-0.010000000000000009,0.0
m5,0.42,0.43,0.41,-0.010000000000000009,-0.020000000000000018
m5,0.56,0.58,0.6,-0.019999999999999907,0.020000000000000018
m5,0.57,0.54,0.55,0.029999999999999916,0.010000000000000009
m5,0.58,0.54,0.55,0.039999999999999925,0.010000000000000009
m5,0.46,0.5,0.5,-0.03999999999999998,0.0
m5,0.52,0.55,0.55,-0.030000000000000027,0.0
m5,0.54,0.55,0.55,-0.010000000000000009,0.0
m5,0.39,0.39,0.39,0.0,0.0
m5,0.62,0.74,0.7,-0.12,-0.040000000000000036
m5,0.69,0.76,0.73,-0.07000000000000006,-0.030000000000000027
m5,0.25,0.3,0.29,-0.04999999999999999,-0.010000000000000009
m5,0.72,0.75,0.74,-0.030000000000000027,-0.010000000000000009
m5,0.71,0.75,0.74,-0.040000000000000036,-0.010000000000000009
m5,0.73,0.75,0.75,-0.020000000000000018,0.0
m5,0.26,0.29,0.27,-0.02999999999999997,-0.019999999999999962
m5,0.73,0.74,0.75,-0.010000000000000009,0.010000000000000009
m5,0.27,0.33,0.31,-0.06,-0.020000000000000018
m5,0.28,0.37,0.37,-0.08999999999999997,0.0
m5,0.64,0.65,0.65,-0.010000000000000009,0.0
m5,0.36,0.36,0.37,0.0,0.010000000000000009
m5,0.65,0.65,0.64,0.0,-0.010000000000000009
m5,0.64,0.64,0.65,0.0,0.010000000000000009
m5,0.39,0.36,0.45,0.030000000000000027,0.09000000000000002
m5,0.55,0.67,0.67,-0.12,0.0
m5,0.62,0.61,0.61,0.010000000000000009,0.0
m15,0.53,0.52,0.53,0.010000000000000009,0.010000000000000009
m5,0.6262,0.62,0.62,0.006199999999999983,0.0
m5,0.62,0.63,0.63,-0.010000000000000009,0.0
m5,0.63,0.64,0.64,-0.010000000000000009,0.0
m5,0.37,0.36,0.36,0.010000000000000009,0.0
m5,0.61,0.63,0.62,-0.020000000000000018,-0.010000000000000009
m5,0.59,0.63,0.62,-0.040000000000000036,-0.010000000000000009
m5,0.62,0.61,0.63,0.010000000000000009,0.020000000000000018
m5,0.4,0.41,0.39,-0.009999999999999953,-0.019999999999999962
m15,0.51,0.5,0.5,0.010000000000000009,0.0
m5,0.58,0.59,0.59,-0.010000000000000009,0.0
m5,0.61,0.61,0.6,0.0,-0.010000000000000009
m5,0.59,0.61,0.61,-0.020000000000000018,0.0
m5,0.55,0.44,0.51,0.11000000000000004,0.07
m5,0.51,0.69,0.64,-0.17999999999999994,-0.04999999999999993
m5,0.56,0.32,0.37,0.24000000000000005,0.04999999999999999
m5,0.44,0.37,0.36,0.07,-0.010000000000000009
m5,0.2838,0.27,0.22,0.013799999999999979,-0.05000000000000002
m5,0.26,0.35,0.3,-0.08999999999999997,-0.04999999999999999
m5,0.71,0.64,0.64,0.06999999999999995,0.0
m5,0.35,0.33,0.37,0.019999999999999962,0.03999999999999998
m5,0.3,0.31,0.36,-0.010000000000000009,0.04999999999999999
m5,0.59,0.7,0.65,-0.10999999999999999,-0.04999999999999993
m5,0.6039,0.66,0.69,-0.05610000000000004,0.029999999999999916
m15,0.38,0.38,0.39,0.0,0.010000000000000009
m5,0.65,0.61,0.72,0.040000000000000036,0.10999999999999999
m5,0.65,0.71,0.61,-0.05999999999999994,-0.09999999999999998
m5,0.29,0.35,0.43,-0.06,0.08000000000000002
m5,0.4,0.38,0.28,0.020000000000000018,-0.09999999999999998
m5,0.6065999999999999,0.63,0.73,-0.023400000000000087,0.09999999999999998
m5,0.62,0.49,0.63,0.13,0.14
m5,0.28,0.55,0.39,-0.27,-0.16000000000000003
m5,0.39,0.57,0.57,-0.17999999999999994,0.0
m5,0.38,0.57,0.57,-0.18999999999999995,0.0
m5,0.5,0.35,0.36,0.15000000000000002,0.010000000000000009
m5,0.6512,0.68,0.68,-0.028800000000000048,0.0
m5,0.65,0.68,0.68,-0.030000000000000027,0.0
m5,0.66,0.69,0.68,-0.029999999999999916,-0.009999999999999898
m5,0.32,0.31,0.34,0.010000000000000009,0.030000000000000027
m5,0.69,0.77,0.73,-0.08000000000000007,-0.040000000000000036
m5,0.7,0.85,0.8,-0.15000000000000002,-0.04999999999999993
m5,0.8,0.96,0.98,-0.15999999999999992,0.020000000000000018
m5,0.8462999999999999,0.96,0.98,-0.11370000000000002,0.020000000000000018
m5,0.85,0.96,0.98,-0.10999999999999999,0.020000000000000018
m15,0.59,0.61,0.61,-0.020000000000000018,0.0
m5,0.06,0.02,0.07,0.039999999999999994,0.05
m5,0.03,0.01,0.02,0.019999999999999997,0.01
m5,0.0351,0.01,0.02,0.025099999999999997,0.01
m15,0.64,0.69,0.67,-0.04999999999999993,-0.019999999999999907
m5,0.44,0.47,0.45,-0.02999999999999997,-0.019999999999999962
m5,0.43,0.56,0.52,-0.13000000000000006,-0.040000000000000036
m15,0.67,0.74,0.73,-0.06999999999999995,-0.010000000000000009
m5,0.45,0.56,0.52,-0.11000000000000004,-0.040000000000000036
m15,0.63,0.74,0.73,-0.10999999999999999,-0.010000000000000009
m5,0.45,0.57,0.57,-0.11999999999999994,0.0
m5,0.44,0.44,0.44,0.0,0.0
m5,0.41,0.49,0.48,-0.08000000000000002,-0.010000000000000009
m5,0.52,0.55,0.55,-0.030000000000000027,0.0
m5,0.56,0.67,0.62,-0.10999999999999999,-0.050000000000000044
h1,0.96,0.97,0.97,-0.010000000000000009,0.0
h1,0.96,0.97,0.97,-0.010000000000000009,0.0
h1,0.96,0.97,0.97,-0.010000000000000009,0.0
m5,0.28,0.27,0.28,0.010000000000000009,0.010000000000000009
m5,0.28,0.27,0.28,0.010000000000000009,0.010000000000000009
m5,0.38,0.42,0.42,-0.03999999999999998,0.0
m5,0.59,0.59,0.59,0.0,0.0
m5,0.42,0.38,0.4,0.03999999999999998,0.020000000000000018
m5,0.38,0.34,0.36,0.03999999999999998,0.019999999999999962
m5,0.59,0.66,0.65,-0.07000000000000006,-0.010000000000000009
m5,0.5482,0.46,0.46,0.0882,0.0
m5,0.57,0.45,0.44,0.11999999999999994,-0.010000000000000009
m5,0.55,0.54,0.56,0.010000000000000009,0.020000000000000018
m15,0.22,0.26,0.23,-0.04000000000000001,-0.03
m5,0.47,0.49,0.49,-0.020000000000000018,0.0
m15,0.41,0.51,0.47,-0.10000000000000003,-0.040000000000000036
h1,0.92,0.95,0.94,-0.029999999999999916,-0.010000000000000009
m5,0.75,0.69,0.7,0.06000000000000005,0.010000000000000009
m5,0.27,0.32,0.31,-0.04999999999999999,-0.010000000000000009
m15,0.54,0.63,0.64,-0.08999999999999997,0.010000000000000009
m15,0.4919,0.38,0.37,0.1119,-0.010000000000000009
m5,0.31,0.25,0.3,0.06,0.04999999999999999
m5,0.706,0.76,0.73,-0.05400000000000005,-0.030000000000000027
m5,0.32,0.25,0.3,0.07,0.04999999999999999
m5,0.69,0.76,0.73,-0.07000000000000006,-0.030000000000000027
m15,0.47,0.55,0.46,-0.08000000000000007,-0.09000000000000002
m5,0.25,0.32,0.32,-0.07,0.0
m15,0.55,0.46,0.46,0.09000000000000002,0.0
m5,0.27,0.32,0.33,-0.04999999999999999,0.010000000000000009
m5,0.33,0.38,0.39,-0.04999999999999999,0.010000000000000009
m5,0.62,0.66,0.66,-0.040000000000000036,0.0
m5,0.35,0.36,0.37,-0.010000000000000009,0.010000000000000009
m5,0.37,0.32,0.32,0.04999999999999999,0.0
m5,0.32,0.29,0.31,0.030000000000000027,0.020000000000000018
m5,0.65,0.72,0.7,-0.06999999999999995,-0.020000000000000018
m5,0.72,0.73,0.73,-0.010000000000000009,0.0
m5,0.6329,0.68,0.66,-0.04710000000000003,-0.020000000000000018
m5,0.66,0.75,0.74,-0.08999999999999997,-0.010000000000000009
m5,0.65,0.75,0.74,-0.09999999999999998,-0.010000000000000009
m5,0.75,0.76,0.76,-0.010000000000000009,0.0
m5,0.26,0.28,0.25,-0.020000000000000018,-0.030000000000000027
m5,0.71,0.72,0.71,-0.010000000000000009,-0.010000000000000009
m15,0.42829999999999996,0.42,0.43,0.008299999999999974,0.010000000000000009
m5,0.7025,0.68,0.72,0.022499999999999964,0.039999999999999925
m5,0.28,0.33,0.33,-0.04999999999999999,0.0
m5,0.33,0.33,0.33,0.0,0.0
m5,0.69,0.71,0.71,-0.020000000000000018,0.0
m5,0.3,0.34,0.32,-0.040000000000000036,-0.020000000000000018
m15,0.46,0.46,0.47,0.0,0.009999999999999953
m5,0.36,0.37,0.36,-0.010000000000000009,-0.010000000000000009
m5,0.37,0.28,0.28,0.08999999999999997,0.0
m15,0.5605,0.52,0.58,0.04049999999999998,0.05999999999999994
m5,0.74,0.76,0.77,-0.020000000000000018,0.010000000000000009
m15,0.45,0.52,0.49,-0.07,-0.030000000000000027
m5,0.25,0.28,0.28,-0.030000000000000027,0.0
m5,0.25,0.28,0.28,-0.030000000000000027,0.0
m5,0.25,0.28,0.28,-0.030000000000000027,0.0
m15,0.57,0.65,0.67,-0.08000000000000007,0.020000000000000018
m15,0.65,0.67,0.68,-0.020000000000000018,0.010000000000000009
m5,0.64,0.6,0.6,0.040000000000000036,0.0
m5,0.3942,0.41,0.41,-0.01579999999999998,0.0
m15,0.72,0.79,0.73,-0.07000000000000006,-0.06000000000000005
m5,0.58,0.44,0.52,0.13999999999999996,0.08000000000000002
m5,0.44,0.57,0.57,-0.12999999999999995,0.0
m5,0.44,0.46,0.46,-0.020000000000000018,0.0
m5,0.44,0.46,0.46,-0.020000000000000018,0.0
m5,0.5497,0.57,0.57,-0.020299999999999985,0.0
m15,0.84,0.88,0.87,-0.040000000000000036,-0.010000000000000009
m5,0.58,0.68,0.67,-0.10000000000000009,-0.010000000000000009
m5,0.34,0.32,0.33,0.020000000000000018,0.010000000000000009
m5,0.24,0.35,0.33,-0.10999999999999999,-0.019999999999999962
m5,0.33,0.39,0.37,-0.06,-0.020000000000000018
m5,0.31,0.39,0.37,-0.08000000000000002,-0.020000000000000018
m5,0.26,0.39,0.37,-0.13,-0.020000000000000018
m5,0.7669,0.79,0.82,-0.02310000000000001,0.029999999999999916
m5,0.83,0.69,0.73,0.14,0.040000000000000036
m5,0.72,0.76,0.73,-0.040000000000000036,-0.030000000000000027
m5,0.67,0.76,0.73,-0.08999999999999997,-0.030000000000000027
m5,0.23,0.14,0.18,0.09,0.03999999999999998
m5,0.25,0.14,0.18,0.10999999999999999,0.03999999999999998
m5,0.86,0.89,0.88,-0.030000000000000027,-0.010000000000000009
m5,0.27,0.12,0.13,0.15000000000000002,0.010000000000000009
m5,0.13,0.09,0.11,0.04000000000000001,0.020000000000000004
m5,0.12,0.05,0.06,0.06999999999999999,0.009999999999999995
m5,0.93,0.92,0.91,0.010000000000000009,-0.010000000000000009
m5,0.93,0.92,0.91,0.010000000000000009,-0.010000000000000009
m15,0.45,0.46,0.46,-0.010000000000000009,0.0
m5,0.451,0.46,0.46,-0.009000000000000008,0.0
m5,0.45,0.46,0.46,-0.010000000000000009,0.0
m5,0.5,0.52,0.52,-0.020000000000000018,0.0
m5,0.51,0.52,0.52,-0.010000000000000009,0.0
m5,0.52,0.52,0.52,0.0,0.0
m5,0.49,0.49,0.49,0.0,0.0
m5,0.36,0.41,0.4,-0.04999999999999999,-0.009999999999999953
m5,0.56,0.49,0.52,0.07000000000000006,0.030000000000000027
m15,0.5,0.51,0.51,-0.010000000000000009,0.0
m15,0.5,0.5,0.5,0.0,0.0
m5,0.44,0.46,0.47,-0.020000000000000018,0.009999999999999953
m5,0.47,0.51,0.51,-0.040000000000000036,0.0
m5,0.34,0.4,0.38,-0.06,-0.020000000000000018
m5,0.41,0.47,0.47,-0.06,0.0
m5,0.52,0.57,0.57,-0.04999999999999993,0.0
m5,0.73,0.76,0.75,-0.030000000000000027,-0.010000000000000009
m5,0.75,0.79,0.79,-0.040000000000000036,0.0
m5,0.8,0.9,0.88,-0.09999999999999998,-0.020000000000000018
m5,0.14,0.15,0.13,-0.009999999999999981,-0.01999999999999999
m5,0.73,0.8,0.79,-0.07000000000000006,-0.010000000000000009
m5,0.16,0.16,0.16,0.0,0.0
m5,0.16,0.16,0.16,0.0,0.0
m15,0.64,0.65,0.65,-0.010000000000000009,0.0
m5,0.13,0.16,0.15,-0.03,-0.010000000000000009
m5,0.13,0.16,0.15,-0.03,-0.010000000000000009
m5,0.9,0.91,0.9,-0.010000000000000009,-0.010000000000000009
m5,0.93,0.95,0.95,-0.019999999999999907,0.0
m5,0.95,0.93,0.94,0.019999999999999907,0.009999999999999898
m5,0.94,0.96,0.96,-0.020000000000000018,0.0
m5,0.91,0.94,0.94,-0.029999999999999916,0.0
m15,0.39,0.44,0.44,-0.04999999999999999,0.0
m5,0.23,0.15,0.21,0.08000000000000002,0.06
m15,0.45,0.46,0.46,-0.010000000000000009,0.0
m15,0.45,0.46,0.46,-0.010000000000000009,0.0
m5,0.16,0.18,0.18,-0.01999999999999999,0.0
m5,0.18,0.21,0.2,-0.03,-0.009999999999999981
m5,0.79,0.82,0.82,-0.029999999999999916,0.0
m5,0.83,0.84,0.81,-0.010000000000000009,-0.029999999999999916
m5,0.15,0.17,0.17,-0.020000000000000018,0.0
m5,0.87,0.9,0.89,-0.030000000000000027,-0.010000000000000009
m5,0.88,0.94,0.92,-0.05999999999999994,-0.019999999999999907
m5,0.11,0.07,0.06,0.039999999999999994,-0.010000000000000009
m5,0.92,0.94,0.95,-0.019999999999999907,0.010000000000000009
m15,0.42560000000000003,0.46,0.46,-0.034399999999999986,0.0
m15,0.43,0.46,0.46,-0.030000000000000027,0.0
m15,0.45,0.46,0.46,-0.010000000000000009,0.0
m5,0.38,0.43,0.44,-0.04999999999999999,0.010000000000000009
h1,0.01,0.01,0.01,0.0,0.0
h1,0.01,0.01,0.01,0.0,0.0
m15,0.46,0.56,0.57,-0.10000000000000003,0.009999999999999898
m15,0.46,0.54,0.54,-0.08000000000000002,0.0
m15,0.53,0.54,0.54,-0.010000000000000009,0.0
m15,0.53,0.55,0.54,-0.020000000000000018,-0.010000000000000009
m5,0.51,0.6,0.59,-0.08999999999999997,-0.010000000000000009
m15,0.41,0.47,0.5,-0.06,0.030000000000000027
m5,0.41,0.49,0.48,-0.08000000000000002,-0.010000000000000009
m15,0.46,0.41,0.43,0.050000000000000044,0.020000000000000018
m15,0.46,0.41,0.43,0.050000000000000044,0.020000000000000018
m15,0.46,0.41,0.43,0.050000000000000044,0.020000000000000018
m5,0.52,0.6,0.59,-0.07999999999999996,-0.010000000000000009
m5,0.55,0.6,0.59,-0.04999999999999993,-0.010000000000000009
m5,0.61,0.7,0.62,-0.08999999999999997,-0.07999999999999996
m15,0.34,0.37,0.38,-0.02999999999999997,0.010000000000000009
m15,0.73,0.7,0.69,0.030000000000000027,-0.010000000000000009
m5,0.22,0.27,0.28,-0.05000000000000002,0.010000000000000009
m5,0.31,0.32,0.32,-0.010000000000000009,0.0
m5,0.31,0.32,0.32,-0.010000000000000009,0.0
m5,0.68,0.67,0.67,0.010000000000000009,0.0
m5,0.47,0.47,0.47,0.0,0.0
m15,0.48,0.51,0.51,-0.030000000000000027,0.0
m15,0.52,0.52,0.53,0.0,0.010000000000000009
m15,0.47,0.49,0.49,-0.020000000000000018,0.0
m5,0.53,0.59,0.6,-0.05999999999999994,0.010000000000000009
m5,0.27,0.34,0.33,-0.07,-0.010000000000000009
m5,0.3,0.34,0.33,-0.040000000000000036,-0.010000000000000009
m5,0.65,0.72,0.64,-0.06999999999999995,-0.07999999999999996
m5,0.36,0.29,0.37,0.07,0.08000000000000002
m5,0.7318000000000001,0.76,0.73,-0.028199999999999892,-0.030000000000000027
m15,0.6257,0.67,0.66,-0.044300000000000006,-0.010000000000000009
m5,0.26,0.27,0.27,-0.010000000000000009,0.0
m5,0.26,0.27,0.27,-0.010000000000000009,0.0
h1,0.005,0.01,0.01,-0.005,0.0
h1,0.005,0.01,0.01,-0.005,0.0
m15,0.35,0.37,0.37,-0.020000000000000018,0.0
m5,0.27,0.35,0.34,-0.07999999999999996,-0.009999999999999953
m5,0.35,0.27,0.31,0.07999999999999996,0.03999999999999998
m15,0.38,0.38,0.38,0.0,0.0
m5,0.28,0.25,0.27,0.030000000000000027,0.020000000000000018
m5,0.2777,0.25,0.27,0.027700000000000002,0.020000000000000018
m5,0.26,0.27,0.27,-0.010000000000000009,0.0
m15,0.32,0.31,0.31,0.010000000000000009,0.0
m5,0.77,0.83,0.83,-0.05999999999999994,0.0
m15,0.27,0.28,0.28,-0.010000000000000009,0.0
m15,0.27,0.28,0.28,-0.010000000000000009,0.0
m15,0.27,0.28,0.28,-0.010000000000000009,0.0
m15,0.27,0.28,0.28,-0.010000000000000009,0.0
h1,0.005,0.01,0.01,-0.005,0.0
m5,0.12,0.11,0.14,0.009999999999999995,0.030000000000000013
h1,0.005,0.01,0.01,-0.005,0.0
h1,0.005,0.01,0.01,-0.005,0.0
m15,0.84,0.89,0.87,-0.050000000000000044,-0.020000000000000018
h1,0.009000000000000001,0.01,0.01,-0.0009999999999999992,0.0
h1,0.01,0.01,0.01,0.0,0.0
m5,0.95,0.98,0.97,-0.030000000000000027,-0.010000000000000009
m15,0.08,0.1,0.1,-0.020000000000000004,0.0
h1,0.01,0.01,0.01,0.0,0.0
m15,0.09,0.1,0.1,-0.010000000000000009,0.0
h1,0.028999999999999998,0.03,0.03,-0.0010000000000000009,0.0
h1,0.028999999999999998,0.03,0.03,-0.0010000000000000009,0.0
h1,0.031,0.03,0.03,0.0010000000000000009,0.0
h1,0.031,0.03,0.03,0.0010000000000000009,0.0
h1,0.031,0.03,0.03,0.0010000000000000009,0.0
h1,0.032,0.03,0.03,0.0020000000000000018,0.0
h1,0.032,0.03,0.03,0.0020000000000000018,0.0
h1,0.032,0.03,0.03,0.0020000000000000018,0.0
h1,0.032,0.03,0.03,0.0020000000000000018,0.0
h1,0.032,0.03,0.03,0.0020000000000000018,0.0
h1,0.032,0.03,0.03,0.0020000000000000018,0.0
h1,0.968,0.97,0.97,-0.0020000000000000018,0.0
h1,0.9690000000000001,0.97,0.97,-0.0009999999999998899,0.0
h1,0.968,0.98,0.97,-0.01200000000000001,-0.010000000000000009
h1,0.9690000000000001,0.98,0.98,-0.010999999999999899,0.0
h1,0.97,0.98,0.98,-0.010000000000000009,0.0
h1,0.022000000000000002,0.02,0.02,0.0020000000000000018,0.0
h1,0.971,0.98,0.98,-0.009000000000000008,0.0
m15,0.08,0.11,0.1,-0.03,-0.009999999999999995
h1,0.017,0.02,0.02,-0.002999999999999999,0.0
h1,0.95,0.97,0.97,-0.020000000000000018,0.0
h1,0.96,0.97,0.97,-0.010000000000000009,0.0
m5,0.52,0.52,0.52,0.0,0.0
m5,0.54,0.61,0.61,-0.06999999999999995,0.0
m5,0.49,0.51,0.51,-0.020000000000000018,0.0
m5,0.51,0.55,0.54,-0.040000000000000036,-0.010000000000000009
m5,0.46,0.46,0.46,0.0,0.0
m5,0.43,0.45,0.44,-0.020000000000000018,-0.010000000000000009
m5,0.54,0.56,0.56,-0.020000000000000018,0.0
h1,0.012,0.01,0.02,0.002,0.01
h1,0.988,0.99,0.99,-0.0020000000000000018,0.0
m5,0.27,0.28,0.28,-0.010000000000000009,0.0
m5,0.73,0.75,0.75,-0.020000000000000018,0.0
m5,0.22,0.22,0.22,0.0,0.0
m5,0.51,0.49,0.49,0.020000000000000018,0.0
m5,0.42,0.45,0.46,-0.030000000000000027,0.010000000000000009
m5,0.5598,0.62,0.62,-0.06020000000000003,0.0
m5,0.6,0.67,0.67,-0.07000000000000006,0.0
m5,0.61,0.69,0.69,-0.07999999999999996,0.0
m5,0.73,0.72,0.74,0.010000000000000009,0.020000000000000018
m5,0.72,0.73,0.73,-0.010000000000000009,0.0
h1,0.47,0.49,0.48,-0.020000000000000018,-0.010000000000000009
h1,0.47,0.49,0.48,-0.020000000000000018,-0.010000000000000009
h1,0.48,0.49,0.49,-0.010000000000000009,0.0
h1,0.48,0.49,0.49,-0.010000000000000009,0.0
h1,0.49,0.49,0.49,0.0,0.0
h1,0.49,0.49,0.49,0.0,0.0
m5,0.43,0.51,0.5,-0.08000000000000002,-0.010000000000000009
m5,0.51,0.43,0.5,0.08000000000000002,0.07
m5,0.43,0.42,0.42,0.010000000000000009,0.0
m5,0.43,0.42,0.42,0.010000000000000009,0.0
h1,0.49,0.49,0.49,0.0,0.0
h1,0.49,0.49,0.49,0.0,0.0
m5,0.41,0.38,0.38,0.02999999999999997,0.0
h1,0.49,0.5,0.49,-0.010000000000000009,-0.010000000000000009
h1,0.49,0.51,0.5,-0.020000000000000018,-0.010000000000000009
m5,0.26,0.24,0.26,0.020000000000000018,0.020000000000000018
h1,0.5,0.51,0.51,-0.010000000000000009,0.0
m5,0.74,0.72,0.72,0.020000000000000018,0.0
m5,0.72,0.63,0.64,0.08999999999999997,0.010000000000000009
m5,0.39,0.44,0.44,-0.04999999999999999,0.0
m5,0.59,0.56,0.56,0.029999999999999916,0.0
m5,0.35979999999999995,0.35,0.35,0.009799999999999975,0.0
m5,0.39,0.54,0.49,-0.15000000000000002,-0.050000000000000044
m5,0.56,0.61,0.58,-0.04999999999999993,-0.030000000000000027
m5,0.4,0.35,0.37,0.050000000000000044,0.020000000000000018
m5,0.85,0.87,0.86,-0.020000000000000018,-0.010000000000000009
m5,0.12,0.02,0.03,0.09999999999999999,0.009999999999999998
m5,0.10460000000000001,0.02,0.03,0.08460000000000001,0.009999999999999998
m5,0.09,0.01,0.02,0.08,0.01
m5,0.021400000000000002,0.01,0.01,0.011400000000000002,0.0
h1,0.53,0.54,0.54,-0.010000000000000009,0.0
m5,0.26,0.27,0.27,-0.010000000000000009,0.0
m5,0.3044,0.3,0.31,0.004400000000000015,0.010000000000000009
m15,0.38,0.4,0.4,-0.020000000000000018,0.0
m5,0.14,0.14,0.14,0.0,0.0
m15,0.28,0.29,0.29,-0.009999999999999953,0.0
m15,0.64,0.66,0.65,-0.020000000000000018,-0.010000000000000009
m5,0.95,0.97,0.96,-0.020000000000000018,-0.010000000000000009
m5,0.03,0.05,0.07,-0.020000000000000004,0.020000000000000004
m5,0.94,0.97,0.96,-0.030000000000000027,-0.010000000000000009
m15,0.42,0.43,0.43,-0.010000000000000009,0.0
m15,0.42,0.43,0.43,-0.010000000000000009,0.0
m15,0.42,0.43,0.43,-0.010000000000000009,0.0
m15,0.42,0.43,0.43,-0.010000000000000009,0.0
m5,0.95,0.99,0.98,-0.040000000000000036,-0.010000000000000009
m15,0.61,0.75,0.74,-0.14,-0.010000000000000009
h1,0.55,0.57,0.56,-0.019999999999999907,-0.009999999999999898
h1,0.56,0.63,0.62,-0.06999999999999995,-0.010000000000000009
m5,0.64,0.72,0.74,-0.07999999999999996,0.020000000000000018
m5,0.31,0.34,0.33,-0.030000000000000027,-0.010000000000000009
m5,0.65,0.7,0.7,-0.04999999999999993,0.0
h1,0.63,0.65,0.65,-0.020000000000000018,0.0
m15,0.05,0.08,0.07,-0.03,-0.009999999999999995
m15,0.05,0.08,0.07,-0.03,-0.009999999999999995
m15,0.05,0.08,0.07,-0.03,-0.009999999999999995
m15,0.06,0.08,0.08,-0.020000000000000004,0.0
m15,0.06,0.08,0.08,-0.020000000000000004,0.0
m15,0.06,0.08,0.08,-0.020000000000000004,0.0
m15,0.06,0.08,0.08,-0.020000000000000004,0.0
h1,0.7,0.7,0.7,0.0,0.0
m5,0.13,0.14,0.14,-0.010000000000000009,0.0
m15,0.02,0.03,0.02,-0.009999999999999998,-0.009999999999999998
m15,0.02,0.03,0.02,-0.009999999999999998,-0.009999999999999998
m15,0.02,0.03,0.02,-0.009999999999999998,-0.009999999999999998
m15,0.02,0.03,0.02,-0.009999999999999998,-0.009999999999999998
m15,0.02,0.03,0.02,-0.009999999999999998,-0.009999999999999998
m15,0.02,0.03,0.02,-0.009999999999999998,-0.009999999999999998
m5,0.9,0.96,0.94,-0.05999999999999994,-0.020000000000000018
m15,0.01,0.01,0.01,0.0,0.0
m15,0.96,0.98,0.97,-0.020000000000000018,-0.010000000000000009
m5,0.13,0.14,0.16,-0.010000000000000009,0.01999999999999999
m5,0.87,0.9,0.9,-0.030000000000000027,0.0
m5,0.81,0.81,0.81,0.0,0.0
m5,0.16,0.16,0.18,0.0,0.01999999999999999
m5,0.08,0.09,0.1,-0.009999999999999995,0.010000000000000009
m5,0.98,0.99,0.99,-0.010000000000000009,0.0
m5,0.03,0.02,0.02,0.009999999999999998,0.0
m5,0.5,0.53,0.53,-0.030000000000000027,0.0
m5,0.5019,0.53,0.53,-0.028100000000000014,0.0
m15,0.48479999999999995,0.51,0.5,-0.025200000000000056,-0.010000000000000009
m5,0.51,0.53,0.53,-0.020000000000000018,0.0
m15,0.49,0.51,0.5,-0.020000000000000018,-0.010000000000000009
m5,0.61,0.62,0.62,-0.010000000000000009,0.0
m5,0.6,0.63,0.62,-0.030000000000000027,-0.010000000000000009
m5,0.61,0.65,0.65,-0.040000000000000036,0.0
m5,0.61,0.65,0.65,-0.040000000000000036,0.0
m5,0.64,0.68,0.68,-0.040000000000000036,0.0
m5,0.62,0.61,0.62,0.010000000000000009,0.010000000000000009
m5,0.61,0.58,0.62,0.030000000000000027,0.040000000000000036
m5,0.48,0.48,0.48,0.0,0.0
h1,0.62,0.63,0.63,-0.010000000000000009,0.0
h1,0.62,0.64,0.64,-0.020000000000000018,0.0
m15,0.52,0.53,0.53,-0.010000000000000009,0.0
m15,0.52,0.53,0.53,-0.010000000000000009,0.0
m15,0.52,0.53,0.53,-0.010000000000000009,0.0
m15,0.52,0.53,0.53,-0.010000000000000009,0.0
m15,0.52,0.53,0.53,-0.010000000000000009,0.0
m15,0.52,0.53,0.53,-0.010000000000000009,0.0
m15,0.52,0.53,0.53,-0.010000000000000009,0.0
m15,0.52,0.53,0.53,-0.010000000000000009,0.0
m15,0.52,0.53,0.53,-0.010000000000000009,0.0
m15,0.52,0.53,0.53,-0.010000000000000009,0.0
m15,0.52,0.53,0.53,-0.010000000000000009,0.0
m15,0.52,0.53,0.53,-0.010000000000000009,0.0
m15,0.52,0.53,0.53,-0.010000000000000009,0.0
m15,0.52,0.53,0.53,-0.010000000000000009,0.0
m15,0.52,0.53,0.53,-0.010000000000000009,0.0
m15,0.5,0.51,0.51,-0.010000000000000009,0.0
m5,0.58,0.6,0.61,-0.020000000000000018,0.010000000000000009
m15,0.5,0.5,0.5,0.0,0.0
m5,0.4,0.41,0.41,-0.009999999999999953,0.0
m15,0.49,0.5,0.5,-0.010000000000000009,0.0
m15,0.49,0.5,0.5,-0.010000000000000009,0.0
m5,0.57,0.66,0.65,-0.09000000000000008,-0.010000000000000009
m5,0.2965,0.28,0.29,0.01649999999999996,0.009999999999999953
m15,0.55,0.58,0.58,-0.029999999999999916,0.0
m5,0.25,0.27,0.27,-0.020000000000000018,0.0
m5,0.68,0.7,0.7,-0.019999999999999907,0.0
m5,0.34,0.35,0.35,-0.009999999999999953,0.0
m5,0.31,0.36,0.28,-0.04999999999999999,-0.07999999999999996
m5,0.65,0.72,0.69,-0.06999999999999995,-0.030000000000000027
m15,0.53,0.57,0.57,-0.039999999999999925,0.0
m15,0.53,0.57,0.57,-0.039999999999999925,0.0
m15,0.53,0.57,0.57,-0.039999999999999925,0.0
m5,0.67,0.78,0.76,-0.10999999999999999,-0.020000000000000018
m5,0.75,0.79,0.78,-0.040000000000000036,-0.010000000000000009
m5,0.73,0.79,0.78,-0.06000000000000005,-0.010000000000000009
h1,0.68,0.7,0.69,-0.019999999999999907,-0.010000000000000009
h1,0.26,0.27,0.27,-0.010000000000000009,0.0
h1,0.26,0.27,0.27,-0.010000000000000009,0.0
h1,0.26,0.27,0.27,-0.010000000000000009,0.0
h1,0.26,0.27,0.27,-0.010000000000000009,0.0
h1,0.26,0.27,0.27,-0.010000000000000009,0.0
h1,0.26,0.27,0.27,-0.010000000000000009,0.0
h1,0.26,0.27,0.27,-0.010000000000000009,0.0
h1,0.26,0.27,0.27,-0.010000000000000009,0.0
h1,0.26,0.27,0.27,-0.010000000000000009,0.0
m5,0.43,0.36,0.37,0.07,0.010000000000000009
m5,0.42719999999999997,0.36,0.37,0.06719999999999998,0.010000000000000009
m15,0.6798000000000001,0.64,0.64,0.03980000000000006,0.0
h1,0.29,0.3,0.3,-0.010000000000000009,0.0
m5,0.65,0.69,0.67,-0.039999999999999925,-0.019999999999999907
m15,0.37,0.4,0.4,-0.030000000000000027,0.0
h1,0.3,0.34,0.34,-0.040000000000000036,0.0
m5,0.71,0.78,0.77,-0.07000000000000006,-0.010000000000000009
m5,0.77,0.75,0.75,0.020000000000000018,0.0
m5,0.81,0.8,0.81,0.010000000000000009,0.010000000000000009
h1,0.38,0.39,0.39,-0.010000000000000009,0.0
m15,0.43,0.43,0.44,0.0,0.010000000000000009
m5,0.74,0.72,0.73,0.020000000000000018,0.010000000000000009
m15,0.43,0.43,0.44,0.0,0.010000000000000009
m15,0.43,0.43,0.44,0.0,0.010000000000000009
m15,0.43,0.43,0.44,0.0,0.010000000000000009
m15,0.44,0.43,0.44,0.010000000000000009,0.010000000000000009
m15,0.43,0.43,0.44,0.0,0.010000000000000009
m15,0.43,0.43,0.43,0.0,0.0
m5,0.67,0.67,0.67,0.0,0.0
m5,0.67,0.67,0.67,0.0,0.0
m15,0.39,0.39,0.39,0.0,0.0
m15,0.43,0.45,0.44,-0.020000000000000018,-0.010000000000000009
m15,0.43,0.45,0.45,-0.020000000000000018,0.0
m15,0.45,0.49,0.49,-0.03999999999999998,0.0
m15,0.49,0.51,0.5,-0.020000000000000018,-0.010000000000000009
m5,0.13,0.17,0.17,-0.04000000000000001,0.0
m5,0.84,0.88,0.87,-0.040000000000000036,-0.010000000000000009
m5,0.12,0.13,0.13,-0.010000000000000009,0.0
m5,0.16,0.21,0.21,-0.04999999999999999,0.0
m15,0.4,0.42,0.42,-0.019999999999999962,0.0
m15,0.4,0.42,0.42,-0.019999999999999962,0.0
m15,0.4,0.42,0.42,-0.019999999999999962,0.0
m15,0.48,0.46,0.46,0.019999999999999962,0.0
m5,0.88,0.92,0.92,-0.040000000000000036,0.0
h1,0.34,0.36,0.36,-0.019999999999999962,0.0
h1,0.34,0.36,0.36,-0.019999999999999962,0.0
m15,0.54,0.59,0.56,-0.04999999999999993,-0.029999999999999916
m5,0.01,0.01,0.01,0.0,0.0
m15,0.41,0.44,0.44,-0.030000000000000027,0.0
h1,0.38,0.39,0.39,-0.010000000000000009,0.0
m15,0.66,0.61,0.63,0.050000000000000044,0.020000000000000018
m15,0.66,0.61,0.63,0.050000000000000044,0.020000000000000018
m15,0.4165,0.42,0.41,-0.003500000000000003,-0.010000000000000009
m5,0.5,0.51,0.51,-0.010000000000000009,0.0
m5,0.44,0.44,0.44,0.0,0.0
m15,0.52,0.56,0.56,-0.040000000000000036,0.0
m5,0.44,0.44,0.44,0.0,0.0
m15,0.55,0.56,0.56,-0.010000000000000009,0.0
m5,0.36,0.36,0.36,0.0,0.0
m15,0.47,0.48,0.48,-0.010000000000000009,0.0
m15,0.47,0.48,0.48,-0.010000000000000009,0.0
m15,0.47,0.48,0.48,-0.010000000000000009,0.0
m15,0.47,0.48,0.48,-0.010000000000000009,0.0
m15,0.47,0.48,0.48,-0.010000000000000009,0.0
m15,0.47,0.48,0.48,-0.010000000000000009,0.0
m15,0.47,0.48,0.48,-0.010000000000000009,0.0
m15,0.47,0.48,0.48,-0.010000000000000009,0.0
m15,0.47,0.48,0.48,-0.010000000000000009,0.0
m15,0.47,0.48,0.48,-0.010000000000000009,0.0
m15,0.47,0.48,0.48,-0.010000000000000009,0.0
m15,0.47,0.48,0.48,-0.010000000000000009,0.0
m15,0.47,0.47,0.48,0.0,0.010000000000000009
m15,0.39,0.44,0.41,-0.04999999999999999,-0.030000000000000027
m15,0.39,0.44,0.41,-0.04999999999999999,-0.030000000000000027
m15,0.39,0.44,0.41,-0.04999999999999999,-0.030000000000000027
m15,0.39,0.44,0.41,-0.04999999999999999,-0.030000000000000027
m15,0.39,0.44,0.41,-0.04999999999999999,-0.030000000000000027
m5,0.28,0.36,0.35,-0.07999999999999996,-0.010000000000000009
m15,0.41,0.46,0.45,-0.050000000000000044,-0.010000000000000009
m15,0.41,0.46,0.45,-0.050000000000000044,-0.010000000000000009
m15,0.39,0.46,0.45,-0.07,-0.010000000000000009
m15,0.4,0.46,0.45,-0.06,-0.010000000000000009
m5,0.29,0.31,0.31,-0.020000000000000018,0.0
m5,0.22,0.28,0.28,-0.060000000000000026,0.0
m15,0.32,0.36,0.36,-0.03999999999999998,0.0
m15,0.33,0.36,0.36,-0.02999999999999997,0.0
m5,0.73,0.72,0.72,0.010000000000000009,0.0
m15,0.65,0.73,0.7,-0.07999999999999996,-0.030000000000000027
m15,0.29,0.31,0.3,-0.020000000000000018,-0.010000000000000009
m5,0.19,0.24,0.2,-0.04999999999999999,-0.03999999999999998
m5,0.2,0.24,0.2,-0.03999999999999998,-0.03999999999999998
m15,0.29,0.28,0.28,0.009999999999999953,0.0
m5,0.79,0.81,0.8,-0.020000000000000018,-0.010000000000000009
m5,0.79,0.81,0.81,-0.020000000000000018,0.0
m15,0.24,0.23,0.23,0.009999999999999981,0.0
m15,0.22,0.25,0.24,-0.03,-0.010000000000000009
m5,0.8,0.82,0.8,-0.019999999999999907,-0.019999999999999907
m15,0.76,0.75,0.75,0.010000000000000009,0.0
m5,0.82,0.81,0.81,0.009999999999999898,0.0
m5,0.7962,0.85,0.85,-0.05379999999999996,0.0
m5,0.06,0.07,0.06,-0.010000000000000009,-0.010000000000000009
m15,0.08,0.08,0.09,0.0,0.009999999999999995
m15,0.05,0.07,0.07,-0.020000000000000004,0.0
m15,0.05,0.07,0.07,-0.020000000000000004,0.0
m15,0.05,0.07,0.07,-0.020000000000000004,0.0
m5,0.92,0.95,0.94,-0.029999999999999916,-0.010000000000000009
m5,0.93,0.97,0.97,-0.039999999999999925,0.0
m15,0.02,0.02,0.02,0.0,0.0
m15,0.02,0.02,0.02,0.0,0.0
m15,0.02,0.02,0.02,0.0,0.0
m15,0.01,0.01,0.01,0.0,0.0
h1,0.18,0.19,0.19,-0.010000000000000009,0.0
h1,0.18,0.19,0.19,-0.010000000000000009,0.0
h1,0.18,0.19,0.19,-0.010000000000000009,0.0
h1,0.09,0.09,0.09,0.0,0.0
h1,0.09,0.09,0.09,0.0,0.0
h1,0.09,0.09,0.09,0.0,0.0
h1,0.09,0.09,0.09,0.0,0.0
h1,0.11,0.09,0.08,0.020000000000000004,-0.009999999999999995
h1,0.1,0.11,0.11,-0.009999999999999995,0.0
h1,0.08,0.11,0.11,-0.03,0.0
m5,0.79,0.78,0.78,0.010000000000000009,0.0
m5,0.86,0.78,0.78,0.07999999999999996,0.0
m15,0.69,0.69,0.69,0.0,0.0
m15,0.69,0.69,0.69,0.0,0.0
h1,0.09,0.11,0.11,-0.020000000000000004,0.0
m5,0.19,0.22,0.21,-0.03,-0.010000000000000009
h1,0.09,0.12,0.12,-0.03,0.0
h1,0.11,0.13,0.12,-0.020000000000000004,-0.010000000000000009
m15,0.62,0.63,0.63,-0.010000000000000009,0.0
m15,0.62,0.63,0.63,-0.010000000000000009,0.0
m15,0.62,0.63,0.63,-0.010000000000000009,0.0
m15,0.62,0.63,0.63,-0.010000000000000009,0.0
m15,0.62,0.63,0.63,-0.010000000000000009,0.0
m15,0.62,0.63,0.63,-0.010000000000000009,0.0
h1,0.11,0.13,0.12,-0.020000000000000004,-0.010000000000000009
h1,0.1,0.13,0.12,-0.03,-0.010000000000000009
h1,0.11,0.13,0.13,-0.020000000000000004,0.0
m15,0.63,0.69,0.69,-0.05999999999999994,0.0
h1,0.89,0.91,0.91,-0.020000000000000018,0.0
h1,0.91,0.92,0.92,-0.010000000000000009,0.0
m15,0.25,0.28,0.28,-0.030000000000000027,0.0
m5,0.82,0.79,0.81,0.029999999999999916,0.020000000000000018
m5,0.8,0.84,0.84,-0.039999999999999925,0.0
m5,0.83,0.86,0.86,-0.030000000000000027,0.0
m5,0.25,0.24,0.24,0.010000000000000009,0.0
m5,0.27,0.27,0.26,0.0,-0.010000000000000009
m15,0.3,0.33,0.33,-0.030000000000000027,0.0
h1,0.89,0.91,0.91,-0.020000000000000018,0.0
m5,0.8245,0.83,0.83,-0.005499999999999949,0.0
m5,0.84,0.86,0.86,-0.020000000000000018,0.0
h1,0.1,0.11,0.11,-0.009999999999999995,0.0
m5,0.19,0.25,0.23,-0.06,-0.01999999999999999
m5,0.71,0.8,0.79,-0.09000000000000008,-0.010000000000000009
m5,0.22,0.25,0.2,-0.03,-0.04999999999999999
m5,0.79,0.85,0.85,-0.05999999999999994,0.0
m5,0.8,0.85,0.85,-0.04999999999999993,0.0
m15,0.33,0.35,0.35,-0.019999999999999962,0.0
h1,0.87,0.91,0.89,-0.040000000000000036,-0.020000000000000018
m5,0.07,0.12,0.1,-0.04999999999999999,-0.01999999999999999
m15,0.33,0.37,0.37,-0.03999999999999998,0.0
m15,0.33,0.37,0.37,-0.03999999999999998,0.0
m15,0.35,0.37,0.37,-0.020000000000000018,0.0
m5,0.04,0.05,0.07,-0.010000000000000002,0.020000000000000004
m15,0.36,0.39,0.39,-0.030000000000000027,0.0
m5,0.05,0.09,0.09,-0.039999999999999994,0.0
h1,0.1,0.12,0.12,-0.01999999999999999,0.0
h1,0.11,0.12,0.12,-0.009999999999999995,0.0
h1,0.11,0.12,0.12,-0.009999999999999995,0.0
h1,0.11,0.11,0.12,0.0,0.009999999999999995
m5,0.42,0.41,0.41,0.010000000000000009,0.0
h1,0.1,0.11,0.11,-0.009999999999999995,0.0
m15,0.57,0.57,0.59,0.0,0.020000000000000018
m15,0.47,0.51,0.5,-0.040000000000000036,-0.010000000000000009
m15,0.47,0.48,0.49,-0.010000000000000009,0.010000000000000009
m15,0.47,0.48,0.49,-0.010000000000000009,0.010000000000000009
m15,0.47,0.48,0.49,-0.010000000000000009,0.010000000000000009
m15,0.47,0.48,0.49,-0.010000000000000009,0.010000000000000009
m15,0.47,0.48,0.49,-0.010000000000000009,0.010000000000000009
m5,0.29,0.29,0.29,0.0,0.0
m5,0.23,0.32,0.3,-0.09,-0.020000000000000018
m15,0.63,0.65,0.65,-0.020000000000000018,0.0
m5,0.7757999999999999,0.84,0.83,-0.06420000000000003,-0.010000000000000009
m5,0.18,0.18,0.18,0.0,0.0
m5,0.18,0.21,0.21,-0.03,0.0
h1,0.19,0.19,0.2,0.0,0.010000000000000009
h1,0.19,0.19,0.2,0.0,0.010000000000000009
m5,0.15,0.19,0.18,-0.04000000000000001,-0.010000000000000009
m5,0.15,0.19,0.18,-0.04000000000000001,-0.010000000000000009
m5,0.16,0.2,0.19,-0.04000000000000001,-0.010000000000000009
m5,0.25,0.25,0.25,0.0,0.0
m5,0.26,0.35,0.32,-0.08999999999999997,-0.02999999999999997
m5,0.25,0.35,0.32,-0.09999999999999998,-0.02999999999999997
m5,0.26,0.35,0.35,-0.08999999999999997,0.0
h1,0.85,0.88,0.88,-0.030000000000000027,0.0
m15,0.54,0.54,0.54,0.0,0.0
m15,0.46,0.46,0.47,0.0,0.009999999999999953
m15,0.46,0.46,0.47,0.0,0.009999999999999953
m15,0.46,0.46,0.47,0.0,0.009999999999999953
m5,0.62,0.7,0.7,-0.07999999999999996,0.0
m15,0.5,0.52,0.52,-0.020000000000000018,0.0
m5,0.27,0.28,0.28,-0.010000000000000009,0.0
m15,0.49,0.52,0.52,-0.030000000000000027,0.0
m15,0.51,0.52,0.52,-0.010000000000000009,0.0
m15,0.51,0.52,0.52,-0.010000000000000009,0.0
m15,0.5,0.52,0.52,-0.020000000000000018,0.0
m15,0.47,0.48,0.48,-0.010000000000000009,0.0
m15,0.47,0.48,0.48,-0.010000000000000009,0.0
m15,0.47,0.48,0.48,-0.010000000000000009,0.0
m5,0.13,0.13,0.15,0.0,0.01999999999999999
m5,0.11,0.12,0.13,-0.009999999999999995,0.010000000000000009
m5,0.86,0.9,0.9,-0.040000000000000036,0.0
m5,0.9,0.89,0.89,0.010000000000000009,0.0
m15,0.4,0.49,0.49,-0.08999999999999997,0.0
m15,0.4,0.49,0.49,-0.08999999999999997,0.0
m15,0.4,0.49,0.49,-0.08999999999999997,0.0
m15,0.4,0.49,0.49,-0.08999999999999997,0.0
m15,0.4,0.49,0.49,-0.08999999999999997,0.0
m15,0.4,0.49,0.49,-0.08999999999999997,0.0
m15,0.4,0.49,0.49,-0.08999999999999997,0.0
m15,0.4,0.49,0.49,-0.08999999999999997,0.0
m15,0.4,0.49,0.49,-0.08999999999999997,0.0
m15,0.59,0.52,0.52,0.06999999999999995,0.0
m15,0.4,0.49,0.49,-0.08999999999999997,0.0
m15,0.4,0.49,0.49,-0.08999999999999997,0.0
m5,0.08,0.14,0.15,-0.06000000000000001,0.009999999999999981
m15,0.4,0.49,0.49,-0.08999999999999997,0.0
m5,0.09,0.13,0.13,-0.04000000000000001,0.0
m5,0.85,0.89,0.87,-0.040000000000000036,-0.020000000000000018
m5,0.0616,0.1,0.1,-0.038400000000000004,0.0
h1,0.1,0.11,0.11,-0.009999999999999995,0.0
m5,0.04,0.05,0.05,-0.010000000000000002,0.0
m15,0.52,0.53,0.53,-0.010000000000000009,0.0
m5,0.58,0.58,0.58,0.0,0.0
m15,0.52,0.52,0.52,0.0,0.0
m5,0.5738,0.58,0.58,-0.006199999999999983,0.0
m5,0.48,0.53,0.53,-0.050000000000000044,0.0
m5,0.48,0.53,0.53,-0.050000000000000044,0.0
m5,0.48,0.48,0.48,0.0,0.0
m15,0.52,0.53,0.53,-0.010000000000000009,0.0
h1,0.1,0.11,0.11,-0.009999999999999995,0.0
h1,0.1,0.12,0.12,-0.01999999999999999,0.0
m15,0.34,0.42,0.42,-0.07999999999999996,0.0
m15,0.58,0.59,0.59,-0.010000000000000009,0.0
m15,0.51,0.48,0.5,0.030000000000000027,0.020000000000000018
m15,0.51,0.55,0.55,-0.040000000000000036,0.0
m5,0.55,0.59,0.59,-0.039999999999999925,0.0
m15,0.45,0.46,0.46,-0.010000000000000009,0.0
m15,0.45,0.46,0.46,-0.010000000000000009,0.0
m15,0.45,0.46,0.46,-0.010000000000000009,0.0
m15,0.45,0.46,0.46,-0.010000000000000009,0.0
m15,0.45,0.46,0.46,-0.010000000000000009,0.0
m15,0.45,0.46,0.46,-0.010000000000000009,0.0
m5,0.51,0.6,0.6,-0.08999999999999997,0.0
m15,0.47,0.55,0.55,-0.08000000000000007,0.0
m5,0.41,0.46,0.45,-0.050000000000000044,-0.010000000000000009
m15,0.5,0.5,0.5,0.0,0.0
m15,0.5,0.5,0.5,0.0,0.0
m15,0.5,0.5,0.5,0.0,0.0
m15,0.49,0.57,0.57,-0.07999999999999996,0.0
m5,0.4,0.45,0.45,-0.04999999999999999,0.0
m5,0.48,0.52,0.51,-0.040000000000000036,-0.010000000000000009
m5,0.48,0.46,0.47,0.019999999999999962,0.009999999999999953
m5,0.53,0.55,0.54,-0.020000000000000018,-0.010000000000000009
m15,0.4,0.49,0.48,-0.08999999999999997,-0.010000000000000009
m5,0.46,0.56,0.53,-0.10000000000000003,-0.030000000000000027
m15,0.47,0.58,0.57,-0.10999999999999999,-0.010000000000000009
m5,0.56,0.69,0.69,-0.1299999999999999,0.0
m15,0.41,0.39,0.39,0.019999999999999962,0.0
m5,0.32,0.33,0.33,-0.010000000000000009,0.0
m15,0.38,0.39,0.39,-0.010000000000000009,0.0
m5,0.33,0.36,0.35,-0.02999999999999997,-0.010000000000000009
m5,0.61,0.75,0.73,-0.14,-0.020000000000000018
m5,0.63,0.75,0.73,-0.12,-0.020000000000000018
m15,0.57,0.77,0.75,-0.20000000000000007,-0.020000000000000018
m15,0.6,0.77,0.75,-0.17000000000000004,-0.020000000000000018
m15,0.59,0.78,0.78,-0.19000000000000006,0.0
m5,0.23,0.31,0.31,-0.07999999999999999,0.0
m15,0.67,0.68,0.68,-0.010000000000000009,0.0
m15,0.67,0.68,0.68,-0.010000000000000009,0.0
m5,0.29,0.33,0.38,-0.040000000000000036,0.04999999999999999
h1,0.06,0.07,0.07,-0.010000000000000009,0.0
m15,0.32,0.37,0.46,-0.04999999999999999,0.09000000000000002
m15,0.4943,0.36,0.35,0.13430000000000003,-0.010000000000000009
m15,0.5122,0.65,0.66,-0.13780000000000003,0.010000000000000009
m15,0.54,0.65,0.66,-0.10999999999999999,0.010000000000000009
m15,0.54,0.65,0.66,-0.10999999999999999,0.010000000000000009
m5,0.3857,0.35,0.33,0.03570000000000001,-0.019999999999999962
m5,0.63,0.66,0.68,-0.030000000000000027,0.020000000000000018
m15,0.54,0.65,0.66,-0.10999999999999999,0.010000000000000009
m15,0.54,0.65,0.66,-0.10999999999999999,0.010000000000000009
m15,0.54,0.65,0.66,-0.10999999999999999,0.010000000000000009
m15,0.54,0.65,0.66,-0.10999999999999999,0.010000000000000009
m15,0.61,0.64,0.64,-0.030000000000000027,0.0
m15,0.35,0.37,0.37,-0.020000000000000018,0.0
m5,0.68,0.68,0.67,0.0,-0.010000000000000009
m15,0.37,0.46,0.4,-0.09000000000000002,-0.06
m15,0.68,0.69,0.68,-0.009999999999999898,-0.009999999999999898
m5,0.25,0.28,0.29,-0.030000000000000027,0.009999999999999953
m15,0.68,0.69,0.68,-0.009999999999999898,-0.009999999999999898
m15,0.3185,0.32,0.33,-0.0015000000000000013,0.010000000000000009
m15,0.68,0.69,0.69,-0.009999999999999898,0.0
m15,0.32,0.32,0.32,0.0,0.0
m15,0.31,0.41,0.4,-0.09999999999999998,-0.009999999999999953
m15,0.37,0.41,0.4,-0.03999999999999998,-0.009999999999999953
m15,0.68,0.7,0.7,-0.019999999999999907,0.0
m15,0.3,0.31,0.31,-0.010000000000000009,0.0
m5,0.85,0.85,0.85,0.0,0.0
m15,0.2,0.25,0.25,-0.04999999999999999,0.0
m5,0.16,0.15,0.16,0.010000000000000009,0.010000000000000009
m5,0.14,0.15,0.16,-0.009999999999999981,0.010000000000000009
m15,0.22,0.25,0.25,-0.03,0.0
m5,0.1861,0.27,0.28,-0.08390000000000003,0.010000000000000009
m15,0.59,0.61,0.61,-0.020000000000000018,0.0
m15,0.59,0.47,0.59,0.12,0.12
m15,0.39,0.55,0.54,-0.16000000000000003,-0.010000000000000009
m15,0.39,0.55,0.54,-0.16000000000000003,-0.010000000000000009
h1,0.06,0.06,0.06,0.0,0.0
h1,0.06,0.06,0.06,0.0,0.0
m5,0.32049999999999995,0.44,0.42,-0.11950000000000005,-0.020000000000000018
m5,0.38,0.44,0.43,-0.06,-0.010000000000000009
m15,0.54,0.55,0.55,-0.010000000000000009,0.0
m15,0.46,0.46,0.46,0.0,0.0
m15,0.46,0.46,0.46,0.0,0.0
m15,0.46,0.46,0.46,0.0,0.0
m15,0.46,0.46,0.46,0.0,0.0
m15,0.46,0.46,0.46,0.0,0.0
m15,0.46,0.46,0.46,0.0,0.0
m15,0.46,0.46,0.46,0.0,0.0
m15,0.46,0.46,0.46,0.0,0.0
m15,0.5472,0.55,0.55,-0.0028000000000000247,0.0
m5,0.57,0.42,0.57,0.14999999999999997,0.14999999999999997
m15,0.55,0.7,0.56,-0.1499999999999999,-0.1399999999999999
m15,0.28,0.54,0.33,-0.26,-0.21000000000000002
m15,0.27,0.54,0.33,-0.27,-0.21000000000000002
m5,0.34,0.59,0.51,-0.24999999999999994,-0.07999999999999996
m5,0.59,0.42,0.5,0.16999999999999998,0.08000000000000002
h1,0.07,0.07,0.08,0.0,0.009999999999999995
m15,0.47,0.49,0.49,-0.020000000000000018,0.0
m5,0.53,0.56,0.59,-0.030000000000000027,0.029999999999999916
m5,0.46740000000000004,0.56,0.59,-0.09260000000000002,0.029999999999999916
m15,0.29,0.49,0.49,-0.2,0.0
m15,0.51,0.66,0.52,-0.15000000000000002,-0.14
m15,0.5,0.66,0.52,-0.16000000000000003,-0.14
m15,0.51,0.66,0.52,-0.15000000000000002,-0.14
m15,0.51,0.66,0.52,-0.15000000000000002,-0.14
m15,0.51,0.66,0.52,-0.15000000000000002,-0.14
m15,0.51,0.66,0.52,-0.15000000000000002,-0.14
m15,0.51,0.66,0.52,-0.15000000000000002,-0.14
m15,0.51,0.66,0.52,-0.15000000000000002,-0.14
m15,0.51,0.66,0.52,-0.15000000000000002,-0.14
m5,0.59,0.57,0.57,0.020000000000000018,0.0
m15,0.51,0.74,0.61,-0.22999999999999998,-0.13
m15,0.51,0.74,0.61,-0.22999999999999998,-0.13
m15,0.51,0.74,0.61,-0.22999999999999998,-0.13
m15,0.51,0.74,0.61,-0.22999999999999998,-0.13
m15,0.51,0.74,0.61,-0.22999999999999998,-0.13
m15,0.51,0.74,0.61,-0.22999999999999998,-0.13
m15,0.51,0.74,0.61,-0.22999999999999998,-0.13
m15,0.51,0.74,0.61,-0.22999999999999998,-0.13
m15,0.63,0.63,0.76,0.0,0.13
m5,0.44060000000000005,0.45,0.66,-0.009399999999999964,0.21000000000000002
m5,0.4824,0.45,0.66,0.032399999999999984,0.21000000000000002
m5,0.5257000000000001,0.45,0.66,0.07570000000000005,0.21000000000000002
m5,0.65,0.43,0.4,0.22000000000000003,-0.02999999999999997
m5,0.4032,0.58,0.61,-0.17679999999999996,0.030000000000000027
m15,0.75,0.63,0.63,0.12,0.0
m5,0.4007,0.36,0.38,0.040700000000000014,0.020000000000000018
m5,0.41,0.36,0.38,0.04999999999999999,0.020000000000000018
m5,0.40159999999999996,0.36,0.38,0.04159999999999997,0.020000000000000018
m15,0.37,0.5,0.48,-0.13,-0.020000000000000018
m15,0.6,0.51,0.53,0.08999999999999997,0.020000000000000018
m15,0.37,0.49,0.49,-0.12,0.0
m15,0.37,0.49,0.49,-0.12,0.0
m15,0.37,0.49,0.49,-0.12,0.0
m15,0.4253,0.49,0.49,-0.06469999999999998,0.0
h1,0.05,0.06,0.06,-0.009999999999999995,0.0
h1,0.05,0.06,0.06,-0.009999999999999995,0.0
h1,0.05,0.06,0.06,-0.009999999999999995,0.0
h1,0.05,0.06,0.06,-0.009999999999999995,0.0
m15,0.48,0.51,0.48,-0.030000000000000027,-0.030000000000000027
m15,0.46,0.46,0.46,0.0,0.0
h1,0.03,0.04,0.04,-0.010000000000000002,0.0
h1,0.96,0.97,0.97,-0.010000000000000009,0.0
h1,0.96,0.97,0.97,-0.010000000000000009,0.0
h1,0.04,0.04,0.04,0.0,0.0
h1,0.96,0.97,0.97,-0.010000000000000009,0.0
h1,0.03,0.04,0.04,-0.010000000000000002,0.0
h1,0.97,0.97,0.97,0.0,0.0
h1,0.03,0.04,0.04,-0.010000000000000002,0.0
m5,0.34,0.39,0.39,-0.04999999999999999,0.0
m5,0.6,0.62,0.62,-0.020000000000000018,0.0
h1,0.97,0.97,0.97,0.0,0.0
h1,0.97,0.97,0.97,0.0,0.0
m5,0.6,0.6,0.6,0.0,0.0
m5,0.55,0.6,0.59,-0.04999999999999993,-0.010000000000000009
m5,0.44,0.41,0.42,0.030000000000000027,0.010000000000000009
h1,0.96,0.97,0.97,-0.010000000000000009,0.0
h1,0.96,0.97,0.97,-0.010000000000000009,0.0
h1,0.96,0.96,0.96,0.0,0.0
m5,0.4,0.45,0.43,-0.04999999999999999,-0.020000000000000018
h1,0.03,0.04,0.04,-0.010000000000000002,0.0
h1,0.97,0.98,0.98,-0.010000000000000009,0.0
h1,0.97,0.98,0.98,-0.010000000000000009,0.0
m5,0.24,0.25,0.24,-0.010000000000000009,-0.010000000000000009
m15,0.37,0.38,0.38,-0.010000000000000009,0.0
m15,0.37,0.38,0.38,-0.010000000000000009,0.0
m15,0.37,0.38,0.38,-0.010000000000000009,0.0
m15,0.37,0.38,0.38,-0.010000000000000009,0.0
m15,0.37,0.38,0.38,-0.010000000000000009,0.0
m5,0.68,0.63,0.65,0.050000000000000044,0.020000000000000018
m5,0.32,0.38,0.38,-0.06,0.0
m5,0.38,0.4,0.39,-0.020000000000000018,-0.010000000000000009
m5,0.35,0.41,0.41,-0.06,0.0
m5,0.4,0.49,0.48,-0.08999999999999997,-0.010000000000000009
h1,0.03,0.04,0.04,-0.010000000000000002,0.0
m5,0.52,0.56,0.57,-0.040000000000000036,0.009999999999999898
h1,0.03,0.04,0.04,-0.010000000000000002,0.0
m5,0.44,0.44,0.46,0.0,0.020000000000000018
h1,0.03,0.04,0.04,-0.010000000000000002,0.0
m5,0.57,0.6,0.59,-0.030000000000000027,-0.010000000000000009
h1,0.03,0.05,0.04,-0.020000000000000004,-0.010000000000000002
m15,0.44,0.49,0.48,-0.04999999999999999,-0.010000000000000009
m5,0.36,0.45,0.42,-0.09000000000000002,-0.030000000000000027
m5,0.4,0.44,0.45,-0.03999999999999998,0.010000000000000009
m5,0.61,0.57,0.56,0.040000000000000036,-0.009999999999999898
m5,0.45,0.41,0.44,0.040000000000000036,0.030000000000000027
m5,0.57,0.6,0.6,-0.030000000000000027,0.0
m5,0.56,0.6,0.6,-0.039999999999999925,0.0
m5,0.5,0.63,0.61,-0.13,-0.020000000000000018
m5,0.5,0.65,0.64,-0.15000000000000002,-0.010000000000000009
m5,0.71,0.78,0.76,-0.07000000000000006,-0.020000000000000018
m15,0.37,0.45,0.41,-0.08000000000000002,-0.040000000000000036
m5,0.23,0.39,0.36,-0.16,-0.030000000000000027
m5,0.2778,0.39,0.36,-0.11220000000000002,-0.030000000000000027
m5,0.24,0.39,0.36,-0.15000000000000002,-0.030000000000000027
h1,0.95,0.97,0.97,-0.020000000000000018,0.0
h1,0.96,0.97,0.97,-0.010000000000000009,0.0
m15,0.54,0.55,0.55,-0.010000000000000009,0.0
m5,0.33,0.37,0.37,-0.03999999999999998,0.0
m5,0.64,0.66,0.65,-0.020000000000000018,-0.010000000000000009
h1,0.96,0.97,0.97,-0.010000000000000009,0.0
m5,0.62,0.67,0.68,-0.050000000000000044,0.010000000000000009
m5,0.20980000000000001,0.28,0.21,-0.07020000000000001,-0.07000000000000003
h1,0.97,0.97,0.97,0.0,0.0
m15,0.43,0.44,0.44,-0.010000000000000009,0.0
m5,0.12,0.44,0.44,-0.32,0.0
h1,0.97,0.98,0.98,-0.010000000000000009,0.0
m15,0.46,0.48,0.48,-0.019999999999999962,0.0
h1,0.97,0.98,0.98,-0.010000000000000009,0.0
m5,0.6062,0.85,0.82,-0.24380000000000002,-0.030000000000000027
m5,0.8477,0.87,0.87,-0.022299999999999986,0.0
m5,0.9,0.85,0.87,0.050000000000000044,0.020000000000000018
m15,0.4,0.41,0.41,-0.009999999999999953,0.0
m5,0.11,0.13,0.13,-0.020000000000000004,0.0
m5,0.1168,0.13,0.13,-0.013200000000000003,0.0
m5,0.9,0.95,0.94,-0.04999999999999993,-0.010000000000000009
m5,0.88,0.95,0.94,-0.06999999999999995,-0.010000000000000009
m5,0.8929,0.95,0.94,-0.05709999999999993,-0.010000000000000009
m15,0.41,0.43,0.43,-0.020000000000000018,0.0
m15,0.41,0.43,0.43,-0.020000000000000018,0.0
m15,0.423,0.43,0.43,-0.007000000000000006,0.0
m5,0.4899,0.52,0.53,-0.030100000000000016,0.010000000000000009
m15,0.4,0.43,0.43,-0.02999999999999997,0.0
m15,0.42,0.43,0.43,-0.010000000000000009,0.0
m15,0.4,0.43,0.43,-0.02999999999999997,0.0
m15,0.4,0.43,0.43,-0.02999999999999997,0.0
m15,0.4,0.43,0.43,-0.02999999999999997,0.0
m15,0.4,0.43,0.43,-0.02999999999999997,0.0
m15,0.4,0.43,0.43,-0.02999999999999997,0.0
m15,0.4,0.43,0.43,-0.02999999999999997,0.0
m15,0.4,0.43,0.43,-0.02999999999999997,0.0
m15,0.4,0.43,0.43,-0.02999999999999997,0.0
m15,0.4,0.43,0.43,-0.02999999999999997,0.0
m15,0.4,0.43,0.43,-0.02999999999999997,0.0
m15,0.67,0.73,0.74,-0.05999999999999994,0.010000000000000009
m15,0.67,0.73,0.74,-0.05999999999999994,0.010000000000000009
m15,0.67,0.73,0.74,-0.05999999999999994,0.010000000000000009
m5,0.6322,0.68,0.7,-0.047800000000000065,0.019999999999999907
m15,0.67,0.79,0.78,-0.12,-0.010000000000000009
m15,0.67,0.79,0.78,-0.12,-0.010000000000000009
h1,0.95,0.94,0.95,0.010000000000000009,0.010000000000000009
m15,0.79,0.83,0.83,-0.039999999999999925,0.0
m15,0.79,0.83,0.83,-0.039999999999999925,0.0
m5,0.74,0.8,0.77,-0.06000000000000005,-0.030000000000000027
m15,0.79,0.82,0.83,-0.029999999999999916,0.010000000000000009
m15,0.79,0.82,0.83,-0.029999999999999916,0.010000000000000009
m15,0.82,0.84,0.84,-0.020000000000000018,0.0
m15,0.82,0.84,0.84,-0.020000000000000018,0.0
h1,0.09,0.12,0.11,-0.03,-0.009999999999999995
h1,0.09,0.12,0.11,-0.03,-0.009999999999999995
h1,0.09,0.12,0.11,-0.03,-0.009999999999999995
m15,0.83,0.85,0.85,-0.020000000000000018,0.0
m15,0.83,0.85,0.85,-0.020000000000000018,0.0
m15,0.84,0.85,0.86,-0.010000000000000009,0.010000000000000009
m15,0.84,0.85,0.86,-0.010000000000000009,0.010000000000000009
m15,0.8647,0.89,0.88,-0.02529999999999999,-0.010000000000000009
h1,0.141,0.18,0.17,-0.03900000000000001,-0.009999999999999981
h1,0.141,0.18,0.17,-0.03900000000000001,-0.009999999999999981
h1,0.141,0.18,0.17,-0.03900000000000001,-0.009999999999999981
h1,0.159,0.28,0.18,-0.12100000000000002,-0.10000000000000003
h1,0.17,0.28,0.18,-0.11000000000000001,-0.10000000000000003
h1,0.722,0.61,0.66,0.11199999999999999,0.050000000000000044
h1,0.31,0.4,0.35,-0.09000000000000002,-0.050000000000000044
h1,0.341,0.38,0.39,-0.03899999999999998,0.010000000000000009
h1,0.331,0.38,0.39,-0.04899999999999999,0.010000000000000009
h1,0.381,0.42,0.39,-0.03899999999999998,-0.02999999999999997
h1,0.381,0.42,0.39,-0.03899999999999998,-0.02999999999999997
h1,0.381,0.42,0.39,-0.03899999999999998,-0.02999999999999997
m5,0.94,0.96,0.96,-0.020000000000000018,0.0
m5,0.94,0.95,0.95,-0.010000000000000009,0.0
m15,0.94,0.95,0.95,-0.010000000000000009,0.0
h1,0.5479999999999999,0.56,0.56,-0.012000000000000122,0.0
h1,0.5479999999999999,0.56,0.56,-0.012000000000000122,0.0
h1,0.5479999999999999,0.56,0.56,-0.012000000000000122,0.0
h1,0.5479999999999999,0.56,0.56,-0.012000000000000122,0.0
h1,0.5479999999999999,0.56,0.56,-0.012000000000000122,0.0
h1,0.5479999999999999,0.56,0.56,-0.012000000000000122,0.0
h1,0.5479999999999999,0.56,0.56,-0.012000000000000122,0.0
h1,0.5479999999999999,0.56,0.56,-0.012000000000000122,0.0
h1,0.5479999999999999,0.56,0.56,-0.012000000000000122,0.0
h1,0.5479999999999999,0.56,0.56,-0.012000000000000122,0.0
h1,0.5479999999999999,0.56,0.56,-0.012000000000000122,0.0
h1,0.5479999999999999,0.56,0.56,-0.012000000000000122,0.0
h1,0.5479999999999999,0.56,0.56,-0.012000000000000122,0.0
h1,0.5479999999999999,0.56,0.56,-0.012000000000000122,0.0
h1,0.5479999999999999,0.56,0.56,-0.012000000000000122,0.0
h1,0.5479999999999999,0.56,0.56,-0.012000000000000122,0.0
h1,0.5479999999999999,0.56,0.56,-0.012000000000000122,0.0
h1,0.45,0.45,0.44,0.0,-0.010000000000000009
h1,0.5479999999999999,0.56,0.56,-0.012000000000000122,0.0
h1,0.5489999999999999,0.59,0.58,-0.041000000000000036,-0.010000000000000009
h1,0.5479999999999999,0.59,0.58,-0.04200000000000004,-0.010000000000000009
h1,0.44799999999999995,0.42,0.43,0.02799999999999997,0.010000000000000009
h1,0.5479999999999999,0.59,0.58,-0.04200000000000004,-0.010000000000000009
h1,0.5489999999999999,0.59,0.58,-0.041000000000000036,-0.010000000000000009
h1,0.5489999999999999,0.59,0.58,-0.041000000000000036,-0.010000000000000009
h1,0.5489999999999999,0.59,0.58,-0.041000000000000036,-0.010000000000000009
h1,0.5489999999999999,0.59,0.58,-0.041000000000000036,-0.010000000000000009
h1,0.5489999999999999,0.59,0.58,-0.041000000000000036,-0.010000000000000009
h1,0.5489999999999999,0.59,0.58,-0.041000000000000036,-0.010000000000000009
h1,0.5489999999999999,0.59,0.58,-0.041000000000000036,-0.010000000000000009
h1,0.5489999999999999,0.59,0.58,-0.041000000000000036,-0.010000000000000009
h1,0.5489999999999999,0.59,0.58,-0.041000000000000036,-0.010000000000000009
h1,0.57,0.58,0.59,-0.010000000000000009,0.010000000000000009
h1,0.581,0.58,0.59,0.0010000000000000009,0.010000000000000009
h1,0.5529999999999999,0.58,0.59,-0.027000000000000024,0.010000000000000009
h1,0.5529999999999999,0.58,0.59,-0.027000000000000024,0.010000000000000009
h1,0.5529999999999999,0.58,0.59,-0.027000000000000024,0.010000000000000009
h1,0.5529999999999999,0.58,0.59,-0.027000000000000024,0.010000000000000009
h1,0.5529999999999999,0.58,0.59,-0.027000000000000024,0.010000000000000009
h1,0.5529999999999999,0.58,0.59,-0.027000000000000024,0.010000000000000009
h1,0.5529999999999999,0.58,0.59,-0.027000000000000024,0.010000000000000009
h1,0.5529999999999999,0.58,0.59,-0.027000000000000024,0.010000000000000009
h1,0.5529999999999999,0.58,0.59,-0.027000000000000024,0.010000000000000009
h1,0.5529999999999999,0.58,0.59,-0.027000000000000024,0.010000000000000009
h1,0.581,0.58,0.59,0.0010000000000000009,0.010000000000000009
h1,0.5529999999999999,0.58,0.59,-0.027000000000000024,0.010000000000000009
h1,0.581,0.58,0.59,0.0010000000000000009,0.010000000000000009
h1,0.581,0.58,0.59,0.0010000000000000009,0.010000000000000009
h1,0.581,0.58,0.59,0.0010000000000000009,0.010000000000000009
h1,0.581,0.58,0.59,0.0010000000000000009,0.010000000000000009
h1,0.581,0.58,0.59,0.0010000000000000009,0.010000000000000009
h1,0.581,0.58,0.59,0.0010000000000000009,0.010000000000000009
h1,0.581,0.58,0.59,0.0010000000000000009,0.010000000000000009
h1,0.581,0.58,0.59,0.0010000000000000009,0.010000000000000009
h1,0.581,0.58,0.59,0.0010000000000000009,0.010000000000000009
h1,0.581,0.58,0.59,0.0010000000000000009,0.010000000000000009
h1,0.581,0.58,0.59,0.0010000000000000009,0.010000000000000009
h1,0.581,0.58,0.59,0.0010000000000000009,0.010000000000000009
h1,0.581,0.58,0.59,0.0010000000000000009,0.010000000000000009
h1,0.5529999999999999,0.58,0.59,-0.027000000000000024,0.010000000000000009
h1,0.552,0.58,0.58,-0.027999999999999914,0.0
h1,0.581,0.58,0.58,0.0010000000000000009,0.0
h1,0.581,0.58,0.58,0.0010000000000000009,0.0
h1,0.581,0.58,0.58,0.0010000000000000009,0.0
m5,0.04,0.05,0.05,-0.010000000000000002,0.0
h1,0.581,0.58,0.58,0.0010000000000000009,0.0
h1,0.552,0.58,0.58,-0.027999999999999914,0.0
h1,0.581,0.58,0.58,0.0010000000000000009,0.0
h1,0.581,0.58,0.58,0.0010000000000000009,0.0
h1,0.552,0.58,0.58,-0.027999999999999914,0.0
h1,0.552,0.58,0.58,-0.027999999999999914,0.0
h1,0.581,0.58,0.58,0.0010000000000000009,0.0
h1,0.552,0.58,0.58,-0.027999999999999914,0.0
h1,0.552,0.58,0.58,-0.027999999999999914,0.0
h1,0.552,0.58,0.58,-0.027999999999999914,0.0
h1,0.552,0.58,0.58,-0.027999999999999914,0.0
h1,0.581,0.58,0.58,0.0010000000000000009,0.0
h1,0.581,0.58,0.58,0.0010000000000000009,0.0
h1,0.581,0.58,0.58,0.0010000000000000009,0.0
h1,0.581,0.58,0.58,0.0010000000000000009,0.0
h1,0.581,0.58,0.58,0.0010000000000000009,0.0
h1,0.581,0.58,0.58,0.0010000000000000009,0.0
h1,0.581,0.58,0.58,0.0010000000000000009,0.0
h1,0.581,0.58,0.58,0.0010000000000000009,0.0
h1,0.552,0.58,0.58,-0.027999999999999914,0.0
h1,0.5479999999999999,0.46,0.51,0.08799999999999991,0.04999999999999999
h1,0.5479999999999999,0.46,0.51,0.08799999999999991,0.04999999999999999
h1,0.5479999999999999,0.46,0.51,0.08799999999999991,0.04999999999999999
h1,0.5479999999999999,0.46,0.51,0.08799999999999991,0.04999999999999999
h1,0.498,0.46,0.51,0.03799999999999998,0.04999999999999999
h1,0.498,0.46,0.51,0.03799999999999998,0.04999999999999999
h1,0.5479999999999999,0.46,0.51,0.08799999999999991,0.04999999999999999
h1,0.498,0.45,0.45,0.04799999999999999,0.0
h1,0.498,0.45,0.45,0.04799999999999999,0.0
h1,0.498,0.45,0.45,0.04799999999999999,0.0
h1,0.498,0.45,0.45,0.04799999999999999,0.0
m15,0.95,0.96,0.96,-0.010000000000000009,0.0
h1,0.498,0.45,0.45,0.04799999999999999,0.0
h1,0.498,0.45,0.45,0.04799999999999999,0.0
h1,0.507,0.45,0.45,0.056999999999999995,0.0
h1,0.507,0.45,0.45,0.056999999999999995,0.0
h1,0.507,0.45,0.45,0.056999999999999995,0.0
h1,0.507,0.45,0.45,0.056999999999999995,0.0
h1,0.498,0.45,0.45,0.04799999999999999,0.0
h1,0.498,0.45,0.45,0.04799999999999999,0.0
h1,0.498,0.45,0.45,0.04799999999999999,0.0
h1,0.498,0.45,0.45,0.04799999999999999,0.0
h1,0.445,0.47,0.42,-0.024999999999999967,-0.04999999999999999
m15,0.95,0.97,0.97,-0.020000000000000018,0.0
h1,0.445,0.47,0.42,-0.024999999999999967,-0.04999999999999999
h1,0.445,0.47,0.42,-0.024999999999999967,-0.04999999999999999
h1,0.445,0.47,0.42,-0.024999999999999967,-0.04999999999999999
h1,0.445,0.47,0.42,-0.024999999999999967,-0.04999999999999999
h1,0.445,0.47,0.42,-0.024999999999999967,-0.04999999999999999
m5,0.96,0.96,0.97,0.0,0.010000000000000009
h1,0.445,0.47,0.42,-0.024999999999999967,-0.04999999999999999
h1,0.445,0.47,0.42,-0.024999999999999967,-0.04999999999999999
h1,0.424,0.49,0.48,-0.066,-0.010000000000000009
h1,0.415,0.49,0.48,-0.07500000000000001,-0.010000000000000009
h1,0.415,0.49,0.48,-0.07500000000000001,-0.010000000000000009
h1,0.57,0.52,0.52,0.04999999999999993,0.0
h1,0.424,0.49,0.48,-0.066,-0.010000000000000009
m15,0.94,0.94,0.94,0.0,0.0
m15,0.94,0.94,0.94,0.0,0.0
h1,0.483,0.59,0.58,-0.10699999999999998,-0.010000000000000009
h1,0.483,0.59,0.58,-0.10699999999999998,-0.010000000000000009
h1,0.483,0.59,0.58,-0.10699999999999998,-0.010000000000000009
h1,0.483,0.59,0.58,-0.10699999999999998,-0.010000000000000009
h1,0.483,0.59,0.58,-0.10699999999999998,-0.010000000000000009
h1,0.483,0.59,0.58,-0.10699999999999998,-0.010000000000000009
h1,0.483,0.59,0.58,-0.10699999999999998,-0.010000000000000009
h1,0.483,0.59,0.58,-0.10699999999999998,-0.010000000000000009
h1,0.483,0.59,0.58,-0.10699999999999998,-0.010000000000000009
h1,0.483,0.59,0.58,-0.10699999999999998,-0.010000000000000009
h1,0.483,0.59,0.58,-0.10699999999999998,-0.010000000000000009
h1,0.483,0.59,0.58,-0.10699999999999998,-0.010000000000000009
h1,0.5820000000000001,0.59,0.59,-0.007999999999999896,0.0
h1,0.574,0.59,0.59,-0.016000000000000014,0.0
h1,0.574,0.59,0.59,-0.016000000000000014,0.0
h1,0.574,0.59,0.59,-0.016000000000000014,0.0
h1,0.5920000000000001,0.56,0.53,0.03200000000000003,-0.030000000000000027
h1,0.5920000000000001,0.56,0.53,0.03200000000000003,-0.030000000000000027
h1,0.5920000000000001,0.56,0.53,0.03200000000000003,-0.030000000000000027
h1,0.5920000000000001,0.56,0.53,0.03200000000000003,-0.030000000000000027
h1,0.5920000000000001,0.56,0.53,0.03200000000000003,-0.030000000000000027
h1,0.5920000000000001,0.56,0.53,0.03200000000000003,-0.030000000000000027
h1,0.5920000000000001,0.56,0.53,0.03200000000000003,-0.030000000000000027
h1,0.5920000000000001,0.56,0.53,0.03200000000000003,-0.030000000000000027
h1,0.5920000000000001,0.56,0.53,0.03200000000000003,-0.030000000000000027
h1,0.521,0.58,0.56,-0.05899999999999994,-0.019999999999999907
h1,0.4426,0.43,0.45,0.0126,0.020000000000000018
h1,0.451,0.44,0.45,0.01100000000000001,0.010000000000000009
h1,0.541,0.57,0.56,-0.028999999999999915,-0.009999999999999898
h1,0.541,0.57,0.56,-0.028999999999999915,-0.009999999999999898
h1,0.48,0.49,0.49,-0.010000000000000009,0.0
h1,0.451,0.49,0.44,-0.03899999999999998,-0.04999999999999999
h1,0.451,0.49,0.44,-0.03899999999999998,-0.04999999999999999
h1,0.451,0.49,0.44,-0.03899999999999998,-0.04999999999999999
h1,0.451,0.49,0.44,-0.03899999999999998,-0.04999999999999999
h1,0.451,0.49,0.44,-0.03899999999999998,-0.04999999999999999
h1,0.451,0.49,0.44,-0.03899999999999998,-0.04999999999999999
h1,0.451,0.49,0.44,-0.03899999999999998,-0.04999999999999999
h1,0.502,0.54,0.54,-0.038000000000000034,0.0
h1,0.502,0.54,0.54,-0.038000000000000034,0.0
h1,0.461,0.47,0.47,-0.008999999999999952,0.0
h1,0.461,0.44,0.44,0.02100000000000002,0.0
h1,0.531,0.57,0.57,-0.038999999999999924,0.0
h1,0.5,0.53,0.53,-0.030000000000000027,0.0
h1,0.5,0.53,0.53,-0.030000000000000027,0.0
h1,0.61,0.62,0.62,-0.010000000000000009,0.0
h1,0.62,0.62,0.62,0.0,0.0
h1,0.625,0.62,0.64,0.0050000000000000044,0.020000000000000018
h1,0.622,0.62,0.64,0.0020000000000000018,0.020000000000000018
h1,0.625,0.62,0.64,0.0050000000000000044,0.020000000000000018
h1,0.36700000000000005,0.42,0.41,-0.052999999999999936,-0.010000000000000009
h1,0.5770000000000001,0.58,0.59,-0.0029999999999998916,0.010000000000000009
h1,0.6,0.61,0.61,-0.010000000000000009,0.0
h1,0.61,0.59,0.59,0.020000000000000018,0.0
h1,0.581,0.59,0.59,-0.009000000000000008,0.0
h1,0.581,0.59,0.59,-0.009000000000000008,0.0
h1,0.581,0.6,0.59,-0.019000000000000017,-0.010000000000000009
h1,0.583,0.63,0.63,-0.04700000000000004,0.0
h1,0.59,0.63,0.63,-0.040000000000000036,0.0
h1,0.59,0.65,0.64,-0.06000000000000005,-0.010000000000000009
h1,0.35,0.39,0.39,-0.040000000000000036,0.0
h1,0.41,0.43,0.43,-0.020000000000000018,0.0
h1,0.431,0.43,0.43,0.0010000000000000009,0.0
h1,0.51,0.51,0.51,0.0,0.0
h1,0.511,0.51,0.51,0.0010000000000000009,0.0
h1,0.511,0.52,0.52,-0.009000000000000008,0.0
h1,0.511,0.5,0.5,0.01100000000000001,0.0
h1,0.521,0.54,0.54,-0.019000000000000017,0.0
h1,0.522,0.54,0.54,-0.018000000000000016,0.0
h1,0.5,0.56,0.54,-0.06000000000000005,-0.020000000000000018
h1,0.64,0.68,0.66,-0.040000000000000036,-0.020000000000000018
h1,0.6648999999999999,0.73,0.69,-0.06510000000000005,-0.040000000000000036
h1,0.73,0.75,0.74,-0.020000000000000018,-0.010000000000000009
h1,0.73,0.75,0.74,-0.020000000000000018,-0.010000000000000009
h1,0.721,0.75,0.74,-0.029000000000000026,-0.010000000000000009
m15,0.011000000000000001,0.01,0.01,0.0010000000000000009,0.0
m15,0.011000000000000001,0.01,0.01,0.0010000000000000009,0.0
h1,0.735,0.74,0.74,-0.0050000000000000044,0.0
m5,0.4168,0.45,0.42,-0.03320000000000001,-0.030000000000000027
m15,0.011000000000000001,0.0,0.01,0.011000000000000001,0.01
m15,0.006999999999999999,0.0,0.0,0.006999999999999999,0.0
h1,0.8,0.8,0.79,0.0,-0.010000000000000009
h1,0.7954000000000001,0.8,0.79,-0.0045999999999999375,-0.010000000000000009
m5,0.64,0.66,0.68,-0.020000000000000018,0.020000000000000018
h1,0.7809999999999999,0.8,0.8,-0.019000000000000128,0.0
h1,0.201,0.2,0.2,0.0010000000000000009,0.0
h1,0.221,0.24,0.24,-0.01899999999999999,0.0
h1,0.221,0.25,0.25,-0.028999999999999998,0.0
h1,0.231,0.24,0.24,-0.00899999999999998,0.0
h1,0.231,0.24,0.24,-0.00899999999999998,0.0
h1,0.231,0.24,0.24,-0.00899999999999998,0.0
h1,0.231,0.24,0.24,-0.00899999999999998,0.0
h1,0.231,0.24,0.24,-0.00899999999999998,0.0
h1,0.231,0.24,0.24,-0.00899999999999998,0.0
h1,0.231,0.24,0.24,-0.00899999999999998,0.0
h1,0.741,0.75,0.76,-0.009000000000000008,0.010000000000000009
h1,0.741,0.75,0.75,-0.009000000000000008,0.0
h1,0.75,0.74,0.74,0.010000000000000009,0.0
m5,0.57,0.57,0.57,0.0,0.0
h1,0.77,0.84,0.84,-0.06999999999999995,0.0
h1,0.73,0.84,0.84,-0.10999999999999999,0.0
m5,0.66,0.7,0.7,-0.039999999999999925,0.0
m5,0.6122,0.7,0.7,-0.08779999999999999,0.0
h1,0.83,0.85,0.85,-0.020000000000000018,0.0
h1,0.843,0.86,0.85,-0.017000000000000015,-0.010000000000000009
h1,0.843,0.86,0.85,-0.017000000000000015,-0.010000000000000009
h1,0.843,0.86,0.85,-0.017000000000000015,-0.010000000000000009
h1,0.843,0.86,0.85,-0.017000000000000015,-0.010000000000000009
h1,0.843,0.86,0.85,-0.017000000000000015,-0.010000000000000009
m5,0.29,0.31,0.3,-0.020000000000000018,-0.010000000000000009
m5,0.29,0.33,0.32,-0.040000000000000036,-0.010000000000000009
h1,0.831,0.94,0.84,-0.10899999999999999,-0.09999999999999998
h1,0.142,0.07,0.17,0.07199999999999998,0.1
h1,0.042,0.06,0.06,-0.017999999999999995,0.0
h1,0.9359999999999999,0.95,0.95,-0.014000000000000012,0.0
h1,0.9359999999999999,0.95,0.95,-0.014000000000000012,0.0
h1,0.9359999999999999,0.95,0.95,-0.014000000000000012,0.0
h1,0.042,0.06,0.06,-0.017999999999999995,0.0
h1,0.9359999999999999,0.95,0.95,-0.014000000000000012,0.0
h1,0.9359999999999999,0.94,0.94,-0.0040000000000000036,0.0
h1,0.9359999999999999,0.94,0.94,-0.0040000000000000036,0.0
h1,0.9359999999999999,0.94,0.94,-0.0040000000000000036,0.0
h1,0.9359999999999999,0.94,0.94,-0.0040000000000000036,0.0
h1,0.071,0.08,0.08,-0.009000000000000008,0.0
m5,0.18,0.21,0.2,-0.03,-0.009999999999999981
h1,0.071,0.11,0.08,-0.03900000000000001,-0.03
h1,0.071,0.11,0.08,-0.03900000000000001,-0.03
h1,0.071,0.11,0.08,-0.03900000000000001,-0.03
h1,0.075,0.11,0.08,-0.035,-0.03
h1,0.073,0.11,0.08,-0.037000000000000005,-0.03
h1,0.079,0.12,0.12,-0.040999999999999995,0.0
h1,0.10099999999999999,0.13,0.13,-0.029000000000000012,0.0
h1,0.10099999999999999,0.13,0.13,-0.029000000000000012,0.0
h1,0.10099999999999999,0.13,0.13,-0.029000000000000012,0.0
h1,0.10099999999999999,0.13,0.13,-0.029000000000000012,0.0
h1,0.111,0.1,0.1,0.010999999999999996,0.0
h1,0.111,0.1,0.1,0.010999999999999996,0.0
h1,0.111,0.06,0.07,0.051000000000000004,0.010000000000000009
m5,0.8,0.82,0.82,-0.019999999999999907,0.0
h1,0.068,0.1,0.1,-0.032,0.0
h1,0.07,0.1,0.1,-0.03,0.0
m5,0.22,0.27,0.26,-0.05000000000000002,-0.010000000000000009
h1,0.11199999999999999,0.13,0.13,-0.018000000000000016,0.0
h1,0.12300000000000001,0.12,0.13,0.0030000000000000165,0.010000000000000009
h1,0.12300000000000001,0.12,0.13,0.0030000000000000165,0.010000000000000009
h1,0.111,0.22,0.18,-0.109,-0.04000000000000001
h1,0.14300000000000002,0.14,0.18,0.0030000000000000027,0.03999999999999998
h1,0.155,0.14,0.18,0.014999999999999986,0.03999999999999998
m5,0.59,0.64,0.65,-0.050000000000000044,0.010000000000000009
m5,0.6,0.64,0.65,-0.040000000000000036,0.010000000000000009
h1,0.86,0.9,0.9,-0.040000000000000036,0.0
h1,0.86,0.9,0.9,-0.040000000000000036,0.0
m5,0.62,0.66,0.65,-0.040000000000000036,-0.010000000000000009
h1,0.10099999999999999,0.11,0.11,-0.009000000000000008,0.0
h1,0.9329999999999999,0.93,0.93,0.0029999999999998916,0.0
h1,0.932,0.94,0.93,-0.007999999999999896,-0.009999999999999898
h1,0.932,0.96,0.95,-0.027999999999999914,-0.010000000000000009
h1,0.932,0.96,0.95,-0.027999999999999914,-0.010000000000000009
h1,0.043,0.05,0.05,-0.007000000000000006,0.0
h1,0.043,0.05,0.05,-0.007000000000000006,0.0
h1,0.043,0.04,0.04,0.0029999999999999957,0.0
h1,0.043,0.04,0.04,0.0029999999999999957,0.0
h1,0.043,0.04,0.04,0.0029999999999999957,0.0
h1,0.043,0.04,0.04,0.0029999999999999957,0.0
h1,0.043,0.04,0.04,0.0029999999999999957,0.0
h1,0.04,0.09,0.05,-0.049999999999999996,-0.039999999999999994
h1,0.0495,0.08,0.08,-0.0305,0.0
m5,0.16949999999999998,0.24,0.24,-0.07050000000000001,0.0
h1,0.064,0.08,0.08,-0.016,0.0
h1,0.064,0.08,0.08,-0.016,0.0
h1,0.064,0.08,0.08,-0.016,0.0
h1,0.064,0.08,0.08,-0.016,0.0
h1,0.07,0.08,0.08,-0.009999999999999995,0.0
h1,0.064,0.08,0.08,-0.016,0.0
h1,0.055,0.04,0.05,0.015,0.010000000000000002
m5,0.75,0.8,0.79,-0.050000000000000044,-0.010000000000000009
h1,0.048,0.04,0.04,0.008,0.0
h1,0.055,0.04,0.04,0.015,0.0
h1,0.04,0.04,0.04,0.0,0.0
h1,0.04,0.04,0.04,0.0,0.0
m5,0.22,0.24,0.24,-0.01999999999999999,0.0
h1,0.0417,0.08,0.06,-0.0383,-0.020000000000000004
m5,0.28,0.37,0.36,-0.08999999999999997,-0.010000000000000009
m5,0.39,0.42,0.4,-0.02999999999999997,-0.019999999999999962
h1,0.08,0.09,0.09,-0.009999999999999995,0.0
h1,0.091,0.09,0.09,0.0010000000000000009,0.0
m5,0.37,0.35,0.36,0.020000000000000018,0.010000000000000009
h1,0.9109999999999999,0.94,0.94,-0.029000000000000026,0.0
h1,0.9129999999999999,0.95,0.95,-0.03700000000000003,0.0
m5,0.69,0.73,0.73,-0.040000000000000036,0.0
m5,0.68,0.73,0.73,-0.04999999999999993,0.0
h1,0.049,0.06,0.06,-0.010999999999999996,0.0
h1,0.049,0.06,0.06,-0.010999999999999996,0.0
h1,0.064,0.06,0.06,0.0040000000000000036,0.0
h1,0.064,0.06,0.06,0.0040000000000000036,0.0
h1,0.064,0.06,0.06,0.0040000000000000036,0.0
h1,0.049,0.06,0.06,-0.010999999999999996,0.0
h1,0.024,0.04,0.04,-0.016,0.0
h1,0.024,0.04,0.04,-0.016,0.0
h1,0.024,0.04,0.04,-0.016,0.0
m5,0.2357,0.24,0.25,-0.004299999999999998,0.010000000000000009
m5,0.24,0.24,0.24,0.0,0.0
m5,0.19010000000000002,0.18,0.18,0.010100000000000026,0.0
m5,0.19,0.18,0.18,0.010000000000000009,0.0
m5,0.17,0.14,0.16,0.03,0.01999999999999999
m5,0.85,0.93,0.92,-0.08000000000000007,-0.010000000000000009
h1,0.98,0.98,0.98,0.0,0.0
m5,0.92,0.95,0.94,-0.029999999999999916,-0.010000000000000009
m5,0.91,0.95,0.94,-0.039999999999999925,-0.010000000000000009
m15,0.49,0.49,0.49,0.0,0.0
m5,0.42,0.39,0.4,0.02999999999999997,0.010000000000000009
h1,0.5194,0.55,0.55,-0.03060000000000007,0.0
m5,0.6934,0.69,0.7,0.0034000000000000696,0.010000000000000009
m5,0.31,0.33,0.33,-0.020000000000000018,0.0
h1,0.46,0.47,0.47,-0.009999999999999953,0.0
h1,0.46,0.47,0.47,-0.009999999999999953,0.0
h1,0.46,0.47,0.47,-0.009999999999999953,0.0
m5,0.34,0.35,0.37,-0.009999999999999953,0.020000000000000018
h1,0.46,0.46,0.46,0.0,0.0
h1,0.46,0.47,0.47,-0.009999999999999953,0.0
m5,0.41,0.4,0.42,0.009999999999999953,0.019999999999999962
m5,0.35,0.38,0.38,-0.030000000000000027,0.0
m15,0.47,0.48,0.48,-0.010000000000000009,0.0
m5,0.33,0.36,0.35,-0.02999999999999997,-0.010000000000000009
h1,0.52,0.53,0.53,-0.010000000000000009,0.0
m5,0.6,0.66,0.62,-0.06000000000000005,-0.040000000000000036
h1,0.55,0.55,0.56,0.0,0.010000000000000009
m5,0.28,0.38,0.39,-0.09999999999999998,0.010000000000000009
m15,0.44,0.48,0.48,-0.03999999999999998,0.0
m5,0.62,0.67,0.67,-0.050000000000000044,0.0
m5,0.34,0.39,0.39,-0.04999999999999999,0.0
m5,0.38,0.36,0.38,0.020000000000000018,0.020000000000000018
m5,0.62,0.66,0.63,-0.040000000000000036,-0.030000000000000027
m5,0.32,0.32,0.32,0.0,0.0
m5,0.66,0.69,0.69,-0.029999999999999916,0.0
m5,0.32,0.32,0.32,0.0,0.0
m5,0.72,0.76,0.74,-0.040000000000000036,-0.020000000000000018
m5,0.2,0.25,0.24,-0.04999999999999999,-0.010000000000000009
m5,0.79,0.81,0.82,-0.020000000000000018,0.009999999999999898
m5,0.19,0.2,0.2,-0.010000000000000009,0.0
h1,0.51,0.53,0.53,-0.020000000000000018,0.0
m5,0.68,0.65,0.66,0.030000000000000027,0.010000000000000009
m5,0.35,0.37,0.37,-0.020000000000000018,0.0
m5,0.36,0.38,0.38,-0.020000000000000018,0.0
m5,0.6419,0.7,0.66,-0.05809999999999993,-0.039999999999999925
m5,0.31,0.33,0.31,-0.020000000000000018,-0.020000000000000018
m5,0.27,0.3,0.32,-0.02999999999999997,0.020000000000000018
m5,0.29,0.3,0.32,-0.010000000000000009,0.020000000000000018
m5,0.2891,0.3,0.32,-0.010899999999999965,0.020000000000000018
m5,0.3,0.43,0.38,-0.13,-0.04999999999999999
m5,0.35,0.51,0.44,-0.16000000000000003,-0.07
m5,0.3392,0.26,0.29,0.07919999999999999,0.02999999999999997
m5,0.46,0.26,0.29,0.2,0.02999999999999997
m5,0.3,0.25,0.27,0.04999999999999999,0.020000000000000018
m5,0.26,0.21,0.24,0.05000000000000002,0.03
m5,0.18,0.2,0.15,-0.020000000000000018,-0.05000000000000002
h1,0.5,0.51,0.51,-0.010000000000000009,0.0
h1,0.51,0.51,0.51,0.0,0.0
m15,0.62,0.62,0.62,0.0,0.0
m5,0.5819,0.59,0.59,-0.008099999999999996,0.0
h1,0.52,0.53,0.53,-0.010000000000000009,0.0
h1,0.51,0.53,0.53,-0.020000000000000018,0.0
m5,0.44,0.48,0.48,-0.03999999999999998,0.0
m5,0.45,0.48,0.48,-0.02999999999999997,0.0
m5,0.56,0.6,0.57,-0.039999999999999925,-0.030000000000000027
m15,0.5,0.54,0.51,-0.040000000000000036,-0.030000000000000027
h1,0.53,0.54,0.54,-0.010000000000000009,0.0
m15,0.6,0.62,0.62,-0.020000000000000018,0.0
h1,0.5634,0.58,0.58,-0.016599999999999948,0.0
m5,0.71,0.74,0.73,-0.030000000000000027,-0.010000000000000009
m15,0.58,0.59,0.59,-0.010000000000000009,0.0
m5,0.54,0.52,0.52,0.020000000000000018,0.0
m15,0.47,0.46,0.46,0.009999999999999953,0.0
m15,0.32,0.32,0.32,0.0,0.0
m5,0.77,0.89,0.88,-0.12,-0.010000000000000009
m5,0.83,0.89,0.88,-0.06000000000000005,-0.010000000000000009
m5,0.16,0.11,0.13,0.05,0.020000000000000004
m15,0.28,0.24,0.24,0.040000000000000036,0.0
m5,0.88,0.9,0.92,-0.020000000000000018,0.020000000000000018
m5,0.09,0.08,0.1,0.009999999999999995,0.020000000000000004
m15,0.22,0.22,0.22,0.0,0.0
m5,0.09,0.12,0.1,-0.03,-0.01999999999999999
m5,0.09,0.12,0.12,-0.03,0.0
m15,0.6643000000000001,0.71,0.67,-0.04569999999999985,-0.039999999999999925
m5,0.5147999999999999,0.56,0.52,-0.04520000000000013,-0.040000000000000036
m15,0.25,0.34,0.3,-0.09000000000000002,-0.040000000000000036
m15,0.26,0.34,0.3,-0.08000000000000002,-0.040000000000000036
m5,0.37,0.48,0.38,-0.10999999999999999,-0.09999999999999998
h1,0.48,0.48,0.48,0.0,0.0
h1,0.48,0.48,0.48,0.0,0.0
h1,0.48,0.49,0.48,-0.010000000000000009,-0.010000000000000009
h1,0.48,0.49,0.49,-0.010000000000000009,0.0
m15,0.48,0.49,0.49,-0.010000000000000009,0.0
m15,0.48,0.49,0.49,-0.010000000000000009,0.0
m15,0.48,0.49,0.49,-0.010000000000000009,0.0
m15,0.48,0.49,0.49,-0.010000000000000009,0.0
m15,0.48,0.49,0.49,-0.010000000000000009,0.0
m15,0.48,0.5,0.5,-0.020000000000000018,0.0
m5,0.63,0.68,0.67,-0.050000000000000044,-0.010000000000000009
m15,0.43,0.45,0.45,-0.020000000000000018,0.0
m5,0.57,0.57,0.57,0.0,0.0
m5,0.57,0.57,0.57,0.0,0.0
m15,0.44,0.44,0.44,0.0,0.0
m15,0.43,0.44,0.44,-0.010000000000000009,0.0
m15,0.43,0.44,0.44,-0.010000000000000009,0.0
m15,0.43,0.44,0.44,-0.010000000000000009,0.0
m15,0.44,0.44,0.44,0.0,0.0
m15,0.3,0.28,0.26,0.019999999999999962,-0.020000000000000018
m5,0.43,0.39,0.38,0.03999999999999998,-0.010000000000000009
m5,0.38,0.51,0.51,-0.13,0.0
m5,0.5,0.55,0.55,-0.050000000000000044,0.0
m5,0.55,0.64,0.63,-0.08999999999999997,-0.010000000000000009
m5,0.61,0.66,0.65,-0.050000000000000044,-0.010000000000000009
h1,0.54,0.57,0.57,-0.029999999999999916,0.0
m5,0.61,0.64,0.63,-0.030000000000000027,-0.010000000000000009
m15,0.81,0.84,0.82,-0.029999999999999916,-0.020000000000000018
m5,0.35,0.35,0.35,0.0,0.0
m5,0.65,0.59,,0.06000000000000005,
m5,0.36,0.4,0.41,-0.040000000000000036,0.009999999999999953
m5,0.59,0.62,0.62,-0.030000000000000027,0.0
m5,0.34,0.36,0.38,-0.019999999999999962,0.020000000000000018
m15,0.08,0.08,0.09,0.0,0.009999999999999995
m5,0.35,0.35,0.36,0.0,0.010000000000000009
m5,0.3,0.34,0.32,-0.040000000000000036,-0.020000000000000018
m15,0.04,0.04,0.05,0.0,0.010000000000000002
m15,0.04,0.04,0.05,0.0,0.010000000000000002
m15,0.04,0.04,0.05,0.0,0.010000000000000002
m5,0.3045,0.32,0.37,-0.015500000000000014,0.04999999999999999
m5,0.32,0.32,0.37,0.0,0.04999999999999999
m15,0.04,0.02,0.04,0.02,0.02
m15,0.04,0.02,0.04,0.02,0.02
m15,0.04,0.02,0.04,0.02,0.02
m15,0.04,0.02,0.04,0.02,0.02
m15,0.04,0.02,0.04,0.02,0.02
m15,0.04,0.02,0.04,0.02,0.02
m5,0.64,0.74,0.7,-0.09999999999999998,-0.040000000000000036
m15,0.01,0.01,0.02,0.0,0.01
m15,0.01,0.02,0.01,-0.01,-0.01
m5,0.23,0.18,0.15,0.05000000000000002,-0.03
m5,0.23,0.18,0.15,0.05000000000000002,-0.03
m5,0.22,0.18,0.15,0.04000000000000001,-0.03
m15,0.01,0.02,0.01,-0.01,-0.01
m15,0.01,0.02,0.01,-0.01,-0.01
m15,0.01,0.02,0.01,-0.01,-0.01
m5,0.86,0.92,0.89,-0.06000000000000005,-0.030000000000000027
m5,0.84,0.92,0.89,-0.08000000000000007,-0.030000000000000027
m5,0.85,0.92,0.89,-0.07000000000000006,-0.030000000000000027
m5,0.95,0.98,0.98,-0.030000000000000027,0.0
m15,0.49,0.47,0.49,0.020000000000000018,0.020000000000000018
m5,0.49,0.45,0.45,0.03999999999999998,0.0
m5,0.45,0.43,0.42,0.020000000000000018,-0.010000000000000009
m15,0.5,0.51,0.51,-0.010000000000000009,0.0
m15,0.5,0.51,0.51,-0.010000000000000009,0.0
m15,0.5,0.5,0.5,0.0,0.0
m15,0.5,0.5,0.5,0.0,0.0
m15,0.5,0.5,0.5,0.0,0.0
m15,0.5,0.5,0.5,0.0,0.0
m15,0.5,0.5,0.5,0.0,0.0
h1,0.58,0.59,0.59,-0.010000000000000009,0.0
h1,0.59,0.59,0.59,0.0,0.0
m5,0.31,0.39,0.39,-0.08000000000000002,0.0
h1,0.59,0.59,0.59,0.0,0.0
m5,0.41,0.41,0.41,0.0,0.0
m15,0.47,0.5,0.5,-0.030000000000000027,0.0
m5,0.41,0.49,0.49,-0.08000000000000002,0.0
m15,0.48,0.5,0.5,-0.020000000000000018,0.0
m5,0.52,0.53,0.52,-0.010000000000000009,-0.010000000000000009
m15,0.5,0.53,0.53,-0.030000000000000027,0.0
m5,0.43,0.46,0.46,-0.030000000000000027,0.0
m5,0.55,0.6,0.6,-0.04999999999999993,0.0
m5,0.41,0.4,0.4,0.009999999999999953,0.0
m5,0.55,0.56,0.56,-0.010000000000000009,0.0
m5,0.46,0.71,0.67,-0.24999999999999994,-0.039999999999999925
h1,0.46,0.49,0.49,-0.02999999999999997,0.0
m5,0.62,0.7,0.68,-0.07999999999999996,-0.019999999999999907
m15,0.56,0.57,0.57,-0.009999999999999898,0.0
m5,0.3,0.29,0.3,0.010000000000000009,0.010000000000000009
m5,0.27,0.3,0.28,-0.02999999999999997,-0.019999999999999962
m15,0.58,0.6,0.59,-0.020000000000000018,-0.010000000000000009
m5,0.78,0.81,0.81,-0.030000000000000027,0.0
h1,0.53,0.53,0.53,0.0,0.0
h1,0.52,0.53,0.53,-0.010000000000000009,0.0
m5,0.1984,0.44,0.43,-0.2416,-0.010000000000000009
m5,0.37,0.44,0.43,-0.07,-0.010000000000000009
m5,0.58,0.55,0.56,0.029999999999999916,0.010000000000000009
m5,0.49,0.68,0.69,-0.19000000000000006,0.009999999999999898
m5,0.32,0.37,0.36,-0.04999999999999999,-0.010000000000000009
m5,0.34,0.37,0.36,-0.02999999999999997,-0.010000000000000009
m5,0.6,0.53,0.58,0.06999999999999995,0.04999999999999993
m5,0.3934,0.51,0.49,-0.11659999999999998,-0.020000000000000018
m5,0.3,0.28,0.29,0.019999999999999962,0.009999999999999953
m5,0.3,0.28,0.29,0.019999999999999962,0.009999999999999953
m5,0.06,0.03,0.04,0.03,0.010000000000000002
m15,0.46,0.43,0.43,0.030000000000000027,0.0
h1,0.58,0.6,0.6,-0.020000000000000018,0.0
h1,0.59,0.6,0.6,-0.010000000000000009,0.0
m5,0.51,0.51,0.51,0.0,0.0
m15,0.6,0.56,0.56,0.039999999999999925,0.0
m5,0.51,0.59,0.59,-0.07999999999999996,0.0
m5,0.55,0.5,0.51,0.050000000000000044,0.010000000000000009
h1,0.59,0.61,0.61,-0.020000000000000018,0.0
m5,0.44,0.46,0.44,-0.020000000000000018,-0.020000000000000018
m5,0.44,0.44,0.43,0.0,-0.010000000000000009
m5,0.3,0.23,0.27,0.06999999999999998,0.04000000000000001
m15,0.3,0.23,0.24,0.06999999999999998,0.009999999999999981
m15,0.3,0.23,0.24,0.06999999999999998,0.009999999999999981
m5,0.21,0.21,0.21,0.0,0.0
m15,0.22,0.23,0.23,-0.010000000000000009,0.0
m15,0.22,0.23,0.23,-0.010000000000000009,0.0
m15,0.22,0.22,0.23,0.0,0.010000000000000009
m15,0.22,0.21,0.22,0.010000000000000009,0.010000000000000009
m15,0.22,0.21,0.22,0.010000000000000009,0.010000000000000009
m15,0.22,0.21,0.22,0.010000000000000009,0.010000000000000009
m15,0.21,0.2,0.21,0.009999999999999981,0.009999999999999981
h1,0.29,0.3,0.3,-0.010000000000000009,0.0
m5,0.79,0.83,0.83,-0.039999999999999925,0.0
m15,0.16,0.17,0.17,-0.010000000000000009,0.0
m15,0.16,0.17,0.17,-0.010000000000000009,0.0
m15,0.16,0.17,0.17,-0.010000000000000009,0.0
m5,0.7,0.76,0.75,-0.06000000000000005,-0.010000000000000009
m5,0.18,0.22,0.22,-0.04000000000000001,0.0
m15,0.68,0.7,0.7,-0.019999999999999907,0.0
m15,0.68,0.7,0.7,-0.019999999999999907,0.0
m15,0.68,0.7,0.7,-0.019999999999999907,0.0
m15,0.68,0.7,0.7,-0.019999999999999907,0.0
m5,0.6629999999999999,0.61,0.61,0.052999999999999936,0.0
h1,0.42,0.44,0.44,-0.020000000000000018,0.0
m5,0.29,0.3,0.29,-0.010000000000000009,-0.010000000000000009
h1,0.55,0.52,0.53,0.030000000000000027,0.010000000000000009
h1,0.49,0.51,0.51,-0.020000000000000018,0.0
m5,0.9379000000000001,0.93,0.93,0.007900000000000018,0.0
h1,0.5,0.51,0.51,-0.010000000000000009,0.0
m5,0.96,0.96,0.97,0.0,0.010000000000000009
h1,0.5,0.54,0.54,-0.040000000000000036,0.0
m5,0.98,1.0,0.97,-0.020000000000000018,-0.030000000000000027
m15,0.76,0.7,0.74,0.06000000000000005,0.040000000000000036
m5,0.97,0.99,1.0,-0.020000000000000018,0.010000000000000009
h1,0.46,0.47,0.47,-0.009999999999999953,0.0
m15,0.7,0.72,0.73,-0.020000000000000018,0.010000000000000009
m15,0.7,0.81,0.83,-0.1100000000000001,0.019999999999999907
m15,0.18,0.21,0.21,-0.03,0.0
m15,0.21,0.16,0.16,0.04999999999999999,0.0
h1,0.58,0.59,0.59,-0.010000000000000009,0.0
m15,0.16,0.18,0.18,-0.01999999999999999,0.0
h1,0.59,0.63,0.62,-0.040000000000000036,-0.010000000000000009
h1,0.63,0.63,0.63,0.0,0.0
m5,0.54,0.57,0.56,-0.029999999999999916,-0.009999999999999898
m5,0.56,0.57,0.56,-0.009999999999999898,-0.009999999999999898
m15,0.13,0.14,0.14,-0.010000000000000009,0.0
m5,0.57,0.59,0.6,-0.020000000000000018,0.010000000000000009
m5,0.34,0.35,0.35,-0.009999999999999953,0.0
m15,0.17,0.16,0.17,0.010000000000000009,0.010000000000000009
m15,0.16,0.19,0.19,-0.03,0.0
m15,0.16,0.19,0.19,-0.03,0.0
m5,0.34,0.41,0.39,-0.06999999999999995,-0.019999999999999962
m5,0.6,0.65,0.65,-0.050000000000000044,0.0
m15,0.14,0.17,0.17,-0.03,0.0
m5,0.58,0.62,0.62,-0.040000000000000036,0.0
m15,0.1,0.1,0.1,0.0,0.0
m5,0.45,0.44,0.45,0.010000000000000009,0.010000000000000009
m5,0.57,0.6,0.55,-0.030000000000000027,-0.04999999999999993
m5,0.54,0.6,0.55,-0.05999999999999994,-0.04999999999999993
m5,0.7,0.69,0.72,0.010000000000000009,0.030000000000000027
m15,0.02,0.02,0.02,0.0,0.0
m5,0.62,0.56,0.58,0.05999999999999994,0.019999999999999907
m15,0.02,0.03,0.03,-0.009999999999999998,0.0
m15,0.02,0.03,0.03,-0.009999999999999998,0.0
m5,0.53,0.66,0.64,-0.13,-0.020000000000000018
m15,0.03,0.04,0.04,-0.010000000000000002,0.0
m5,0.31,0.33,0.33,-0.020000000000000018,0.0
m5,0.33,0.33,0.33,0.0,0.0
m5,0.69,0.71,0.7,-0.020000000000000018,-0.010000000000000009
m5,0.65,0.65,0.65,0.0,0.0
m5,0.65,0.72,0.69,-0.06999999999999995,-0.030000000000000027
m15,0.03,0.07,0.07,-0.04000000000000001,0.0
m15,0.03,0.07,0.07,-0.04000000000000001,0.0
m5,0.24,0.19,0.2,0.04999999999999999,0.010000000000000009
m5,0.2,0.17,0.18,0.03,0.009999999999999981
m5,0.20850000000000002,0.23,0.21,-0.02149999999999999,-0.020000000000000018
m15,0.93,0.93,0.93,0.0,0.0
m5,0.14,0.12,0.13,0.020000000000000018,0.010000000000000009
m15,0.84,0.87,0.86,-0.030000000000000027,-0.010000000000000009
m15,0.8353,0.9,0.88,-0.06469999999999998,-0.020000000000000018
m15,0.83,0.9,0.88,-0.07000000000000006,-0.020000000000000018
m15,0.84,0.9,0.88,-0.06000000000000005,-0.020000000000000018
m15,0.1,0.11,0.11,-0.009999999999999995,0.0
m15,0.1,0.09,0.11,0.010000000000000009,0.020000000000000004
m15,0.1,0.09,0.11,0.010000000000000009,0.020000000000000004
m15,0.1,0.09,0.11,0.010000000000000009,0.020000000000000004
m15,0.1,0.09,0.11,0.010000000000000009,0.020000000000000004
m15,0.09,0.1,0.09,-0.010000000000000009,-0.010000000000000009
m15,0.05,0.05,0.05,0.0,0.0
m15,0.05,0.05,0.05,0.0,0.0
m15,0.05,0.05,0.05,0.0,0.0
m15,0.05,0.06,0.05,-0.009999999999999995,-0.009999999999999995
m15,0.05,0.06,0.05,-0.009999999999999995,-0.009999999999999995
m15,0.05,0.06,0.05,-0.009999999999999995,-0.009999999999999995
m15,0.04,0.05,0.05,-0.010000000000000002,0.0
m15,0.04,0.05,0.05,-0.010000000000000002,0.0
m15,0.06,0.05,0.05,0.009999999999999995,0.0
m15,0.05,0.04,0.05,0.010000000000000002,0.010000000000000002
m15,0.06,0.04,0.05,0.019999999999999997,0.010000000000000002
m15,0.05,0.04,0.05,0.010000000000000002,0.010000000000000002
m15,0.05,0.04,0.05,0.010000000000000002,0.010000000000000002
m15,0.95,0.97,0.96,-0.020000000000000018,-0.010000000000000009
m15,0.95,0.97,0.96,-0.020000000000000018,-0.010000000000000009
m15,0.02,0.02,0.02,0.0,0.0
m15,0.02,0.02,0.02,0.0,0.0
m15,0.02,0.02,0.02,0.0,0.0
m15,0.02,0.01,0.02,0.01,0.01
m15,0.02,0.01,0.02,0.01,0.01
m5,0.55,0.56,0.55,-0.010000000000000009,-0.010000000000000009
m5,0.55,0.56,0.55,-0.010000000000000009,-0.010000000000000009
m5,0.56,0.56,0.55,0.0,-0.010000000000000009
m15,0.53,0.53,0.53,0.0,0.0
m15,0.47,0.47,0.47,0.0,0.0
m15,0.47,0.47,0.47,0.0,0.0
m15,0.47,0.47,0.47,0.0,0.0
m15,0.47,0.47,0.47,0.0,0.0
m15,0.46,0.47,0.47,-0.009999999999999953,0.0
h1,0.43,0.43,0.43,0.0,0.0
m15,0.38,0.36,0.38,0.020000000000000018,0.020000000000000018
m15,0.38,0.36,0.38,0.020000000000000018,0.020000000000000018
m15,0.37,0.35,0.35,0.020000000000000018,0.0
m15,0.37,0.35,0.35,0.020000000000000018,0.0
m5,0.25730000000000003,0.28,0.27,-0.022699999999999998,-0.010000000000000009
h1,0.32,0.32,0.33,0.0,0.010000000000000009
m5,0.21,0.21,0.21,0.0,0.0
m5,0.88,0.93,0.93,-0.050000000000000044,0.0
m15,0.19,0.2,0.2,-0.010000000000000009,0.0
m15,0.19,0.2,0.2,-0.010000000000000009,0.0
m15,0.19,0.2,0.2,-0.010000000000000009,0.0
m15,0.19,0.2,0.2,-0.010000000000000009,0.0
m15,0.19,0.18,0.2,0.010000000000000009,0.020000000000000018
m15,0.19,0.18,0.2,0.010000000000000009,0.020000000000000018
m15,0.19,0.18,0.2,0.010000000000000009,0.020000000000000018
m15,0.19,0.18,0.2,0.010000000000000009,0.020000000000000018
m15,0.19,0.18,0.2,0.010000000000000009,0.020000000000000018
m15,0.19,0.18,0.2,0.010000000000000009,0.020000000000000018
m15,0.77,0.78,0.78,-0.010000000000000009,0.0
m15,0.77,0.78,0.78,-0.010000000000000009,0.0
m15,0.16,0.17,0.17,-0.010000000000000009,0.0
m15,0.16,0.15,0.17,0.010000000000000009,0.020000000000000018
m15,0.15,0.14,0.15,0.009999999999999981,0.009999999999999981
m15,0.15,0.14,0.15,0.009999999999999981,0.009999999999999981
m15,0.15,0.14,0.15,0.009999999999999981,0.009999999999999981
m15,0.15,0.14,0.14,0.009999999999999981,0.0
h1,0.2,0.22,0.22,-0.01999999999999999,0.0
h1,0.83,0.86,0.86,-0.030000000000000027,0.0
h1,0.15,0.17,0.17,-0.020000000000000018,0.0
h1,0.17,0.16,0.17,0.010000000000000009,0.010000000000000009
h1,0.17,0.16,0.17,0.010000000000000009,0.010000000000000009
h1,0.18,0.16,0.17,0.01999999999999999,0.010000000000000009
m15,0.88,0.89,0.89,-0.010000000000000009,0.0
m15,0.88,0.89,0.89,-0.010000000000000009,0.0
m5,0.42,0.38,0.39,0.03999999999999998,0.010000000000000009
m15,0.89,0.91,0.91,-0.020000000000000018,0.0
m5,0.5529,0.66,0.65,-0.10710000000000008,-0.010000000000000009
h1,0.17,0.2,0.19,-0.03,-0.010000000000000009
h1,0.2184,0.25,0.25,-0.03159999999999999,0.0
m5,0.22,0.25,0.23,-0.03,-0.01999999999999999
h1,0.8,0.82,0.82,-0.019999999999999907,0.0
m5,0.19,0.25,0.25,-0.06,0.0
m5,0.72,0.77,0.76,-0.050000000000000044,-0.010000000000000009
m15,0.91,0.93,0.93,-0.020000000000000018,0.0
m5,0.8,0.73,0.71,0.07000000000000006,-0.020000000000000018
m5,0.18,0.31,0.28,-0.13,-0.02999999999999997
m5,0.2,0.31,0.28,-0.10999999999999999,-0.02999999999999997
m5,0.65,0.68,0.69,-0.030000000000000027,0.009999999999999898
m5,0.68,0.68,0.69,0.0,0.009999999999999898
m5,0.68,0.7,0.69,-0.019999999999999907,-0.010000000000000009
m5,0.69,0.66,0.68,0.029999999999999916,0.020000000000000018
m5,0.71,0.85,0.84,-0.14,-0.010000000000000009
h1,0.16,0.18,0.18,-0.01999999999999999,0.0
m5,0.51,0.5,0.51,0.010000000000000009,0.010000000000000009
m5,0.54,0.56,0.56,-0.020000000000000018,0.0
m5,0.54,0.54,0.54,0.0,0.0
m5,0.54,0.51,0.53,0.030000000000000027,0.020000000000000018
m5,0.39,0.4,0.4,-0.010000000000000009,0.0
m15,0.02,0.02,0.02,0.0,0.0
m15,0.02,0.02,0.02,0.0,0.0
m15,0.02,0.02,0.02,0.0,0.0
m15,0.01,0.01,0.01,0.0,0.0
m5,0.22,0.24,0.24,-0.01999999999999999,0.0
m5,0.17,0.16,0.16,0.010000000000000009,0.0
m5,0.07,0.09,0.08,-0.01999999999999999,-0.009999999999999995
h1,0.05,0.06,0.06,-0.009999999999999995,0.0
h1,0.05,0.06,0.06,-0.009999999999999995,0.0
h1,0.05,0.06,0.06,-0.009999999999999995,0.0
h1,0.05,0.06,0.06,-0.009999999999999995,0.0
h1,0.05,0.06,0.06,-0.009999999999999995,0.0
h1,0.05,0.06,0.06,-0.009999999999999995,0.0
h1,0.05,0.06,0.06,-0.009999999999999995,0.0
h1,0.05,0.06,0.06,-0.009999999999999995,0.0
h1,0.05,0.06,0.06,-0.009999999999999995,0.0
h1,0.05,0.06,0.06,-0.009999999999999995,0.0
h1,0.05,0.06,0.06,-0.009999999999999995,0.0
h1,0.05,0.06,0.06,-0.009999999999999995,0.0
h1,0.05,0.06,0.06,-0.009999999999999995,0.0
h1,0.05,0.06,0.06,-0.009999999999999995,0.0
h1,0.06,0.06,0.06,0.0,0.0
h1,0.05,0.06,0.06,-0.009999999999999995,0.0
h1,0.05,0.06,0.06,-0.009999999999999995,0.0
h1,0.05,0.07,0.06,-0.020000000000000004,-0.010000000000000009
h1,0.05,0.07,0.06,-0.020000000000000004,-0.010000000000000009
h1,0.06,0.07,0.07,-0.010000000000000009,0.0
h1,0.06,0.07,0.07,-0.010000000000000009,0.0
h1,0.06,0.08,0.08,-0.020000000000000004,0.0
h1,0.06,0.07,0.07,-0.010000000000000009,0.0
h1,0.06,0.1,0.08,-0.04000000000000001,-0.020000000000000004
h1,0.06,0.1,0.08,-0.04000000000000001,-0.020000000000000004
m5,0.12,0.19,0.2,-0.07,0.010000000000000009
h1,0.9,0.91,0.91,-0.010000000000000009,0.0
h1,0.9,0.91,0.91,-0.010000000000000009,0.0
m5,0.08,0.09,0.09,-0.009999999999999995,0.0
m5,0.09,0.1,0.11,-0.010000000000000009,0.009999999999999995
m5,0.94,0.96,0.97,-0.020000000000000018,0.010000000000000009
h1,0.05,0.07,0.06,-0.020000000000000004,-0.010000000000000009
h1,0.05,0.06,0.06,-0.009999999999999995,0.0
h1,0.95,0.96,0.96,-0.010000000000000009,0.0
h1,0.03,0.04,0.04,-0.010000000000000002,0.0
h1,0.03,0.04,0.04,-0.010000000000000002,0.0
h1,0.05,0.06,0.06,-0.009999999999999995,0.0
m5,0.59,0.6,0.6,-0.010000000000000009,0.0
h1,0.05,0.06,0.06,-0.009999999999999995,0.0
m5,0.57,0.62,0.58,-0.050000000000000044,-0.040000000000000036
m5,0.58,0.65,0.65,-0.07000000000000006,0.0
h1,0.04,0.05,0.05,-0.010000000000000002,0.0
h1,0.04,0.05,0.05,-0.010000000000000002,0.0
m5,0.36,0.4,0.39,-0.040000000000000036,-0.010000000000000009
h1,0.95,0.96,0.96,-0.010000000000000009,0.0
h1,0.96,0.97,0.97,-0.010000000000000009,0.0
h1,0.96,0.97,0.97,-0.010000000000000009,0.0
h1,0.03,0.04,0.04,-0.010000000000000002,0.0
h1,0.96,0.97,0.97,-0.010000000000000009,0.0
m15,0.39,0.39,0.39,0.0,0.0
m15,0.6,0.61,0.61,-0.010000000000000009,0.0
h1,0.97,0.97,0.97,0.0,0.0
m5,0.73,0.7,0.7,0.030000000000000027,0.0
m5,0.26,0.33,0.32,-0.07,-0.010000000000000009
m5,0.34,0.37,0.37,-0.02999999999999997,0.0
m15,0.58,0.59,0.59,-0.010000000000000009,0.0
m5,0.68,0.69,0.69,-0.009999999999999898,0.0
m5,0.62,0.64,0.64,-0.020000000000000018,0.0
m15,0.57,0.58,0.58,-0.010000000000000009,0.0
m15,0.57,0.58,0.58,-0.010000000000000009,0.0
m15,0.57,0.58,0.58,-0.010000000000000009,0.0
m15,0.57,0.58,0.58,-0.010000000000000009,0.0
m5,0.32,0.36,0.36,-0.03999999999999998,0.0
m15,0.42,0.42,0.42,0.0,0.0
m5,0.4,0.39,0.4,0.010000000000000009,0.010000000000000009
m5,0.61,0.55,0.58,0.05999999999999994,0.029999999999999916
m5,0.4,0.42,0.42,-0.019999999999999962,0.0
h1,0.97,0.97,0.97,0.0,0.0
h1,0.97,0.97,0.97,0.0,0.0
h1,0.97,0.98,0.98,-0.010000000000000009,0.0
m15,0.39,0.4,0.4,-0.010000000000000009,0.0
m15,0.39,0.4,0.4,-0.010000000000000009,0.0
m15,0.38,0.39,0.39,-0.010000000000000009,0.0
m15,0.38,0.39,0.39,-0.010000000000000009,0.0
m15,0.38,0.39,0.39,-0.010000000000000009,0.0
m15,0.38,0.39,0.39,-0.010000000000000009,0.0
m5,0.84,0.86,0.85,-0.020000000000000018,-0.010000000000000009
m5,0.13,0.26,0.25,-0.13,-0.010000000000000009
m5,0.24,0.37,0.37,-0.13,0.0
m15,0.43,0.46,0.46,-0.030000000000000027,0.0
m15,0.43,0.48,0.47,-0.04999999999999999,-0.010000000000000009
m5,0.37479999999999997,0.53,0.52,-0.15520000000000006,-0.010000000000000009
m5,0.26,0.31,0.27,-0.04999999999999999,-0.03999999999999998
m5,0.24,0.31,0.31,-0.07,0.0
m5,0.28,0.31,0.31,-0.02999999999999997,0.0
m5,0.25,0.31,0.31,-0.06,0.0
m5,0.26,0.26,0.29,0.0,0.02999999999999997
m5,0.26,0.26,0.29,0.0,0.02999999999999997
m5,0.74,0.78,0.78,-0.040000000000000036,0.0
m15,0.49,0.58,0.52,-0.08999999999999997,-0.05999999999999994
m5,0.6539,0.21,0.66,0.4439000000000001,0.45000000000000007
m5,0.63,0.21,0.66,0.42000000000000004,0.45000000000000007
m5,0.66,0.21,0.17,0.45000000000000007,-0.03999999999999998
m5,0.2,0.13,0.16,0.07,0.03
h1,0.04,0.05,0.05,-0.010000000000000002,0.0
h1,0.04,0.05,0.05,-0.010000000000000002,0.0
h1,0.04,0.05,0.05,-0.010000000000000002,0.0
h1,0.04,0.05,0.05,-0.010000000000000002,0.0
h1,0.04,0.05,0.05,-0.010000000000000002,0.0
h1,0.04,0.05,0.05,-0.010000000000000002,0.0
h1,0.04,0.05,0.05,-0.010000000000000002,0.0
h1,0.04,0.05,0.05,-0.010000000000000002,0.0
h1,0.04,0.05,0.05,-0.010000000000000002,0.0
h1,0.04,0.05,0.05,-0.010000000000000002,0.0
h1,0.04,0.05,0.05,-0.010000000000000002,0.0
h1,0.04,0.05,0.05,-0.010000000000000002,0.0
h1,0.04,0.05,0.05,-0.010000000000000002,0.0
h1,0.04,0.05,0.05,-0.010000000000000002,0.0
h1,0.04,0.05,0.05,-0.010000000000000002,0.0
h1,0.04,0.05,0.05,-0.010000000000000002,0.0
h1,0.04,0.05,0.05,-0.010000000000000002,0.0
h1,0.04,0.05,0.05,-0.010000000000000002,0.0
h1,0.04,0.05,0.05,-0.010000000000000002,0.0
h1,0.04,0.05,0.05,-0.010000000000000002,0.0
h1,0.04,0.05,0.05,-0.010000000000000002,0.0
m5,0.42219999999999996,0.51,0.51,-0.08780000000000004,0.0
m5,0.45,0.51,0.51,-0.06,0.0
m15,0.3993,0.43,0.43,-0.030700000000000005,0.0
m15,0.39,0.43,0.43,-0.03999999999999998,0.0
m5,0.46,0.51,0.51,-0.04999999999999999,0.0
h1,0.97,0.97,0.97,0.0,0.0
m15,0.58,0.63,0.63,-0.050000000000000044,0.0
m5,0.53,0.57,0.57,-0.039999999999999925,0.0
m15,0.61,0.62,0.62,-0.010000000000000009,0.0
h1,0.978,0.99,0.99,-0.01200000000000001,0.0
h1,0.98,0.99,0.99,-0.010000000000000009,0.0
m15,0.57,0.57,0.58,0.0,0.010000000000000009
m15,0.57,0.57,0.58,0.0,0.010000000000000009
h1,0.983,0.99,0.99,-0.007000000000000006,0.0
h1,0.9840000000000001,0.99,0.99,-0.005999999999999894,0.0
m5,0.67,0.68,0.68,-0.010000000000000009,0.0
m5,0.33,0.33,0.33,0.0,0.0
m15,0.49,0.49,0.49,0.0,0.0
m15,0.48,0.49,0.49,-0.010000000000000009,0.0
m5,0.61,0.65,0.64,-0.040000000000000036,-0.010000000000000009
h1,0.99,0.99,0.99,0.0,0.0
h1,0.99,0.99,0.99,0.0,0.0
m5,0.61,0.62,0.61,-0.010000000000000009,-0.010000000000000009
h1,0.99,0.99,0.99,0.0,0.0
h1,0.99,0.99,0.99,0.0,0.0
h1,0.99,0.99,0.99,0.0,0.0
h1,0.99,0.99,0.99,0.0,0.0
h1,0.9890000000000001,0.99,0.99,-0.0009999999999998899,0.0
h1,0.9890000000000001,0.99,0.99,-0.0009999999999998899,0.0
m5,0.26,0.25,0.27,0.010000000000000009,0.020000000000000018
m5,0.19,0.25,0.25,-0.06,0.0
m15,0.4,0.44,0.44,-0.03999999999999998,0.0
m5,0.74,0.75,0.74,-0.010000000000000009,-0.010000000000000009
m5,0.15,0.15,0.15,0.0,0.0
m5,0.8051999999999999,0.83,0.83,-0.024800000000000044,0.0
m15,0.57,0.58,0.58,-0.010000000000000009,0.0
m5,0.8497,0.91,0.91,-0.06030000000000002,0.0
m5,0.88,0.91,0.91,-0.030000000000000027,0.0
m15,0.6663,0.7,0.7,-0.03369999999999995,0.0
m5,0.93,0.95,0.94,-0.019999999999999907,-0.010000000000000009
m15,0.69,0.73,0.73,-0.040000000000000036,0.0
m15,0.66,0.67,0.67,-0.010000000000000009,0.0
m5,0.02,0.04,0.05,-0.02,0.010000000000000002
m15,0.34,0.42,0.42,-0.07999999999999996,0.0
m15,0.59,0.61,0.62,-0.020000000000000018,0.010000000000000009
m15,0.39,0.39,0.4,0.0,0.010000000000000009
m5,0.02,0.01,0.02,0.01,0.01
m15,0.62,0.7,0.66,-0.07999999999999996,-0.039999999999999925
m5,0.51,0.53,0.54,-0.020000000000000018,0.010000000000000009
m5,0.47,0.49,0.5,-0.020000000000000018,0.010000000000000009
m15,0.78,0.79,0.79,-0.010000000000000009,0.0
m5,0.49,0.51,0.49,-0.020000000000000018,-0.020000000000000018
m5,0.49,0.51,0.51,-0.020000000000000018,0.0
m5,0.57,0.58,0.6,-0.010000000000000009,0.020000000000000018
m5,0.44,0.43,0.41,0.010000000000000009,-0.020000000000000018
m5,0.7,0.72,0.72,-0.020000000000000018,0.0
m5,0.8,0.84,0.83,-0.039999999999999925,-0.010000000000000009
m5,0.19,0.2,0.2,-0.010000000000000009,0.0
m15,0.94,0.94,0.94,0.0,0.0
m15,0.08,0.09,0.09,-0.009999999999999995,0.0
m5,0.28,0.24,0.28,0.040000000000000036,0.040000000000000036
m5,0.73,0.8,0.8,-0.07000000000000006,0.0
m5,0.3,0.21,0.21,0.09,0.0
m5,0.77,0.78,0.79,-0.010000000000000009,0.010000000000000009
m15,0.95,0.96,0.96,-0.010000000000000009,0.0
m5,0.22,0.19,0.2,0.03,0.010000000000000009
m5,0.11,0.12,0.13,-0.009999999999999995,0.010000000000000009
m5,0.91,0.92,0.92,-0.010000000000000009,0.0
m5,0.91,0.9,0.92,0.010000000000000009,0.020000000000000018
m5,0.09960000000000001,0.11,0.11,-0.010399999999999993,0.0
m5,0.09,0.11,0.11,-0.020000000000000004,0.0
m5,0.12,0.15,0.15,-0.03,0.0
m5,0.8536,0.87,0.86,-0.01639999999999997,-0.010000000000000009
m15,0.37,0.4,0.39,-0.030000000000000027,-0.010000000000000009
m15,0.37,0.4,0.39,-0.030000000000000027,-0.010000000000000009
m15,0.37,0.4,0.39,-0.030000000000000027,-0.010000000000000009
m15,0.37,0.4,0.39,-0.030000000000000027,-0.010000000000000009
m15,0.37,0.4,0.39,-0.030000000000000027,-0.010000000000000009
m15,0.37,0.4,0.39,-0.030000000000000027,-0.010000000000000009
m15,0.37,0.4,0.39,-0.030000000000000027,-0.010000000000000009
m15,0.38,0.4,0.39,-0.020000000000000018,-0.010000000000000009
m15,0.37,0.4,0.39,-0.030000000000000027,-0.010000000000000009
m5,0.3,0.35,0.32,-0.04999999999999999,-0.02999999999999997
m5,0.3,0.35,0.32,-0.04999999999999999,-0.02999999999999997
m15,0.37,0.4,0.39,-0.030000000000000027,-0.010000000000000009
m5,0.28,0.35,0.32,-0.06999999999999995,-0.02999999999999997
m5,0.66,0.69,0.68,-0.029999999999999916,-0.009999999999999898
m5,0.66,0.69,0.69,-0.029999999999999916,0.0
m15,0.58,0.59,0.59,-0.010000000000000009,0.0
m15,0.58,0.59,0.59,-0.010000000000000009,0.0
m15,0.58,0.59,0.59,-0.010000000000000009,0.0
m5,0.61,0.63,0.63,-0.020000000000000018,0.0
m15,0.58,0.59,0.59,-0.010000000000000009,0.0
m15,0.59,0.61,0.61,-0.020000000000000018,0.0
h1,0.46,0.46,0.46,0.0,0.0
m5,0.57,0.6,0.61,-0.030000000000000027,0.010000000000000009
h1,0.46,0.46,0.46,0.0,0.0
m15,0.57,0.59,0.59,-0.020000000000000018,0.0
m15,0.42,0.42,0.42,0.0,0.0
m5,0.57,0.6,0.61,-0.030000000000000027,0.010000000000000009
m5,0.58,0.63,0.61,-0.050000000000000044,-0.020000000000000018
m15,0.57,0.6,0.59,-0.030000000000000027,-0.010000000000000009
h1,0.54,0.55,0.55,-0.010000000000000009,0.0
m15,0.57,0.6,0.59,-0.030000000000000027,-0.010000000000000009
h1,0.54,0.57,0.55,-0.029999999999999916,-0.019999999999999907
m15,0.57,0.62,0.6,-0.050000000000000044,-0.020000000000000018
h1,0.54,0.57,0.57,-0.029999999999999916,0.0
m15,0.57,0.62,0.62,-0.050000000000000044,0.0
m15,0.38,0.39,0.39,-0.010000000000000009,0.0
m15,0.38,0.39,0.39,-0.010000000000000009,0.0
m15,0.38,0.39,0.39,-0.010000000000000009,0.0
m15,0.38,0.41,0.41,-0.02999999999999997,0.0
m5,0.73,0.74,0.74,-0.010000000000000009,0.0
m5,0.59,0.61,0.6,-0.020000000000000018,-0.010000000000000009
m5,0.62,0.63,0.63,-0.010000000000000009,0.0
m5,0.38,0.38,0.39,0.0,0.010000000000000009
m5,0.78,0.82,0.81,-0.039999999999999925,-0.009999999999999898
m5,0.09,0.1,0.1,-0.010000000000000009,0.0
m5,0.08,0.1,0.09,-0.020000000000000004,-0.010000000000000009
m15,0.29,0.3,0.3,-0.010000000000000009,0.0
h1,0.39,0.4,0.4,-0.010000000000000009,0.0
h1,0.39,0.42,0.4,-0.02999999999999997,-0.019999999999999962
m15,0.67,0.69,0.69,-0.019999999999999907,0.0
m5,0.96,0.99,0.99,-0.030000000000000027,0.0
m15,0.24,0.23,0.23,0.009999999999999981,0.0
m5,0.5165,0.45,0.45,0.06649999999999995,0.0
m5,0.52,0.45,0.45,0.07,0.0
m5,0.35,0.44,0.42,-0.09000000000000002,-0.020000000000000018
m5,0.58,0.59,0.6,-0.010000000000000009,0.010000000000000009
m15,0.76,0.76,0.77,0.0,0.010000000000000009
m15,0.69,0.7,0.7,-0.010000000000000009,0.0
m15,0.69,0.7,0.7,-0.010000000000000009,0.0
m15,0.69,0.7,0.7,-0.010000000000000009,0.0
m15,0.69,0.7,0.7,-0.010000000000000009,0.0
m15,0.69,0.7,0.7,-0.010000000000000009,0.0
m15,0.69,0.7,0.7,-0.010000000000000009,0.0
m15,0.69,0.7,0.7,-0.010000000000000009,0.0
m15,0.69,0.7,0.7,-0.010000000000000009,0.0
m15,0.69,0.7,0.7,-0.010000000000000009,0.0
m5,0.34,0.32,0.32,0.020000000000000018,0.0
h1,0.39,0.4,0.4,-0.010000000000000009,0.0
m5,0.4,0.43,0.42,-0.02999999999999997,-0.010000000000000009
m5,0.57,0.57,0.56,0.0,-0.009999999999999898
m5,0.44,0.42,0.42,0.020000000000000018,0.0
m5,0.7,0.69,0.71,0.010000000000000009,0.020000000000000018
m5,0.71,0.62,0.64,0.08999999999999997,0.020000000000000018
m5,0.3,0.4,0.4,-0.10000000000000003,0.0
m5,0.41,0.49,0.48,-0.08000000000000002,-0.010000000000000009
m15,0.83,0.84,0.84,-0.010000000000000009,0.0
m15,0.83,0.84,0.84,-0.010000000000000009,0.0
m5,0.47,0.68,0.68,-0.21000000000000008,0.0
m5,0.49,0.68,0.68,-0.19000000000000006,0.0
m15,0.11,0.12,0.12,-0.009999999999999995,0.0
m5,0.32,0.32,0.32,0.0,0.0
m15,0.11,0.12,0.12,-0.009999999999999995,0.0
m5,0.68,0.75,0.74,-0.06999999999999995,-0.010000000000000009
m5,0.67,0.75,0.74,-0.07999999999999996,-0.010000000000000009
m5,0.7,0.75,0.74,-0.050000000000000044,-0.010000000000000009
m15,0.07,0.06,0.07,0.010000000000000009,0.010000000000000009
m5,0.08,0.09,0.09,-0.009999999999999995,0.0
m5,0.08,0.05,0.07,0.03,0.020000000000000004
m5,0.97,0.98,0.98,-0.010000000000000009,0.0
m15,0.04,0.07,0.07,-0.030000000000000006,0.0
m5,0.42,0.48,0.48,-0.06,0.0
m5,0.59,0.64,0.63,-0.050000000000000044,-0.010000000000000009
m5,0.37,0.36,0.36,0.010000000000000009,0.0
m15,0.97,0.98,0.98,-0.010000000000000009,0.0
m5,0.36,0.47,0.41,-0.10999999999999999,-0.06
m5,0.37,0.47,0.47,-0.09999999999999998,0.0
m5,0.52,0.58,0.58,-0.05999999999999994,0.0
m5,0.59,0.55,0.57,0.039999999999999925,0.019999999999999907
m5,0.41,0.55,0.55,-0.14000000000000007,0.0
m5,0.45,0.49,0.48,-0.03999999999999998,-0.010000000000000009
m5,0.5,0.51,0.51,-0.010000000000000009,0.0
m5,0.5,0.63,0.61,-0.13,-0.020000000000000018
h1,0.3,0.33,0.33,-0.030000000000000027,0.0
m5,0.38,0.4,0.4,-0.020000000000000018,0.0
m5,0.61,0.73,0.72,-0.12,-0.010000000000000009
m5,0.74,0.72,0.75,0.020000000000000018,0.030000000000000027
m15,0.01,0.01,0.01,0.0,0.0
m5,0.21,0.25,0.25,-0.04000000000000001,0.0
m5,0.3,0.41,0.41,-0.10999999999999999,0.0
m5,0.57,0.61,0.59,-0.040000000000000036,-0.020000000000000018
m5,0.3469,0.24,0.36,0.1069,0.12
m5,0.36,0.24,0.24,0.12,0.0
m5,0.78,0.94,0.94,-0.15999999999999992,0.0
m5,0.76,0.94,0.94,-0.17999999999999994,0.0
m5,0.8974,0.93,0.92,-0.03260000000000007,-0.010000000000000009
m5,0.05,0.04,0.05,0.010000000000000002,0.010000000000000002
m5,0.04,0.02,0.04,0.02,0.02
m5,0.9079999999999999,0.99,0.93,-0.08200000000000007,-0.05999999999999994
m5,0.02,0.02,0.08,0.0,0.06
m5,0.0599,0.02,0.08,0.039900000000000005,0.06
m5,0.93,0.99,0.99,-0.05999999999999994,0.0
m5,0.75,0.82,0.82,-0.06999999999999995,0.0
m5,0.82,0.8,0.8,0.019999999999999907,0.0
m5,0.19,0.22,0.21,-0.03,-0.010000000000000009
m5,0.1861,0.22,0.21,-0.03390000000000001,-0.010000000000000009
m5,0.8,0.8,0.8,0.0,0.0
m15,0.71,0.73,0.72,-0.020000000000000018,-0.010000000000000009
m5,0.8,0.82,0.81,-0.019999999999999907,-0.009999999999999898
m5,0.81,0.82,0.82,-0.009999999999999898,0.0
m15,0.29,0.26,0.31,0.02999999999999997,0.04999999999999999
h1,0.56,0.55,0.59,0.010000000000000009,0.039999999999999925
m5,0.19,0.24,0.24,-0.04999999999999999,0.0
m5,0.15,0.14,0.15,0.009999999999999981,0.009999999999999981
m5,0.87,0.87,0.87,0.0,0.0
h1,0.46,0.47,0.48,-0.009999999999999953,0.010000000000000009
h1,0.54,0.56,0.56,-0.020000000000000018,0.0
h1,0.56,0.59,0.59,-0.029999999999999916,0.0
m15,0.1,0.11,0.11,-0.009999999999999995,0.0
m15,0.1,0.1,0.1,0.0,0.0
m15,0.1,0.1,0.1,0.0,0.0
h1,0.59,0.62,0.62,-0.030000000000000027,0.0
h1,0.59,0.62,0.62,-0.030000000000000027,0.0
m15,0.92,0.93,0.93,-0.010000000000000009,0.0
h1,0.33,0.33,0.33,0.0,0.0
h1,0.39,0.4,0.4,-0.010000000000000009,0.0
h1,0.39,0.44,0.4,-0.04999999999999999,-0.03999999999999998
h1,0.39,0.45,0.45,-0.06,0.0
m5,0.03,0.03,0.03,0.0,0.0
m15,0.18,0.18,0.18,0.0,0.0
m15,0.18,0.18,0.18,0.0,0.0
m15,0.82,0.84,0.84,-0.020000000000000018,0.0
h1,0.54,0.54,0.54,0.0,0.0
h1,0.53,0.56,0.56,-0.030000000000000027,0.0
h1,0.55,0.56,0.56,-0.010000000000000009,0.0
m15,0.12,0.13,0.13,-0.010000000000000009,0.0
m15,0.12,0.13,0.13,-0.010000000000000009,0.0
m15,0.12,0.13,0.13,-0.010000000000000009,0.0
m15,0.12,0.13,0.13,-0.010000000000000009,0.0
m15,0.12,0.13,0.13,-0.010000000000000009,0.0
m15,0.12,0.13,0.13,-0.010000000000000009,0.0
m15,0.12,0.09,0.09,0.03,0.0
m15,0.12,0.09,0.09,0.03,0.0
m15,0.12,0.09,0.09,0.03,0.0
m15,0.12,0.09,0.09,0.03,0.0
m15,0.12,0.09,0.09,0.03,0.0
h1,0.38,0.4,0.4,-0.020000000000000018,0.0
h1,0.6,0.61,0.61,-0.010000000000000009,0.0
h1,0.6,0.61,0.61,-0.010000000000000009,0.0
m15,0.9,0.9,0.9,0.0,0.0
m15,0.89,0.91,0.91,-0.020000000000000018,0.0
m15,0.09,0.1,0.1,-0.010000000000000009,0.0
m15,0.09,0.1,0.1,-0.010000000000000009,0.0
m15,0.09,0.1,0.1,-0.010000000000000009,0.0
m15,0.09,0.1,0.1,-0.010000000000000009,0.0
m15,0.09,0.1,0.11,-0.010000000000000009,0.009999999999999995
m15,0.09,0.1,0.11,-0.010000000000000009,0.009999999999999995
m15,0.09,0.1,0.11,-0.010000000000000009,0.009999999999999995
m5,0.43,0.43,0.43,0.0,0.0
m15,0.07,0.07,0.07,0.0,0.0
m15,0.07,0.07,0.07,0.0,0.0
m15,0.07,0.07,0.07,0.0,0.0
h1,0.2,0.24,0.24,-0.03999999999999998,0.0
m5,0.8426,0.82,0.82,0.022600000000000064,0.0
h1,0.22,0.25,0.24,-0.03,-0.010000000000000009
m5,0.19,0.21,0.22,-0.01999999999999999,0.010000000000000009
h1,0.21,0.26,0.26,-0.05000000000000002,0.0
m5,0.21,0.19,0.19,0.01999999999999999,0.0
h1,0.74,0.75,0.75,-0.010000000000000009,0.0
m5,0.19,0.19,0.19,0.0,0.0
m15,0.96,0.98,0.98,-0.020000000000000018,0.0
m5,0.79,0.82,0.82,-0.029999999999999916,0.0
m5,0.21,0.19,0.19,0.01999999999999999,0.0
h1,0.72,0.73,0.73,-0.010000000000000009,0.0
h1,0.72,0.74,0.74,-0.020000000000000018,0.0
h1,0.74,0.74,0.74,0.0,0.0
h1,0.73,0.74,0.74,-0.010000000000000009,0.0
h1,0.73,0.74,0.74,-0.010000000000000009,0.0
h1,0.73,0.74,0.74,-0.010000000000000009,0.0
h1,0.74,0.74,0.74,0.0,0.0
m5,0.87,0.89,0.89,-0.020000000000000018,0.0
h1,0.74,0.75,0.75,-0.010000000000000009,0.0
m15,0.96,0.97,0.97,-0.010000000000000009,0.0
h1,0.73,0.74,0.74,-0.010000000000000009,0.0
m5,0.79,0.83,0.83,-0.039999999999999925,0.0
m5,0.95,0.97,0.97,-0.020000000000000018,0.0
h1,0.82,0.88,0.88,-0.06000000000000005,0.0
h1,0.15,0.16,0.16,-0.010000000000000009,0.0
h1,0.15,0.16,0.16,-0.010000000000000009,0.0
h1,0.15,0.16,0.16,-0.010000000000000009,0.0
h1,0.15,0.16,0.16,-0.010000000000000009,0.0
h1,0.15,0.16,0.16,-0.010000000000000009,0.0
h1,0.15,0.16,0.16,-0.010000000000000009,0.0
h1,0.15,0.16,0.16,-0.010000000000000009,0.0
h1,0.15,0.16,0.16,-0.010000000000000009,0.0
h1,0.83,0.84,0.84,-0.010000000000000009,0.0
h1,0.83,0.84,0.84,-0.010000000000000009,0.0
h1,0.17,0.2,0.2,-0.03,0.0
h1,0.17,0.2,0.2,-0.03,0.0
h1,0.19,0.19,0.19,0.0,0.0
m5,0.3697,0.38,0.38,-0.010300000000000031,0.0
h1,0.13,0.14,0.14,-0.010000000000000009,0.0
h1,0.13,0.14,0.14,-0.010000000000000009,0.0
h1,0.13,0.13,0.13,0.0,0.0
m5,0.43,0.34,0.34,0.08999999999999997,0.0
m5,0.67,0.68,0.69,-0.010000000000000009,0.009999999999999898
h1,0.1,0.11,0.11,-0.009999999999999995,0.0
h1,0.1,0.11,0.11,-0.009999999999999995,0.0
m5,0.74,0.76,0.76,-0.020000000000000018,0.0
m5,0.6325,0.73,0.73,-0.09750000000000003,0.0
m5,0.65,0.79,0.73,-0.14,-0.06000000000000005
m5,0.73,0.81,0.8,-0.08000000000000007,-0.010000000000000009
h1,0.9,0.91,0.91,-0.010000000000000009,0.0
m5,0.14,0.16,0.14,-0.01999999999999999,-0.01999999999999999
m5,0.83,0.85,0.84,-0.020000000000000018,-0.010000000000000009
m5,0.84,0.84,0.84,0.0,0.0
h1,0.1,0.11,0.11,-0.009999999999999995,0.0
h1,0.86,0.87,0.87,-0.010000000000000009,0.0
m5,0.71,0.72,0.72,-0.010000000000000009,0.0
m5,0.29,0.28,0.29,0.009999999999999953,0.009999999999999953
h1,0.08,0.09,0.09,-0.009999999999999995,0.0
h1,0.09,0.1,0.1,-0.010000000000000009,0.0
h1,0.09,0.1,0.1,-0.010000000000000009,0.0
h1,0.09,0.1,0.1,-0.010000000000000009,0.0
h1,0.09,0.1,0.1,-0.010000000000000009,0.0
h1,0.09,0.09,0.09,0.0,0.0
m5,0.45,0.48,0.48,-0.02999999999999997,0.0
m5,0.45,0.48,0.48,-0.02999999999999997,0.0
m15,0.45,0.45,0.45,0.0,0.0
m5,0.46,0.5,0.48,-0.03999999999999998,-0.020000000000000018
m5,0.5,0.55,0.54,-0.050000000000000044,-0.010000000000000009
m5,0.48,0.55,0.54,-0.07000000000000006,-0.010000000000000009
m5,0.46,0.4,0.44,0.06,0.03999999999999998
m5,0.45,0.4,0.44,0.04999999999999999,0.03999999999999998
m15,0.51,0.51,0.51,0.0,0.0
m15,0.5,0.5,0.5,0.0,0.0
m15,0.48,0.49,0.5,-0.010000000000000009,0.010000000000000009
m5,0.4,0.42,0.42,-0.019999999999999962,0.0
m15,0.48,0.49,0.5,-0.010000000000000009,0.010000000000000009
m15,0.48,0.49,0.5,-0.010000000000000009,0.010000000000000009
m5,0.2836,0.27,0.27,0.013600000000000001,0.0
m15,0.6,0.62,0.62,-0.020000000000000018,0.0
m15,0.61,0.62,0.62,-0.010000000000000009,0.0
m5,0.28,0.28,0.28,0.0,0.0
m5,0.71,0.73,0.73,-0.020000000000000018,0.0
m5,0.2,0.25,0.25,-0.04999999999999999,0.0
m15,0.37,0.38,0.38,-0.010000000000000009,0.0
m15,0.61,0.62,0.62,-0.010000000000000009,0.0
m15,0.62,0.62,0.62,0.0,0.0
m15,0.61,0.62,0.62,-0.010000000000000009,0.0
m15,0.61,0.66,0.62,-0.050000000000000044,-0.040000000000000036
m5,0.81,0.85,0.84,-0.039999999999999925,-0.010000000000000009
h1,0.95,0.96,0.96,-0.010000000000000009,0.0
h1,0.95,0.96,0.96,-0.010000000000000009,0.0
h1,0.95,0.96,0.96,-0.010000000000000009,0.0
h1,0.95,0.96,0.96,-0.010000000000000009,0.0
h1,0.95,0.96,0.96,-0.010000000000000009,0.0
h1,0.95,0.96,0.96,-0.010000000000000009,0.0
h1,0.95,0.96,0.96,-0.010000000000000009,0.0
h1,0.95,0.96,0.96,-0.010000000000000009,0.0
m5,0.06,0.06,0.06,0.0,0.0
m15,0.78,0.79,0.79,-0.010000000000000009,0.0
h1,0.96,0.96,0.96,0.0,0.0
m15,0.2,0.21,0.21,-0.009999999999999981,0.0
m15,0.84,0.87,0.87,-0.030000000000000027,0.0
m15,0.85,0.87,0.87,-0.020000000000000018,0.0
m15,0.85,0.87,0.87,-0.020000000000000018,0.0
m15,0.13,0.12,0.12,0.010000000000000009,0.0
m15,0.89,0.9,0.91,-0.010000000000000009,0.010000000000000009
m15,0.89,0.9,0.9,-0.010000000000000009,0.0
h1,0.97,0.98,0.98,-0.010000000000000009,0.0
m15,0.85,0.85,0.85,0.0,0.0
m15,0.84,0.85,0.85,-0.010000000000000009,0.0
m15,0.84,0.85,0.85,-0.010000000000000009,0.0
m15,0.84,0.85,0.85,-0.010000000000000009,0.0
m15,0.84,0.85,0.85,-0.010000000000000009,0.0
m15,0.84,0.85,0.85,-0.010000000000000009,0.0
m15,0.1419,0.16,0.16,-0.018100000000000005,0.0
m15,0.85,0.87,0.87,-0.020000000000000018,0.0
m15,0.84,0.87,0.87,-0.030000000000000027,0.0
m15,0.77,0.78,0.77,-0.010000000000000009,-0.010000000000000009
m5,0.27,0.26,0.24,0.010000000000000009,-0.020000000000000018
m15,0.76,0.78,0.77,-0.020000000000000018,-0.010000000000000009
h1,0.03,0.04,0.04,-0.010000000000000002,0.0
m15,0.76,0.78,0.77,-0.020000000000000018,-0.010000000000000009
m5,0.22,0.3,0.3,-0.07999999999999999,0.0
m5,0.72,0.74,0.73,-0.020000000000000018,-0.010000000000000009
m5,0.71,0.74,0.73,-0.030000000000000027,-0.010000000000000009
m5,0.71,0.77,0.74,-0.06000000000000005,-0.030000000000000027
m5,0.74,0.79,0.79,-0.050000000000000044,0.0
m5,0.74,0.79,0.79,-0.050000000000000044,0.0
m5,0.7793000000000001,0.76,0.8,0.019300000000000095,0.040000000000000036
m5,0.7394,0.78,0.78,-0.04060000000000008,0.0
m5,0.78,0.8,0.78,-0.020000000000000018,-0.020000000000000018
m5,0.72,0.71,0.72,0.010000000000000009,0.010000000000000009
m5,0.31,0.41,0.4,-0.09999999999999998,-0.009999999999999953
m5,0.6,0.59,0.6,0.010000000000000009,0.010000000000000009
m15,0.08,0.09,0.09,-0.009999999999999995,0.0
m15,0.08,0.09,0.09,-0.009999999999999995,0.0
m5,0.68,0.71,0.71,-0.029999999999999916,0.0
m5,0.29,0.32,0.28,-0.030000000000000027,-0.03999999999999998
m5,0.71,0.6,0.61,0.10999999999999999,0.010000000000000009
m5,0.65,0.63,0.64,0.020000000000000018,0.010000000000000009
m5,0.46,0.47,0.49,-0.009999999999999953,0.020000000000000018
m15,0.12,0.13,0.13,-0.010000000000000009,0.0
m5,0.53,0.5,0.53,0.030000000000000027,0.030000000000000027
m5,0.52,0.5,0.53,0.020000000000000018,0.030000000000000027
m5,0.56,0.55,0.56,0.010000000000000009,0.010000000000000009
m5,0.43,0.41,0.41,0.020000000000000018,0.0
m5,0.62,0.6,0.63,0.020000000000000018,0.030000000000000027
m5,0.38,0.28,0.36,0.09999999999999998,0.07999999999999996
m5,0.6,0.76,0.74,-0.16000000000000003,-0.020000000000000018
m15,0.19,0.2,0.2,-0.010000000000000009,0.0
h1,0.963,0.96,0.96,0.0030000000000000027,0.0
m15,0.16,0.17,0.17,-0.010000000000000009,0.0
m15,0.16,0.17,0.17,-0.010000000000000009,0.0
m15,0.16,0.17,0.17,-0.010000000000000009,0.0
m15,0.16,0.17,0.17,-0.010000000000000009,0.0
m15,0.16,0.17,0.17,-0.010000000000000009,0.0
m15,0.16,0.17,0.17,-0.010000000000000009,0.0
m5,0.73,0.77,0.78,-0.040000000000000036,0.010000000000000009
m5,0.78,0.77,0.78,0.010000000000000009,0.010000000000000009
m15,0.17,0.17,0.17,0.0,0.0
m15,0.83,0.83,0.83,0.0,0.0
m15,0.84,0.85,0.85,-0.010000000000000009,0.0
m5,0.25,0.27,0.27,-0.020000000000000018,0.0
m15,0.83,0.85,0.85,-0.020000000000000018,0.0
m15,0.88,0.88,0.88,0.0,0.0
m5,0.64,0.7,0.66,-0.05999999999999994,-0.039999999999999925
m5,0.66,0.74,0.73,-0.07999999999999996,-0.010000000000000009
m15,0.88,0.88,0.88,0.0,0.0
m5,0.71,0.71,0.74,0.0,0.030000000000000027
m15,0.88,0.89,0.89,-0.010000000000000009,0.0
m5,0.69,0.67,0.67,0.019999999999999907,0.0
m5,0.31,0.34,0.34,-0.030000000000000027,0.0
m5,0.18,0.18,0.17,0.0,-0.009999999999999981
m5,0.18,0.36,0.35,-0.18,-0.010000000000000009
h1,0.9690000000000001,0.97,0.97,-0.0009999999999998899,0.0
m5,0.33,0.37,0.37,-0.03999999999999998,0.0
m5,0.3448,0.37,0.37,-0.0252,0.0
m5,0.64,0.69,0.67,-0.04999999999999993,-0.019999999999999907
m5,0.67,0.69,0.67,-0.019999999999999907,-0.019999999999999907
m5,0.23,0.23,0.26,0.0,0.03
m5,0.75,0.78,0.78,-0.030000000000000027,0.0
m5,0.23,0.25,0.26,-0.01999999999999999,0.010000000000000009
m5,0.23,0.25,0.26,-0.01999999999999999,0.010000000000000009
m5,0.75,0.77,0.78,-0.020000000000000018,0.010000000000000009
m5,0.79,0.8,0.79,-0.010000000000000009,-0.010000000000000009
m5,0.79,0.8,0.8,-0.010000000000000009,0.0
m5,0.79,0.8,0.8,-0.010000000000000009,0.0
m5,0.8,0.81,0.8,-0.010000000000000009,-0.010000000000000009
m5,0.8,0.85,0.81,-0.04999999999999993,-0.039999999999999925
m5,0.8,0.85,0.81,-0.04999999999999993,-0.039999999999999925
m5,0.14429999999999998,0.28,0.24,-0.13570000000000004,-0.040000000000000036
m5,0.27,0.3,0.22,-0.02999999999999997,-0.07999999999999999
m5,0.6437,0.45,0.63,0.19370000000000004,0.18
m5,0.61,0.25,0.4,0.36,0.15000000000000002
m5,0.4,0.76,0.61,-0.36,-0.15000000000000002
m5,0.61,0.78,0.77,-0.17000000000000004,-0.010000000000000009
m5,0.23,0.11,0.12,0.12000000000000001,0.009999999999999995
m5,0.88,0.96,0.96,-0.07999999999999996,0.0
m15,0.97,0.98,0.98,-0.010000000000000009,0.0
m5,0.81,0.96,0.96,-0.1499999999999999,0.0
m5,0.45,0.46,0.46,-0.010000000000000009,0.0
m5,0.54,0.59,0.57,-0.04999999999999993,-0.020000000000000018
m5,0.59,0.6,0.6,-0.010000000000000009,0.0
m5,0.6,0.61,0.62,-0.010000000000000009,0.010000000000000009
m5,0.58,0.61,0.61,-0.030000000000000027,0.0
m5,0.62,0.69,0.69,-0.06999999999999995,0.0
m5,0.32,0.32,0.32,0.0,0.0
m5,0.66,0.71,0.71,-0.04999999999999993,0.0
m5,0.7,0.73,0.72,-0.030000000000000027,-0.010000000000000009
m5,0.75,0.71,0.76,0.040000000000000036,0.050000000000000044
m5,0.7,0.75,0.77,-0.050000000000000044,0.020000000000000018
m5,0.76,0.77,0.78,-0.010000000000000009,0.010000000000000009
m5,0.73,0.76,0.74,-0.030000000000000027,-0.020000000000000018
m5,0.78,0.77,0.77,0.010000000000000009,0.0
m5,0.84,0.88,0.88,-0.040000000000000036,0.0
m15,0.01,0.02,0.02,-0.01,0.0
m15,0.01,0.02,0.02,-0.01,0.0
m15,0.01,0.02,0.02,-0.01,0.0
m15,0.01,0.02,0.02,-0.01,0.0
m15,0.01,0.02,0.02,-0.01,0.0
m15,0.01,0.02,0.02,-0.01,0.0
m5,0.68,0.7,0.7,-0.019999999999999907,0.0
m15,0.55,0.57,0.56,-0.019999999999999907,-0.009999999999999898
m15,0.55,0.57,0.56,-0.019999999999999907,-0.009999999999999898
m5,0.31,0.33,0.33,-0.020000000000000018,0.0
m5,0.27,0.3,0.29,-0.02999999999999997,-0.010000000000000009
m5,0.27,0.3,0.29,-0.02999999999999997,-0.010000000000000009
m5,0.69,0.72,0.7,-0.030000000000000027,-0.020000000000000018
m5,0.31,0.29,0.32,0.020000000000000018,0.030000000000000027
m15,0.58,0.65,0.61,-0.07000000000000006,-0.040000000000000036
m15,0.31,0.34,0.33,-0.030000000000000027,-0.010000000000000009
m15,0.31,0.34,0.33,-0.030000000000000027,-0.010000000000000009
m15,0.31,0.34,0.33,-0.030000000000000027,-0.010000000000000009
m15,0.31,0.34,0.33,-0.030000000000000027,-0.010000000000000009
m15,0.31,0.34,0.33,-0.030000000000000027,-0.010000000000000009
m15,0.31,0.34,0.33,-0.030000000000000027,-0.010000000000000009
m15,0.31,0.34,0.33,-0.030000000000000027,-0.010000000000000009
m15,0.31,0.34,0.33,-0.030000000000000027,-0.010000000000000009
m15,0.31,0.34,0.33,-0.030000000000000027,-0.010000000000000009
m15,0.67,0.68,0.67,-0.010000000000000009,-0.010000000000000009
m15,0.67,0.68,0.67,-0.010000000000000009,-0.010000000000000009
m15,0.67,0.68,0.67,-0.010000000000000009,-0.010000000000000009
m15,0.67,0.68,0.67,-0.010000000000000009,-0.010000000000000009
m5,0.78,0.79,0.79,-0.010000000000000009,0.0
m5,0.22,0.23,0.23,-0.010000000000000009,0.0
m5,0.8,0.83,0.83,-0.029999999999999916,0.0
m5,0.8,0.83,0.83,-0.029999999999999916,0.0
m15,0.29,0.3,0.3,-0.010000000000000009,0.0
m15,0.29,0.3,0.3,-0.010000000000000009,0.0
m15,0.29,0.3,0.3,-0.010000000000000009,0.0
m15,0.29,0.3,0.3,-0.010000000000000009,0.0
m15,0.29,0.3,0.3,-0.010000000000000009,0.0
m15,0.29,0.3,0.3,-0.010000000000000009,0.0
m15,0.29,0.3,0.3,-0.010000000000000009,0.0
m5,0.93,0.94,0.94,-0.009999999999999898,0.0
m5,0.94,0.95,0.95,-0.010000000000000009,0.0
m15,0.09,0.1,0.1,-0.010000000000000009,0.0
m5,0.44,0.49,0.5,-0.04999999999999999,0.010000000000000009
m15,0.92,0.95,0.94,-0.029999999999999916,-0.010000000000000009
m15,0.92,0.95,0.94,-0.029999999999999916,-0.010000000000000009
m5,0.55,0.52,0.53,0.030000000000000027,0.010000000000000009
m5,0.51,0.53,0.54,-0.020000000000000018,0.010000000000000009
m5,0.49,0.53,0.54,-0.040000000000000036,0.010000000000000009
m5,0.47,0.48,0.48,-0.010000000000000009,0.0
m5,0.51,0.5,0.5,0.010000000000000009,0.0
m5,0.51,0.5,0.5,0.010000000000000009,0.0
m5,0.5,0.53,0.53,-0.030000000000000027,0.0
m5,0.47,0.51,0.5,-0.040000000000000036,-0.010000000000000009
m5,0.4919,0.49,0.49,0.0019000000000000128,0.0
m5,0.47,0.49,0.49,-0.020000000000000018,0.0
m5,0.52,0.51,0.52,0.010000000000000009,0.010000000000000009
m5,0.49,0.49,0.5,0.0,0.010000000000000009
m5,0.5,0.5,0.5,0.0,0.0
m5,0.51,0.53,0.52,-0.020000000000000018,-0.010000000000000009
m5,0.5276,0.51,0.53,0.01759999999999995,0.020000000000000018
m5,0.51,0.51,0.53,0.0,0.020000000000000018
m5,0.51,0.53,0.54,-0.020000000000000018,0.010000000000000009
m5,0.47,0.47,0.49,0.0,0.020000000000000018
m5,0.47,0.44,0.47,0.02999999999999997,0.02999999999999997
m5,0.51,0.57,0.54,-0.05999999999999994,-0.029999999999999916
m5,0.55,0.63,0.62,-0.07999999999999996,-0.010000000000000009
m15,0.97,0.97,0.97,0.0,0.0
m5,0.28,0.26,0.27,0.020000000000000018,0.010000000000000009
m5,0.28,0.26,0.27,0.020000000000000018,0.010000000000000009
m5,0.26,0.26,0.26,0.0,0.0
m5,0.74,0.75,0.75,-0.010000000000000009,0.0
m5,0.17,0.14,0.15,0.03,0.009999999999999981
m5,0.17,0.14,0.18,0.03,0.03999999999999998
m5,0.83,0.91,0.89,-0.08000000000000007,-0.020000000000000018
m5,0.1,0.09,0.11,0.010000000000000009,0.020000000000000004
m15,0.97,0.98,0.98,-0.010000000000000009,0.0
m15,0.97,0.98,0.98,-0.010000000000000009,0.0
m15,0.97,0.98,0.98,-0.010000000000000009,0.0
m15,0.97,0.98,0.98,-0.010000000000000009,0.0
m15,0.97,0.98,0.98,-0.010000000000000009,0.0
m5,0.05,0.03,0.03,0.020000000000000004,0.0
m5,0.01,0.01,0.01,0.0,0.0
m5,0.42,0.41,0.41,0.010000000000000009,0.0
m5,0.42,0.48,0.45,-0.06,-0.02999999999999997
m5,0.48,0.51,0.5,-0.030000000000000027,-0.010000000000000009
m5,0.51,0.5,0.5,0.010000000000000009,0.0
m5,0.5,0.51,0.51,-0.010000000000000009,0.0
m5,0.5,0.51,0.51,-0.010000000000000009,0.0
m5,0.51,0.51,0.51,0.0,0.0
m5,0.51,0.51,0.51,0.0,0.0
m5,0.49,0.51,0.51,-0.020000000000000018,0.0
m5,0.5,0.5,0.5,0.0,0.0
m5,0.49,0.51,0.51,-0.020000000000000018,0.0
m5,0.51,0.55,0.53,-0.040000000000000036,-0.020000000000000018
m5,0.57,0.6,0.59,-0.030000000000000027,-0.010000000000000009
m5,0.58,0.6,0.6,-0.020000000000000018,0.0
m5,0.67,0.7,0.7,-0.029999999999999916,0.0
m5,0.31,0.31,0.3,0.0,-0.010000000000000009
m5,0.44,0.42,0.39,0.020000000000000018,-0.02999999999999997
m5,0.59,0.59,0.62,0.0,0.030000000000000027
m5,0.62,0.59,0.62,0.030000000000000027,0.030000000000000027
m5,0.53,0.51,0.52,0.020000000000000018,0.010000000000000009
m5,0.46,0.5,0.5,-0.03999999999999998,0.0
m5,0.49,0.5,0.5,-0.010000000000000009,0.0
m5,0.4974,0.5,0.5,-0.002599999999999991,0.0
m5,0.53,0.6,0.58,-0.06999999999999995,-0.020000000000000018
m5,0.6,0.6,0.6,0.0,0.0
m5,0.42,0.42,0.44,0.0,0.020000000000000018
m5,0.57,0.6,0.6,-0.030000000000000027,0.0
m5,0.59,0.61,0.61,-0.020000000000000018,0.0
m5,0.59,0.61,0.61,-0.020000000000000018,0.0
m5,0.6,0.57,0.58,0.030000000000000027,0.010000000000000009
m5,0.4,0.43,0.44,-0.02999999999999997,0.010000000000000009
m5,0.42,0.43,0.44,-0.010000000000000009,0.010000000000000009
m5,0.43,0.43,0.44,0.0,0.010000000000000009
m5,0.57,0.59,0.59,-0.020000000000000018,0.0
m5,0.63,0.67,0.65,-0.040000000000000036,-0.020000000000000018
m5,0.65,0.68,0.67,-0.030000000000000027,-0.010000000000000009
m5,0.71,0.73,0.73,-0.020000000000000018,0.0
m5,0.12,0.12,0.13,0.0,0.010000000000000009
m5,0.13,0.11,0.12,0.020000000000000004,0.009999999999999995
m5,0.88,0.89,0.89,-0.010000000000000009,0.0
m5,0.84,0.87,0.86,-0.030000000000000027,-0.010000000000000009
m5,0.85,0.87,0.87,-0.020000000000000018,0.0
m5,0.14,0.14,0.14,0.0,0.0
m5,0.14,0.11,0.11,0.030000000000000013,0.0
m5,0.9,0.9,0.9,0.0,0.0
m5,0.1,0.09,0.11,0.010000000000000009,0.020000000000000004
m5,0.88,0.93,0.93,-0.050000000000000044,0.0
m5,0.8909,0.93,0.93,-0.039100000000000024,0.0
m5,0.08,0.1,0.1,-0.020000000000000004,0.0
m5,0.1,0.08,0.08,0.020000000000000004,0.0
m5,0.07,0.06,0.06,0.010000000000000009,0.0
m5,0.96,0.97,0.97,-0.010000000000000009,0.0
m5,0.96,0.98,0.97,-0.020000000000000018,-0.010000000000000009
m5,0.44,0.47,0.47,-0.02999999999999997,0.0
m15,0.44,0.45,0.45,-0.010000000000000009,0.0
m15,0.44,0.45,0.45,-0.010000000000000009,0.0
m15,0.44,0.45,0.45,-0.010000000000000009,0.0
m15,0.44,0.45,0.45,-0.010000000000000009,0.0
m15,0.44,0.45,0.45,-0.010000000000000009,0.0
m15,0.44,0.45,0.45,-0.010000000000000009,0.0
m5,0.45,0.47,0.47,-0.019999999999999962,0.0
m15,0.45,0.45,0.45,0.0,0.0
m15,0.44,0.45,0.45,-0.010000000000000009,0.0
m15,0.44,0.45,0.45,-0.010000000000000009,0.0
m15,0.44,0.45,0.45,-0.010000000000000009,0.0
m15,0.44,0.45,0.45,-0.010000000000000009,0.0
m15,0.44,0.45,0.45,-0.010000000000000009,0.0
m15,0.44,0.45,0.45,-0.010000000000000009,0.0
h1,0.47,0.47,0.47,0.0,0.0
h1,0.46,0.47,0.47,-0.009999999999999953,0.0
h1,0.47,0.47,0.47,0.0,0.0
h1,0.47,0.47,0.47,0.0,0.0
h1,0.47,0.47,0.47,0.0,0.0
h1,0.47,0.47,0.47,0.0,0.0
h1,0.47,0.47,0.47,0.0,0.0
h1,0.47,0.47,0.47,0.0,0.0
h1,0.47,0.47,0.47,0.0,0.0
m5,0.42,0.46,0.46,-0.040000000000000036,0.0
m5,0.45,0.46,0.46,-0.010000000000000009,0.0
m15,0.53,0.53,0.53,0.0,0.0
h1,0.47,0.47,0.47,0.0,0.0
h1,0.47,0.51,0.51,-0.040000000000000036,0.0
h1,0.51,0.51,0.51,0.0,0.0
m5,0.34,0.34,0.34,0.0,0.0
m5,0.34,0.34,0.37,0.0,0.02999999999999997
m5,0.34,0.34,0.37,0.0,0.02999999999999997
h1,0.49,0.49,0.49,0.0,0.0
m5,0.67,0.67,0.68,0.0,0.010000000000000009
h1,0.48,0.49,0.49,-0.010000000000000009,0.0
m5,0.35,0.4,0.4,-0.050000000000000044,0.0
h1,0.52,0.58,0.58,-0.05999999999999994,0.0
m5,0.57,0.57,0.58,0.0,0.010000000000000009
m5,0.43,0.41,0.46,0.020000000000000018,0.050000000000000044
m5,0.48,0.41,0.46,0.07,0.050000000000000044
m5,0.61,0.54,0.55,0.06999999999999995,0.010000000000000009
m5,0.62,0.5,0.51,0.12,0.010000000000000009
m15,0.6,0.58,0.58,0.020000000000000018,0.0
m5,0.47,0.51,0.51,-0.040000000000000036,0.0
m15,0.41,0.44,0.43,-0.030000000000000027,-0.010000000000000009
m15,0.41,0.44,0.43,-0.030000000000000027,-0.010000000000000009
m5,0.51,0.52,0.52,-0.010000000000000009,0.0
m5,0.54,0.52,0.52,0.020000000000000018,0.0
m5,0.51,0.52,0.52,-0.010000000000000009,0.0
m5,0.54,0.53,0.52,0.010000000000000009,-0.010000000000000009
m5,0.47,0.48,0.49,-0.010000000000000009,0.010000000000000009
m5,0.48,0.55,0.55,-0.07000000000000006,0.0
m5,0.43,0.48,0.47,-0.04999999999999999,-0.010000000000000009
m15,0.6,0.63,0.63,-0.030000000000000027,0.0
m5,0.36,0.37,0.37,-0.010000000000000009,0.0
m5,0.65,0.66,0.66,-0.010000000000000009,0.0
m5,0.66,0.67,0.66,-0.010000000000000009,-0.010000000000000009
m5,0.35,0.34,0.35,0.009999999999999953,0.009999999999999953
m5,0.66,0.67,0.67,-0.010000000000000009,0.0
m5,0.35,0.36,0.36,-0.010000000000000009,0.0
h1,0.56,0.55,0.57,0.010000000000000009,0.019999999999999907
m5,0.6268,0.63,0.6,-0.0031999999999999806,-0.030000000000000027
m5,0.65,0.63,0.6,0.020000000000000018,-0.030000000000000027
m5,0.6,0.64,0.62,-0.040000000000000036,-0.020000000000000018
m15,0.67,0.67,0.69,0.0,0.019999999999999907
m15,0.65,0.67,0.69,-0.020000000000000018,0.019999999999999907
m5,0.31,0.3,0.3,0.010000000000000009,0.0
m5,0.31,0.28,0.29,0.02999999999999997,0.009999999999999953
m5,0.3,0.28,0.29,0.019999999999999962,0.009999999999999953
m5,0.3,0.28,0.29,0.019999999999999962,0.009999999999999953
h1,0.6,0.61,0.61,-0.010000000000000009,0.0
h1,0.61,0.61,0.61,0.0,0.0
h1,0.6,0.61,0.61,-0.010000000000000009,0.0
m5,0.18,0.17,0.18,0.009999999999999981,0.009999999999999981
h1,0.61,0.62,0.62,-0.010000000000000009,0.0
h1,0.61,0.62,0.62,-0.010000000000000009,0.0
m5,0.85,0.78,0.79,0.06999999999999995,0.010000000000000009
m5,0.22,0.32,0.32,-0.1,0.0
m5,0.71,0.74,0.73,-0.030000000000000027,-0.010000000000000009
m5,0.69,0.74,0.73,-0.050000000000000044,-0.010000000000000009
m5,0.7,0.74,0.73,-0.040000000000000036,-0.010000000000000009
m5,0.22,0.11,0.13,0.11,0.020000000000000004
m5,0.11,0.13,0.11,-0.020000000000000004,-0.020000000000000004
m5,0.11,0.16,0.13,-0.05,-0.03
m5,0.86,0.89,0.89,-0.030000000000000027,0.0
m5,0.12,0.12,0.16,0.0,0.04000000000000001
m5,0.12,0.1,0.11,0.01999999999999999,0.009999999999999995
m15,0.64,0.65,0.65,-0.010000000000000009,0.0
m5,0.08,0.05,0.05,0.03,0.0
m5,0.96,0.98,0.97,-0.020000000000000018,-0.010000000000000009
h1,0.61,0.62,0.62,-0.010000000000000009,0.0
h1,0.61,0.62,0.62,-0.010000000000000009,0.0
m15,0.29,0.27,0.28,0.019999999999999962,0.010000000000000009
m15,0.29,0.27,0.28,0.019999999999999962,0.010000000000000009
m5,0.42,0.38,0.38,0.03999999999999998,0.0
m5,0.38,0.38,0.38,0.0,0.0
m5,0.42,0.38,0.38,0.03999999999999998,0.0
m5,0.63,0.65,0.64,-0.020000000000000018,-0.010000000000000009
h1,0.64,0.66,0.65,-0.020000000000000018,-0.010000000000000009
m15,0.75,0.77,0.77,-0.020000000000000018,0.0
m5,0.65,0.69,0.69,-0.039999999999999925,0.0
m5,0.66,0.69,0.69,-0.029999999999999916,0.0
m5,0.69,0.73,0.7,-0.040000000000000036,-0.030000000000000027
m5,0.69,0.75,0.76,-0.06000000000000005,0.010000000000000009
m5,0.7,0.75,0.76,-0.050000000000000044,0.010000000000000009
h1,0.69,0.7,0.7,-0.010000000000000009,0.0
h1,0.69,0.7,0.7,-0.010000000000000009,0.0
h1,0.69,0.69,0.7,0.0,0.010000000000000009
m5,0.74,0.75,0.75,-0.010000000000000009,0.0
m5,0.76,0.75,0.76,0.010000000000000009,0.010000000000000009
m15,0.83,0.83,0.84,0.0,0.010000000000000009
m5,0.64,0.64,0.66,0.0,0.020000000000000018
m15,0.75,0.78,0.79,-0.030000000000000027,0.010000000000000009
m15,0.78,0.83,0.82,-0.04999999999999993,-0.010000000000000009
m15,0.78,0.83,0.82,-0.04999999999999993,-0.010000000000000009
m5,0.66,0.73,0.72,-0.06999999999999995,-0.010000000000000009
m15,0.82,0.83,0.83,-0.010000000000000009,0.0
m5,0.71,0.73,0.73,-0.020000000000000018,0.0
m5,0.28,0.29,0.3,-0.009999999999999953,0.010000000000000009
m5,0.69,0.69,0.69,0.0,0.0
m5,0.7,0.72,0.72,-0.020000000000000018,0.0
m15,0.82,0.82,0.82,0.0,0.0
m5,0.71,0.69,0.69,0.020000000000000018,0.0
m5,0.30269999999999997,0.32,0.32,-0.017300000000000038,0.0
m5,0.66,0.66,0.67,0.0,0.010000000000000009
m5,0.66,0.66,0.67,0.0,0.010000000000000009
m5,0.63,0.64,0.65,-0.010000000000000009,0.010000000000000009
m5,0.63,0.64,0.65,-0.010000000000000009,0.010000000000000009
m5,0.63,0.68,0.67,-0.050000000000000044,-0.010000000000000009
m5,0.67,0.66,0.67,0.010000000000000009,0.010000000000000009
m5,0.34,0.4,0.36,-0.06,-0.040000000000000036
m5,0.35,0.4,0.4,-0.050000000000000044,0.0
m15,0.7,0.7,0.7,0.0,0.0
m5,0.63,0.55,0.54,0.07999999999999996,-0.010000000000000009
h1,0.42,0.43,0.43,-0.010000000000000009,0.0
m5,0.37,0.47,0.47,-0.09999999999999998,0.0
m5,0.56,0.57,0.57,-0.009999999999999898,0.0
m5,0.56,0.65,0.62,-0.08999999999999997,-0.030000000000000027
m5,0.57,0.66,0.66,-0.09000000000000008,0.0
m5,0.6295000000000001,0.66,0.66,-0.03049999999999997,0.0
m5,0.66,0.67,0.67,-0.010000000000000009,0.0
m5,0.7,0.81,0.81,-0.1100000000000001,0.0
h1,0.47,0.49,0.48,-0.020000000000000018,-0.010000000000000009
h1,0.48,0.49,0.48,-0.010000000000000009,-0.010000000000000009
h1,0.48,0.49,0.49,-0.010000000000000009,0.0
m5,0.77,0.78,0.77,-0.010000000000000009,-0.010000000000000009
m5,0.19,0.23,0.24,-0.04000000000000001,0.009999999999999981
h1,0.47,0.47,0.47,0.0,0.0
m5,0.23,0.22,0.23,0.010000000000000009,0.010000000000000009
m5,0.22,0.21,0.21,0.010000000000000009,0.0
m5,0.2,0.23,0.23,-0.03,0.0
m15,0.58,0.59,0.58,-0.010000000000000009,-0.010000000000000009
m15,0.57,0.59,0.58,-0.020000000000000018,-0.010000000000000009
m5,0.23,0.2,0.2,0.03,0.0
m5,0.22,0.21,0.22,0.010000000000000009,0.010000000000000009
m5,0.7964,0.79,0.77,0.006399999999999961,-0.020000000000000018
m5,0.76,0.79,0.79,-0.030000000000000027,0.0
m5,0.24,0.22,0.22,0.01999999999999999,0.0
m5,0.24,0.23,0.26,0.009999999999999981,0.03
m5,0.75,0.76,0.78,-0.010000000000000009,0.020000000000000018
m5,0.27,0.26,0.26,0.010000000000000009,0.0
m5,0.73,0.77,0.76,-0.040000000000000036,-0.010000000000000009
m5,0.21,0.2,0.2,0.009999999999999981,0.0
m5,0.78,0.8,0.8,-0.020000000000000018,0.0
m5,0.84,0.87,0.85,-0.030000000000000027,-0.020000000000000018
m5,0.09,0.13,0.11,-0.04000000000000001,-0.020000000000000004
m15,0.62,0.64,0.64,-0.020000000000000018,0.0
m5,0.09,0.1,0.11,-0.010000000000000009,0.009999999999999995
m5,0.12,0.1,0.11,0.01999999999999999,0.009999999999999995
m5,0.1,0.1,0.11,0.0,0.009999999999999995
m5,0.1308,0.09,0.09,0.0408,0.0
m5,0.23370000000000002,0.41,0.31,-0.17629999999999996,-0.09999999999999998
m15,0.71,0.75,0.74,-0.040000000000000036,-0.010000000000000009
m5,0.53,0.55,0.57,-0.020000000000000018,0.019999999999999907
m5,0.32,0.46,0.44,-0.14,-0.020000000000000018
m5,0.7,0.76,0.75,-0.06000000000000005,-0.010000000000000009
m5,0.72,0.76,0.75,-0.040000000000000036,-0.010000000000000009
m15,0.21,0.21,0.21,0.0,0.0
m5,0.48,0.47,0.47,0.010000000000000009,0.0
m15,0.18,0.18,0.18,0.0,0.0
m15,0.84,0.88,0.87,-0.040000000000000036,-0.010000000000000009
h1,0.67,0.68,0.68,-0.010000000000000009,0.0
m5,0.68,0.67,0.67,0.010000000000000009,0.0
m5,0.67,0.67,0.67,0.0,0.0
h1,0.67,0.68,0.68,-0.010000000000000009,0.0
m5,0.7,0.72,0.72,-0.020000000000000018,0.0
m15,0.93,0.95,0.95,-0.019999999999999907,0.0
h1,0.7,0.71,0.71,-0.010000000000000009,0.0
m5,0.76,0.74,0.76,0.020000000000000018,0.020000000000000018
m5,0.76,0.81,0.79,-0.050000000000000044,-0.020000000000000018
m5,0.8,0.82,0.81,-0.019999999999999907,-0.009999999999999898
m5,0.79,0.82,0.81,-0.029999999999999916,-0.009999999999999898
m5,0.82,0.81,0.82,0.009999999999999898,0.009999999999999898
m5,0.85,0.87,0.86,-0.020000000000000018,-0.010000000000000009
h1,0.75,0.8,0.8,-0.050000000000000044,0.0
m5,0.97,0.97,0.97,0.0,0.0
h1,0.8,0.8,0.8,0.0,0.0
h1,0.79,0.79,0.79,0.0,0.0
m5,0.02,0.04,0.03,-0.02,-0.010000000000000002
h1,0.73,0.74,0.74,-0.010000000000000009,0.0
h1,0.79,0.81,0.81,-0.020000000000000018,0.0
h1,0.8,0.81,0.81,-0.010000000000000009,0.0
h1,0.79,0.8,0.8,-0.010000000000000009,0.0
h1,0.84,0.85,0.85,-0.010000000000000009,0.0
h1,0.16,0.18,0.18,-0.01999999999999999,0.0
h1,0.16,0.18,0.18,-0.01999999999999999,0.0
h1,0.17,0.18,0.18,-0.009999999999999981,0.0
m15,0.54,0.57,0.57,-0.029999999999999916,0.0
h1,0.16,0.2,0.19,-0.04000000000000001,-0.010000000000000009
m15,0.54,0.61,0.59,-0.06999999999999995,-0.020000000000000018
m15,0.54,0.61,0.59,-0.06999999999999995,-0.020000000000000018
h1,0.17,0.2,0.19,-0.03,-0.010000000000000009
m15,0.55,0.61,0.59,-0.05999999999999994,-0.020000000000000018
m5,0.61,0.64,0.65,-0.030000000000000027,0.010000000000000009
m5,0.63,0.64,0.65,-0.010000000000000009,0.010000000000000009
m5,0.36,0.38,0.38,-0.020000000000000018,0.0
m15,0.39,0.42,0.42,-0.02999999999999997,0.0
h1,0.19,0.19,0.19,0.0,0.0
m5,0.63,0.65,0.66,-0.020000000000000018,0.010000000000000009
h1,0.19,0.18,0.18,0.010000000000000009,0.0
m5,0.64,0.66,0.67,-0.020000000000000018,0.010000000000000009
m5,0.69,0.71,0.71,-0.020000000000000018,0.0
m5,0.72,0.75,0.74,-0.030000000000000027,-0.010000000000000009
m5,0.68,0.7,0.7,-0.019999999999999907,0.0
m15,0.35,0.36,0.36,-0.010000000000000009,0.0
h1,0.77,0.78,0.78,-0.010000000000000009,0.0
m15,0.64,0.64,0.64,0.0,0.0
h1,0.77,0.78,0.78,-0.010000000000000009,0.0
m5,0.32,0.36,0.36,-0.03999999999999998,0.0
m15,0.37,0.41,0.41,-0.03999999999999998,0.0
m15,0.39,0.41,0.41,-0.019999999999999962,0.0
m15,0.39,0.41,0.41,-0.019999999999999962,0.0
m15,0.39,0.41,0.41,-0.019999999999999962,0.0
h1,0.79,0.81,0.81,-0.020000000000000018,0.0
h1,0.21,0.22,0.22,-0.010000000000000009,0.0
h1,0.21,0.22,0.22,-0.010000000000000009,0.0
h1,0.21,0.22,0.22,-0.010000000000000009,0.0
m5,0.78,0.8,0.8,-0.020000000000000018,0.0
m15,0.64,0.64,0.64,0.0,0.0
m5,0.8,0.83,0.82,-0.029999999999999916,-0.010000000000000009
m5,0.8,0.83,0.82,-0.029999999999999916,-0.010000000000000009
m15,0.33,0.34,0.34,-0.010000000000000009,0.0
m15,0.33,0.34,0.34,-0.010000000000000009,0.0
m15,0.33,0.34,0.34,-0.010000000000000009,0.0
m15,0.33,0.34,0.34,-0.010000000000000009,0.0
m5,0.13,0.19,0.19,-0.06,0.0
m5,0.17,0.19,0.19,-0.01999999999999999,0.0
m5,0.81,0.63,0.7,0.18000000000000005,0.06999999999999995
m5,0.44,0.48,0.48,-0.03999999999999998,0.0
m5,0.44,0.44,0.45,0.0,0.010000000000000009
m5,0.48,0.45,0.44,0.02999999999999997,-0.010000000000000009
m5,0.56,0.56,0.57,0.0,0.009999999999999898
m5,0.45,0.47,0.47,-0.019999999999999962,0.0
m5,0.48,0.48,0.48,0.0,0.0
m5,0.48,0.48,0.48,0.0,0.0
m5,0.53,0.59,0.59,-0.05999999999999994,0.0
m5,0.47950000000000004,0.56,0.55,-0.08050000000000002,-0.010000000000000009
m5,0.53,0.57,0.57,-0.039999999999999925,0.0
m5,0.7188,0.74,0.79,-0.021199999999999997,0.050000000000000044
m5,0.27,0.27,0.22,0.0,-0.05000000000000002
m5,0.22,0.23,0.25,-0.010000000000000009,0.01999999999999999
m5,0.23,0.23,0.25,0.0,0.01999999999999999
m5,0.85,0.89,0.88,-0.040000000000000036,-0.010000000000000009
m5,0.8038,0.89,0.88,-0.08620000000000005,-0.010000000000000009
m15,0.41,0.46,0.46,-0.050000000000000044,0.0
m5,0.3455,0.28,0.32,0.06549999999999995,0.03999999999999998
m5,0.12,0.28,0.32,-0.16000000000000003,0.03999999999999998
m5,0.25,0.2,0.22,0.04999999999999999,0.01999999999999999
m5,0.28,0.2,0.22,0.08000000000000002,0.01999999999999999
m5,0.79,0.91,0.85,-0.12,-0.06000000000000005
m15,0.41,0.41,0.41,0.0,0.0
m5,0.48109999999999997,0.49,0.49,-0.008900000000000019,0.0
m5,0.5,0.46,0.46,0.03999999999999998,0.0
m5,0.4679,0.46,0.46,0.007899999999999963,0.0
m5,0.61,0.68,0.68,-0.07000000000000006,0.0
m5,0.32,0.37,0.37,-0.04999999999999999,0.0
m15,0.45,0.5,0.51,-0.04999999999999999,0.010000000000000009
m5,0.29,0.37,0.37,-0.08000000000000002,0.0
m5,0.34,0.4,0.4,-0.06,0.0
m15,0.48,0.48,0.48,0.0,0.0
m5,0.35,0.37,0.36,-0.020000000000000018,-0.010000000000000009
m15,0.47,0.48,0.48,-0.010000000000000009,0.0
m5,0.42,0.46,0.45,-0.040000000000000036,-0.010000000000000009
m5,0.43770000000000003,0.5,0.46,-0.062299999999999967,-0.03999999999999998
m5,0.7,0.72,0.71,-0.020000000000000018,-0.010000000000000009
m15,0.66,0.7,0.68,-0.039999999999999925,-0.019999999999999907
m5,0.3,0.28,0.29,0.019999999999999962,0.009999999999999953
m15,0.3,0.3,0.31,0.0,0.010000000000000009
h1,0.09,0.1,0.1,-0.010000000000000009,0.0
h1,0.09,0.1,0.1,-0.010000000000000009,0.0
m5,0.27,0.32,0.32,-0.04999999999999999,0.0
h1,0.09,0.11,0.11,-0.020000000000000004,0.0
m15,0.56,0.57,0.57,-0.009999999999999898,0.0
m15,0.56,0.57,0.57,-0.009999999999999898,0.0
m15,0.6,0.57,0.57,0.030000000000000027,0.0
m15,0.56,0.57,0.57,-0.009999999999999898,0.0
m15,0.56,0.56,0.57,0.0,0.009999999999999898
h1,0.89,0.9,0.9,-0.010000000000000009,0.0
m5,0.43,0.43,0.43,0.0,0.0
h1,0.89,0.88,0.88,0.010000000000000009,0.0
h1,0.89,0.88,0.88,0.010000000000000009,0.0
m5,0.44549999999999995,0.5,0.49,-0.05450000000000005,-0.010000000000000009
m5,0.5,0.56,0.56,-0.06000000000000005,0.0
m5,0.57,0.6,0.59,-0.030000000000000027,-0.010000000000000009
h1,0.88,0.88,0.88,0.0,0.0
h1,0.88,0.88,0.88,0.0,0.0
m15,0.6279,0.64,0.64,-0.0121,0.0
m5,0.58,0.59,0.59,-0.010000000000000009,0.0
m5,0.39,0.4,0.4,-0.010000000000000009,0.0
m5,0.61,0.68,0.67,-0.07000000000000006,-0.010000000000000009
m15,0.73,0.77,0.76,-0.040000000000000036,-0.010000000000000009
m5,0.81,0.84,0.83,-0.029999999999999916,-0.010000000000000009
m5,0.83,0.83,0.85,0.0,0.020000000000000018
m5,0.83,0.87,0.86,-0.040000000000000036,-0.010000000000000009
m5,0.86,0.89,0.88,-0.030000000000000027,-0.010000000000000009
m5,0.11,0.11,0.12,0.0,0.009999999999999995
m5,0.8787999999999999,0.91,0.9,-0.031200000000000117,-0.010000000000000009
m5,0.96,0.97,0.97,-0.010000000000000009,0.0
m5,0.96,0.99,0.97,-0.030000000000000027,-0.020000000000000018
m5,0.01,0.01,0.02,0.0,0.01
m15,0.22,0.22,0.22,0.0,0.0
m15,0.22,0.22,0.22,0.0,0.0
m5,0.5514,0.56,0.56,-0.008600000000000052,0.0
m5,0.56,0.56,0.56,0.0,0.0
m5,0.45,0.45,0.45,0.0,0.0
m5,0.45,0.45,0.45,0.0,0.0
m5,0.35,0.35,0.35,0.0,0.0
m5,0.37,0.39,0.39,-0.020000000000000018,0.0
m15,0.7,0.72,0.72,-0.020000000000000018,0.0
m5,0.35,0.37,0.37,-0.020000000000000018,0.0
m5,0.36,0.37,0.37,-0.010000000000000009,0.0
m15,0.64,0.65,0.65,-0.010000000000000009,0.0
m15,0.65,0.62,0.65,0.030000000000000027,0.030000000000000027
h1,0.1,0.13,0.12,-0.03,-0.010000000000000009
m5,0.25,0.25,0.22,0.0,-0.03
m15,0.55,0.59,0.51,-0.039999999999999925,-0.07999999999999996
m5,0.22,0.27,0.27,-0.05000000000000002,0.0
m15,0.47,0.52,0.52,-0.050000000000000044,0.0
m15,0.6627,0.67,0.68,-0.007300000000000084,0.010000000000000009
m5,0.73,0.77,0.76,-0.040000000000000036,-0.010000000000000009
m15,0.56,0.58,0.58,-0.019999999999999907,0.0
m5,0.24,0.24,0.24,0.0,0.0
h1,0.1,0.11,0.11,-0.009999999999999995,0.0
m5,0.27,0.33,0.33,-0.06,0.0
h1,0.08,0.11,0.09,-0.03,-0.020000000000000004
m5,0.2,0.2,0.2,0.0,0.0
m15,0.54,0.56,0.56,-0.020000000000000018,0.0
m15,0.55,0.56,0.56,-0.010000000000000009,0.0
m15,0.49,0.52,0.52,-0.030000000000000027,0.0
m15,0.49,0.52,0.52,-0.030000000000000027,0.0
m5,0.17,0.16,0.16,0.010000000000000009,0.0
m5,0.85,0.86,0.86,-0.010000000000000009,0.0
m15,0.4949,0.55,0.55,-0.05510000000000004,0.0
m15,0.49,0.48,0.48,0.010000000000000009,0.0
m15,0.49,0.48,0.48,0.010000000000000009,0.0
m15,0.4558,0.55,0.55,-0.09420000000000006,0.0
m15,0.53,0.46,0.46,0.07,0.0
m5,0.86,0.85,0.88,0.010000000000000009,0.030000000000000027
m15,0.48,0.54,0.54,-0.06000000000000005,0.0
m5,0.91,0.94,0.94,-0.029999999999999916,0.0
m15,0.6071,0.63,0.63,-0.02290000000000003,0.0
m15,0.33,0.37,0.37,-0.03999999999999998,0.0
h1,0.12,0.12,0.12,0.0,0.0
m15,0.6995999999999999,0.75,0.74,-0.05040000000000011,-0.010000000000000009
m15,0.68,0.75,0.74,-0.06999999999999995,-0.010000000000000009
h1,0.12,0.13,0.13,-0.010000000000000009,0.0
m15,0.69,0.75,0.74,-0.06000000000000005,-0.010000000000000009
m15,0.7,0.75,0.74,-0.050000000000000044,-0.010000000000000009
m15,0.17129999999999998,0.13,0.12,0.041299999999999976,-0.010000000000000009
m15,0.1734,0.13,0.12,0.043399999999999994,-0.010000000000000009
m15,0.12,0.13,0.13,-0.010000000000000009,0.0
m15,0.1099,0.13,0.13,-0.020100000000000007,0.0
m15,0.22,0.28,0.28,-0.060000000000000026,0.0
m15,0.5257000000000001,0.6,0.58,-0.07429999999999992,-0.020000000000000018
m5,0.95,0.98,0.97,-0.030000000000000027,-0.010000000000000009
m15,0.5631,0.6,0.58,-0.03689999999999993,-0.020000000000000018
m15,0.565,0.64,0.63,-0.07500000000000007,-0.010000000000000009
m15,0.58,0.64,0.63,-0.06000000000000005,-0.010000000000000009
m15,0.6,0.38,0.37,0.21999999999999997,-0.010000000000000009
m15,0.64,0.32,0.35,0.32,0.02999999999999997
m15,0.6351,0.56,0.7,0.07509999999999994,0.1399999999999999
m15,0.3385,0.19,0.21,0.14850000000000002,0.01999999999999999
m15,0.5642,0.15,0.19,0.4142,0.04000000000000001
m15,0.5034000000000001,0.52,0.52,-0.016599999999999948,0.0
m15,0.52,0.51,0.52,0.010000000000000009,0.010000000000000009
h1,0.87,0.88,0.88,-0.010000000000000009,0.0
m5,0.5,0.54,0.54,-0.040000000000000036,0.0
m5,0.5,0.54,0.54,-0.040000000000000036,0.0
m5,0.39,0.4,0.4,-0.010000000000000009,0.0
m5,0.5540999999999999,0.61,0.61,-0.05590000000000006,0.0
m15,0.5,0.51,0.51,-0.010000000000000009,0.0
m5,0.51,0.53,0.52,-0.020000000000000018,-0.010000000000000009
m5,0.48,0.53,0.52,-0.050000000000000044,-0.010000000000000009
h1,0.09,0.1,0.1,-0.010000000000000009,0.0
m5,0.42,0.53,0.52,-0.11000000000000004,-0.010000000000000009
m15,0.51,0.51,0.51,0.0,0.0
m15,0.5,0.53,0.52,-0.030000000000000027,-0.010000000000000009
m15,0.5025,0.53,0.53,-0.02750000000000008,0.0
m5,0.49,0.52,0.51,-0.030000000000000027,-0.010000000000000009
m5,0.34,0.38,0.38,-0.03999999999999998,0.0
m5,0.49,0.52,0.53,-0.030000000000000027,0.010000000000000009
m5,0.48,0.49,0.49,-0.010000000000000009,0.0
m5,0.39,0.4,0.4,-0.010000000000000009,0.0
m5,0.57,0.65,0.63,-0.08000000000000007,-0.020000000000000018
m5,0.32,0.3,0.3,0.020000000000000018,0.0
m5,0.74,0.8,0.78,-0.06000000000000005,-0.020000000000000018
m5,0.8,0.85,0.82,-0.04999999999999993,-0.030000000000000027
m15,0.42,0.42,0.42,0.0,0.0
m5,0.16,0.14,0.16,0.01999999999999999,0.01999999999999999
m15,0.35,0.36,0.36,-0.010000000000000009,0.0
h1,0.82,0.82,0.82,0.0,0.0
h1,0.23,0.24,0.24,-0.009999999999999981,0.0
h1,0.23,0.24,0.24,-0.009999999999999981,0.0
h1,0.23,0.24,0.24,-0.009999999999999981,0.0
m5,0.57,0.62,0.62,-0.050000000000000044,0.0
h1,0.79,0.8,0.8,-0.010000000000000009,0.0
m5,0.57,0.65,0.64,-0.08000000000000007,-0.010000000000000009
m5,0.6,0.67,0.67,-0.07000000000000006,0.0
m5,0.34,0.34,0.34,0.0,0.0
m5,0.34,0.35,0.35,-0.009999999999999953,0.0
m5,0.45,0.51,0.54,-0.06,0.030000000000000027
h1,0.24,0.25,0.24,-0.010000000000000009,-0.010000000000000009
m5,0.55,0.58,0.58,-0.029999999999999916,0.0
m5,0.42,0.45,0.41,-0.030000000000000027,-0.040000000000000036
m5,0.41,0.42,0.44,-0.010000000000000009,0.020000000000000018
m5,0.61,0.61,0.62,0.0,0.010000000000000009
h1,0.25,0.25,0.25,0.0,0.0
m5,0.6,0.64,0.64,-0.040000000000000036,0.0
m5,0.62,0.63,0.63,-0.010000000000000009,0.0
m5,0.63,0.63,0.64,0.0,0.010000000000000009
m5,0.59,0.65,0.65,-0.06000000000000005,0.0
m5,0.6,0.66,0.66,-0.06000000000000005,0.0
h1,0.28,0.31,0.31,-0.02999999999999997,0.0
m5,0.79,0.78,0.8,0.010000000000000009,0.020000000000000018
m5,0.21,0.22,0.22,-0.010000000000000009,0.0
m5,0.78,0.79,0.79,-0.010000000000000009,0.0
m5,0.78,0.79,0.79,-0.010000000000000009,0.0
m5,0.22,0.19,0.22,0.03,0.03
m5,0.82,0.84,0.83,-0.020000000000000018,-0.010000000000000009
m5,0.19,0.26,0.25,-0.07,-0.010000000000000009
m5,0.77,0.77,0.75,0.0,-0.020000000000000018
m5,0.77,0.78,0.78,-0.010000000000000009,0.0
m5,0.75,0.78,0.78,-0.030000000000000027,0.0
m5,0.57,0.72,0.7,-0.15000000000000002,-0.020000000000000018
h1,0.26,0.2,0.2,0.06,0.0
m15,0.06,0.12,0.12,-0.06,0.0
m5,0.29,0.59,0.6,-0.3,0.010000000000000009
m5,0.3619,0.38,0.38,-0.018100000000000005,0.0
m5,0.3833,0.39,0.39,-0.006700000000000039,0.0
m5,0.8567,0.96,0.91,-0.10329999999999995,-0.04999999999999993
m5,0.9,0.97,0.97,-0.06999999999999995,0.0
h1,0.12,0.14,0.13,-0.020000000000000018,-0.010000000000000009
m15,0.74,0.8,0.8,-0.06000000000000005,0.0
m5,0.89,0.93,0.94,-0.040000000000000036,0.009999999999999898
m5,0.9,0.93,0.94,-0.030000000000000027,0.009999999999999898
h1,0.13,0.13,0.13,0.0,0.0
m5,0.57,0.55,0.55,0.019999999999999907,0.0
m5,0.57,0.55,0.55,0.019999999999999907,0.0
m5,0.37,0.39,0.39,-0.020000000000000018,0.0
h1,0.18,0.2,0.2,-0.020000000000000018,0.0
h1,0.19,0.2,0.2,-0.010000000000000009,0.0
m5,0.21,0.22,0.22,-0.010000000000000009,0.0
m5,0.2,0.29,0.26,-0.08999999999999997,-0.02999999999999997
m5,0.27,0.3,0.29,-0.02999999999999997,-0.010000000000000009
m5,0.27,0.28,0.28,-0.010000000000000009,0.0
h1,0.15,0.16,0.16,-0.010000000000000009,0.0
h1,0.15,0.16,,-0.010000000000000009,
h1,0.16,0.18,0.18,-0.01999999999999999,0.0
m5,0.78,0.8,0.8,-0.020000000000000018,0.0
m15,0.03,0.04,0.03,-0.010000000000000002,-0.010000000000000002
m15,0.03,0.04,0.04,-0.010000000000000002,0.0
m5,0.26,0.27,0.28,-0.010000000000000009,0.010000000000000009
m5,0.75,0.73,0.78,0.020000000000000018,0.050000000000000044
m5,0.72,0.74,0.74,-0.020000000000000018,0.0
m5,0.23,0.23,0.24,0.0,0.009999999999999981
h1,0.13,0.13,0.13,0.0,0.0
m5,0.8022,0.87,0.85,-0.06779999999999997,-0.020000000000000018
m5,0.93,0.94,0.94,-0.009999999999999898,0.0
m5,0.39,0.42,0.4,-0.02999999999999997,-0.019999999999999962
m5,0.38,0.41,0.41,-0.02999999999999997,0.0
m5,0.32,0.37,0.38,-0.04999999999999999,0.010000000000000009
m5,0.38,0.42,0.41,-0.03999999999999998,-0.010000000000000009
m5,0.44,0.42,0.42,0.020000000000000018,0.0
m5,0.38,0.39,0.39,-0.010000000000000009,0.0
m5,0.33,0.36,0.36,-0.02999999999999997,0.0
m5,0.64,0.62,0.66,0.020000000000000018,0.040000000000000036
m5,0.35,0.4,0.39,-0.050000000000000044,-0.010000000000000009
m5,0.38,0.41,0.41,-0.02999999999999997,0.0
m5,0.48,0.63,0.64,-0.15000000000000002,0.010000000000000009
m5,0.48,0.65,0.64,-0.17000000000000004,-0.010000000000000009
h1,0.19,0.2,0.2,-0.010000000000000009,0.0
m5,0.26,0.3,0.3,-0.03999999999999998,0.0
m5,0.4752,0.45,0.46,0.0252,0.010000000000000009
m5,0.47,0.45,0.46,0.019999999999999962,0.010000000000000009
m5,0.45,0.42,0.44,0.030000000000000027,0.020000000000000018
m5,0.57,0.53,0.58,0.039999999999999925,0.04999999999999993
m5,0.36,0.34,0.34,0.019999999999999962,0.0
m5,0.88,0.93,0.91,-0.050000000000000044,-0.020000000000000018
m5,0.85,0.93,0.91,-0.08000000000000007,-0.020000000000000018
m5,0.08,0.03,0.03,0.05,0.0
h1,0.04,0.05,0.05,-0.010000000000000002,0.0
m5,0.7,0.78,0.77,-0.08000000000000007,-0.010000000000000009
h1,0.97,0.98,0.98,-0.010000000000000009,0.0
h1,0.97,0.98,0.98,-0.010000000000000009,0.0
m5,0.24,0.27,0.27,-0.030000000000000027,0.0
h1,0.03,0.04,0.04,-0.010000000000000002,0.0
h1,0.03,0.05,0.04,-0.020000000000000004,-0.010000000000000002
m5,0.58,0.68,0.65,-0.10000000000000009,-0.030000000000000027
h1,0.96,0.96,0.96,0.0,0.0
h1,0.97,0.98,0.98,-0.010000000000000009,0.0
m15,0.77,0.81,0.81,-0.040000000000000036,0.0
h1,0.98,0.99,0.99,-0.010000000000000009,0.0
h1,0.98,0.99,0.99,-0.010000000000000009,0.0
h1,0.98,0.99,0.99,-0.010000000000000009,0.0
m5,0.18,0.16,0.2,0.01999999999999999,0.04000000000000001
h1,0.98,0.99,0.99,-0.010000000000000009,0.0
m5,0.15,0.2,0.2,-0.05000000000000002,0.0
m15,0.15,0.18,0.18,-0.03,0.0
m5,0.2,0.22,0.22,-0.01999999999999999,0.0
m15,0.04,0.04,0.04,0.0,0.0
m5,0.43,0.43,0.43,0.0,0.0
m5,0.5,0.49,0.49,0.010000000000000009,0.0
m5,0.22,0.25,0.24,-0.03,-0.010000000000000009
h1,0.008,0.01,0.01,-0.002,0.0
h1,0.008,0.01,0.01,-0.002,0.0
m5,0.14,0.12,0.13,0.020000000000000018,0.010000000000000009
h1,0.008,0.01,0.01,-0.002,0.0
m15,0.7976000000000001,0.83,0.83,-0.03239999999999987,0.0
m5,0.11,0.14,0.14,-0.030000000000000013,0.0
h1,0.005,0.01,0.01,-0.005,0.0
h1,0.005,0.01,0.01,-0.005,0.0
m5,0.15,0.17,0.18,-0.020000000000000018,0.009999999999999981
h1,0.993,1.0,1.0,-0.007000000000000006,0.0
m5,0.88,0.88,0.88,0.0,0.0
m5,0.88,0.92,0.92,-0.040000000000000036,0.0
m5,0.09,0.09,0.11,0.0,0.020000000000000004
m5,0.09,0.08,0.08,0.009999999999999995,0.0
m15,0.13,0.18,0.18,-0.04999999999999999,0.0
h1,0.996,1.0,1.0,-0.0040000000000000036,0.0
h1,0.996,1.0,1.0,-0.0040000000000000036,0.0
h1,0.997,1.0,1.0,-0.0030000000000000027,0.0
m5,0.02,0.02,0.03,0.0,0.009999999999999998
h1,0.998,1.0,1.0,-0.0020000000000000018,0.0
h1,0.997,1.0,1.0,-0.0030000000000000027,0.0
h1,0.997,1.0,1.0,-0.0030000000000000027,0.0
h1,0.997,1.0,1.0,-0.0030000000000000027,0.0
h1,0.997,1.0,1.0,-0.0030000000000000027,0.0
h1,0.997,1.0,1.0,-0.0030000000000000027,0.0
h1,0.9990000000000001,1.0,1.0,-0.0009999999999998899,0.0
m5,0.01,0.01,0.01,0.0,0.0
m5,0.01,0.01,0.01,0.0,0.0
h1,0.47,0.47,0.47,0.0,0.0
m5,0.54,0.52,0.52,0.020000000000000018,0.0
h1,0.47,0.47,0.47,0.0,0.0
h1,0.47,0.47,0.47,0.0,0.0
h1,0.47,0.47,0.47,0.0,0.0
h1,0.46,0.47,0.47,-0.009999999999999953,0.0
h1,0.46,0.47,0.47,-0.009999999999999953,0.0
h1,0.47,0.47,0.47,0.0,0.0
h1,0.46,0.47,0.47,-0.009999999999999953,0.0
h1,0.46,0.47,0.47,-0.009999999999999953,0.0
h1,0.46,0.47,0.47,-0.009999999999999953,0.0
m5,0.57,0.59,0.59,-0.020000000000000018,0.0
m5,0.59,0.64,0.63,-0.050000000000000044,-0.010000000000000009
h1,0.54,0.55,0.55,-0.010000000000000009,0.0
m5,0.69,0.71,0.71,-0.020000000000000018,0.0
m5,0.26,0.29,0.29,-0.02999999999999997,0.0
m5,0.725,0.79,0.78,-0.06500000000000006,-0.010000000000000009
m5,0.8,0.82,0.81,-0.019999999999999907,-0.009999999999999898
m5,0.79,0.8,0.8,-0.010000000000000009,0.0
m5,0.21,0.4,0.37,-0.19000000000000003,-0.030000000000000027
m5,0.524,0.66,0.64,-0.136,-0.020000000000000018
m5,0.57,0.66,0.64,-0.09000000000000008,-0.020000000000000018
m5,0.6,0.68,0.67,-0.08000000000000007,-0.010000000000000009
m5,0.33,0.45,0.44,-0.12,-0.010000000000000009
m5,0.36,0.46,0.45,-0.10000000000000003,-0.010000000000000009
m5,0.49,0.47,0.48,0.020000000000000018,0.010000000000000009
m5,0.4669,0.68,0.69,-0.21310000000000007,0.009999999999999898
m5,0.32,0.35,0.34,-0.02999999999999997,-0.009999999999999953
m5,0.34,0.34,0.34,0.0,0.0
m5,0.42,0.6,0.59,-0.18,-0.010000000000000009
m5,0.49,0.6,0.59,-0.10999999999999999,-0.010000000000000009
m5,0.65,0.9,0.84,-0.25,-0.06000000000000005
h1,0.53,0.56,0.56,-0.030000000000000027,0.0
m5,0.1,0.08,0.08,0.020000000000000004,0.0
m5,0.11,0.08,0.08,0.03,0.0
h1,0.56,0.56,0.56,0.0,0.0
h1,0.57,0.58,0.58,-0.010000000000000009,0.0
h1,0.56,0.58,0.58,-0.019999999999999907,0.0
m5,0.46,0.46,0.46,0.0,0.0
m5,0.47479999999999994,0.35,0.36,0.12479999999999997,0.010000000000000009
h1,0.36,0.45,0.45,-0.09000000000000002,0.0
h1,0.55,0.55,0.56,0.0,0.010000000000000009
m5,0.35,0.29,0.31,0.06,0.020000000000000018
h1,0.55,0.54,0.55,0.010000000000000009,0.010000000000000009
m5,0.73,0.83,0.81,-0.09999999999999998,-0.019999999999999907
m15,0.51,0.6,0.55,-0.08999999999999997,-0.04999999999999993
m15,0.41,0.42,0.42,-0.010000000000000009,0.0
h1,0.51,0.51,0.51,0.0,0.0
h1,0.51,0.53,0.53,-0.020000000000000018,0.0
h1,0.52,0.53,0.53,-0.010000000000000009,0.0
m5,0.13,0.14,0.14,-0.010000000000000009,0.0
m5,0.11,0.12,0.11,-0.009999999999999995,-0.009999999999999995
m15,0.38,0.4,0.4,-0.020000000000000018,0.0
h1,0.48,0.5,0.5,-0.020000000000000018,0.0
h1,0.54,0.55,0.55,-0.010000000000000009,0.0
h1,0.54,0.55,0.55,-0.010000000000000009,0.0
h1,0.54,0.55,0.55,-0.010000000000000009,0.0
m5,0.61,0.62,0.62,-0.010000000000000009,0.0
h1,0.55,0.55,0.55,0.0,0.0
h1,0.55,0.55,0.55,0.0,0.0
h1,0.55,0.62,0.57,-0.06999999999999995,-0.050000000000000044
h1,0.55,0.62,0.57,-0.06999999999999995,-0.050000000000000044
m5,0.29,0.31,0.29,-0.020000000000000018,-0.020000000000000018
h1,0.4,0.42,0.42,-0.019999999999999962,0.0
h1,0.4177,0.42,0.42,-0.0022999999999999687,0.0
m5,0.62,0.64,0.62,-0.020000000000000018,-0.020000000000000018
m15,0.09,0.09,0.1,0.0,0.010000000000000009
m15,0.09,0.09,0.1,0.0,0.010000000000000009
m15,0.09,0.09,0.1,0.0,0.010000000000000009
m5,0.62,0.69,0.65,-0.06999999999999995,-0.039999999999999925
m15,0.07,0.08,0.08,-0.009999999999999995,0.0
m15,0.07,0.08,0.08,-0.009999999999999995,0.0
m15,0.07,0.08,0.08,-0.009999999999999995,0.0
m15,0.93,0.96,0.96,-0.029999999999999916,0.0
m15,0.04,0.06,0.05,-0.019999999999999997,-0.009999999999999995
m15,0.04,0.06,0.05,-0.019999999999999997,-0.009999999999999995
m15,0.04,0.06,0.05,-0.019999999999999997,-0.009999999999999995
m5,0.25,0.26,0.26,-0.010000000000000009,0.0
m5,0.27,0.33,0.33,-0.06,0.0
h1,0.38,0.4,0.4,-0.020000000000000018,0.0
m5,0.31,0.39,0.39,-0.08000000000000002,0.0
h1,0.39,0.41,0.41,-0.019999999999999962,0.0
h1,0.38,0.4,0.39,-0.020000000000000018,-0.010000000000000009
m5,0.32,0.32,0.32,0.0,0.0
h1,0.38,0.39,0.39,-0.010000000000000009,0.0
m15,0.04,0.05,0.05,-0.010000000000000002,0.0
m15,0.04,0.05,0.05,-0.010000000000000002,0.0
m15,0.04,0.05,0.05,-0.010000000000000002,0.0
m15,0.04,0.05,0.05,-0.010000000000000002,0.0
m5,0.32,0.27,0.32,0.04999999999999999,0.04999999999999999
h1,0.64,0.69,0.69,-0.04999999999999993,0.0
m5,0.26,0.12,0.15,0.14,0.03
m5,0.11,0.12,0.12,-0.009999999999999995,0.0
m5,0.13,0.12,0.12,0.010000000000000009,0.0
m15,0.01,0.01,0.01,0.0,0.0
m15,0.01,0.01,0.01,0.0,0.0
m15,0.01,0.01,0.01,0.0,0.0
h1,0.32,0.33,0.33,-0.010000000000000009,0.0
m15,0.01,0.01,0.01,0.0,0.0
m5,0.1,0.08,0.1,0.020000000000000004,0.020000000000000004
h1,0.32,0.32,0.32,0.0,0.0
h1,0.32,0.32,0.32,0.0,0.0
h1,0.3,0.31,0.31,-0.010000000000000009,0.0
h1,0.37,0.38,0.38,-0.010000000000000009,0.0
h1,0.37,0.38,0.38,-0.010000000000000009,0.0
h1,0.61,0.62,0.62,-0.010000000000000009,0.0
h1,0.38,0.4,0.39,-0.020000000000000018,-0.010000000000000009
h1,0.38,0.42,0.4,-0.03999999999999998,-0.019999999999999962
h1,0.38,0.42,0.42,-0.03999999999999998,0.0
h1,0.59,0.59,0.59,0.0,0.0
m5,0.02,0.09,0.05,-0.06999999999999999,-0.039999999999999994
h1,0.41,0.43,0.43,-0.020000000000000018,0.0
h1,0.41,0.42,0.42,-0.010000000000000009,0.0
m5,0.58,0.57,0.57,0.010000000000000009,0.0
h1,0.62,0.64,0.64,-0.020000000000000018,0.0
m5,0.34,0.33,0.33,0.010000000000000009,0.0
m15,0.51,0.55,0.55,-0.040000000000000036,0.0
m15,0.45,0.46,0.46,-0.010000000000000009,0.0
m15,0.45,0.46,0.46,-0.010000000000000009,0.0
m15,0.45,0.46,0.46,-0.010000000000000009,0.0
m15,0.45,0.46,0.46,-0.010000000000000009,0.0
m5,0.28,0.31,0.31,-0.02999999999999997,0.0
m5,0.24,0.28,0.27,-0.040000000000000036,-0.010000000000000009
m5,0.33,0.35,0.35,-0.019999999999999962,0.0
m15,0.5,0.5,0.5,0.0,0.0
m15,0.6,0.63,0.63,-0.030000000000000027,0.0
m15,0.6,0.63,0.63,-0.030000000000000027,0.0
m15,0.6,0.63,0.63,-0.030000000000000027,0.0
m15,0.6,0.63,0.63,-0.030000000000000027,0.0
m15,0.6,0.63,0.63,-0.030000000000000027,0.0
m15,0.37,0.38,0.38,-0.010000000000000009,0.0
m15,0.37,0.38,0.38,-0.010000000000000009,0.0
m15,0.37,0.39,0.39,-0.020000000000000018,0.0
m5,0.2,0.2,0.2,0.0,0.0
m5,0.96,0.97,0.97,-0.010000000000000009,0.0
m5,0.95,0.97,0.97,-0.020000000000000018,0.0
m15,0.22,0.23,0.23,-0.010000000000000009,0.0
m15,0.22,0.23,0.23,-0.010000000000000009,0.0
m15,0.22,0.23,0.23,-0.010000000000000009,0.0
m5,0.55,0.55,0.55,0.0,0.0
m5,0.45,0.53,0.54,-0.08000000000000002,0.010000000000000009
m5,0.44,0.53,0.54,-0.09000000000000002,0.010000000000000009
m5,0.46,0.36,0.43,0.10000000000000003,0.07
m5,0.46,0.36,0.43,0.10000000000000003,0.07
m5,0.35,0.34,0.35,0.009999999999999953,0.009999999999999953
m5,0.61,0.66,0.65,-0.050000000000000044,-0.010000000000000009
h1,0.49,0.5,0.5,-0.010000000000000009,0.0
m15,0.69,0.7,0.7,-0.010000000000000009,0.0
m15,0.16,0.17,0.17,-0.010000000000000009,0.0
m15,0.16,0.17,0.17,-0.010000000000000009,0.0
m15,0.16,0.17,0.17,-0.010000000000000009,0.0
m5,0.52,0.53,0.53,-0.010000000000000009,0.0
m5,0.5267000000000001,0.59,0.58,-0.06329999999999991,-0.010000000000000009
m5,0.41729999999999995,0.47,0.47,-0.052700000000000025,0.0
m5,0.46,0.51,0.51,-0.04999999999999999,0.0
m5,0.35,0.35,0.36,0.0,0.010000000000000009
h1,0.55,0.57,0.56,-0.019999999999999907,-0.009999999999999898
m5,0.26,0.27,0.27,-0.010000000000000009,0.0
m5,0.22,0.22,0.21,0.0,-0.010000000000000009
m15,0.89,0.92,0.92,-0.030000000000000027,0.0
m15,0.89,0.92,0.92,-0.030000000000000027,0.0
m15,0.89,0.92,0.92,-0.030000000000000027,0.0
m15,0.89,0.92,0.92,-0.030000000000000027,0.0
m15,0.89,0.92,0.92,-0.030000000000000027,0.0
m15,0.89,0.92,0.92,-0.030000000000000027,0.0
m15,0.89,0.92,0.92,-0.030000000000000027,0.0
m5,0.64,0.62,0.6,0.020000000000000018,-0.020000000000000018
m5,0.5653,0.62,0.6,-0.05469999999999997,-0.020000000000000018
m5,0.5964,0.4,0.6,0.19640000000000002,0.19999999999999996
m5,0.11,0.82,0.78,-0.71,-0.039999999999999925
m5,0.6717,0.9,0.83,-0.22830000000000006,-0.07000000000000006
m5,0.7944,0.83,0.82,-0.035599999999999965,-0.010000000000000009
m5,0.10189999999999999,0.06,0.06,0.04189999999999999,0.0
m5,0.06,0.06,0.06,0.0,0.0
m15,0.08,0.09,0.09,-0.009999999999999995,0.0
m15,0.08,0.08,0.08,0.0,0.0
m15,0.05,0.06,0.06,-0.009999999999999995,0.0
m15,0.05,0.06,0.06,-0.009999999999999995,0.0
m15,0.05,0.06,0.06,-0.009999999999999995,0.0
m15,0.05,0.06,0.06,-0.009999999999999995,0.0
m15,0.05,0.06,0.06,-0.009999999999999995,0.0
m15,0.05,0.05,0.06,0.0,0.009999999999999995
m5,0.43,0.48,0.47,-0.04999999999999999,-0.010000000000000009
m15,0.04,0.05,0.05,-0.010000000000000002,0.0
m15,0.94,0.95,0.95,-0.010000000000000009,0.0
m15,0.94,0.95,0.95,-0.010000000000000009,0.0
m5,0.34,0.38,0.37,-0.03999999999999998,-0.010000000000000009
m5,0.64,0.65,0.66,-0.010000000000000009,0.010000000000000009
m5,0.62,0.65,0.66,-0.030000000000000027,0.010000000000000009
m15,0.02,0.02,0.02,0.0,0.0
m15,0.01,0.01,0.01,0.0,0.0
m5,0.43,0.48,0.48,-0.04999999999999999,0.0
m5,0.6347,0.72,0.71,-0.08529999999999993,-0.010000000000000009
h1,0.58,0.6,0.6,-0.020000000000000018,0.0
h1,0.4,0.41,0.41,-0.009999999999999953,0.0
h1,0.4,0.41,0.41,-0.009999999999999953,0.0
h1,0.4,0.41,0.41,-0.009999999999999953,0.0
h1,0.4,0.41,0.41,-0.009999999999999953,0.0
m5,0.18,0.17,0.17,0.009999999999999981,0.0
h1,0.4,0.4,0.4,0.0,0.0
h1,0.61,0.64,0.64,-0.030000000000000027,0.0
m5,0.97,0.98,0.97,-0.010000000000000009,-0.010000000000000009
m5,0.01,0.01,0.01,0.0,0.0
h1,0.38,0.39,0.39,-0.010000000000000009,0.0
h1,0.39,0.39,0.39,0.0,0.0
h1,0.38,0.39,0.39,-0.010000000000000009,0.0
h1,0.38,0.39,0.39,-0.010000000000000009,0.0
h1,0.38,0.39,0.39,-0.010000000000000009,0.0
m5,0.5168,0.64,0.63,-0.12319999999999998,-0.010000000000000009
m15,0.49,0.57,0.56,-0.07999999999999996,-0.009999999999999898
m5,0.53,0.67,0.66,-0.14,-0.010000000000000009
h1,0.44,0.45,0.45,-0.010000000000000009,0.0
m5,0.34,0.33,0.34,0.010000000000000009,0.010000000000000009
h1,0.45,0.45,0.45,0.0,0.0
m15,0.53,0.54,0.54,-0.010000000000000009,0.0
m5,0.41,0.48,0.47,-0.07,-0.010000000000000009
m15,0.53,0.54,0.54,-0.010000000000000009,0.0
m15,0.53,0.54,0.54,-0.010000000000000009,0.0
m15,0.53,0.51,0.53,0.020000000000000018,0.020000000000000018
h1,0.33,0.33,0.34,0.0,0.010000000000000009
m15,0.43,0.44,0.44,-0.010000000000000009,0.0
m5,0.34,0.55,0.52,-0.21000000000000002,-0.030000000000000027
m5,0.49,0.42,0.44,0.07,0.020000000000000018
m5,0.42,0.41,0.41,0.010000000000000009,0.0
m5,0.72,0.78,0.78,-0.06000000000000005,0.0
m5,0.78,0.82,0.8,-0.039999999999999925,-0.019999999999999907
m5,0.7864,0.84,0.83,-0.05359999999999998,-0.010000000000000009
m5,0.88,0.93,0.92,-0.050000000000000044,-0.010000000000000009
m5,0.88,0.93,0.93,-0.050000000000000044,0.0
m15,0.26,0.25,0.25,0.010000000000000009,0.0
m5,0.91,0.94,0.94,-0.029999999999999916,0.0
m15,0.72,0.75,0.74,-0.030000000000000027,-0.010000000000000009
m5,0.94,0.96,0.96,-0.020000000000000018,0.0
m15,0.18,0.19,0.19,-0.010000000000000009,0.0
h1,0.37,0.38,0.38,-0.010000000000000009,0.0
h1,0.37,0.38,0.38,-0.010000000000000009,0.0
m5,0.49,0.49,0.49,0.0,0.0
m5,0.5464,0.63,0.63,-0.08360000000000001,0.0
m15,0.72,0.77,0.77,-0.050000000000000044,0.0
m15,0.19,0.19,0.19,0.0,0.0
m15,0.18,0.19,0.19,-0.010000000000000009,0.0
m15,0.19,0.19,0.19,0.0,0.0
m15,0.18,0.18,0.19,0.0,0.010000000000000009
m5,0.49,0.51,0.51,-0.020000000000000018,0.0
h1,0.29,0.32,0.32,-0.030000000000000027,0.0
m15,0.12,0.13,0.13,-0.010000000000000009,0.0
m15,0.12,0.13,0.13,-0.010000000000000009,0.0
m15,0.12,0.13,0.13,-0.010000000000000009,0.0
m15,0.12,0.13,0.13,-0.010000000000000009,0.0
h1,0.32,0.35,0.33,-0.02999999999999997,-0.019999999999999962
h1,0.66,0.67,0.67,-0.010000000000000009,0.0
m5,0.37829999999999997,0.39,0.39,-0.011700000000000044,0.0
m5,0.37079999999999996,0.39,0.39,-0.01920000000000005,0.0
m5,0.69,0.7,0.69,-0.010000000000000009,-0.010000000000000009
m5,0.69,0.7,0.69,-0.010000000000000009,-0.010000000000000009
m5,0.69,0.84,0.72,-0.15000000000000002,-0.12
m5,0.69,0.86,0.84,-0.17000000000000004,-0.020000000000000018
m5,0.15,0.13,0.14,0.01999999999999999,0.010000000000000009
m5,0.11,0.09,0.1,0.020000000000000004,0.010000000000000009
h1,0.25,0.26,0.25,-0.010000000000000009,-0.010000000000000009
h1,0.73,0.75,0.75,-0.020000000000000018,0.0
m5,0.07,0.07,0.07,0.0,0.0
h1,0.19,0.2,0.2,-0.010000000000000009,0.0
h1,0.19,0.2,0.2,-0.010000000000000009,0.0
h1,0.19,0.2,0.2,-0.010000000000000009,0.0
h1,0.19,0.2,0.2,-0.010000000000000009,0.0
h1,0.21,0.22,0.22,-0.010000000000000009,0.0
m5,0.01,0.01,0.01,0.0,0.0
h1,0.22,0.23,0.23,-0.010000000000000009,0.0
h1,0.2,0.18,0.21,0.020000000000000018,0.03
h1,0.18,0.2,0.2,-0.020000000000000018,0.0
h1,0.19,0.2,0.2,-0.010000000000000009,0.0
h1,0.19,0.2,0.2,-0.010000000000000009,0.0
h1,0.19,0.2,0.2,-0.010000000000000009,0.0
h1,0.19,0.2,0.2,-0.010000000000000009,0.0
h1,0.19,0.2,0.2,-0.010000000000000009,0.0
h1,0.19,0.2,0.2,-0.010000000000000009,0.0
h1,0.19,0.2,0.2,-0.010000000000000009,0.0
h1,0.19,0.2,0.2,-0.010000000000000009,0.0
h1,0.19,0.2,0.2,-0.010000000000000009,0.0
h1,0.19,0.2,0.2,-0.010000000000000009,0.0
h1,0.19,0.2,0.2,-0.010000000000000009,0.0
h1,0.19,0.2,0.2,-0.010000000000000009,0.0
h1,0.19,0.2,0.2,-0.010000000000000009,0.0
h1,0.19,0.2,0.2,-0.010000000000000009,0.0
h1,0.19,0.2,0.2,-0.010000000000000009,0.0
h1,0.19,0.2,0.2,-0.010000000000000009,0.0
h1,0.19,0.2,0.2,-0.010000000000000009,0.0
h1,0.19,0.2,0.2,-0.010000000000000009,0.0
h1,0.19,0.2,0.2,-0.010000000000000009,0.0
h1,0.19,0.2,0.2,-0.010000000000000009,0.0
h1,0.19,0.2,0.2,-0.010000000000000009,0.0
h1,0.19,0.2,0.2,-0.010000000000000009,0.0
h1,0.19,0.2,0.2,-0.010000000000000009,0.0
h1,0.19,0.2,0.2,-0.010000000000000009,0.0
h1,0.19,0.2,0.2,-0.010000000000000009,0.0
h1,0.19,0.2,0.2,-0.010000000000000009,0.0
h1,0.19,0.2,0.2,-0.010000000000000009,0.0
h1,0.19,0.2,0.2,-0.010000000000000009,0.0
h1,0.79,0.82,0.82,-0.029999999999999916,0.0
h1,0.17,0.18,0.18,-0.009999999999999981,0.0
h1,0.17,0.18,0.18,-0.009999999999999981,0.0
h1,0.17,0.18,0.18,-0.009999999999999981,0.0
m5,0.1,0.21,0.18,-0.10999999999999999,-0.03
h1,0.14,0.18,0.18,-0.03999999999999998,0.0
h1,0.16,0.18,0.18,-0.01999999999999999,0.0
h1,0.16,0.18,0.18,-0.01999999999999999,0.0
h1,0.15,0.18,0.18,-0.03,0.0
h1,0.13,0.14,0.14,-0.010000000000000009,0.0
h1,0.13,0.14,0.14,-0.010000000000000009,0.0
h1,0.13,0.14,0.14,-0.010000000000000009,0.0
h1,0.15,0.16,0.16,-0.010000000000000009,0.0
h1,0.15,0.16,0.16,-0.010000000000000009,0.0
h1,0.15,0.16,0.16,-0.010000000000000009,0.0
h1,0.15,0.17,0.17,-0.020000000000000018,0.0
h1,0.19,0.22,0.22,-0.03,0.0
m5,0.67,0.74,0.72,-0.06999999999999995,-0.020000000000000018
m5,0.2852,0.4,0.36,-0.11480000000000001,-0.040000000000000036
m5,0.25,0.4,0.36,-0.15000000000000002,-0.040000000000000036
h1,0.79,0.82,0.82,-0.029999999999999916,0.0
m5,0.55,0.57,0.57,-0.019999999999999907,0.0
h1,0.23,0.25,0.25,-0.01999999999999999,0.0
m5,0.13,0.11,0.11,0.020000000000000004,0.0
h1,0.24,0.26,0.26,-0.020000000000000018,0.0
h1,0.25,0.26,0.26,-0.010000000000000009,0.0
m5,0.06,0.05,0.05,0.009999999999999995,0.0
h1,0.25,0.26,0.26,-0.010000000000000009,0.0
h1,0.25,0.26,0.26,-0.010000000000000009,0.0
h1,0.81,0.86,0.85,-0.04999999999999993,-0.010000000000000009
h1,0.81,0.86,0.85,-0.04999999999999993,-0.010000000000000009
h1,0.18,0.2,0.2,-0.020000000000000018,0.0
h1,0.19,0.24,0.23,-0.04999999999999999,-0.009999999999999981
m5,0.55,0.58,0.58,-0.029999999999999916,0.0
h1,0.25,0.26,0.26,-0.010000000000000009,0.0
m5,0.74,0.8,0.8,-0.06000000000000005,0.0
h1,0.34,0.35,0.35,-0.009999999999999953,0.0
h1,0.34,0.35,0.35,-0.009999999999999953,0.0
h1,0.34,0.35,0.35,-0.009999999999999953,0.0
h1,0.34,0.35,0.35,-0.009999999999999953,0.0
m5,0.22,0.3,0.28,-0.07999999999999999,-0.019999999999999962
m5,0.68,0.78,0.76,-0.09999999999999998,-0.020000000000000018
h1,0.7,0.68,0.7,0.019999999999999907,0.019999999999999907
m5,0.35,0.27,0.29,0.07999999999999996,0.019999999999999962
m5,0.66,0.74,0.72,-0.07999999999999996,-0.020000000000000018
m5,0.26,0.37,0.36,-0.10999999999999999,-0.010000000000000009
m5,0.35,0.36,0.36,-0.010000000000000009,0.0
h1,0.75,0.7,0.7,0.050000000000000044,0.0
m5,0.32,0.27,0.28,0.04999999999999999,0.010000000000000009
m5,0.68,0.74,0.73,-0.05999999999999994,-0.010000000000000009
m5,0.27,0.35,0.34,-0.07999999999999996,-0.009999999999999953
m5,0.32,0.28,0.32,0.03999999999999998,0.03999999999999998
m5,0.34,0.28,0.32,0.06,0.03999999999999998
m5,0.71,0.77,0.75,-0.06000000000000005,-0.020000000000000018
m15,0.68,0.69,0.69,-0.009999999999999898,0.0
m5,0.22,0.26,0.25,-0.04000000000000001,-0.010000000000000009
h1,0.7,0.76,0.73,-0.06000000000000005,-0.030000000000000027
m5,0.67,0.7,0.7,-0.029999999999999916,0.0
m5,0.82,0.85,0.85,-0.030000000000000027,0.0
m15,0.26,0.28,0.28,-0.020000000000000018,0.0
m15,0.73,0.76,0.76,-0.030000000000000027,0.0
m15,0.25,0.29,0.37,-0.03999999999999998,0.08000000000000002
h1,0.7,0.67,0.75,0.029999999999999916,0.07999999999999996
h1,0.72,0.67,0.75,0.04999999999999993,0.07999999999999996
h1,0.74,0.75,0.65,-0.010000000000000009,-0.09999999999999998
m5,0.81,0.89,0.88,-0.07999999999999996,-0.010000000000000009
h1,0.75,0.75,0.75,0.0,0.0
h1,0.7683,0.75,0.75,0.018299999999999983,0.0
m5,0.1231,0.17,0.14,-0.04690000000000001,-0.03
m5,0.17,0.17,0.14,0.0,-0.03
m5,0.81,0.84,0.88,-0.029999999999999916,0.040000000000000036
m5,0.8339,0.87,0.84,-0.03610000000000002,-0.030000000000000027
m5,0.84,0.89,0.89,-0.050000000000000044,0.0
m15,0.66,0.71,0.71,-0.04999999999999993,0.0
m5,0.86,0.85,0.89,0.010000000000000009,0.040000000000000036
m5,0.12,0.19,0.19,-0.07,0.0
m5,0.81,0.87,0.84,-0.05999999999999994,-0.030000000000000027
m5,0.196,0.15,0.17,0.04600000000000001,0.020000000000000018
m5,0.83,0.86,0.89,-0.030000000000000027,0.030000000000000027
m15,0.33,0.3,0.32,0.030000000000000027,0.020000000000000018
h1,0.71,0.73,0.73,-0.020000000000000018,0.0
m5,0.85,0.89,0.88,-0.040000000000000036,-0.010000000000000009
h1,0.27,0.27,0.28,0.0,0.010000000000000009
m5,0.89,0.91,0.91,-0.020000000000000018,0.0
m5,0.18,0.27,0.25,-0.09000000000000002,-0.020000000000000018
m5,0.32,0.68,0.61,-0.36000000000000004,-0.07000000000000006
m15,0.51,0.46,0.47,0.04999999999999999,0.009999999999999953
m5,0.7,0.65,0.65,0.04999999999999993,0.0
m5,0.46,0.36,0.36,0.10000000000000003,0.0
h1,0.12,0.12,0.12,0.0,0.0
m15,0.46,0.48,0.48,-0.019999999999999962,0.0
m5,0.2902,0.33,0.33,-0.0398,0.0
h1,0.12,0.15,0.13,-0.03,-0.01999999999999999
h1,0.12,0.15,0.13,-0.03,-0.01999999999999999
h1,0.12,0.15,0.13,-0.03,-0.01999999999999999
h1,0.12,0.15,0.13,-0.03,-0.01999999999999999
h1,0.12,0.15,0.13,-0.03,-0.01999999999999999
h1,0.12,0.15,0.13,-0.03,-0.01999999999999999
h1,0.12,0.15,0.13,-0.03,-0.01999999999999999
h1,0.12,0.15,0.13,-0.03,-0.01999999999999999
h1,0.12,0.15,0.13,-0.03,-0.01999999999999999
h1,0.12,0.15,0.13,-0.03,-0.01999999999999999
h1,0.12,0.15,0.13,-0.03,-0.01999999999999999
h1,0.12,0.15,0.13,-0.03,-0.01999999999999999
h1,0.12,0.15,0.13,-0.03,-0.01999999999999999
h1,0.12,0.15,0.13,-0.03,-0.01999999999999999
h1,0.12,0.15,0.13,-0.03,-0.01999999999999999
h1,0.12,0.15,0.13,-0.03,-0.01999999999999999
h1,0.12,0.15,0.13,-0.03,-0.01999999999999999
h1,0.12,0.15,0.13,-0.03,-0.01999999999999999
m5,0.44,0.51,0.5,-0.07,-0.010000000000000009
m5,0.4461,0.49,0.49,-0.043899999999999995,0.0
m5,0.4517,0.49,0.49,-0.0383,0.0
m5,0.5,0.53,0.53,-0.030000000000000027,0.0
m5,0.49,0.53,0.53,-0.040000000000000036,0.0
h1,0.17,0.16,0.18,0.010000000000000009,0.01999999999999999
m15,0.42,0.43,0.42,-0.010000000000000009,-0.010000000000000009
m5,0.35,0.4,0.38,-0.050000000000000044,-0.020000000000000018
m5,0.6,0.68,0.67,-0.08000000000000007,-0.010000000000000009
m5,0.56,0.68,0.67,-0.12,-0.010000000000000009
h1,0.19,0.19,0.19,0.0,0.0
h1,0.14,0.16,0.15,-0.01999999999999999,-0.010000000000000009
m5,0.64,0.73,0.72,-0.08999999999999997,-0.010000000000000009
m5,0.28,0.37,0.36,-0.08999999999999997,-0.010000000000000009
m5,0.3039,0.37,0.36,-0.06609999999999999,-0.010000000000000009
h1,0.86,0.89,0.89,-0.030000000000000027,0.0
h1,0.11,0.12,0.12,-0.009999999999999995,0.0
m5,0.61,0.68,0.68,-0.07000000000000006,0.0
h1,0.83,0.85,0.85,-0.020000000000000018,0.0
h1,0.83,0.85,0.85,-0.020000000000000018,0.0
h1,0.83,0.85,0.85,-0.020000000000000018,0.0
h1,0.83,0.85,0.85,-0.020000000000000018,0.0
m5,0.2,0.28,0.26,-0.08000000000000002,-0.020000000000000018
m15,0.32,0.37,0.35,-0.04999999999999999,-0.020000000000000018
h1,0.11,0.12,0.12,-0.009999999999999995,0.0
m5,0.05,0.05,0.05,0.0,0.0
m15,0.27,0.28,0.28,-0.010000000000000009,0.0
h1,0.12,0.13,0.13,-0.010000000000000009,0.0
h1,0.13,0.13,0.12,0.0,-0.010000000000000009
h1,0.12,0.13,0.12,-0.010000000000000009,-0.010000000000000009
m5,0.98,0.99,0.99,-0.010000000000000009,0.0
m15,0.27,0.27,0.27,0.0,0.0
h1,0.19,0.24,0.24,-0.04999999999999999,0.0
h1,0.25,0.27,0.26,-0.020000000000000018,-0.010000000000000009
h1,0.27,0.28,0.28,-0.010000000000000009,0.0
h1,0.26,0.28,0.28,-0.020000000000000018,0.0
m5,0.75,0.75,0.75,0.0,0.0
m5,0.74,0.71,0.71,0.030000000000000027,0.0
h1,0.7509,0.77,0.77,-0.019100000000000006,0.0
h1,0.76,0.81,0.78,-0.050000000000000044,-0.030000000000000027
h1,0.77,0.84,0.85,-0.06999999999999995,0.010000000000000009
m5,0.3,0.37,0.37,-0.07,0.0
h1,0.83,0.85,0.84,-0.020000000000000018,-0.010000000000000009
h1,0.875,0.89,0.89,-0.015000000000000013,0.0
h1,0.89,0.9,0.89,-0.010000000000000009,-0.010000000000000009
h1,0.89,0.9,0.9,-0.010000000000000009,0.0
h1,0.1,0.11,0.11,-0.009999999999999995,0.0
m5,0.35,0.34,0.34,0.009999999999999953,0.0
h1,0.1,0.12,0.11,-0.01999999999999999,-0.009999999999999995
h1,0.93,0.95,0.94,-0.019999999999999907,-0.010000000000000009
m5,0.5,0.4,0.49,0.09999999999999998,0.08999999999999997
h1,0.06,0.09,0.09,-0.03,0.0
m5,0.62,0.66,0.66,-0.040000000000000036,0.0
h1,0.07,0.08,0.08,-0.009999999999999995,0.0
m5,0.75,0.73,0.73,0.020000000000000018,0.0
h1,0.07,0.08,0.08,-0.009999999999999995,0.0
h1,0.07,0.08,0.08,-0.009999999999999995,0.0
m5,0.61,0.61,0.61,0.0,0.0
h1,0.95,0.96,0.96,-0.010000000000000009,0.0
h1,0.96,0.97,0.97,-0.010000000000000009,0.0
m5,0.6343,0.76,0.75,-0.12570000000000003,-0.010000000000000009
h1,0.95,0.95,0.95,0.0,0.0
h1,0.94,0.97,0.95,-0.030000000000000027,-0.020000000000000018
h1,0.94,0.97,0.95,-0.030000000000000027,-0.020000000000000018
h1,0.94,0.97,0.95,-0.030000000000000027,-0.020000000000000018
h1,0.94,0.97,0.95,-0.030000000000000027,-0.020000000000000018
h1,0.92,0.95,0.95,-0.029999999999999916,0.0
h1,0.93,0.95,0.95,-0.019999999999999907,0.0
h1,0.93,0.95,0.95,-0.019999999999999907,0.0
h1,0.95,0.97,0.97,-0.020000000000000018,0.0
h1,0.03,0.04,0.04,-0.010000000000000002,0.0
h1,0.03,0.04,0.04,-0.010000000000000002,0.0
h1,0.03,0.04,0.04,-0.010000000000000002,0.0
h1,0.03,0.04,0.04,-0.010000000000000002,0.0
h1,0.03,0.04,0.04,-0.010000000000000002,0.0
h1,0.96,0.99,0.98,-0.030000000000000027,-0.010000000000000009
m5,0.28,0.31,0.33,-0.02999999999999997,0.020000000000000018
m5,0.68,0.74,0.72,-0.05999999999999994,-0.020000000000000018
m15,0.66,0.66,0.66,0.0,0.0
m5,0.74,0.75,0.75,-0.010000000000000009,0.0
m5,0.79,0.83,0.82,-0.039999999999999925,-0.010000000000000009
m5,0.08,0.09,0.11,-0.009999999999999995,0.020000000000000004
m5,0.6,0.65,0.62,-0.050000000000000044,-0.030000000000000027
m15,0.93,0.94,0.94,-0.009999999999999898,0.0
m5,0.76,0.79,0.79,-0.030000000000000027,0.0
m5,0.22,0.22,0.22,0.0,0.0
m5,0.8,0.85,0.84,-0.04999999999999993,-0.010000000000000009
m5,0.08,0.05,0.07,0.03,0.020000000000000004
m15,0.97,0.98,0.98,-0.010000000000000009,0.0
m5,0.97,0.98,0.98,-0.010000000000000009,0.0
m5,0.01,0.01,0.01,0.0,0.0
m15,0.03,0.05,0.05,-0.020000000000000004,0.0
m5,0.93,0.96,0.96,-0.029999999999999916,0.0
m5,0.42,0.45,0.45,-0.030000000000000027,0.0
m5,0.65,0.65,0.65,0.0,0.0
m5,0.45,0.45,0.45,0.0,0.0
m5,0.54,0.61,0.61,-0.06999999999999995,0.0
m5,0.58,0.62,0.63,-0.040000000000000036,0.010000000000000009
m5,0.39,0.4,0.4,-0.010000000000000009,0.0
m5,0.69,0.8,0.76,-0.1100000000000001,-0.040000000000000036
m5,0.22,0.17,0.19,0.04999999999999999,0.01999999999999999
m5,0.92,0.95,0.95,-0.029999999999999916,0.0
m5,0.87,0.87,0.87,0.0,0.0
m5,0.87,0.88,0.87,-0.010000000000000009,-0.010000000000000009
m5,0.08,0.08,0.08,0.0,0.0
m5,0.08,0.08,0.08,0.0,0.0
m5,0.08,0.08,0.08,0.0,0.0
h1,0.4189,0.43,0.43,-0.011099999999999999,0.0
h1,0.48,0.49,0.49,-0.010000000000000009,0.0
h1,0.59,0.61,0.61,-0.020000000000000018,0.0
h1,0.6481999999999999,0.69,0.67,-0.04180000000000006,-0.019999999999999907
h1,0.31,0.35,0.33,-0.03999999999999998,-0.019999999999999962
h1,0.31,0.35,0.33,-0.03999999999999998,-0.019999999999999962
h1,0.31,0.35,0.33,-0.03999999999999998,-0.019999999999999962
h1,0.31,0.35,0.33,-0.03999999999999998,-0.019999999999999962
h1,0.31,0.35,0.33,-0.03999999999999998,-0.019999999999999962
h1,0.31,0.35,0.33,-0.03999999999999998,-0.019999999999999962
h1,0.66,0.64,0.66,0.020000000000000018,0.020000000000000018
h1,0.39,0.43,0.43,-0.03999999999999998,0.0
h1,0.45,0.48,0.48,-0.02999999999999997,0.0
h1,0.51,0.53,0.53,-0.020000000000000018,0.0
h1,0.44,0.56,0.56,-0.12000000000000005,0.0
h1,0.63,0.67,0.67,-0.040000000000000036,0.0
h1,0.31,0.33,0.33,-0.020000000000000018,0.0
h1,0.3454,0.38,0.38,-0.03460000000000002,0.0
h1,0.44,0.47,0.46,-0.02999999999999997,-0.009999999999999953
h1,0.32,0.34,0.34,-0.020000000000000018,0.0
h1,0.3443,0.36,0.36,-0.015699999999999992,0.0
h1,0.35,0.37,0.37,-0.020000000000000018,0.0
h1,0.58,0.62,0.62,-0.040000000000000036,0.0
h1,0.58,0.62,0.62,-0.040000000000000036,0.0
h1,0.56,0.57,0.57,-0.009999999999999898,0.0
h1,0.6664,0.69,0.69,-0.023599999999999954,0.0
h1,0.66,0.67,0.67,-0.010000000000000009,0.0
h1,0.66,0.67,0.67,-0.010000000000000009,0.0
h1,0.66,0.67,0.67,-0.010000000000000009,0.0
h1,0.66,0.66,0.67,0.0,0.010000000000000009
h1,0.59,0.6,0.6,-0.010000000000000009,0.0
h1,0.59,0.61,0.61,-0.020000000000000018,0.0
h1,0.43,0.44,0.44,-0.010000000000000009,0.0
h1,0.43,0.44,0.44,-0.010000000000000009,0.0
h1,0.43,0.44,0.44,-0.010000000000000009,0.0
h1,0.43,0.44,0.44,-0.010000000000000009,0.0
h1,0.43,0.44,0.44,-0.010000000000000009,0.0
h1,0.57,0.62,0.58,-0.050000000000000044,-0.040000000000000036
h1,0.18,0.2,0.2,-0.020000000000000018,0.0
h1,0.81,0.83,0.83,-0.019999999999999907,0.0
h1,0.89,0.91,0.91,-0.020000000000000018,0.0
h1,0.91,0.91,0.91,0.0,0.0
h1,0.07,0.06,0.06,0.010000000000000009,0.0
h1,0.05,0.07,0.06,-0.020000000000000004,-0.010000000000000009
h1,0.06,0.09,0.08,-0.03,-0.009999999999999995
h1,0.08,0.07,0.07,0.009999999999999995,0.0
h1,0.07,0.07,0.07,0.0,0.0
h1,0.07,0.09,0.07,-0.01999999999999999,-0.01999999999999999
h1,0.07,0.09,0.07,-0.01999999999999999,-0.01999999999999999
h1,0.07,0.09,0.09,-0.01999999999999999,0.0
h1,0.07,0.09,0.09,-0.01999999999999999,0.0
h1,0.1408,0.15,0.15,-0.009199999999999986,0.0
h1,0.97,0.98,0.98,-0.010000000000000009,0.0
h1,0.98,0.98,0.98,0.0,0.0
h1,0.98,0.98,0.98,0.0,0.0
h1,0.01,0.01,0.01,0.0,0.0
h1,0.01,0.01,0.01,0.0,0.0
h1,0.9890000000000001,0.99,0.99,-0.0009999999999998899,0.0
h1,0.995,1.0,1.0,-0.0050000000000000044,0.0
h1,0.996,1.0,1.0,-0.0040000000000000036,0.0
h1,0.002,0.0,0.0,0.002,0.0
h1,0.003,0.0,0.0,0.003,0.0
h1,0.997,1.0,1.0,-0.0030000000000000027,0.0
h1,0.998,1.0,1.0,-0.0020000000000000018,0.0
h1,0.002,0.0,0.0,0.002,0.0
h1,0.46,0.46,0.46,0.0,0.0
h1,0.46,0.46,0.46,0.0,0.0
h1,0.46,0.46,0.46,0.0,0.0
m15,0.45,0.42,0.42,0.030000000000000027,0.0
m15,0.58,0.57,0.59,0.010000000000000009,0.020000000000000018
m15,0.6,0.63,0.63,-0.030000000000000027,0.0
h1,0.55,0.58,0.58,-0.029999999999999916,0.0
h1,0.55,0.58,0.58,-0.029999999999999916,0.0
m15,0.62,0.65,0.65,-0.030000000000000027,0.0
h1,0.59,0.6,0.6,-0.010000000000000009,0.0
h1,0.61,0.63,0.63,-0.020000000000000018,0.0
h1,0.61,0.63,0.62,-0.020000000000000018,-0.010000000000000009
h1,0.35,0.36,0.36,-0.010000000000000009,0.0
h1,0.66,0.67,0.67,-0.010000000000000009,0.0
h1,0.3,0.34,0.34,-0.040000000000000036,0.0
m15,0.82,0.83,0.83,-0.010000000000000009,0.0
h1,0.64,0.7,0.69,-0.05999999999999994,-0.010000000000000009
h1,0.6,0.61,0.61,-0.010000000000000009,0.0
m15,0.75,0.74,0.74,0.010000000000000009,0.0
h1,0.6,0.62,0.62,-0.020000000000000018,0.0
h1,0.38,0.37,0.37,0.010000000000000009,0.0
m15,0.69,0.69,0.69,0.0,0.0
m15,0.27,0.27,0.27,0.0,0.0
h1,0.58,0.58,0.58,0.0,0.0
h1,0.58,0.58,0.58,0.0,0.0
m5,0.39,0.38,0.39,0.010000000000000009,0.010000000000000009
m15,0.72,0.73,0.73,-0.010000000000000009,0.0
m15,0.72,0.74,0.74,-0.020000000000000018,0.0
m15,0.72,0.74,0.74,-0.020000000000000018,0.0
m5,0.55,0.58,0.58,-0.029999999999999916,0.0
m5,0.5502,0.56,0.56,-0.009800000000000031,0.0
m5,0.45,0.49,0.49,-0.03999999999999998,0.0
m15,0.7,0.72,0.72,-0.020000000000000018,0.0
h1,0.43,0.44,0.44,-0.010000000000000009,0.0
h1,0.44,0.44,0.44,0.0,0.0
h1,0.43,0.45,0.44,-0.020000000000000018,-0.010000000000000009
h1,0.44,0.45,0.44,-0.010000000000000009,-0.010000000000000009
h1,0.44,0.45,0.44,-0.010000000000000009,-0.010000000000000009
h1,0.45,0.46,0.46,-0.010000000000000009,0.0
m15,0.46,0.49,0.47,-0.02999999999999997,-0.020000000000000018
h1,0.46,0.47,0.47,-0.009999999999999953,0.0
m15,0.46,0.49,0.49,-0.02999999999999997,0.0
m5,0.25,0.25,0.25,0.0,0.0
m15,0.52,0.5,0.51,0.020000000000000018,0.010000000000000009
m15,0.51,0.5,0.5,0.010000000000000009,0.0
m5,0.25,0.25,0.25,0.0,0.0
h1,0.46,0.47,0.47,-0.009999999999999953,0.0
h1,0.43,0.43,0.43,0.0,0.0
m5,0.64,0.65,0.65,-0.010000000000000009,0.0
h1,0.44,0.47,0.47,-0.02999999999999997,0.0
m15,0.516,0.52,0.52,-0.0040000000000000036,0.0
m15,0.53,0.53,0.53,0.0,0.0
m15,0.48,0.48,0.48,0.0,0.0
m15,0.5388000000000001,0.54,0.54,-0.0011999999999999789,0.0
m5,0.85,0.93,0.92,-0.08000000000000007,-0.010000000000000009
h1,0.49,0.5,0.5,-0.010000000000000009,0.0
m15,0.56,0.58,0.57,-0.019999999999999907,-0.010000000000000009
m15,0.43,0.41,0.42,0.020000000000000018,0.010000000000000009
m15,0.31,0.23,0.24,0.07999999999999999,0.009999999999999981
m15,0.28,0.23,0.24,0.05000000000000002,0.009999999999999981
m15,0.26,0.23,0.24,0.03,0.009999999999999981
m15,0.31,0.23,0.24,0.07999999999999999,0.009999999999999981
m15,0.22,0.24,0.22,-0.01999999999999999,-0.01999999999999999
m15,0.2535,0.24,0.22,0.013500000000000012,-0.01999999999999999
m15,0.84,0.85,0.85,-0.010000000000000009,0.0
m15,0.85,0.87,0.86,-0.020000000000000018,-0.010000000000000009
m15,0.86,0.91,0.89,-0.050000000000000044,-0.020000000000000018
h1,0.51,0.55,0.53,-0.040000000000000036,-0.020000000000000018
h1,0.53,0.55,0.55,-0.020000000000000018,0.0
h1,0.53,0.55,0.55,-0.020000000000000018,0.0
m15,0.9063,0.9,0.89,0.006299999999999972,-0.010000000000000009
m15,0.95,0.95,0.95,0.0,0.0
m15,0.01,0.01,0.01,0.0,0.0
h1,0.59,0.62,0.62,-0.030000000000000027,0.0
m5,0.47,0.52,0.52,-0.050000000000000044,0.0
m15,0.44,0.45,0.45,-0.010000000000000009,0.0
m5,0.49,0.58,0.55,-0.08999999999999997,-0.029999999999999916
h1,0.35,0.4,0.37,-0.050000000000000044,-0.030000000000000027
h1,0.38,0.4,0.4,-0.020000000000000018,0.0
h1,0.37,0.4,0.4,-0.030000000000000027,0.0
h1,0.4058,0.42,0.42,-0.01419999999999999,0.0
h1,0.42,0.46,0.46,-0.040000000000000036,0.0
h1,0.46,0.42,0.43,0.040000000000000036,0.010000000000000009
m15,0.31,0.41,0.41,-0.09999999999999998,0.0
m5,0.61,0.6,0.6,0.010000000000000009,0.0
m5,0.6,0.61,0.61,-0.010000000000000009,0.0
m5,0.6159,0.63,0.63,-0.014100000000000001,0.0
m15,0.6,0.63,0.63,-0.030000000000000027,0.0
m5,0.38,0.44,0.44,-0.06,0.0
m5,0.4,0.44,0.44,-0.03999999999999998,0.0
m5,0.41,0.51,0.47,-0.10000000000000003,-0.040000000000000036
m5,0.37,0.51,0.47,-0.14,-0.040000000000000036
m15,0.41,0.46,0.46,-0.050000000000000044,0.0
m5,0.6,0.6,0.6,0.0,0.0
m5,0.59,0.59,0.58,0.0,-0.010000000000000009
m5,0.42,0.36,0.4,0.06,0.040000000000000036
m5,0.42,0.36,0.4,0.06,0.040000000000000036
m5,0.25,0.27,0.26,-0.020000000000000018,-0.010000000000000009
m5,0.26,0.35,0.26,-0.08999999999999997,-0.08999999999999997
h1,0.31,0.37,0.35,-0.06,-0.020000000000000018
m15,0.5,0.43,0.45,0.07,0.020000000000000018
m5,0.27,0.57,0.44,-0.29999999999999993,-0.12999999999999995
m15,0.5,0.61,0.62,-0.10999999999999999,0.010000000000000009
h1,0.44,0.48,0.46,-0.03999999999999998,-0.019999999999999962
h1,0.52,0.55,0.55,-0.030000000000000027,0.0
m5,0.11,0.08,0.09,0.03,0.009999999999999995
h1,0.55,0.56,0.56,-0.010000000000000009,0.0
m15,0.8,0.81,0.79,-0.010000000000000009,-0.020000000000000018
h1,0.55,0.57,0.57,-0.019999999999999907,0.0
h1,0.56,0.57,0.57,-0.009999999999999898,0.0
h1,0.57,0.6,0.59,-0.030000000000000027,-0.010000000000000009
m15,0.16,0.16,0.18,0.0,0.01999999999999999
h1,0.6,0.6,0.6,0.0,0.0
h1,0.58,0.6,0.58,-0.020000000000000018,-0.020000000000000018
m15,0.85,0.87,0.87,-0.020000000000000018,0.0
h1,0.62,0.63,0.63,-0.010000000000000009,0.0
m5,0.01,0.04,0.04,-0.03,0.0
m5,0.97,0.97,0.97,0.0,0.0
h1,0.5,0.53,0.53,-0.030000000000000027,0.0
m5,0.92,0.97,0.95,-0.04999999999999993,-0.020000000000000018
m15,0.78,0.78,0.79,0.0,0.010000000000000009
m15,0.22,0.22,0.22,0.0,0.0
h1,0.53,0.58,0.58,-0.04999999999999993,0.0
m5,0.52,0.54,0.53,-0.020000000000000018,-0.010000000000000009
m5,0.4,0.44,0.43,-0.03999999999999998,-0.010000000000000009
m5,0.35,0.35,0.35,0.0,0.0
h1,0.51,0.53,0.53,-0.020000000000000018,0.0
m5,0.38,0.3,0.39,0.08000000000000002,0.09000000000000002
m5,0.62,0.71,0.71,-0.08999999999999997,0.0
h1,0.55,0.56,0.55,-0.010000000000000009,-0.010000000000000009
h1,0.55,0.59,0.59,-0.039999999999999925,0.0
h1,0.56,0.59,0.59,-0.029999999999999916,0.0
h1,0.58,0.61,0.6,-0.030000000000000027,-0.010000000000000009
h1,0.6,0.61,0.61,-0.010000000000000009,0.0
h1,0.6,0.61,0.61,-0.010000000000000009,0.0
m15,0.62,0.63,0.63,-0.010000000000000009,0.0
h1,0.4,0.42,0.42,-0.019999999999999962,0.0
h1,0.43,0.45,0.46,-0.020000000000000018,0.010000000000000009
h1,0.44,0.47,0.46,-0.02999999999999997,-0.009999999999999953
m15,0.77,0.84,0.84,-0.06999999999999995,0.0
m5,0.09,0.09,0.1,0.0,0.010000000000000009
h1,0.4575,0.46,0.46,-0.0025000000000000022,0.0
h1,0.4532,0.46,0.46,-0.006800000000000028,0.0
h1,0.46,0.46,0.46,0.0,0.0
h1,0.46,0.48,0.48,-0.019999999999999962,0.0
h1,0.47,0.48,0.48,-0.010000000000000009,0.0
h1,0.4,0.4,0.4,0.0,0.0
m5,0.29,0.34,0.34,-0.050000000000000044,0.0
m15,0.36,0.39,0.37,-0.030000000000000027,-0.020000000000000018
m5,0.72,0.74,0.74,-0.020000000000000018,0.0
m5,0.63,0.63,0.63,0.0,0.0
m5,0.31,0.38,0.38,-0.07,0.0
m5,0.62,0.63,0.63,-0.010000000000000009,0.0
m5,0.6,0.72,0.72,-0.12,0.0
h1,0.59,0.63,0.62,-0.040000000000000036,-0.010000000000000009
h1,0.62,0.63,0.63,-0.010000000000000009,0.0
m15,0.6,0.63,0.63,-0.030000000000000027,0.0
m5,0.23,0.27,0.24,-0.04000000000000001,-0.030000000000000027
m15,0.63,0.67,0.66,-0.040000000000000036,-0.010000000000000009
m15,0.63,0.67,0.66,-0.040000000000000036,-0.010000000000000009
m5,0.27,0.32,0.32,-0.04999999999999999,0.0
m15,0.3,0.3,0.3,0.0,0.0
m5,0.68,0.69,0.69,-0.009999999999999898,0.0
h1,0.5670000000000001,0.58,0.58,-0.0129999999999999,0.0
m15,0.31,0.31,0.31,0.0,0.0
h1,0.5872999999999999,0.59,0.59,-0.0027000000000000357,0.0
m5,0.3,0.31,0.32,-0.010000000000000009,0.010000000000000009
m15,0.71,0.76,0.76,-0.050000000000000044,0.0
h1,0.6,0.61,0.61,-0.010000000000000009,0.0
m5,0.72,0.75,0.75,-0.030000000000000027,0.0
m15,0.2986,0.32,0.32,-0.02140000000000003,0.0
h1,0.61,0.62,0.62,-0.010000000000000009,0.0
h1,0.64,0.65,0.65,-0.010000000000000009,0.0
h1,0.65,0.67,0.67,-0.020000000000000018,0.0
m5,0.07,0.08,0.08,-0.009999999999999995,0.0
m5,0.93,0.94,0.94,-0.009999999999999898,0.0
m15,0.52,0.54,0.54,-0.020000000000000018,0.0
m15,0.45,0.47,0.47,-0.019999999999999962,0.0
m15,0.54,0.54,0.54,0.0,0.0
m5,0.94,0.97,0.97,-0.030000000000000027,0.0
h1,0.72,0.87,0.75,-0.15000000000000002,-0.12
h1,0.73,0.87,0.9,-0.14,0.030000000000000027
h1,0.88,0.89,0.88,-0.010000000000000009,-0.010000000000000009
h1,0.87,0.89,0.88,-0.020000000000000018,-0.010000000000000009
h1,0.88,0.9,0.89,-0.020000000000000018,-0.010000000000000009
h1,0.89,0.92,0.89,-0.030000000000000027,-0.030000000000000027
h1,0.872,0.92,0.89,-0.04800000000000004,-0.030000000000000027
h1,0.12,0.09,0.14,0.03,0.05000000000000002
h1,0.11230000000000001,0.1,0.12,0.012300000000000005,0.01999999999999999
h1,0.13,0.1,0.12,0.03,0.01999999999999999
h1,0.1084,0.1,0.12,0.00839999999999999,0.01999999999999999
h1,0.09570000000000001,0.1,0.11,-0.004299999999999998,0.009999999999999995
h1,0.0941,0.1,0.11,-0.0059000000000000025,0.009999999999999995
m15,0.9345,1.0,1.0,-0.0655,0.0
h1,0.11,0.1,0.1,0.009999999999999995,0.0
h1,0.1047,0.1,0.1,0.004699999999999996,0.0
h1,0.11,0.1,0.1,0.009999999999999995,0.0
h1,0.10710000000000001,0.09,0.09,0.017100000000000018,0.0
h1,0.09,0.08,0.08,0.009999999999999995,0.0
h1,0.0824,0.08,0.08,0.0023999999999999994,0.0
h1,0.08,0.08,0.09,0.0,0.009999999999999995
h1,0.08,0.09,0.07,-0.009999999999999995,-0.01999999999999999
h1,0.075,0.08,0.07,-0.0050000000000000044,-0.009999999999999995
h1,0.0785,0.07,0.08,0.008499999999999994,0.009999999999999995
h1,0.065,0.07,0.08,-0.0050000000000000044,0.009999999999999995
h1,0.0788,0.08,0.07,-0.0012000000000000066,-0.009999999999999995
h1,0.07,0.08,0.07,-0.009999999999999995,-0.009999999999999995
h1,0.079,0.09,0.07,-0.010999999999999996,-0.01999999999999999
h1,0.0745,0.08,0.09,-0.005500000000000005,0.009999999999999995
h1,0.0683,0.08,0.07,-0.011700000000000002,-0.009999999999999995
h1,0.0667,0.08,0.07,-0.013300000000000006,-0.009999999999999995
h1,0.07,0.07,0.07,0.0,0.0
h1,0.07,0.09,0.08,-0.01999999999999999,-0.009999999999999995
h1,0.08,0.1,0.09,-0.020000000000000004,-0.010000000000000009
h1,0.09,0.1,0.1,-0.010000000000000009,0.0
h1,0.1,0.11,0.1,-0.009999999999999995,-0.009999999999999995
h1,0.1,0.11,0.1,-0.009999999999999995,-0.009999999999999995
m5,0.31,0.27,0.27,0.03999999999999998,0.0
h1,0.1,0.11,0.11,-0.009999999999999995,0.0
h1,0.1,0.11,0.11,-0.009999999999999995,0.0
h1,0.1,0.12,0.11,-0.01999999999999999,-0.009999999999999995
h1,0.12,0.14,0.14,-0.020000000000000018,0.0
h1,0.12,0.14,0.14,-0.020000000000000018,0.0
h1,0.11,0.14,0.14,-0.030000000000000013,0.0
h1,0.14,0.16,0.15,-0.01999999999999999,-0.010000000000000009
h1,0.15,0.16,0.16,-0.010000000000000009,0.0
h1,0.14,0.16,0.16,-0.01999999999999999,0.0
h1,0.17,0.22,0.19,-0.04999999999999999,-0.03
h1,0.2,0.31,0.26,-0.10999999999999999,-0.04999999999999999
m15,0.11,0.11,0.11,0.0,0.0
m15,0.09,0.11,0.11,-0.020000000000000004,0.0
h1,0.58,0.58,0.57,0.0,-0.010000000000000009
m15,0.91,0.91,0.91,0.0,0.0
h1,0.5886,0.65,0.62,-0.06140000000000001,-0.030000000000000027
h1,0.54,0.65,0.62,-0.10999999999999999,-0.030000000000000027
m15,0.91,0.87,0.9,0.040000000000000036,0.030000000000000027
h1,0.63,0.64,0.66,-0.010000000000000009,0.020000000000000018
m15,0.86,0.9,0.91,-0.040000000000000036,0.010000000000000009
h1,0.43,0.45,0.43,-0.020000000000000018,-0.020000000000000018
h1,0.4,0.36,0.39,0.040000000000000036,0.030000000000000027
h1,0.375,0.36,0.39,0.015000000000000013,0.030000000000000027
h1,0.36,0.36,0.36,0.0,0.0
h1,0.39,0.36,0.36,0.030000000000000027,0.0
h1,0.39,0.36,0.36,0.030000000000000027,0.0
h1,0.39,0.44,0.41,-0.04999999999999999,-0.030000000000000027
h1,0.36,0.38,0.38,-0.020000000000000018,0.0
h1,0.35,0.38,0.37,-0.030000000000000027,-0.010000000000000009
h1,0.3576,0.39,0.37,-0.03240000000000004,-0.020000000000000018
h1,0.32,0.32,0.32,0.0,0.0
h1,0.29,0.32,0.31,-0.030000000000000027,-0.010000000000000009
h1,0.29,0.32,0.31,-0.030000000000000027,-0.010000000000000009
h1,0.3,0.33,0.32,-0.030000000000000027,-0.010000000000000009
h1,0.34,0.38,0.37,-0.03999999999999998,-0.010000000000000009
h1,0.35,0.37,0.38,-0.020000000000000018,0.010000000000000009
h1,0.4,0.45,0.45,-0.04999999999999999,0.0
m5,0.5,0.54,0.54,-0.040000000000000036,0.0
m5,0.47,0.58,0.58,-0.10999999999999999,0.0
h1,0.61,0.68,0.68,-0.07000000000000006,0.0
m5,0.6,0.66,0.67,-0.06000000000000005,0.010000000000000009
m5,0.65,0.65,0.65,0.0,0.0
h1,0.3,0.31,0.31,-0.010000000000000009,0.0
m5,0.33,0.35,0.35,-0.019999999999999962,0.0
m5,0.66,0.7,0.7,-0.039999999999999925,0.0
m5,0.69,0.75,0.75,-0.06000000000000005,0.0
h1,0.18,0.21,0.21,-0.03,0.0
h1,0.18,0.17,0.17,0.009999999999999981,0.0
h1,0.17,0.18,0.18,-0.009999999999999981,0.0
h1,0.18,0.19,0.2,-0.010000000000000009,0.010000000000000009
m5,0.06,0.1,0.1,-0.04000000000000001,0.0
h1,0.18,0.24,0.24,-0.06,0.0
m5,0.8534999999999999,0.86,0.86,-0.006500000000000061,0.0
m5,0.16,0.18,0.18,-0.01999999999999999,0.0
m5,0.86,0.88,0.88,-0.020000000000000018,0.0
m5,0.1,0.08,0.1,0.020000000000000004,0.020000000000000004
h1,0.19,0.2,0.2,-0.010000000000000009,0.0
h1,0.19,0.2,0.2,-0.010000000000000009,0.0
h1,0.19,0.2,0.2,-0.010000000000000009,0.0
m5,0.46649999999999997,0.54,0.54,-0.07350000000000007,0.0
m5,0.47,0.47,0.47,0.0,0.0
m5,0.61,0.66,0.65,-0.050000000000000044,-0.010000000000000009
m5,0.79,0.81,0.81,-0.020000000000000018,0.0
m5,0.18,0.2,0.2,-0.020000000000000018,0.0
m5,0.75,0.73,0.74,0.020000000000000018,0.010000000000000009
m5,0.2,0.28,0.27,-0.08000000000000002,-0.010000000000000009
m5,0.56,0.56,0.56,0.0,0.0
m5,0.64,0.88,0.88,-0.24,0.0
m5,0.13,0.07,0.1,0.06,0.03
m5,0.13,0.07,0.1,0.06,0.03
m5,0.13,0.07,0.1,0.06,0.03
m5,0.94,0.96,0.96,-0.020000000000000018,0.0
m5,0.05,0.03,0.05,0.020000000000000004,0.020000000000000004
h1,0.34,0.37,0.37,-0.02999999999999997,0.0
h1,0.44,0.46,0.46,-0.020000000000000018,0.0
h1,0.45,0.46,0.46,-0.010000000000000009,0.0
h1,0.45,0.46,0.46,-0.010000000000000009,0.0
m5,0.5,0.49,0.49,0.010000000000000009,0.0
m5,0.59,0.59,0.59,0.0,0.0
h1,0.29,0.3,0.3,-0.010000000000000009,0.0
m5,0.65,0.62,0.63,0.030000000000000027,0.010000000000000009
m5,0.45,0.5,0.5,-0.04999999999999999,0.0
m5,0.4265,0.45,0.45,-0.02350000000000002,0.0
h1,0.59,0.6,0.6,-0.010000000000000009,0.0
m5,0.45,0.46,0.46,-0.010000000000000009,0.0
m5,0.55,0.56,0.56,-0.010000000000000009,0.0
m5,0.31,0.29,0.29,0.020000000000000018,0.0
m5,0.7,0.72,0.72,-0.020000000000000018,0.0
m5,0.29,0.17,0.24,0.11999999999999997,0.06999999999999998
m5,0.17,0.17,0.16,0.0,-0.010000000000000009
m5,0.16,0.17,0.16,-0.010000000000000009,-0.010000000000000009
h1,0.55,0.6,0.59,-0.04999999999999993,-0.010000000000000009
h1,0.4,0.41,0.41,-0.009999999999999953,0.0
m15,0.6,0.6,0.64,0.0,0.040000000000000036
m5,0.8493999999999999,0.71,0.71,0.13939999999999997,0.0
m5,0.6981999999999999,0.62,0.74,0.07819999999999994,0.12
m5,0.71,0.57,0.59,0.14,0.020000000000000018
m5,0.28,0.44,0.42,-0.15999999999999998,-0.020000000000000018
m5,0.4669,0.53,0.5,-0.06310000000000004,-0.030000000000000027
h1,0.59,0.61,0.6,-0.020000000000000018,-0.010000000000000009
m5,0.52,0.48,0.47,0.040000000000000036,-0.010000000000000009
m5,0.45270000000000005,0.53,0.54,-0.07729999999999998,0.010000000000000009
m5,0.45,0.53,0.54,-0.08000000000000002,0.010000000000000009
h1,0.61,0.61,0.61,0.0,0.0
m5,0.5085000000000001,0.47,0.48,0.03850000000000009,0.010000000000000009
h1,0.6,0.61,0.61,-0.010000000000000009,0.0
m5,0.47,0.37,0.38,0.09999999999999998,0.010000000000000009
m5,0.5038,0.64,0.62,-0.1362,-0.020000000000000018
m5,0.54,0.56,0.5,-0.020000000000000018,-0.06000000000000005
m5,0.5,0.49,0.53,0.010000000000000009,0.040000000000000036
h1,0.6,0.61,0.61,-0.010000000000000009,0.0
m5,0.59,0.84,0.84,-0.25,0.0
h1,0.61,0.65,0.62,-0.040000000000000036,-0.030000000000000027
h1,0.6286,0.65,0.65,-0.021399999999999975,0.0
m5,0.2,0.09,0.14,0.11000000000000001,0.05000000000000002
m5,0.2,0.09,0.14,0.11000000000000001,0.05000000000000002
h1,0.65,0.68,0.68,-0.030000000000000027,0.0
m15,0.54,0.56,0.56,-0.020000000000000018,0.0
m5,0.6,0.61,0.62,-0.010000000000000009,0.010000000000000009
h1,0.5,0.6,0.6,-0.09999999999999998,0.0
m5,0.46,0.47,0.47,-0.009999999999999953,0.0
m5,0.67,0.68,0.68,-0.010000000000000009,0.0
m5,0.39,0.39,0.44,0.0,0.04999999999999999
m5,0.57,0.62,0.62,-0.050000000000000044,0.0
h1,0.59,0.62,0.62,-0.030000000000000027,0.0
h1,0.42,0.45,0.44,-0.030000000000000027,-0.010000000000000009
m5,0.71,0.72,0.72,-0.010000000000000009,0.0
m15,0.63,0.63,0.63,0.0,0.0
h1,0.44,0.45,0.45,-0.010000000000000009,0.0
m5,0.24,0.31,0.31,-0.07,0.0
m5,0.3,0.31,0.31,-0.010000000000000009,0.0
m5,0.7,0.73,0.73,-0.030000000000000027,0.0
m5,0.73,0.67,0.74,0.05999999999999994,0.06999999999999995
h1,0.5099,0.52,0.52,-0.010099999999999998,0.0
h1,0.52,0.5,0.5,0.020000000000000018,0.0
m5,0.66,0.69,0.69,-0.029999999999999916,0.0
m5,0.68,0.69,0.69,-0.009999999999999898,0.0
h1,0.56,0.58,0.56,-0.019999999999999907,-0.019999999999999907
m5,0.35,0.43,0.42,-0.08000000000000002,-0.010000000000000009
m5,0.43,0.54,0.53,-0.11000000000000004,-0.010000000000000009
h1,0.6117,0.64,0.62,-0.028299999999999992,-0.020000000000000018
h1,0.63,0.64,0.64,-0.010000000000000009,0.0
h1,0.63,0.64,0.64,-0.010000000000000009,0.0
h1,0.63,0.65,0.66,-0.020000000000000018,0.010000000000000009
h1,0.64,0.65,0.65,-0.010000000000000009,0.0
m5,0.43,0.43,0.43,0.0,0.0
h1,0.65,0.65,0.65,0.0,0.0
m5,0.3515,0.2,0.31,0.15149999999999997,0.10999999999999999
m5,0.31,0.15,0.13,0.16,-0.01999999999999999
h1,0.5922,0.61,0.62,-0.017800000000000038,0.010000000000000009
h1,0.61,0.61,0.62,0.0,0.010000000000000009
m5,0.85,0.84,0.84,0.010000000000000009,0.0
h1,0.61,0.62,0.62,-0.010000000000000009,0.0
m5,0.84,0.84,0.84,0.0,0.0
h1,0.6,0.61,0.61,-0.010000000000000009,0.0
m5,0.84,0.85,0.84,-0.010000000000000009,-0.010000000000000009
m5,0.89,0.96,0.95,-0.06999999999999995,-0.010000000000000009
m5,0.9140999999999999,0.96,0.97,-0.04590000000000005,0.010000000000000009
h1,0.315,0.33,0.33,-0.015000000000000013,0.0
m15,0.15,0.15,0.15,0.0,0.0
h1,0.22,0.18,0.18,0.04000000000000001,0.0
h1,0.17,0.18,0.18,-0.009999999999999981,0.0
h1,0.18,0.18,0.18,0.0,0.0
h1,0.17,0.18,0.18,-0.009999999999999981,0.0
h1,0.13,0.14,0.14,-0.010000000000000009,0.0
h1,0.13,0.14,0.14,-0.010000000000000009,0.0
h1,0.13,0.13,0.12,0.0,-0.010000000000000009
h1,0.12,0.12,0.13,0.0,0.010000000000000009
h1,0.11,0.1,0.11,0.009999999999999995,0.009999999999999995
h1,0.1,0.14,0.14,-0.04000000000000001,0.0
h1,0.09,0.14,0.14,-0.05000000000000002,0.0
h1,0.14,0.16,0.17,-0.01999999999999999,0.010000000000000009
h1,0.13,0.16,0.17,-0.03,0.010000000000000009
h1,0.8432999999999999,0.86,0.86,-0.016700000000000048,0.0
h1,0.85,0.84,0.84,0.010000000000000009,0.0
h1,0.85,0.84,0.84,0.010000000000000009,0.0
h1,0.15,0.18,0.18,-0.03,0.0
h1,0.15,0.18,0.18,-0.03,0.0
h1,0.18,0.22,0.21,-0.04000000000000001,-0.010000000000000009
m5,0.5,0.48,0.48,0.020000000000000018,0.0
h1,0.82,0.88,0.85,-0.06000000000000005,-0.030000000000000027
h1,0.85,0.88,0.88,-0.030000000000000027,0.0
h1,0.17,0.21,0.21,-0.03999999999999998,0.0
m5,0.3,0.33,0.33,-0.030000000000000027,0.0
h1,0.77,0.8,0.8,-0.030000000000000027,0.0
m5,0.63,0.66,0.66,-0.030000000000000027,0.0
h1,0.21,0.26,0.26,-0.05000000000000002,0.0
h1,0.25,0.31,0.27,-0.06,-0.03999999999999998
h1,0.25,0.31,0.27,-0.06,-0.03999999999999998
m15,0.22,0.3,0.3,-0.07999999999999999,0.0
h1,0.41,0.5,0.5,-0.09000000000000002,0.0
m15,0.25,0.32,0.3,-0.07,-0.020000000000000018
h1,0.56,0.51,0.52,0.050000000000000044,0.010000000000000009
h1,0.56,0.51,0.52,0.050000000000000044,0.010000000000000009
m15,0.25,0.3,0.3,-0.04999999999999999,0.0
h1,0.51,0.5,0.52,0.010000000000000009,0.020000000000000018
m15,0.2655,0.32,0.27,-0.05449999999999999,-0.04999999999999999
h1,0.51,0.46,0.51,0.04999999999999999,0.04999999999999999
h1,0.58,0.65,0.65,-0.07000000000000006,0.0
h1,0.59,0.65,0.65,-0.06000000000000005,0.0
m15,0.5896,0.61,0.61,-0.020399999999999974,0.0
h1,0.36,0.36,0.36,0.0,0.0
h1,0.4,0.4,0.4,0.0,0.0
h1,0.36,0.4,0.4,-0.040000000000000036,0.0
h1,0.4489,0.48,0.48,-0.03109999999999996,0.0
h1,0.4,0.48,0.48,-0.07999999999999996,0.0
m15,0.6,0.67,0.65,-0.07000000000000006,-0.020000000000000018
h1,0.39,0.48,0.48,-0.08999999999999997,0.0
m15,0.71,0.77,0.76,-0.06000000000000005,-0.010000000000000009
h1,0.52,0.58,0.58,-0.05999999999999994,0.0
h1,0.52,0.58,0.58,-0.05999999999999994,0.0
h1,0.56,0.6,0.61,-0.039999999999999925,0.010000000000000009
h1,0.39,0.47,0.46,-0.07999999999999996,-0.009999999999999953
h1,0.43,0.47,0.47,-0.03999999999999998,0.0
m15,0.9,0.95,0.95,-0.04999999999999993,0.0
m15,0.03,0.03,0.04,0.0,0.010000000000000002
h1,0.45,0.74,0.74,-0.29,0.0
h1,0.45,0.74,0.74,-0.29,0.0
h1,0.44,0.74,0.74,-0.3,0.0
h1,0.44,0.74,0.74,-0.3,0.0
h1,0.46,0.66,0.66,-0.2,0.0
m5,0.38,0.37,0.37,0.010000000000000009,0.0
m5,0.2711,0.28,0.28,-0.008900000000000019,0.0
h1,0.4,0.41,0.41,-0.009999999999999953,0.0
m5,0.74,0.76,0.75,-0.020000000000000018,-0.010000000000000009
m5,0.74,0.79,0.79,-0.050000000000000044,0.0
h1,0.4,0.47,0.4,-0.06999999999999995,-0.06999999999999995
h1,0.4,0.47,0.4,-0.06999999999999995,-0.06999999999999995
h1,0.4,0.48,0.47,-0.07999999999999996,-0.010000000000000009
m5,0.55,0.54,0.54,0.010000000000000009,0.0
m5,0.35,0.47,0.47,-0.12,0.0
m5,0.54,0.53,0.53,0.010000000000000009,0.0
m5,0.54,0.53,0.53,0.010000000000000009,0.0
m5,0.5540999999999999,0.53,0.53,0.0240999999999999,0.0
h1,0.52,0.52,0.53,0.0,0.010000000000000009
m5,0.52,0.65,0.65,-0.13,0.0
m5,0.37,0.29,0.35,0.08000000000000002,0.06
m5,0.37,0.29,0.35,0.08000000000000002,0.06
m15,0.58,0.67,0.67,-0.09000000000000008,0.0
m5,0.21,0.17,0.19,0.03999999999999998,0.01999999999999999
h1,0.45,0.46,0.46,-0.010000000000000009,0.0
m5,0.71,0.69,0.69,0.020000000000000018,0.0
h1,0.45,0.45,0.45,0.0,0.0
m5,0.29,0.57,0.56,-0.27999999999999997,-0.009999999999999898
m5,0.45,0.45,0.44,0.0,-0.010000000000000009
m5,0.44,0.43,0.43,0.010000000000000009,0.0
m5,0.43,0.47,0.52,-0.03999999999999998,0.050000000000000044
m5,0.4986,0.5,0.5,-0.0014000000000000123,0.0
m5,0.47,0.47,0.47,0.0,0.0
m5,0.47,0.53,0.53,-0.06000000000000005,0.0
h1,0.52,0.54,0.54,-0.020000000000000018,0.0
m5,0.54,0.6,0.6,-0.05999999999999994,0.0
m5,0.41,0.46,0.46,-0.050000000000000044,0.0
m5,0.45,0.52,0.46,-0.07,-0.06
m5,0.4534,0.58,0.52,-0.12659999999999993,-0.05999999999999994
m5,0.28,0.27,0.28,0.010000000000000009,0.010000000000000009
m5,0.28,0.26,0.26,0.020000000000000018,0.0
m5,0.21,0.32,0.31,-0.11000000000000001,-0.010000000000000009
m5,0.3281,0.31,0.31,0.018100000000000005,0.0
m5,0.69,0.63,0.69,0.05999999999999994,0.05999999999999994
m5,0.63,0.61,0.55,0.020000000000000018,-0.05999999999999994
m15,0.51,0.55,0.55,-0.040000000000000036,0.0
m5,0.49,0.49,0.49,0.0,0.0
m5,0.35,0.36,0.36,-0.010000000000000009,0.0
m5,0.35,0.36,0.36,-0.010000000000000009,0.0
h1,0.52,0.53,0.53,-0.010000000000000009,0.0
h1,0.53,0.53,0.53,0.0,0.0
h1,0.54,0.55,0.55,-0.010000000000000009,0.0
h1,0.54,0.55,0.55,-0.010000000000000009,0.0
m5,0.25,0.29,0.29,-0.03999999999999998,0.0
m5,0.6,0.7,0.68,-0.09999999999999998,-0.019999999999999907
m5,0.6,0.7,0.68,-0.09999999999999998,-0.019999999999999907
m15,0.37,0.41,0.41,-0.03999999999999998,0.0
m5,0.4,0.5,0.5,-0.09999999999999998,0.0
m5,0.6,0.51,0.51,0.08999999999999997,0.0
m5,0.38,0.36,0.36,0.020000000000000018,0.0
m5,0.45,0.46,0.46,-0.010000000000000009,0.0
m5,0.55,0.6,0.55,-0.04999999999999993,-0.04999999999999993
m5,0.3,0.34,0.34,-0.040000000000000036,0.0
m5,0.33,0.34,0.34,-0.010000000000000009,0.0
m5,0.67,0.69,0.68,-0.019999999999999907,-0.009999999999999898
m5,0.67,0.69,0.68,-0.019999999999999907,-0.009999999999999898
m15,0.6,0.65,0.65,-0.050000000000000044,0.0
h1,0.5361,0.56,0.56,-0.023900000000000032,0.0
m5,0.84,0.86,0.87,-0.020000000000000018,0.010000000000000009
m5,0.62,0.69,0.68,-0.06999999999999995,-0.009999999999999898
m5,0.29,0.4,0.36,-0.11000000000000004,-0.040000000000000036
m5,0.64,0.61,0.65,0.030000000000000027,0.040000000000000036
m5,0.39,0.4,0.36,-0.010000000000000009,-0.040000000000000036
m5,0.2867,0.4,0.36,-0.11330000000000001,-0.040000000000000036
m15,0.39,0.42,0.42,-0.02999999999999997,0.0
m5,0.36,0.37,0.38,-0.010000000000000009,0.010000000000000009
m5,0.6,0.65,0.63,-0.050000000000000044,-0.020000000000000018
m5,0.36,0.5,0.51,-0.14,0.010000000000000009
m5,0.5,0.57,0.59,-0.06999999999999995,0.020000000000000018
m5,0.44420000000000004,0.69,0.67,-0.2457999999999999,-0.019999999999999907
m5,0.51,0.69,0.67,-0.17999999999999994,-0.019999999999999907
m15,0.45,0.51,0.51,-0.06,0.0
m5,0.6,0.75,0.69,-0.15000000000000002,-0.06000000000000005
m5,0.26,0.08,0.09,0.18,0.009999999999999995
m5,0.06,0.05,0.07,0.009999999999999995,0.020000000000000004
m5,0.4,0.45,0.45,-0.04999999999999999,0.0
m5,0.63,0.69,0.69,-0.05999999999999994,0.0
m15,0.18,0.21,0.21,-0.03,0.0
m5,0.32,0.36,0.37,-0.03999999999999998,0.010000000000000009
m15,0.18,0.18,0.21,0.0,0.03
m5,0.73,0.76,0.76,-0.030000000000000027,0.0
h1,0.35,0.34,0.36,0.009999999999999953,0.019999999999999962
h1,0.35,0.34,0.34,0.009999999999999953,0.0
m15,0.87,0.91,0.91,-0.040000000000000036,0.0
m5,0.23,0.26,0.26,-0.03,0.0
h1,0.32,0.33,0.33,-0.010000000000000009,0.0
h1,0.32,0.33,0.33,-0.010000000000000009,0.0
m15,0.03,0.03,0.03,0.0,0.0
m5,0.86,0.86,0.86,0.0,0.0
h1,0.67,0.68,0.68,-0.010000000000000009,0.0
m5,0.08,0.1,0.1,-0.020000000000000004,0.0
m15,0.01,0.03,0.04,-0.019999999999999997,0.010000000000000002
h1,0.3,0.31,0.31,-0.010000000000000009,0.0
m5,0.88,0.92,0.9,-0.040000000000000036,-0.020000000000000018
h1,0.29,0.31,0.31,-0.020000000000000018,0.0
h1,0.3,0.31,0.31,-0.010000000000000009,0.0
h1,0.3,0.3,0.3,0.0,0.0
h1,0.29,0.3,0.29,-0.010000000000000009,-0.010000000000000009
m5,0.04,0.05,0.04,-0.010000000000000002,-0.010000000000000002
h1,0.7,0.71,0.71,-0.010000000000000009,0.0
h1,0.29,0.3,0.3,-0.010000000000000009,0.0
h1,0.29,0.3,0.3,-0.010000000000000009,0.0
m5,0.36,0.4,0.4,-0.040000000000000036,0.0
m5,0.47,0.47,0.47,0.0,0.0
m5,0.26,0.24,0.25,0.020000000000000018,0.010000000000000009
m5,0.25,0.22,0.22,0.03,0.0
m15,0.39,0.46,0.46,-0.07,0.0
m5,0.56,0.57,0.62,-0.009999999999999898,0.050000000000000044
m5,0.57,0.57,0.62,0.0,0.050000000000000044
m5,0.5760000000000001,0.19,0.22,0.38600000000000007,0.03
m5,0.71,0.83,0.83,-0.12,0.0
m5,0.18899999999999997,0.18,0.18,0.00899999999999998,0.0
m5,0.19079999999999997,0.18,0.18,0.010799999999999976,0.0
m5,0.84,0.9,0.89,-0.06000000000000005,-0.010000000000000009
m5,0.87,0.85,0.88,0.020000000000000018,0.030000000000000027
m5,0.88,0.89,0.86,-0.010000000000000009,-0.030000000000000027
m5,0.85,0.9,0.89,-0.050000000000000044,-0.010000000000000009
m5,0.85,0.85,0.85,0.0,0.0
m5,0.85,0.82,0.84,0.030000000000000027,0.020000000000000018
h1,0.31,0.32,0.32,-0.010000000000000009,0.0
h1,0.32,0.35,0.35,-0.02999999999999997,0.0
h1,0.35,0.37,0.37,-0.020000000000000018,0.0
m5,0.33,0.34,0.34,-0.010000000000000009,0.0
h1,0.35,0.37,0.37,-0.020000000000000018,0.0
m5,0.73,0.78,0.78,-0.050000000000000044,0.0
m5,0.21,0.34,0.34,-0.13000000000000003,0.0
m15,0.22,0.27,0.27,-0.05000000000000002,0.0
m5,0.67,0.67,0.67,0.0,0.0
m5,0.67,0.71,0.71,-0.039999999999999925,0.0
m5,0.28,0.28,0.28,0.0,0.0
h1,0.35,0.37,0.37,-0.020000000000000018,0.0
m5,0.14,0.17,0.17,-0.03,0.0
m5,0.14,0.16,0.16,-0.01999999999999999,0.0
m5,0.05,0.1,0.05,-0.05,-0.05
m15,0.82,0.84,0.84,-0.020000000000000018,0.0
m5,0.34,0.35,0.35,-0.009999999999999953,0.0
h1,0.75,0.78,0.78,-0.030000000000000027,0.0
m15,0.54,0.47,0.48,0.07000000000000006,0.010000000000000009
m15,0.43,0.35,0.36,0.08000000000000002,0.010000000000000009
m15,0.32,0.29,0.32,0.030000000000000027,0.030000000000000027
m15,0.69,0.74,0.73,-0.050000000000000044,-0.010000000000000009
h1,0.17,0.17,0.17,0.0,0.0
m15,0.92,0.92,0.92,0.0,0.0
h1,0.97,0.98,0.98,-0.010000000000000009,0.0
m15,0.97,1.0,1.0,-0.030000000000000027,0.0
h1,0.0381,0.03,0.03,0.008100000000000003,0.0
h1,0.92,0.93,0.93,-0.010000000000000009,0.0
h1,0.92,0.93,0.93,-0.010000000000000009,0.0
h1,0.95,0.96,0.96,-0.010000000000000009,0.0
m5,0.4989,0.49,0.49,0.008900000000000019,0.0
m15,0.55,0.55,0.55,0.0,0.0
m5,0.49,0.5,0.5,-0.010000000000000009,0.0
m5,0.52,0.54,0.53,-0.020000000000000018,-0.010000000000000009
m5,0.53,0.51,0.55,0.020000000000000018,0.040000000000000036
m5,0.54,0.51,0.51,0.030000000000000027,0.0
m5,0.37,0.36,0.37,0.010000000000000009,0.010000000000000009
m5,0.31,0.31,0.31,0.0,0.0
m5,0.35,0.53,0.52,-0.18000000000000005,-0.010000000000000009
h1,0.9667,0.96,0.96,0.006700000000000039,0.0
h1,0.963,0.97,0.96,-0.007000000000000006,-0.010000000000000009
m5,0.62,0.71,0.7,-0.08999999999999997,-0.010000000000000009
m15,0.31,0.31,0.31,0.0,0.0
m5,0.7,0.83,0.84,-0.13,0.010000000000000009
m5,0.17,0.19,0.18,-0.01999999999999999,-0.010000000000000009
m5,0.19,0.24,0.24,-0.04999999999999999,0.0
m5,0.66,0.71,0.71,-0.04999999999999993,0.0
m5,0.66,0.71,0.71,-0.04999999999999993,0.0
m5,0.6,0.61,0.61,-0.010000000000000009,0.0
m5,0.39,0.36,0.41,0.030000000000000027,0.04999999999999999
m5,0.75,0.75,0.75,0.0,0.0
m5,0.26,0.26,0.26,0.0,0.0
m5,0.6525,0.67,0.67,-0.01750000000000007,0.0
m5,0.28,0.36,0.36,-0.07999999999999996,0.0
m5,0.61,0.63,0.62,-0.020000000000000018,-0.010000000000000009
m5,0.57,0.59,0.59,-0.020000000000000018,0.0
m5,0.42,0.44,0.44,-0.020000000000000018,0.0
m5,0.44,0.31,0.34,0.13,0.030000000000000027
m5,0.31,0.31,0.31,0.0,0.0
m5,0.31,0.38,0.35,-0.07,-0.030000000000000027
m5,0.63,0.63,0.63,0.0,0.0
m5,0.56,0.56,0.56,0.0,0.0
m15,0.52,0.51,0.51,0.010000000000000009,0.0
m5,0.43,0.46,0.44,-0.030000000000000027,-0.020000000000000018
m5,0.56,0.55,0.57,0.010000000000000009,0.019999999999999907
m5,0.4415,0.48,0.47,-0.03849999999999998,-0.010000000000000009
m5,0.5212,0.61,0.6,-0.08879999999999999,-0.010000000000000009
m5,0.42840000000000006,0.48,0.5,-0.051599999999999924,0.020000000000000018
m5,0.37,0.54,0.51,-0.17000000000000004,-0.030000000000000027
m5,0.39,0.56,0.54,-0.17000000000000004,-0.020000000000000018
h1,0.9620000000000001,0.96,0.96,0.002000000000000113,0.0
m5,0.43,0.41,0.42,0.020000000000000018,0.010000000000000009
m5,0.57,0.6,0.59,-0.030000000000000027,-0.010000000000000009
m5,0.41,0.38,0.39,0.02999999999999997,0.010000000000000009
m5,0.63,0.67,0.64,-0.040000000000000036,-0.030000000000000027
m5,0.62,0.67,0.64,-0.050000000000000044,-0.030000000000000027
m5,0.31,0.37,0.37,-0.06,0.0
m5,0.34,0.24,0.28,0.10000000000000003,0.040000000000000036
m5,0.23,0.25,0.3,-0.01999999999999999,0.04999999999999999
h1,0.966,0.97,0.97,-0.0040000000000000036,0.0
m5,0.78,0.83,0.82,-0.04999999999999993,-0.010000000000000009
m5,0.16,0.12,0.14,0.04000000000000001,0.020000000000000018
m5,0.09,0.07,0.1,0.01999999999999999,0.03
m5,0.95,0.96,0.96,-0.010000000000000009,0.0
m5,0.6,0.62,0.62,-0.020000000000000018,0.0
m5,0.34,0.37,0.37,-0.02999999999999997,0.0
m5,0.31,0.37,0.37,-0.06,0.0
m5,0.35,0.36,0.37,-0.010000000000000009,0.010000000000000009
m5,0.65,0.67,0.67,-0.020000000000000018,0.0
m5,0.34,0.34,0.36,0.0,0.019999999999999962
m5,0.65,0.68,0.68,-0.030000000000000027,0.0
m5,0.3,0.33,0.33,-0.030000000000000027,0.0
m5,0.33,0.34,0.34,-0.010000000000000009,0.0
m5,0.6720999999999999,0.71,0.71,-0.037900000000000045,0.0
m15,0.34,0.42,0.42,-0.07999999999999996,0.0
m15,0.61,0.63,0.63,-0.020000000000000018,0.0
m15,0.62,0.63,0.63,-0.010000000000000009,0.0
m15,0.63,0.64,0.64,-0.010000000000000009,0.0
m5,0.49,0.51,0.52,-0.020000000000000018,0.010000000000000009
m15,0.58,0.56,0.57,0.019999999999999907,0.009999999999999898
m5,0.53,0.37,0.39,0.16000000000000003,0.020000000000000018
m15,0.44,0.48,0.48,-0.03999999999999998,0.0
m5,0.68,0.69,0.69,-0.009999999999999898,0.0
m5,0.13,0.15,0.17,-0.01999999999999999,0.020000000000000018
m15,0.55,0.55,0.56,0.0,0.010000000000000009
m15,0.34,0.41,0.41,-0.06999999999999995,0.0
m15,0.39,0.4,0.41,-0.010000000000000009,0.009999999999999953
m5,0.06,0.08,0.07,-0.020000000000000004,-0.009999999999999995
m15,0.5,0.55,0.55,-0.050000000000000044,0.0
m5,0.61,0.61,0.61,0.0,0.0
m15,0.51,0.51,0.51,0.0,0.0
m5,0.36,0.37,0.37,-0.010000000000000009,0.0
m5,0.35,0.36,0.36,-0.010000000000000009,0.0
m5,0.36,0.39,0.39,-0.030000000000000027,0.0
m5,0.37,0.43,0.44,-0.06,0.010000000000000009
m15,0.41,0.41,0.43,0.0,0.020000000000000018
m5,0.57,0.57,0.57,0.0,0.0
m15,0.5467,0.54,0.54,0.006699999999999928,0.0
m5,0.63,0.64,0.64,-0.010000000000000009,0.0
m5,0.38,0.37,0.37,0.010000000000000009,0.0
m5,0.72,0.8,0.78,-0.08000000000000007,-0.020000000000000018
m5,0.76,0.8,0.78,-0.040000000000000036,-0.020000000000000018
m15,0.59,0.63,0.62,-0.040000000000000036,-0.010000000000000009
m15,0.59,0.63,0.62,-0.040000000000000036,-0.010000000000000009
m15,0.39,0.37,0.37,0.020000000000000018,0.0
m5,0.21,0.21,0.21,0.0,0.0
m15,0.37,0.38,0.38,-0.010000000000000009,0.0
m5,0.79,0.79,0.8,0.0,0.010000000000000009
m15,0.45,0.54,0.47,-0.09000000000000002,-0.07000000000000006
m15,0.46,0.54,0.47,-0.08000000000000002,-0.07000000000000006
m5,0.66,0.65,0.65,0.010000000000000009,0.0
m15,0.47,0.48,0.48,-0.010000000000000009,0.0
m5,0.6439,0.65,0.65,-0.006099999999999994,0.0
m5,0.83,0.65,0.65,0.17999999999999994,0.0
m5,0.65,0.64,0.64,0.010000000000000009,0.0
m15,0.48,0.51,0.51,-0.030000000000000027,0.0
m15,0.54,0.58,0.55,-0.039999999999999925,-0.029999999999999916
m5,0.37,0.4,0.39,-0.030000000000000027,-0.010000000000000009
m5,0.38,0.4,0.4,-0.020000000000000018,0.0
m15,0.51,0.6,0.58,-0.08999999999999997,-0.020000000000000018
m15,0.54,0.6,0.58,-0.05999999999999994,-0.020000000000000018
m5,0.39,0.4,0.4,-0.010000000000000009,0.0
m15,0.56,0.6,0.58,-0.039999999999999925,-0.020000000000000018
m15,0.58,0.6,0.6,-0.020000000000000018,0.0
m15,0.6,0.65,0.62,-0.050000000000000044,-0.030000000000000027
m5,0.56,0.52,0.53,0.040000000000000036,0.010000000000000009
m5,0.56,0.52,0.53,0.040000000000000036,0.010000000000000009
m15,0.39,0.34,0.35,0.04999999999999999,0.009999999999999953
m15,0.69,0.68,0.69,0.009999999999999898,0.009999999999999898
m15,0.32,0.33,0.32,-0.010000000000000009,-0.010000000000000009
m5,0.53,0.48,0.51,0.050000000000000044,0.030000000000000027
m5,0.47,0.53,0.5,-0.06000000000000005,-0.030000000000000027
m15,0.67,0.7,0.7,-0.029999999999999916,0.0
m5,0.49,0.55,0.48,-0.06000000000000005,-0.07000000000000006
m5,0.51,0.47,0.53,0.040000000000000036,0.06000000000000005
m15,0.71,0.72,0.71,-0.010000000000000009,-0.010000000000000009
m15,0.72,0.74,0.73,-0.020000000000000018,-0.010000000000000009
m5,0.6,0.67,0.71,-0.07000000000000006,0.039999999999999925
m15,0.74,0.75,0.74,-0.010000000000000009,-0.010000000000000009
m5,0.63,0.64,0.64,-0.010000000000000009,0.0
m5,0.6651,0.64,0.64,0.02510000000000001,0.0
m15,0.75,0.75,0.74,0.0,-0.010000000000000009
m5,0.3469,0.32,0.32,0.02689999999999998,0.0
m5,0.3264,0.32,0.32,0.006400000000000017,0.0
m5,0.33,0.32,0.32,0.010000000000000009,0.0
m15,0.26,0.25,0.25,0.010000000000000009,0.0
m15,0.2802,0.25,0.25,0.030200000000000005,0.0
m5,0.64,0.72,0.72,-0.07999999999999996,0.0
m5,0.69,0.72,0.72,-0.030000000000000027,0.0
m5,0.72,0.72,0.72,0.0,0.0
m5,0.71,0.72,0.72,-0.010000000000000009,0.0
m15,0.22,0.21,0.21,0.010000000000000009,0.0
m15,0.21,0.23,0.26,-0.020000000000000018,0.03
m5,0.29,0.31,0.34,-0.020000000000000018,0.030000000000000027
m5,0.6483,0.7,0.67,-0.05169999999999997,-0.029999999999999916
m5,0.37,0.31,0.34,0.06,0.030000000000000027
m15,0.06,0.07,0.07,-0.010000000000000009,0.0
m5,0.75,0.77,0.78,-0.020000000000000018,0.010000000000000009
m5,0.24,0.26,0.28,-0.020000000000000018,0.020000000000000018
m5,0.25,0.27,0.24,-0.020000000000000018,-0.030000000000000027
m5,0.19,0.22,0.2,-0.03,-0.01999999999999999
m5,0.75,0.59,0.61,0.16000000000000003,0.020000000000000018
m5,0.37,0.45,0.44,-0.08000000000000002,-0.010000000000000009
m5,0.44,0.5,0.46,-0.06,-0.03999999999999998
m15,0.13,0.12,0.14,0.010000000000000009,0.020000000000000018
m5,0.57,0.71,0.67,-0.14,-0.039999999999999925
m15,0.13,0.13,0.12,0.0,-0.010000000000000009
m5,0.3,0.19,0.2,0.10999999999999999,0.010000000000000009
m5,0.2873,0.19,0.2,0.0973,0.010000000000000009
m5,0.25,0.29,0.32,-0.03999999999999998,0.030000000000000027
m15,0.14,0.04,0.04,0.1,0.0
m15,0.1259,0.04,0.04,0.0859,0.0
m5,0.5,0.53,0.53,-0.030000000000000027,0.0
m5,0.5,0.53,0.53,-0.030000000000000027,0.0
m15,0.55,0.55,0.55,0.0,0.0
m5,0.45,0.44,0.45,0.010000000000000009,0.010000000000000009
m15,0.45,0.45,0.45,0.0,0.0
m5,0.46,0.48,0.48,-0.019999999999999962,0.0
m15,0.48,0.5,0.5,-0.020000000000000018,0.0
m5,0.38,0.38,0.38,0.0,0.0
m5,0.63,0.64,0.63,-0.010000000000000009,-0.010000000000000009
m5,0.67,0.77,0.79,-0.09999999999999998,0.020000000000000018
m5,0.26,0.3,0.3,-0.03999999999999998,0.0
m15,0.45,0.45,0.45,0.0,0.0
m5,0.69,0.68,0.68,0.009999999999999898,0.0
m5,0.33,0.38,0.38,-0.04999999999999999,0.0
m5,0.38,0.44,0.41,-0.06,-0.030000000000000027
m5,0.5,0.5,0.5,0.0,0.0
m5,0.5,0.5,0.5,0.0,0.0
m5,0.48,0.63,0.63,-0.15000000000000002,0.0
m5,0.38,0.4,0.38,-0.020000000000000018,-0.020000000000000018
m5,0.38,0.43,0.43,-0.04999999999999999,0.0
m5,0.4,0.43,0.43,-0.02999999999999997,0.0
m5,0.43,0.46,0.46,-0.030000000000000027,0.0
m5,0.31,0.25,0.29,0.06,0.03999999999999998
m5,0.7,0.81,0.81,-0.1100000000000001,0.0
m15,0.33,0.33,0.33,0.0,0.0
m5,0.81,0.81,0.81,0.0,0.0
m5,0.17,0.2,0.2,-0.03,0.0
m5,0.17,0.2,0.2,-0.03,0.0
m5,0.9,0.93,0.93,-0.030000000000000027,0.0
m5,0.05,0.07,0.07,-0.020000000000000004,0.0
m5,0.86,0.86,0.85,0.0,-0.010000000000000009
m5,0.86,0.91,0.92,-0.050000000000000044,0.010000000000000009
m5,0.09,0.1,0.1,-0.010000000000000009,0.0
m5,0.92,0.95,0.94,-0.029999999999999916,-0.010000000000000009
m5,0.55,0.6,0.6,-0.04999999999999993,0.0
m5,0.39,0.41,0.42,-0.019999999999999962,0.010000000000000009
m15,0.31,0.32,0.32,-0.010000000000000009,0.0
m5,0.59,0.59,0.6,0.0,0.010000000000000009
m5,0.45,0.5,0.5,-0.04999999999999999,0.0
m5,0.51,0.52,0.53,-0.010000000000000009,0.010000000000000009
m5,0.52,0.52,0.52,0.0,0.0
m5,0.5,0.58,0.58,-0.07999999999999996,0.0
m5,0.35,0.37,0.38,-0.020000000000000018,0.010000000000000009
m5,0.61,0.64,0.64,-0.030000000000000027,0.0
m5,0.37,0.42,0.41,-0.04999999999999999,-0.010000000000000009
m15,0.75,0.75,0.75,0.0,0.0
m5,0.59,0.56,0.57,0.029999999999999916,0.009999999999999898
m5,0.45,0.5,0.5,-0.04999999999999999,0.0
m5,0.5,0.54,0.53,-0.040000000000000036,-0.010000000000000009
m15,0.2,0.21,0.21,-0.009999999999999981,0.0
m5,0.45,0.45,0.45,0.0,0.0
m5,0.45,0.45,0.45,0.0,0.0
m5,0.64,0.67,0.67,-0.030000000000000027,0.0
m5,0.66,0.72,0.7,-0.05999999999999994,-0.020000000000000018
m5,0.67,0.74,0.73,-0.06999999999999995,-0.010000000000000009
m5,0.74,0.75,0.75,-0.010000000000000009,0.0
m5,0.74,0.75,0.75,-0.010000000000000009,0.0
m5,0.26,0.26,0.26,0.0,0.0
m5,0.19,0.2,0.2,-0.010000000000000009,0.0
m5,0.81,0.83,0.83,-0.019999999999999907,0.0
m5,0.87,0.9,0.9,-0.030000000000000027,0.0
m5,0.86,0.9,0.9,-0.040000000000000036,0.0
m5,0.91,0.91,0.91,0.0,0.0
m5,0.91,0.96,0.95,-0.04999999999999993,-0.010000000000000009
m15,0.03,0.04,0.04,-0.010000000000000002,0.0
m5,0.56,0.63,0.63,-0.06999999999999995,0.0
m5,0.38,0.41,0.42,-0.02999999999999997,0.010000000000000009
m5,0.41,0.43,0.43,-0.020000000000000018,0.0
m5,0.5,0.5,0.5,0.0,0.0
m5,0.67,0.67,0.67,0.0,0.0
m15,0.04,0.06,0.06,-0.019999999999999997,0.0
m5,0.67,0.7,0.7,-0.029999999999999916,0.0
m5,0.23260000000000003,0.35,0.34,-0.11739999999999995,-0.009999999999999953
m5,0.67,0.66,0.66,0.010000000000000009,0.0
m5,0.66,0.66,0.69,0.0,0.029999999999999916
m5,0.31,0.31,0.31,0.0,0.0
m5,0.31,0.32,0.31,-0.010000000000000009,-0.010000000000000009
m5,0.3,0.37,0.31,-0.07,-0.06
m5,0.31,0.38,0.38,-0.07,0.0
m5,0.38,0.38,0.38,0.0,0.0
m5,0.45,0.47,0.47,-0.019999999999999962,0.0
m5,0.58,0.6,0.6,-0.020000000000000018,0.0
m5,0.63,0.67,0.67,-0.040000000000000036,0.0
m5,0.31,0.31,0.31,0.0,0.0
m5,0.33,0.31,0.31,0.020000000000000018,0.0
m5,0.2,0.2,0.21,0.0,0.009999999999999981
m5,0.67,0.82,0.67,-0.1499999999999999,-0.1499999999999999
m5,0.805,0.84,0.75,-0.03499999999999992,-0.08999999999999997
m5,0.3544,0.56,0.55,-0.20560000000000006,-0.010000000000000009
m5,0.47,0.42,0.45,0.04999999999999999,0.030000000000000027
m5,0.46,0.42,0.45,0.040000000000000036,0.030000000000000027
m5,0.57,0.62,0.6,-0.050000000000000044,-0.020000000000000018
m5,0.59,0.64,0.64,-0.050000000000000044,0.0
m5,0.62,0.59,0.59,0.030000000000000027,0.0
m5,0.58,0.59,0.59,-0.010000000000000009,0.0
m5,0.59,0.64,0.62,-0.050000000000000044,-0.020000000000000018
m5,0.59,0.74,0.66,-0.15000000000000002,-0.07999999999999996
m5,0.41,0.47,0.46,-0.06,-0.009999999999999953
m15,0.47,0.49,0.49,-0.020000000000000018,0.0
h1,0.47,0.47,0.47,0.0,0.0
m5,0.54,0.55,0.55,-0.010000000000000009,0.0
m5,0.53,0.57,0.55,-0.039999999999999925,-0.019999999999999907
h1,0.47,0.47,0.47,0.0,0.0
h1,0.47,0.47,0.47,0.0,0.0
m5,0.62,0.65,0.65,-0.030000000000000027,0.0
m5,0.48,0.57,0.57,-0.08999999999999997,0.0
m5,0.44,0.46,0.46,-0.020000000000000018,0.0
h1,0.53,0.54,0.54,-0.010000000000000009,0.0
m15,0.48,0.48,0.49,0.0,0.010000000000000009
h1,0.54,0.54,0.54,0.0,0.0
h1,0.5484,0.56,0.56,-0.011600000000000055,0.0
m5,0.73,0.78,0.78,-0.050000000000000044,0.0
h1,0.6,0.6,0.6,0.0,0.0
h1,0.6,0.6,0.6,0.0,0.0
m5,0.13,0.14,0.13,-0.010000000000000009,-0.010000000000000009
m5,0.13,0.14,0.14,-0.010000000000000009,0.0
m5,0.07,0.07,0.07,0.0,0.0
m5,0.95,0.96,0.96,-0.010000000000000009,0.0
m15,0.26,0.29,0.29,-0.02999999999999997,0.0
h1,0.61,0.62,0.62,-0.010000000000000009,0.0
m5,0.04,0.05,0.05,-0.010000000000000002,0.0
m15,0.27,0.29,0.29,-0.019999999999999962,0.0
m5,0.02,0.05,0.06,-0.030000000000000002,0.009999999999999995
m5,0.94,0.97,0.97,-0.030000000000000027,0.0
m5,0.51,0.51,0.51,0.0,0.0
m5,0.47,0.48,0.48,-0.010000000000000009,0.0
m5,0.51,0.54,0.54,-0.030000000000000027,0.0
m5,0.48,0.47,0.47,0.010000000000000009,0.0
h1,0.42,0.45,0.45,-0.030000000000000027,0.0
m15,0.3,0.3,0.31,0.0,0.010000000000000009
m5,0.48,0.48,0.49,0.0,0.010000000000000009
m5,0.48,0.48,0.49,0.0,0.010000000000000009
m5,0.52,0.52,0.53,0.0,0.010000000000000009
m5,0.53,0.56,0.56,-0.030000000000000027,0.0
m5,0.42,0.43,0.43,-0.010000000000000009,0.0
h1,0.6233,0.64,0.64,-0.016700000000000048,0.0
h1,0.64,0.66,0.66,-0.020000000000000018,0.0
m5,0.84,0.86,0.86,-0.020000000000000018,0.0
m5,0.05,0.07,0.07,-0.020000000000000004,0.0
m5,0.82,0.82,0.82,0.0,0.0
m5,0.2,0.32,0.32,-0.12,0.0
m5,0.69,0.82,0.7,-0.13,-0.12
m5,0.5,0.51,0.51,-0.010000000000000009,0.0
m5,0.5,0.51,0.51,-0.010000000000000009,0.0
m5,0.5,0.52,0.52,-0.020000000000000018,0.0
m5,0.51,0.52,0.52,-0.010000000000000009,0.0
m5,0.57,0.66,0.63,-0.09000000000000008,-0.030000000000000027
m5,0.4,0.42,0.49,-0.019999999999999962,0.07
m5,0.52,0.73,0.59,-0.20999999999999996,-0.14
m15,0.06,0.14,0.13,-0.08000000000000002,-0.010000000000000009
m15,0.86,0.9,0.87,-0.040000000000000036,-0.030000000000000027
m5,0.21,0.25,0.25,-0.04000000000000001,0.0
m15,0.87,0.9,0.9,-0.030000000000000027,0.0
m5,0.76,0.75,0.75,0.010000000000000009,0.0
m5,0.75,0.75,0.75,0.0,0.0
m15,0.8382999999999999,0.83,0.84,0.008299999999999974,0.010000000000000009
m15,0.08,0.08,0.08,0.0,0.0
m15,0.08,0.08,0.08,0.0,0.0
m5,0.8758,0.89,0.89,-0.01419999999999999,0.0
m5,0.8783,0.89,0.89,-0.011700000000000044,0.0
m15,0.01,0.01,0.01,0.0,0.0
m5,0.06,0.08,0.08,-0.020000000000000004,0.0
m5,0.68,0.69,0.69,-0.009999999999999898,0.0
m5,0.68,0.71,0.7,-0.029999999999999916,-0.010000000000000009
m5,0.23,0.23,0.23,0.0,0.0
h1,0.17,0.18,0.19,-0.009999999999999981,0.010000000000000009
h1,0.17,0.18,0.19,-0.009999999999999981,0.010000000000000009
h1,0.17,0.18,0.19,-0.009999999999999981,0.010000000000000009
h1,0.25,0.26,0.28,-0.010000000000000009,0.020000000000000018
h1,0.26,0.28,0.28,-0.020000000000000018,0.0
h1,0.74,0.76,0.76,-0.020000000000000018,0.0
m5,0.24,0.31,0.3,-0.07,-0.010000000000000009
m5,0.28,0.31,0.31,-0.02999999999999997,0.0
m5,0.22,0.26,0.26,-0.04000000000000001,0.0
h1,0.16,0.17,0.17,-0.010000000000000009,0.0
m5,0.75,0.75,0.75,0.0,0.0
m5,0.24,0.29,0.29,-0.04999999999999999,0.0
h1,0.8,0.81,0.81,-0.010000000000000009,0.0
h1,0.8,0.81,0.81,-0.010000000000000009,0.0
m5,0.15,0.15,0.15,0.0,0.0
h1,0.81,0.81,0.81,0.0,0.0
m5,0.85,0.87,0.87,-0.020000000000000018,0.0
m5,0.06,0.07,0.06,-0.010000000000000009,-0.010000000000000009
m5,0.63,0.52,0.52,0.10999999999999999,0.0
m15,0.02,0.03,0.03,-0.009999999999999998,0.0
m15,0.01,0.01,0.01,0.0,0.0
m5,0.62,0.68,0.67,-0.06000000000000005,-0.010000000000000009
h1,0.83,0.85,0.84,-0.020000000000000018,-0.010000000000000009
m5,0.58,0.6,0.6,-0.020000000000000018,0.0
m5,0.45,0.47,0.47,-0.019999999999999962,0.0
m5,0.45,0.47,0.47,-0.019999999999999962,0.0
m5,0.45,0.47,0.47,-0.019999999999999962,0.0
m5,0.55,0.57,0.57,-0.019999999999999907,0.0
m5,0.44,0.57,0.45,-0.12999999999999995,-0.11999999999999994
m5,0.43,0.42,0.42,0.010000000000000009,0.0
m5,0.59,0.55,0.59,0.039999999999999925,0.039999999999999925
m5,0.42,0.46,0.42,-0.040000000000000036,-0.040000000000000036
m5,0.49,0.51,0.51,-0.020000000000000018,0.0
m5,0.67,0.68,0.68,-0.010000000000000009,0.0
h1,0.85,0.85,0.85,0.0,0.0
m5,0.67,0.7,0.7,-0.029999999999999916,0.0
h1,0.85,0.85,0.85,0.0,0.0
m5,0.31,0.31,0.31,0.0,0.0
m5,0.31,0.3,0.3,0.010000000000000009,0.0
m5,0.3,0.3,0.35,0.0,0.04999999999999999
m5,0.66,0.74,0.71,-0.07999999999999996,-0.030000000000000027
h1,0.85,0.86,0.86,-0.010000000000000009,0.0
m5,0.74,0.76,0.76,-0.020000000000000018,0.0
m5,0.25,0.24,0.25,0.010000000000000009,0.010000000000000009
m5,0.76,0.78,0.77,-0.020000000000000018,-0.010000000000000009
m5,0.81,0.87,0.87,-0.05999999999999994,0.0
m5,0.14,0.13,0.13,0.010000000000000009,0.0
m5,0.14,0.2,0.2,-0.06,0.0
m5,0.32,0.33,0.32,-0.010000000000000009,-0.010000000000000009
m5,0.32,0.33,0.32,-0.010000000000000009,-0.010000000000000009
m5,0.2921,0.33,0.32,-0.03789999999999999,-0.010000000000000009
m5,0.3,0.34,0.33,-0.040000000000000036,-0.010000000000000009
m5,0.3,0.34,0.33,-0.040000000000000036,-0.010000000000000009
m5,0.67,0.63,0.65,0.040000000000000036,0.020000000000000018
m5,0.61,0.7,0.7,-0.08999999999999997,0.0
m5,0.59,0.7,0.7,-0.10999999999999999,0.0
m5,0.66,0.77,0.7,-0.10999999999999999,-0.07000000000000006
m5,0.7,0.77,0.76,-0.07000000000000006,-0.010000000000000009
m5,0.09,0.21,0.22,-0.12,0.010000000000000009
m5,0.78,0.86,0.84,-0.07999999999999996,-0.020000000000000018
h1,0.87,0.89,0.89,-0.020000000000000018,0.0
m5,0.66,0.65,0.65,0.010000000000000009,0.0
h1,0.1,0.11,0.11,-0.009999999999999995,0.0
m5,0.3,0.31,0.31,-0.010000000000000009,0.0
m5,0.76,0.77,0.79,-0.010000000000000009,0.020000000000000018
m5,0.18,0.24,0.22,-0.06,-0.01999999999999999
m15,0.35,0.38,0.38,-0.030000000000000027,0.0
m5,0.19,0.24,0.24,-0.04999999999999999,0.0
m5,0.18,0.14,0.13,0.03999999999999998,-0.010000000000000009
h1,0.92,0.93,0.93,-0.010000000000000009,0.0
h1,0.92,0.93,0.93,-0.010000000000000009,0.0
m15,0.3,0.31,0.32,-0.010000000000000009,0.010000000000000009
m15,0.29,0.31,0.32,-0.020000000000000018,0.010000000000000009
m5,0.13,0.15,0.14,-0.01999999999999999,-0.009999999999999981
m5,0.86,0.84,0.86,0.020000000000000018,0.020000000000000018
m5,0.87,0.84,0.86,0.030000000000000027,0.020000000000000018
m5,0.8569,0.94,0.94,-0.08309999999999995,0.0
m5,0.06,0.07,0.06,-0.010000000000000009,-0.010000000000000009
h1,0.05,0.06,0.06,-0.009999999999999995,0.0
h1,0.05,0.07,0.06,-0.020000000000000004,-0.010000000000000009
m5,0.88,0.88,0.88,0.0,0.0
h1,0.06,0.07,0.07,-0.010000000000000009,0.0
h1,0.05,0.06,0.06,-0.009999999999999995,0.0
m5,0.83,0.88,0.89,-0.050000000000000044,0.010000000000000009
m5,0.83,0.88,0.89,-0.050000000000000044,0.010000000000000009
m5,0.1,0.09,0.1,0.010000000000000009,0.010000000000000009
m5,0.1,0.09,0.09,0.010000000000000009,0.0
m5,0.09,0.11,0.1,-0.020000000000000004,-0.009999999999999995
m5,0.91,0.95,0.94,-0.039999999999999925,-0.010000000000000009
m5,0.07,0.06,0.07,0.010000000000000009,0.010000000000000009
h1,0.94,0.94,0.94,0.0,0.0
h1,0.94,0.94,0.94,0.0,0.0
h1,0.05,0.07,0.07,-0.020000000000000004,0.0
h1,0.05,0.07,0.07,-0.020000000000000004,0.0
h1,0.94,0.94,0.94,0.0,0.0
h1,0.94,0.94,0.94,0.0,0.0
h1,0.05,0.07,0.07,-0.020000000000000004,0.0
h1,0.05,0.07,0.07,-0.020000000000000004,0.0
h1,0.94,0.94,0.94,0.0,0.0
h1,0.94,0.94,0.94,0.0,0.0
h1,0.94,0.94,0.94,0.0,0.0
h1,0.94,0.94,0.94,0.0,0.0
h1,0.05,0.07,0.07,-0.020000000000000004,0.0
h1,0.94,0.94,0.94,0.0,0.0
h1,0.05,0.06,0.06,-0.009999999999999995,0.0
h1,0.05,0.06,0.06,-0.009999999999999995,0.0
h1,0.05,0.06,0.06,-0.009999999999999995,0.0
h1,0.05,0.04,0.04,0.010000000000000002,0.0
h1,0.95,0.97,0.97,-0.020000000000000018,0.0
h1,0.95,0.96,0.97,-0.010000000000000009,0.010000000000000009
h1,0.04,0.05,0.05,-0.010000000000000002,0.0
h1,0.04,0.05,0.05,-0.010000000000000002,0.0
m15,0.73,0.72,0.72,0.010000000000000009,0.0
m5,0.32,0.31,0.32,0.010000000000000009,0.010000000000000009
m5,0.68,0.67,0.67,0.010000000000000009,0.0
h1,0.05,0.06,0.06,-0.009999999999999995,0.0
m15,0.24,0.27,0.27,-0.030000000000000027,0.0
m15,0.26,0.29,0.29,-0.02999999999999997,0.0
m5,0.65,0.73,0.71,-0.07999999999999996,-0.020000000000000018
m5,0.87,0.92,0.92,-0.050000000000000044,0.0
m15,0.35,0.4,0.4,-0.050000000000000044,0.0
h1,0.06,0.07,0.07,-0.010000000000000009,0.0
m15,0.6,0.61,0.61,-0.010000000000000009,0.0
m5,0.08,0.1,0.09,-0.020000000000000004,-0.010000000000000009
h1,0.92,0.93,0.93,-0.010000000000000009,0.0
h1,0.92,0.93,0.93,-0.010000000000000009,0.0
h1,0.92,0.93,0.93,-0.010000000000000009,0.0
h1,0.06,0.08,0.08,-0.020000000000000004,0.0
h1,0.93,0.93,0.93,0.0,0.0
h1,0.92,0.93,0.93,-0.010000000000000009,0.0
m15,0.34,0.36,0.36,-0.019999999999999962,0.0
h1,0.92,0.93,0.93,-0.010000000000000009,0.0
h1,0.06,0.06,0.06,0.0,0.0
h1,0.06,0.05,0.05,0.009999999999999995,0.0
h1,0.93,0.96,0.96,-0.029999999999999916,0.0
h1,0.95,0.96,0.96,-0.010000000000000009,0.0
h1,0.95,0.96,0.96,-0.010000000000000009,0.0
h1,0.95,0.96,0.96,-0.010000000000000009,0.0
h1,0.95,0.95,0.95,0.0,0.0
h1,0.95,0.95,0.95,0.0,0.0
h1,0.05,0.06,0.06,-0.009999999999999995,0.0
m15,0.7,0.76,0.76,-0.06000000000000005,0.0
h1,0.05,0.06,0.06,-0.009999999999999995,0.0
h1,0.05,0.06,0.06,-0.009999999999999995,0.0
m15,0.6561,0.72,0.72,-0.06389999999999996,0.0
m5,0.51,0.58,0.58,-0.06999999999999995,0.0
m15,0.69,0.72,0.72,-0.030000000000000027,0.0
h1,0.95,0.95,0.95,0.0,0.0
m5,0.34,0.34,0.34,0.0,0.0
m15,0.21,0.22,0.22,-0.010000000000000009,0.0
m15,0.21,0.22,0.22,-0.010000000000000009,0.0
m15,0.36,0.37,0.37,-0.010000000000000009,0.0
m5,0.52,0.56,0.56,-0.040000000000000036,0.0
m5,0.56,0.57,0.57,-0.009999999999999898,0.0
h1,0.06,0.08,0.07,-0.020000000000000004,-0.009999999999999995
h1,0.06,0.08,0.08,-0.020000000000000004,0.0
m15,0.57,0.58,0.58,-0.010000000000000009,0.0
m15,0.57,0.58,0.58,-0.010000000000000009,0.0
m15,0.57,0.58,0.58,-0.010000000000000009,0.0
m15,0.57,0.58,0.58,-0.010000000000000009,0.0
h1,0.07,0.08,0.08,-0.009999999999999995,0.0
m15,0.57,0.58,0.58,-0.010000000000000009,0.0
h1,0.07,0.09,0.08,-0.01999999999999999,-0.009999999999999995
h1,0.07,0.09,0.08,-0.01999999999999999,-0.009999999999999995
m15,0.57,0.63,0.58,-0.06000000000000005,-0.050000000000000044
m15,0.57,0.63,0.58,-0.06000000000000005,-0.050000000000000044
h1,0.07,0.09,0.09,-0.01999999999999999,0.0
h1,0.07,0.09,0.09,-0.01999999999999999,0.0
h1,0.08,0.09,0.09,-0.009999999999999995,0.0
h1,0.08,0.09,0.09,-0.009999999999999995,0.0
m15,0.63,0.64,0.64,-0.010000000000000009,0.0
m15,0.63,0.64,0.64,-0.010000000000000009,0.0
h1,0.08,0.09,0.09,-0.009999999999999995,0.0
h1,0.08,0.09,0.09,-0.009999999999999995,0.0
h1,0.08,0.09,0.09,-0.009999999999999995,0.0
h1,0.08,0.09,0.09,-0.009999999999999995,0.0
h1,0.08,0.09,0.09,-0.009999999999999995,0.0
h1,0.08,0.09,0.09,-0.009999999999999995,0.0
h1,0.07,0.08,0.08,-0.009999999999999995,0.0
h1,0.07,0.08,0.08,-0.009999999999999995,0.0
h1,0.07,0.08,0.08,-0.009999999999999995,0.0
m15,0.61,0.66,0.66,-0.050000000000000044,0.0
m15,0.66,0.68,0.68,-0.020000000000000018,0.0
m15,0.29,0.27,0.28,0.019999999999999962,0.010000000000000009
m15,0.27,0.27,0.28,0.0,0.010000000000000009
m5,0.13,0.13,0.13,0.0,0.0
m15,0.19,0.21,0.21,-0.01999999999999999,0.0
m15,0.8,0.81,0.8,-0.010000000000000009,-0.010000000000000009
m15,0.8,0.81,0.81,-0.010000000000000009,0.0
m15,0.81,0.86,0.88,-0.04999999999999993,0.020000000000000018
m5,0.92,0.92,0.92,0.0,0.0
m15,0.13,0.16,0.15,-0.03,-0.010000000000000009
m15,0.14,0.16,0.15,-0.01999999999999999,-0.010000000000000009
m15,0.14,0.16,0.15,-0.01999999999999999,-0.010000000000000009
m15,0.14,0.16,0.15,-0.01999999999999999,-0.010000000000000009
m15,0.12,0.13,0.13,-0.010000000000000009,0.0
m15,0.12,0.13,0.13,-0.010000000000000009,0.0
h1,0.1,0.11,0.11,-0.009999999999999995,0.0
m15,0.9,0.93,0.92,-0.030000000000000027,-0.010000000000000009
m15,0.9,0.93,0.92,-0.030000000000000027,-0.010000000000000009
m15,0.92,0.94,0.94,-0.019999999999999907,0.0
h1,0.12,0.11,0.12,0.009999999999999995,0.009999999999999995
h1,0.89,0.9,0.9,-0.010000000000000009,0.0
m5,0.04,0.04,0.04,0.0,0.0
h1,0.89,0.9,0.9,-0.010000000000000009,0.0
m15,0.9,0.96,0.95,-0.05999999999999994,-0.010000000000000009
m15,0.93,0.96,0.95,-0.029999999999999916,-0.010000000000000009
m15,0.94,0.97,0.97,-0.030000000000000027,0.0
m15,0.94,0.97,0.97,-0.030000000000000027,0.0
m15,0.04,0.04,0.04,0.0,0.0
h1,0.86,0.87,0.86,-0.010000000000000009,-0.010000000000000009
h1,0.14,0.14,0.14,0.0,0.0
h1,0.86,0.89,0.89,-0.030000000000000027,0.0
h1,0.88,0.89,0.89,-0.010000000000000009,0.0
h1,0.88,0.87,0.89,0.010000000000000009,0.020000000000000018
h1,0.88,0.87,0.86,0.010000000000000009,-0.010000000000000009
h1,0.12,0.12,0.12,0.0,0.0
h1,0.87,0.89,0.89,-0.020000000000000018,0.0
h1,0.87,0.89,0.89,-0.020000000000000018,0.0
h1,0.87,0.89,0.89,-0.020000000000000018,0.0
m15,0.96,0.98,0.98,-0.020000000000000018,0.0
m15,0.02,0.02,0.02,0.0,0.0
h1,0.11,0.12,0.12,-0.009999999999999995,0.0
h1,0.88,0.88,0.88,0.0,0.0
h1,0.12,0.15,0.15,-0.03,0.0
h1,0.12,0.15,0.15,-0.03,0.0
h1,0.14,0.15,0.15,-0.009999999999999981,0.0
h1,0.14,0.15,0.15,-0.009999999999999981,0.0
h1,0.14,0.15,0.15,-0.009999999999999981,0.0
h1,0.14,0.15,0.15,-0.009999999999999981,0.0
h1,0.14,0.14,0.14,0.0,0.0
h1,0.13,0.12,0.14,0.010000000000000009,0.020000000000000018
h1,0.86,0.89,0.87,-0.030000000000000027,-0.020000000000000018
h1,0.9,0.9,0.9,0.0,0.0
h1,0.1,0.11,0.11,-0.009999999999999995,0.0
h1,0.9,0.9,0.9,0.0,0.0
m15,0.53,0.51,0.51,0.020000000000000018,0.0
m5,0.59,0.53,0.57,0.05999999999999994,0.039999999999999925
h1,0.89,0.91,0.91,-0.020000000000000018,0.0
h1,0.08,0.08,0.1,0.0,0.020000000000000004
h1,0.89,0.93,0.91,-0.040000000000000036,-0.020000000000000018
h1,0.07,0.06,0.06,0.010000000000000009,0.0
h1,0.06,0.09,0.09,-0.03,0.0
h1,0.92,0.92,0.92,0.0,0.0
m5,0.34,0.43,0.42,-0.08999999999999997,-0.010000000000000009
m15,0.4,0.46,0.46,-0.06,0.0
m15,0.41,0.46,0.46,-0.050000000000000044,0.0
m15,0.43,0.46,0.46,-0.030000000000000027,0.0
m15,0.4,0.46,0.46,-0.06,0.0
m15,0.4,0.46,0.46,-0.06,0.0
h1,0.05,0.12,0.12,-0.06999999999999999,0.0
h1,0.89,0.88,0.89,0.010000000000000009,0.010000000000000009
h1,0.88,0.92,0.88,-0.040000000000000036,-0.040000000000000036
m5,0.51,0.56,0.55,-0.050000000000000044,-0.010000000000000009
m15,0.47,0.48,0.48,-0.010000000000000009,0.0
h1,0.92,0.92,0.92,0.0,0.0
m15,0.47,0.48,0.48,-0.010000000000000009,0.0
m5,0.45,0.45,0.45,0.0,0.0
m15,0.47,0.48,0.48,-0.010000000000000009,0.0
h1,0.92,0.93,0.93,-0.010000000000000009,0.0
h1,0.92,0.93,0.93,-0.010000000000000009,0.0
m5,0.6,0.63,0.63,-0.030000000000000027,0.0
h1,0.93,0.95,0.95,-0.019999999999999907,0.0
h1,0.94,0.95,0.95,-0.010000000000000009,0.0
m5,0.7478,0.75,0.74,-0.0021999999999999797,-0.010000000000000009
m15,0.62,0.63,0.63,-0.010000000000000009,0.0
m15,0.62,0.63,0.63,-0.010000000000000009,0.0
m15,0.63,0.62,0.62,0.010000000000000009,0.0
m15,0.6,0.61,0.61,-0.010000000000000009,0.0
m15,0.6,0.61,0.61,-0.010000000000000009,0.0
m15,0.6,0.61,0.61,-0.010000000000000009,0.0
m15,0.28,0.28,0.28,0.0,0.0
m15,0.28,0.28,0.28,0.0,0.0
m5,0.08,0.07,0.07,0.009999999999999995,0.0
m5,0.08,0.07,0.07,0.009999999999999995,0.0
h1,0.97,0.98,0.98,-0.010000000000000009,0.0
m15,0.21,0.21,0.21,0.0,0.0
m15,0.21,0.21,0.21,0.0,0.0
m15,0.21,0.21,0.21,0.0,0.0
m15,0.21,0.21,0.21,0.0,0.0
m15,0.21,0.21,0.21,0.0,0.0
m15,0.21,0.21,0.21,0.0,0.0
m5,0.03,0.04,0.04,-0.010000000000000002,0.0
m5,0.03,0.04,0.04,-0.010000000000000002,0.0
h1,0.98,0.99,0.99,-0.010000000000000009,0.0
m15,0.19,0.19,0.19,0.0,0.0
m15,0.18,0.19,0.19,-0.010000000000000009,0.0
m5,0.36,0.37,0.36,-0.010000000000000009,-0.010000000000000009
m5,0.61,0.62,0.62,-0.010000000000000009,0.0
m5,0.67,0.68,0.68,-0.010000000000000009,0.0
h1,0.99,0.99,0.99,0.0,0.0
h1,0.99,0.99,0.99,0.0,0.0
m5,0.78,0.81,0.8,-0.030000000000000027,-0.010000000000000009
m5,0.82,0.89,0.83,-0.07000000000000006,-0.06000000000000005
m5,0.11,0.13,0.16,-0.020000000000000004,0.03
h1,0.99,0.99,0.99,0.0,0.0
m15,0.02,0.03,0.03,-0.009999999999999998,0.0
m15,0.02,0.03,0.03,-0.009999999999999998,0.0
m15,0.02,0.03,0.03,-0.009999999999999998,0.0
m15,0.02,0.03,0.03,-0.009999999999999998,0.0
m15,0.02,0.03,0.03,-0.009999999999999998,0.0
m15,0.02,0.03,0.03,-0.009999999999999998,0.0
m15,0.02,0.03,0.03,-0.009999999999999998,0.0
m15,0.98,0.99,0.99,-0.010000000000000009,0.0
m15,0.98,0.99,0.99,-0.010000000000000009,0.0
m15,0.98,0.99,0.99,-0.010000000000000009,0.0
m15,0.98,0.99,0.99,-0.010000000000000009,0.0
m15,0.01,0.03,0.03,-0.019999999999999997,0.0
m5,0.42,0.4,0.41,0.019999999999999962,0.009999999999999953
m5,0.43,0.4,0.41,0.02999999999999997,0.009999999999999953
m15,0.011000000000000001,0.01,0.01,0.0010000000000000009,0.0
m15,0.011000000000000001,0.01,0.01,0.0010000000000000009,0.0
m5,0.59,0.65,0.65,-0.06000000000000005,0.0
m5,0.59,0.66,0.67,-0.07000000000000006,0.010000000000000009
m5,0.51,0.51,0.51,0.0,0.0
m15,0.009000000000000001,0.01,0.01,-0.0009999999999999992,0.0
m15,0.008,0.01,0.01,-0.002,0.0
m15,0.008,0.01,0.01,-0.002,0.0
m15,0.008,0.01,0.01,-0.002,0.0
m15,0.008,0.01,0.01,-0.002,0.0
m5,0.68,0.72,0.72,-0.039999999999999925,0.0
m15,0.992,0.99,0.99,0.0020000000000000018,0.0
m15,0.006999999999999999,0.01,0.01,-0.003000000000000001,0.0
m15,0.992,0.99,0.99,0.0020000000000000018,0.0
m5,0.16,0.24,0.24,-0.07999999999999999,0.0
m15,0.992,0.99,0.99,0.0020000000000000018,0.0
m5,0.22,0.24,0.24,-0.01999999999999999,0.0
m5,0.48,0.59,0.6,-0.10999999999999999,0.010000000000000009
m15,0.998,1.0,1.0,-0.0020000000000000018,0.0
m5,0.5587,0.59,0.59,-0.031299999999999994,0.0
m5,0.41,0.42,0.42,-0.010000000000000009,0.0
m5,0.4133,0.41,0.42,0.003300000000000025,0.010000000000000009
m15,0.997,1.0,1.0,-0.0030000000000000027,0.0
m15,0.997,1.0,1.0,-0.0030000000000000027,0.0
m5,0.59,0.59,0.6,0.0,0.010000000000000009
m5,0.5299,0.55,0.55,-0.020100000000000007,0.0
m5,0.54,0.55,0.55,-0.010000000000000009,0.0
m5,0.44,0.46,0.45,-0.020000000000000018,-0.010000000000000009
m5,0.52,0.75,0.58,-0.22999999999999998,-0.17000000000000004
m5,0.21,0.25,0.25,-0.04000000000000001,0.0
m5,0.18,0.23,0.25,-0.05000000000000002,0.01999999999999999
m5,0.18,0.23,0.25,-0.05000000000000002,0.01999999999999999
m5,0.17,0.14,0.15,0.03,0.009999999999999981
m5,0.12,0.1,0.1,0.01999999999999999,0.0
m5,0.03,0.04,0.04,-0.010000000000000002,0.0
m15,0.4,0.45,0.45,-0.04999999999999999,0.0
m15,0.4,0.45,0.45,-0.04999999999999999,0.0
m15,0.48,0.53,0.52,-0.050000000000000044,-0.010000000000000009
m5,0.47,0.63,0.59,-0.16000000000000003,-0.040000000000000036
m5,0.34,0.34,0.35,0.0,0.009999999999999953
m5,0.58,0.67,0.67,-0.09000000000000008,0.0
h1,0.51,0.52,0.52,-0.010000000000000009,0.0
h1,0.51,0.52,0.52,-0.010000000000000009,0.0
m5,0.49,0.45,0.47,0.03999999999999998,0.019999999999999962
m5,0.52,0.58,0.56,-0.05999999999999994,-0.019999999999999907
m5,0.49,0.45,0.45,0.03999999999999998,0.0
m15,0.35,0.35,0.37,0.0,0.020000000000000018
m15,0.36,0.35,0.37,0.010000000000000009,0.020000000000000018
m15,0.35,0.35,0.37,0.0,0.020000000000000018
m15,0.35,0.35,0.37,0.0,0.020000000000000018
m5,0.21,0.15,0.15,0.06,0.0
m5,0.81,0.85,0.86,-0.039999999999999925,0.010000000000000009
m5,0.69,0.79,0.79,-0.10000000000000009,0.0
m5,0.79,0.81,0.81,-0.020000000000000018,0.0
m5,0.78,0.84,0.83,-0.05999999999999994,-0.010000000000000009
m15,0.6,0.6,0.6,0.0,0.0
m5,0.7,0.6,0.6,0.09999999999999998,0.0
m15,0.55,0.59,0.57,-0.039999999999999925,-0.020000000000000018
m15,0.55,0.59,0.57,-0.039999999999999925,-0.020000000000000018
m15,0.55,0.59,0.57,-0.039999999999999925,-0.020000000000000018
m5,0.61,0.64,0.6,-0.030000000000000027,-0.040000000000000036
m5,0.2879,0.31,0.28,-0.02210000000000001,-0.02999999999999997
m15,0.41,0.44,0.44,-0.030000000000000027,0.0
m5,0.28,0.32,0.31,-0.03999999999999998,-0.010000000000000009
m5,0.4,0.53,0.53,-0.13,0.0
m15,0.44,0.45,0.45,-0.010000000000000009,0.0
m15,0.44,0.45,0.45,-0.010000000000000009,0.0
m5,0.42,0.32,0.34,0.09999999999999998,0.020000000000000018
m5,0.3831,0.32,0.34,0.06309999999999999,0.020000000000000018
m5,0.34,0.31,0.32,0.030000000000000027,0.010000000000000009
m5,0.55,0.47,0.5,0.08000000000000007,0.030000000000000027
m15,0.5,0.5,0.5,0.0,0.0
m15,0.5,0.5,0.5,0.0,0.0
h1,0.51,0.52,0.52,-0.010000000000000009,0.0
m5,0.58,0.62,0.6,-0.040000000000000036,-0.020000000000000018
m5,0.51,0.57,0.57,-0.05999999999999994,0.0
m5,0.5155,0.57,0.57,-0.05449999999999999,0.0
m15,0.51,0.55,0.54,-0.040000000000000036,-0.010000000000000009
m5,0.25,0.24,0.24,0.010000000000000009,0.0
m15,0.45,0.45,0.45,0.0,0.0
m5,0.25,0.32,0.27,-0.07,-0.04999999999999999
h1,0.51,0.52,0.52,-0.010000000000000009,0.0
h1,0.51,0.52,0.52,-0.010000000000000009,0.0
h1,0.51,0.52,0.52,-0.010000000000000009,0.0
m5,0.13,0.11,0.11,0.020000000000000004,0.0
h1,0.51,0.53,0.52,-0.020000000000000018,-0.010000000000000009
m5,0.12,0.11,0.11,0.009999999999999995,0.0
m5,0.13,0.13,0.13,0.0,0.0
m5,0.6063000000000001,0.62,0.62,-0.013699999999999934,0.0
m15,0.5558,0.56,0.56,-0.0042000000000000925,0.0
m15,0.52,0.53,0.55,-0.010000000000000009,0.020000000000000018
m15,0.46,0.48,0.48,-0.019999999999999962,0.0
m5,0.34,0.33,0.33,0.010000000000000009,0.0
m15,0.53,0.57,0.57,-0.039999999999999925,0.0
m5,0.33,0.35,0.35,-0.019999999999999962,0.0
m15,0.43,0.46,0.45,-0.030000000000000027,-0.010000000000000009
m5,0.33,0.38,0.37,-0.04999999999999999,-0.010000000000000009
m15,0.4334,0.42,0.42,0.013400000000000023,0.0
m5,0.3337,0.26,0.26,0.07369999999999999,0.0
m15,0.41,0.42,0.42,-0.010000000000000009,0.0
m15,0.41,0.42,0.42,-0.010000000000000009,0.0
m15,0.41,0.42,0.42,-0.010000000000000009,0.0
m15,0.41,0.42,0.42,-0.010000000000000009,0.0
m15,0.41,0.42,0.42,-0.010000000000000009,0.0
m15,0.41,0.42,0.42,-0.010000000000000009,0.0
h1,0.51,0.52,0.52,-0.010000000000000009,0.0
h1,0.51,0.51,0.51,0.0,0.0
m15,0.47,0.5,0.5,-0.030000000000000027,0.0
m5,0.58,0.6,0.58,-0.020000000000000018,-0.020000000000000018
m15,0.42,0.43,0.43,-0.010000000000000009,0.0
m15,0.57,0.59,0.59,-0.020000000000000018,0.0
m15,0.32,0.33,0.33,-0.010000000000000009,0.0
m15,0.32,0.33,0.33,-0.010000000000000009,0.0
m15,0.32,0.33,0.33,-0.010000000000000009,0.0
m15,0.32,0.33,0.33,-0.010000000000000009,0.0
m15,0.32,0.33,0.33,-0.010000000000000009,0.0
m15,0.32,0.33,0.33,-0.010000000000000009,0.0
m5,0.67,0.79,0.77,-0.12,-0.020000000000000018
h1,0.43,0.44,0.44,-0.010000000000000009,0.0
m15,0.32,0.33,0.33,-0.010000000000000009,0.0
m15,0.32,0.33,0.33,-0.010000000000000009,0.0
h1,0.43,0.44,0.44,-0.010000000000000009,0.0
h1,0.43,0.44,0.44,-0.010000000000000009,0.0
h1,0.43,0.44,0.44,-0.010000000000000009,0.0
m15,0.32,0.33,0.33,-0.010000000000000009,0.0
h1,0.43,0.44,0.44,-0.010000000000000009,0.0
m15,0.62,0.61,0.62,0.010000000000000009,0.010000000000000009
m15,0.62,0.61,0.62,0.010000000000000009,0.010000000000000009
m5,0.6648000000000001,0.63,0.64,0.03480000000000005,0.010000000000000009
m5,0.62,0.7,0.7,-0.07999999999999996,0.0
m5,0.3,0.45,0.42,-0.15000000000000002,-0.030000000000000027
m15,0.53,0.53,0.53,0.0,0.0
m5,0.29,0.51,0.51,-0.22000000000000003,0.0
m5,0.5,0.51,0.51,-0.010000000000000009,0.0
m5,0.5,0.51,0.51,-0.010000000000000009,0.0
m5,0.45,0.7,0.68,-0.24999999999999994,-0.019999999999999907
m5,0.31,0.37,0.38,-0.06,0.010000000000000009
m5,0.35,0.37,0.38,-0.020000000000000018,0.010000000000000009
m5,0.38,0.43,0.37,-0.04999999999999999,-0.06
m5,0.58,0.71,0.71,-0.13,0.0
m5,0.58,0.71,0.71,-0.13,0.0
m5,0.3,0.12,0.29,0.18,0.16999999999999998
m5,0.1,0.06,0.07,0.04000000000000001,0.010000000000000009
m5,0.03,0.02,0.03,0.009999999999999998,0.009999999999999998
m15,0.6591,0.64,0.63,0.019100000000000006,-0.010000000000000009
m5,0.48,0.45,0.45,0.02999999999999997,0.0
m5,0.45,0.47,0.47,-0.019999999999999962,0.0
m5,0.53,0.52,0.53,0.010000000000000009,0.010000000000000009
m15,0.35,0.34,0.34,0.009999999999999953,0.0
m5,0.52,0.58,0.57,-0.05999999999999994,-0.010000000000000009
m5,0.52,0.47,0.47,0.050000000000000044,0.0
m5,0.47,0.47,0.47,0.0,0.0
m5,0.47,0.47,0.47,0.0,0.0
m5,0.43,0.38,0.4,0.04999999999999999,0.020000000000000018
m5,0.54,0.64,0.64,-0.09999999999999998,0.0
m5,0.37,0.38,0.38,-0.010000000000000009,0.0
m15,0.2,0.18,0.18,0.020000000000000018,0.0
m5,0.36,0.36,0.36,0.0,0.0
m5,0.62,0.65,0.65,-0.030000000000000027,0.0
m15,0.06,0.12,0.12,-0.06,0.0
m5,0.19,0.29,0.29,-0.09999999999999998,0.0
m5,0.25,0.29,0.29,-0.03999999999999998,0.0
m5,0.72,0.81,0.77,-0.09000000000000008,-0.040000000000000036
m5,0.77,0.84,0.81,-0.06999999999999995,-0.029999999999999916
h1,0.37,0.37,0.37,0.0,0.0
m5,0.83,0.81,0.84,0.019999999999999907,0.029999999999999916
m5,0.17,0.21,0.21,-0.03999999999999998,0.0
m5,0.79,0.83,0.82,-0.039999999999999925,-0.010000000000000009
m5,0.85,0.88,0.87,-0.030000000000000027,-0.010000000000000009
m5,0.87,0.9,0.89,-0.030000000000000027,-0.010000000000000009
h1,0.33,0.33,0.34,0.0,0.010000000000000009
h1,0.33,0.33,0.34,0.0,0.010000000000000009
h1,0.33,0.31,0.32,0.020000000000000018,0.010000000000000009
h1,0.32,0.31,0.31,0.010000000000000009,0.0
m15,0.01,0.02,0.02,-0.01,0.0
m15,0.46,0.46,0.46,0.0,0.0
m5,0.47,0.44,0.44,0.02999999999999997,0.0
m5,0.53,0.58,0.57,-0.04999999999999993,-0.010000000000000009
m5,0.32,0.43,0.43,-0.10999999999999999,0.0
m5,0.58,0.55,0.58,0.029999999999999916,0.029999999999999916
m5,0.53,0.52,0.52,0.010000000000000009,0.0
m5,0.4,0.42,0.42,-0.019999999999999962,0.0
m5,0.17350000000000002,0.12,0.13,0.05350000000000002,0.010000000000000009
m15,0.37,0.39,0.39,-0.020000000000000018,0.0
m15,0.38,0.45,0.45,-0.07,0.0
m5,0.15,0.28,0.29,-0.13000000000000003,0.009999999999999953
m15,0.56,0.57,0.56,-0.009999999999999898,-0.009999999999999898
m5,0.16,0.27,0.28,-0.11000000000000001,0.010000000000000009
m5,0.748,0.84,0.79,-0.09199999999999997,-0.04999999999999993
m5,0.14,0.14,0.15,0.0,0.009999999999999981
m5,0.92,0.92,0.92,0.0,0.0
m5,0.07,0.09,0.09,-0.01999999999999999,0.0
m5,0.03,0.03,0.03,0.0,0.0
m5,0.43,0.44,0.49,-0.010000000000000009,0.04999999999999999
m5,0.6,0.66,0.67,-0.06000000000000005,0.010000000000000009
h1,0.23,0.25,0.24,-0.01999999999999999,-0.010000000000000009
h1,0.23,0.27,0.27,-0.04000000000000001,0.0
h1,0.23,0.27,0.27,-0.04000000000000001,0.0
m5,0.35,0.46,0.44,-0.11000000000000004,-0.020000000000000018
m5,0.55,0.57,0.57,-0.019999999999999907,0.0
m5,0.46,0.5,0.5,-0.03999999999999998,0.0
m5,0.35,0.37,0.37,-0.020000000000000018,0.0
m5,0.52,0.54,0.54,-0.020000000000000018,0.0
h1,0.27,0.28,0.28,-0.010000000000000009,0.0
h1,0.3,0.3,0.29,0.0,-0.010000000000000009
m5,0.26,0.32,0.32,-0.06,0.0
m5,0.75,0.76,0.76,-0.010000000000000009,0.0
m5,0.78,0.78,0.78,0.0,0.0
h1,0.69,0.7,0.7,-0.010000000000000009,0.0
h1,0.29,0.33,0.34,-0.040000000000000036,0.010000000000000009
h1,0.3,0.33,0.34,-0.030000000000000027,0.010000000000000009
m5,0.102,0.23,0.19,-0.128,-0.04000000000000001
m5,0.15,0.2,0.22,-0.05000000000000002,0.01999999999999999
m5,0.78,0.81,0.81,-0.030000000000000027,0.0
m5,0.81,0.93,0.92,-0.12,-0.010000000000000009
m5,0.09,0.07,0.07,0.01999999999999999,0.0
m5,0.9,0.94,0.92,-0.039999999999999925,-0.019999999999999907
m5,0.05,0.1,0.11,-0.05,0.009999999999999995
h1,0.69,0.69,0.69,0.0,0.0
m5,0.82,0.69,0.82,0.13,0.13
m5,0.18,0.66,0.38,-0.48000000000000004,-0.28
m5,0.8551000000000001,0.86,0.73,-0.004899999999999904,-0.13
m5,0.1916,0.25,0.33,-0.05840000000000001,0.08000000000000002
m5,0.31,0.11,0.14,0.2,0.030000000000000013
m5,0.3539,0.11,0.14,0.2439,0.030000000000000013
m5,0.86,0.97,0.97,-0.10999999999999999,0.0
m5,0.72,0.97,0.97,-0.25,0.0
m15,0.22,0.18,0.19,0.04000000000000001,0.010000000000000009
m5,0.76,1.0,0.99,-0.24,-0.010000000000000009
m5,0.33,0.01,0.02,0.32,0.01
m5,0.86,1.0,0.99,-0.14,-0.010000000000000009
m5,0.14,0.01,0.01,0.13,0.0
h1,0.19,0.18,0.18,0.010000000000000009,0.0
h1,0.19,0.2,0.2,-0.010000000000000009,0.0
h1,0.19,0.2,0.2,-0.010000000000000009,0.0
h1,0.18,0.2,0.2,-0.020000000000000018,0.0
m5,0.12,0.51,0.55,-0.39,0.040000000000000036
m15,0.8,0.87,0.8,-0.06999999999999995,-0.06999999999999995
m5,0.37,0.48,0.48,-0.10999999999999999,0.0
m5,0.53,0.53,0.53,0.0,0.0
m5,0.53,0.53,0.53,0.0,0.0
h1,0.17,0.18,0.18,-0.009999999999999981,0.0
m15,0.07,0.07,0.07,0.0,0.0
m5,0.43229999999999996,0.43,0.43,0.0022999999999999687,0.0
m5,0.43,0.43,0.43,0.0,0.0
m5,0.58,0.6,0.6,-0.020000000000000018,0.0
m5,0.59,0.66,0.64,-0.07000000000000006,-0.020000000000000018
m5,0.61,0.66,0.66,-0.050000000000000044,0.0
m5,0.65,0.69,0.68,-0.039999999999999925,-0.009999999999999898
m5,0.78,0.83,0.83,-0.04999999999999993,0.0
m5,0.09,0.05,0.06,0.039999999999999994,0.009999999999999995
m5,0.11,0.05,0.06,0.06,0.009999999999999995
h1,0.92,0.93,0.93,-0.010000000000000009,0.0
h1,0.92,0.93,0.93,-0.010000000000000009,0.0
h1,0.92,0.89,0.91,0.030000000000000027,0.020000000000000018
m15,0.01,0.03,0.03,-0.019999999999999997,0.0
h1,0.0839,0.14,0.13,-0.05610000000000001,-0.010000000000000009
m5,0.08,0.15,0.13,-0.06999999999999999,-0.01999999999999999
h1,0.12,0.16,0.15,-0.04000000000000001,-0.010000000000000009
h1,0.13,0.17,0.16,-0.04000000000000001,-0.010000000000000009
h1,0.1382,0.17,0.16,-0.03180000000000002,-0.010000000000000009
h1,0.13,0.17,0.16,-0.04000000000000001,-0.010000000000000009
m15,0.04,0.07,0.05,-0.030000000000000006,-0.020000000000000004
m5,0.62,0.58,0.62,0.040000000000000036,0.040000000000000036
m5,0.62,0.58,0.62,0.040000000000000036,0.040000000000000036
h1,0.2,0.21,0.21,-0.009999999999999981,0.0
m5,0.58,0.54,0.54,0.039999999999999925,0.0
m5,0.57,0.63,0.63,-0.06000000000000005,0.0
m15,0.77,0.7,0.72,0.07000000000000006,0.020000000000000018
m15,0.71,0.7,0.7,0.010000000000000009,0.0
m15,0.7312000000000001,0.7,0.7,0.031200000000000117,0.0
m15,0.71,0.7,0.7,0.010000000000000009,0.0
m15,0.73,0.7,0.7,0.030000000000000027,0.0
m15,0.49,0.37,0.42,0.12,0.04999999999999999
h1,0.62,0.58,0.59,0.040000000000000036,0.010000000000000009
h1,0.6,0.58,0.58,0.020000000000000018,0.0
h1,0.58,0.58,0.58,0.0,0.0
m15,0.36,0.38,0.38,-0.020000000000000018,0.0
m5,0.0875,0.09,0.1,-0.0025000000000000022,0.010000000000000009
m15,0.63,0.65,0.66,-0.020000000000000018,0.010000000000000009
m15,0.67,0.66,0.67,0.010000000000000009,0.010000000000000009
m5,0.91,0.89,0.9,0.020000000000000018,0.010000000000000009
m15,0.61,0.67,0.68,-0.06000000000000005,0.010000000000000009
h1,0.56,0.64,0.64,-0.07999999999999996,0.0
m15,0.48,0.53,0.53,-0.050000000000000044,0.0
m5,0.87,0.88,0.88,-0.010000000000000009,0.0
m15,0.55,0.56,0.56,-0.010000000000000009,0.0
h1,0.34,0.35,0.35,-0.009999999999999953,0.0
m15,0.3956,0.41,0.41,-0.014399999999999968,0.0
m5,0.85,0.87,0.85,-0.020000000000000018,-0.020000000000000018
h1,0.34,0.34,0.36,0.0,0.019999999999999962
m15,0.56,0.62,0.6,-0.05999999999999994,-0.020000000000000018
m5,0.13,0.22,0.19,-0.09,-0.03
m15,0.2005,0.18,0.2,0.020500000000000018,0.020000000000000018
h1,0.28,0.26,0.26,0.020000000000000018,0.0
h1,0.26,0.26,0.26,0.0,0.0
h1,0.25,0.26,0.26,-0.010000000000000009,0.0
h1,0.25,0.26,0.26,-0.010000000000000009,0.0
h1,0.25,0.26,0.26,-0.010000000000000009,0.0
h1,0.25,0.26,0.26,-0.010000000000000009,0.0
h1,0.26,0.26,0.26,0.0,0.0
m5,0.58,0.62,0.6,-0.040000000000000036,-0.020000000000000018
m5,0.58,0.62,0.6,-0.040000000000000036,-0.020000000000000018
h1,0.25,0.27,0.26,-0.020000000000000018,-0.010000000000000009
m5,0.61,0.59,0.63,0.020000000000000018,0.040000000000000036
m5,0.4042,0.43,0.43,-0.02579999999999999,0.0
m5,0.59,0.64,0.63,-0.050000000000000044,-0.010000000000000009
m5,0.66,0.73,0.74,-0.06999999999999995,0.010000000000000009
m5,0.27,0.29,0.28,-0.019999999999999962,-0.009999999999999953
m5,0.69,0.72,0.73,-0.030000000000000027,0.010000000000000009
m15,0.87,0.84,0.84,0.030000000000000027,0.0
m15,0.82,0.81,0.84,0.009999999999999898,0.029999999999999916
m15,0.84,0.83,0.82,0.010000000000000009,-0.010000000000000009
m15,0.81,0.9,0.88,-0.08999999999999997,-0.020000000000000018
h1,0.28,0.27,0.29,0.010000000000000009,0.019999999999999962
m5,0.78,0.8,0.8,-0.020000000000000018,0.0
m5,0.78,0.8,0.8,-0.020000000000000018,0.0
m5,0.79,0.8,0.8,-0.010000000000000009,0.0
m15,0.013999999999999999,0.01,0.01,0.003999999999999998,0.0
m5,0.21,0.17,0.18,0.03999999999999998,0.009999999999999981
m5,0.15,0.19,0.19,-0.04000000000000001,0.0
m5,0.76,0.87,0.79,-0.10999999999999999,-0.07999999999999996
m5,0.79,0.87,0.88,-0.07999999999999996,0.010000000000000009
m5,0.42,0.46,0.46,-0.040000000000000036,0.0
h1,0.24,0.25,0.26,-0.010000000000000009,0.010000000000000009
m5,0.29,0.29,0.29,0.0,0.0
h1,0.83,0.85,0.84,-0.020000000000000018,-0.010000000000000009
m5,0.85,0.88,0.88,-0.030000000000000027,0.0
h1,0.15,0.15,0.15,0.0,0.0
h1,0.85,0.86,0.86,-0.010000000000000009,0.0
h1,0.85,0.86,0.86,-0.010000000000000009,0.0
h1,0.85,0.86,0.86,-0.010000000000000009,0.0
h1,0.86,0.86,0.86,0.0,0.0
h1,0.85,0.86,0.86,-0.010000000000000009,0.0
h1,0.85,0.86,0.86,-0.010000000000000009,0.0
h1,0.85,0.85,0.85,0.0,0.0
h1,0.84,0.85,0.85,-0.010000000000000009,0.0
m5,0.16,0.17,0.19,-0.010000000000000009,0.01999999999999999
m5,0.81,0.86,0.86,-0.04999999999999993,0.0
h1,0.14,0.15,0.15,-0.009999999999999981,0.0
h1,0.14,0.15,0.15,-0.009999999999999981,0.0
h1,0.14,0.15,0.15,-0.009999999999999981,0.0
h1,0.14,0.15,0.15,-0.009999999999999981,0.0
h1,0.14,0.15,0.15,-0.009999999999999981,0.0
h1,0.14,0.15,0.15,-0.009999999999999981,0.0
h1,0.14,0.15,0.15,-0.009999999999999981,0.0
h1,0.14,0.15,0.15,-0.009999999999999981,0.0
h1,0.14,0.15,0.15,-0.009999999999999981,0.0
h1,0.14,0.14,0.14,0.0,0.0
h1,0.14,0.14,0.14,0.0,0.0
h1,0.14,0.14,0.14,0.0,0.0
h1,0.14,0.14,0.14,0.0,0.0
h1,0.14,0.14,0.14,0.0,0.0
h1,0.14,0.14,0.14,0.0,0.0
h1,0.14,0.14,0.14,0.0,0.0
h1,0.14,0.14,0.14,0.0,0.0
h1,0.14,0.14,0.14,0.0,0.0
h1,0.13,0.13,0.13,0.0,0.0
h1,0.87,0.88,0.88,-0.010000000000000009,0.0
h1,0.87,0.88,0.88,-0.010000000000000009,0.0
h1,0.87,0.88,0.88,-0.010000000000000009,0.0
h1,0.87,0.87,0.88,0.0,0.010000000000000009
h1,0.86,0.86,0.85,0.0,-0.010000000000000009
h1,0.85,0.86,0.86,-0.010000000000000009,0.0
h1,0.15,0.17,0.16,-0.020000000000000018,-0.010000000000000009
h1,0.84,0.84,0.85,0.0,0.010000000000000009
h1,0.15,0.17,0.16,-0.020000000000000018,-0.010000000000000009
h1,0.83,0.83,0.83,0.0,0.0
h1,0.15,0.18,0.18,-0.03,0.0
h1,0.15,0.18,0.18,-0.03,0.0
m5,0.79,0.79,0.79,0.0,0.0
m5,0.26,0.3,0.29,-0.03999999999999998,-0.010000000000000009
m5,0.23,0.26,0.25,-0.03,-0.010000000000000009
h1,0.17,0.19,0.18,-0.01999999999999999,-0.010000000000000009
h1,0.81,0.82,0.82,-0.009999999999999898,0.0
h1,0.16,0.19,0.17,-0.03,-0.01999999999999999
m5,0.77,0.8,0.82,-0.030000000000000027,0.019999999999999907
m5,0.19,0.18,0.21,0.010000000000000009,0.03
m5,0.8,0.87,0.85,-0.06999999999999995,-0.020000000000000018
h1,0.16,0.16,0.17,0.0,0.010000000000000009
h1,0.86,0.87,0.87,-0.010000000000000009,0.0
m5,0.03,0.02,0.03,0.009999999999999998,0.009999999999999998
m5,0.02,0.06,0.06,-0.039999999999999994,0.0
m5,0.02,0.06,0.06,-0.039999999999999994,0.0
h1,0.84,0.85,0.85,-0.010000000000000009,0.0
h1,0.84,0.85,0.85,-0.010000000000000009,0.0
h1,0.84,0.85,0.85,-0.010000000000000009,0.0
h1,0.83,0.84,0.84,-0.010000000000000009,0.0
m5,0.41,0.41,0.41,0.0,0.0
h1,0.83,0.84,0.84,-0.010000000000000009,0.0
m5,0.51,0.55,0.52,-0.040000000000000036,-0.030000000000000027
m15,0.43,0.47,0.44,-0.03999999999999998,-0.02999999999999997
h1,0.84,0.85,0.86,-0.010000000000000009,0.010000000000000009
h1,0.84,0.85,0.86,-0.010000000000000009,0.010000000000000009
h1,0.84,0.85,0.86,-0.010000000000000009,0.010000000000000009
m15,0.43,0.47,0.44,-0.03999999999999998,-0.02999999999999997
m5,0.33,0.38,0.31,-0.04999999999999999,-0.07
h1,0.81,0.84,0.83,-0.029999999999999916,-0.010000000000000009
h1,0.81,0.84,0.84,-0.029999999999999916,0.0
m5,0.31,0.39,0.39,-0.08000000000000002,0.0
m15,0.47,0.47,0.48,0.0,0.010000000000000009
h1,0.77,0.78,0.78,-0.010000000000000009,0.0
h1,0.77,0.78,0.78,-0.010000000000000009,0.0
m15,0.41,0.41,0.41,0.0,0.0
m15,0.41,0.39,0.39,0.019999999999999962,0.0
m15,0.41,0.39,0.39,0.019999999999999962,0.0
m5,0.19,0.18,0.18,0.010000000000000009,0.0
m15,0.39,0.39,0.39,0.0,0.0
m15,0.39,0.39,0.39,0.0,0.0
m15,0.26,0.26,0.27,0.0,0.010000000000000009
h1,0.26,0.3,0.28,-0.03999999999999998,-0.019999999999999962
m15,0.7,0.7,0.7,0.0,0.0
m15,0.64,0.67,0.67,-0.030000000000000027,0.0
m15,0.65,0.67,0.67,-0.020000000000000018,0.0
m15,0.64,0.67,0.67,-0.030000000000000027,0.0
m15,0.66,0.66,0.68,0.0,0.020000000000000018
m15,0.66,0.66,0.68,0.0,0.020000000000000018
m15,0.66,0.66,0.68,0.0,0.020000000000000018
m15,0.3,0.32,0.32,-0.020000000000000018,0.0
m15,0.3,0.32,0.32,-0.020000000000000018,0.0
m15,0.27,0.27,0.27,0.0,0.0
m15,0.27,0.27,0.27,0.0,0.0
m15,0.24,0.22,0.22,0.01999999999999999,0.0
m15,0.24,0.22,0.22,0.01999999999999999,0.0
m15,0.24,0.22,0.22,0.01999999999999999,0.0
m15,0.24,0.22,0.22,0.01999999999999999,0.0
m15,0.24,0.22,0.22,0.01999999999999999,0.0
m15,0.24,0.22,0.22,0.01999999999999999,0.0
m15,0.82,0.84,0.84,-0.020000000000000018,0.0
m15,0.82,0.84,0.84,-0.020000000000000018,0.0
m15,0.81,0.79,0.82,0.020000000000000018,0.029999999999999916
m15,0.81,0.79,0.82,0.020000000000000018,0.029999999999999916
m15,0.81,0.79,0.82,0.020000000000000018,0.029999999999999916
m15,0.81,0.79,0.82,0.020000000000000018,0.029999999999999916
m15,0.81,0.79,0.79,0.020000000000000018,0.0
m5,0.01,0.01,0.01,0.0,0.0
h1,0.69,0.69,0.7,0.0,0.010000000000000009
h1,0.69,0.69,0.7,0.0,0.010000000000000009
m15,0.88,0.88,0.88,0.0,0.0
h1,0.68,0.72,0.72,-0.039999999999999925,0.0
m15,0.88,0.89,0.89,-0.010000000000000009,0.0
m15,0.88,0.89,0.89,-0.010000000000000009,0.0
m15,0.11,0.11,0.11,0.0,0.0
m15,0.11,0.11,0.11,0.0,0.0
m15,0.11,0.11,0.11,0.0,0.0
m15,0.11,0.11,0.11,0.0,0.0
m15,0.1,0.11,0.11,-0.009999999999999995,0.0
m5,0.63,0.64,0.64,-0.010000000000000009,0.0
m15,0.91,0.91,0.91,0.0,0.0
m15,0.91,0.91,0.91,0.0,0.0
m15,0.9,0.91,0.91,-0.010000000000000009,0.0
m15,0.09,0.08,0.08,0.009999999999999995,0.0
m15,0.09,0.08,0.08,0.009999999999999995,0.0
h1,0.76,0.78,0.78,-0.020000000000000018,0.0
m15,0.9,0.9,0.9,0.0,0.0
m15,0.08,0.09,0.09,-0.009999999999999995,0.0
m15,0.08,0.1,0.09,-0.020000000000000004,-0.010000000000000009
m15,0.08,0.1,0.09,-0.020000000000000004,-0.010000000000000009
m15,0.08,0.1,0.09,-0.020000000000000004,-0.010000000000000009
m5,0.23,0.35,0.33,-0.11999999999999997,-0.019999999999999962
m15,0.03,0.03,0.03,0.0,0.0
m15,0.06,0.03,0.03,0.03,0.0
m15,0.06,0.03,0.03,0.03,0.0
m15,0.03,0.03,0.03,0.0,0.0
m15,0.03,0.03,0.03,0.0,0.0
h1,0.73,0.75,0.75,-0.020000000000000018,0.0
h1,0.74,0.76,0.76,-0.020000000000000018,0.0
m15,0.03,0.06,0.06,-0.03,0.0
m15,0.88,0.79,0.83,0.08999999999999997,0.039999999999999925
m15,0.88,0.79,0.83,0.08999999999999997,0.039999999999999925
m15,0.88,0.79,0.83,0.08999999999999997,0.039999999999999925
m15,0.91,0.79,0.83,0.12,0.039999999999999925
m15,0.88,0.79,0.83,0.08999999999999997,0.039999999999999925
m15,0.91,0.79,0.83,0.12,0.039999999999999925
m15,0.91,0.79,0.83,0.12,0.039999999999999925
m15,0.88,0.88,0.83,0.0,-0.050000000000000044
m15,0.84,0.88,0.83,-0.040000000000000036,-0.050000000000000044
m15,0.83,0.88,0.83,-0.050000000000000044,-0.050000000000000044
m15,0.83,0.88,0.83,-0.050000000000000044,-0.050000000000000044
m15,0.83,0.88,0.83,-0.050000000000000044,-0.050000000000000044
m15,0.83,0.88,0.83,-0.050000000000000044,-0.050000000000000044
h1,0.85,0.85,0.85,0.0,0.0
h1,0.85,0.85,0.85,0.0,0.0
m5,0.09,0.17,0.15,-0.08000000000000002,-0.020000000000000018
m15,0.13,0.11,0.13,0.020000000000000004,0.020000000000000004
m15,0.7778,0.9,0.88,-0.12219999999999998,-0.020000000000000018
m15,0.13,0.11,0.11,0.020000000000000004,0.0
h1,0.16,0.17,0.17,-0.010000000000000009,0.0
h1,0.16,0.17,0.17,-0.010000000000000009,0.0
h1,0.16,0.17,0.17,-0.010000000000000009,0.0
h1,0.16,0.17,0.17,-0.010000000000000009,0.0
h1,0.16,0.17,0.17,-0.010000000000000009,0.0
m15,0.1,0.11,0.11,-0.009999999999999995,0.0
m15,0.1,0.11,0.11,-0.009999999999999995,0.0
h1,0.16,0.17,0.17,-0.010000000000000009,0.0
m15,0.1,0.11,0.11,-0.009999999999999995,0.0
m15,0.1,0.11,0.11,-0.009999999999999995,0.0
m15,0.1,0.11,0.12,-0.009999999999999995,0.009999999999999995
h1,0.16,0.17,0.17,-0.010000000000000009,0.0
m15,0.06,0.07,0.07,-0.010000000000000009,0.0
m15,0.02,0.02,0.02,0.0,0.0
m15,0.02,0.02,0.02,0.0,0.0
m15,0.02,0.02,0.02,0.0,0.0
h1,0.85,0.87,0.87,-0.020000000000000018,0.0
m15,0.05,0.07,0.11,-0.020000000000000004,0.039999999999999994
h1,0.14,0.14,0.14,0.0,0.0
m15,0.94,0.94,0.9,0.0,-0.039999999999999925
m15,0.9,0.83,0.91,0.07000000000000006,0.08000000000000007
m15,0.06,0.17,0.17,-0.11000000000000001,0.0
m15,0.8207,0.79,0.83,0.03069999999999995,0.039999999999999925
m15,0.8,0.79,0.83,0.010000000000000009,0.039999999999999925
m5,0.96,0.98,0.98,-0.020000000000000018,0.0
m15,0.79,0.86,0.86,-0.06999999999999995,0.0
m15,0.15,0.15,0.15,0.0,0.0
m15,0.15,0.15,0.15,0.0,0.0
m15,0.14,0.11,0.13,0.030000000000000013,0.020000000000000004
m15,0.14,0.11,0.13,0.030000000000000013,0.020000000000000004
m15,0.14,0.11,0.13,0.030000000000000013,0.020000000000000004
m15,0.14,0.11,0.13,0.030000000000000013,0.020000000000000004
m15,0.14,0.11,0.13,0.030000000000000013,0.020000000000000004
m15,0.14,0.11,0.13,0.030000000000000013,0.020000000000000004
m15,0.14,0.11,0.13,0.030000000000000013,0.020000000000000004
m15,0.14,0.1,0.11,0.04000000000000001,0.009999999999999995
m15,0.1,0.1,0.1,0.0,0.0
h1,0.87,0.88,0.88,-0.010000000000000009,0.0
m15,0.04,0.03,0.03,0.010000000000000002,0.0
m15,0.04,0.03,0.03,0.010000000000000002,0.0
m15,0.03,0.02,0.02,0.009999999999999998,0.0
m15,0.03,0.02,0.02,0.009999999999999998,0.0
m15,0.03,0.02,0.02,0.009999999999999998,0.0
m15,0.02,0.05,0.03,-0.030000000000000002,-0.020000000000000004
m15,0.02,0.25,0.18,-0.23,-0.07
m15,0.02,0.25,0.18,-0.23,-0.07
m15,0.02,0.25,0.18,-0.23,-0.07
m15,0.02,0.25,0.18,-0.23,-0.07
h1,0.87,0.9,0.9,-0.030000000000000027,0.0
m15,0.87,0.82,0.73,0.050000000000000044,-0.08999999999999997
m15,0.87,0.82,0.73,0.050000000000000044,-0.08999999999999997
m15,0.87,0.82,0.73,0.050000000000000044,-0.08999999999999997
m15,0.8,0.82,0.73,-0.019999999999999907,-0.08999999999999997
m15,0.8,0.82,0.73,-0.019999999999999907,-0.08999999999999997
h1,0.9,0.9,0.9,0.0,0.0
m15,0.76,0.82,0.73,-0.05999999999999994,-0.08999999999999997
m15,0.76,0.82,0.73,-0.05999999999999994,-0.08999999999999997
m15,0.8,0.82,0.73,-0.019999999999999907,-0.08999999999999997
m15,0.8,0.82,0.73,-0.019999999999999907,-0.08999999999999997
m15,0.7701,0.82,0.73,-0.049899999999999944,-0.08999999999999997
m15,0.8,0.82,0.73,-0.019999999999999907,-0.08999999999999997
m15,0.7498,0.78,0.83,-0.030200000000000005,0.04999999999999993
m15,0.13,0.14,0.2,-0.010000000000000009,0.06
m15,0.13,0.14,0.2,-0.010000000000000009,0.06
m15,0.81,0.91,0.87,-0.09999999999999998,-0.040000000000000036
m15,0.13,0.07,0.04,0.06,-0.030000000000000006
m15,0.13,0.07,0.04,0.06,-0.030000000000000006
m15,0.13,0.07,0.04,0.06,-0.030000000000000006
m15,0.13,0.07,0.04,0.06,-0.030000000000000006
h1,0.89,0.9,0.9,-0.010000000000000009,0.0
h1,0.11,0.12,0.11,-0.009999999999999995,-0.009999999999999995
h1,0.07,0.08,0.09,-0.009999999999999995,0.009999999999999995
h1,0.07,0.08,0.09,-0.009999999999999995,0.009999999999999995
m5,0.55,0.52,0.52,0.030000000000000027,0.0
h1,0.91,0.93,0.94,-0.020000000000000018,0.009999999999999898
h1,0.07,0.09,0.07,-0.01999999999999999,-0.01999999999999999
h1,0.07,0.09,0.07,-0.01999999999999999,-0.01999999999999999
h1,0.91,0.91,0.92,0.0,0.010000000000000009
h1,0.91,0.91,0.92,0.0,0.010000000000000009
h1,0.91,0.91,0.92,0.0,0.010000000000000009
h1,0.91,0.91,0.92,0.0,0.010000000000000009
h1,0.08,0.09,0.09,-0.009999999999999995,0.0
h1,0.08,0.09,0.09,-0.009999999999999995,0.0
h1,0.08,0.09,0.09,-0.009999999999999995,0.0
h1,0.08,0.09,0.09,-0.009999999999999995,0.0
h1,0.08,0.09,0.09,-0.009999999999999995,0.0
h1,0.08,0.09,0.09,-0.009999999999999995,0.0
h1,0.08,0.1,0.1,-0.020000000000000004,0.0
h1,0.08,0.1,0.1,-0.020000000000000004,0.0
m5,0.54,0.56,0.55,-0.020000000000000018,-0.010000000000000009
m5,0.53,0.56,0.55,-0.030000000000000027,-0.010000000000000009
h1,0.9,0.92,0.92,-0.020000000000000018,0.0
h1,0.9,0.92,0.92,-0.020000000000000018,0.0
h1,0.08,0.08,0.09,0.0,0.009999999999999995
m5,0.52,0.6,0.6,-0.07999999999999996,0.0
h1,0.9,0.91,0.91,-0.010000000000000009,0.0
h1,0.9,0.91,0.91,-0.010000000000000009,0.0
m5,0.27,0.27,0.23,0.0,-0.04000000000000001
h1,0.95,0.97,0.96,-0.020000000000000018,-0.010000000000000009
m5,0.76,0.74,0.73,0.020000000000000018,-0.010000000000000009
m5,0.23,0.24,0.24,-0.009999999999999981,0.0
m5,0.28,0.18,0.17,0.10000000000000003,-0.009999999999999981
m5,0.83,0.88,0.85,-0.050000000000000044,-0.030000000000000027
h1,0.9605,0.98,0.98,-0.019499999999999962,0.0
h1,0.98,0.98,0.98,0.0,0.0
h1,0.96,0.98,0.98,-0.020000000000000018,0.0
h1,0.98,0.98,0.98,0.0,0.0
m5,0.1469,0.15,0.15,-0.0030999999999999917,0.0
m5,0.77,0.86,0.86,-0.08999999999999997,0.0
m5,0.84,0.84,0.8,0.0,-0.039999999999999925
m5,0.17,0.18,0.17,-0.009999999999999981,-0.009999999999999981
m15,0.13,0.13,0.13,0.0,0.0
h1,0.99,0.99,0.99,0.0,0.0
m5,0.35,0.43,0.35,-0.08000000000000002,-0.08000000000000002
m5,0.55,0.58,0.58,-0.029999999999999916,0.0
m5,0.56,0.59,0.57,-0.029999999999999916,-0.020000000000000018
m5,0.42,0.66,0.6,-0.24000000000000005,-0.06000000000000005
m15,0.93,0.97,0.97,-0.039999999999999925,0.0
m15,0.96,0.97,0.97,-0.010000000000000009,0.0
m5,0.5,0.51,0.51,-0.010000000000000009,0.0
m5,0.5,0.51,0.51,-0.010000000000000009,0.0
m5,0.51,0.48,0.48,0.030000000000000027,0.0
m5,0.5,0.54,0.54,-0.040000000000000036,0.0
m5,0.53,0.52,0.52,0.010000000000000009,0.0
m15,0.96,0.97,0.97,-0.010000000000000009,0.0
m15,0.96,0.97,0.97,-0.010000000000000009,0.0
m5,0.49,0.54,0.52,-0.050000000000000044,-0.020000000000000018
m5,0.52,0.54,0.54,-0.020000000000000018,0.0
m5,0.49,0.47,0.47,0.020000000000000018,0.0
m5,0.45,0.44,0.45,0.010000000000000009,0.010000000000000009
m5,0.56,0.56,0.56,0.0,0.0
m5,0.45,0.43,0.45,0.020000000000000018,0.020000000000000018
m5,0.62,0.68,0.66,-0.06000000000000005,-0.020000000000000018
m5,0.3,0.26,0.28,0.03999999999999998,0.020000000000000018
m5,0.7789,0.81,0.8,-0.031100000000000017,-0.010000000000000009
m5,0.75,0.81,0.8,-0.06000000000000005,-0.010000000000000009
m5,0.2,0.19,0.19,0.010000000000000009,0.0
m5,0.83,0.84,0.84,-0.010000000000000009,0.0
m5,0.84,0.84,0.84,0.0,0.0
m5,0.85,0.85,0.86,0.0,0.010000000000000009
m5,0.15,0.21,0.19,-0.06,-0.01999999999999999
m5,0.16,0.23,0.23,-0.07,0.0
m5,0.78,0.79,0.79,-0.010000000000000009,0.0
m5,0.78,0.79,0.79,-0.010000000000000009,0.0
m5,0.75,0.81,0.8,-0.06000000000000005,-0.010000000000000009
m5,0.78,0.86,0.83,-0.07999999999999996,-0.030000000000000027
m5,0.81,0.88,0.87,-0.06999999999999995,-0.010000000000000009
m5,0.8,0.88,0.87,-0.07999999999999996,-0.010000000000000009
m5,0.13,0.14,0.13,-0.010000000000000009,-0.010000000000000009
m5,0.17,0.16,0.17,0.010000000000000009,0.010000000000000009
m5,0.85,0.84,0.85,0.010000000000000009,0.010000000000000009
m5,0.1771,0.17,0.17,0.007099999999999995,0.0
m5,0.19,0.22,0.22,-0.03,0.0
m5,0.79,0.76,0.79,0.030000000000000027,0.030000000000000027
m5,0.24,0.28,0.25,-0.040000000000000036,-0.030000000000000027
m5,0.22,0.28,0.25,-0.060000000000000026,-0.030000000000000027
m5,0.25,0.41,0.37,-0.15999999999999998,-0.03999999999999998
m5,0.57,0.6,0.6,-0.030000000000000027,0.0
m5,0.41,0.42,0.42,-0.010000000000000009,0.0
m5,0.59,0.62,0.62,-0.030000000000000027,0.0
m5,0.39,0.39,0.39,0.0,0.0
m5,0.39,0.42,0.41,-0.02999999999999997,-0.010000000000000009
m5,0.6,0.61,0.61,-0.010000000000000009,0.0
m5,0.6,0.61,0.61,-0.010000000000000009,0.0
m5,0.61,0.61,0.61,0.0,0.0
m5,0.4354,0.24,0.26,0.19540000000000002,0.020000000000000018
m5,0.28,0.2,0.25,0.08000000000000002,0.04999999999999999
m5,0.82,0.83,0.83,-0.010000000000000009,0.0
m5,0.83,0.83,0.83,0.0,0.0
m5,0.83,0.83,0.83,0.0,0.0
m5,0.83,0.83,0.83,0.0,0.0
m5,0.83,0.8,0.83,0.029999999999999916,0.029999999999999916
m5,0.24,0.23,0.25,0.009999999999999981,0.01999999999999999
m5,0.78,0.67,0.74,0.10999999999999999,0.06999999999999995
m5,0.2742,0.4,0.38,-0.12580000000000002,-0.020000000000000018
m5,0.23,0.4,0.38,-0.17,-0.020000000000000018
m5,0.61,0.61,0.61,0.0,0.0
m5,0.61,0.59,0.6,0.020000000000000018,0.010000000000000009
m5,0.61,0.4,0.43,0.20999999999999996,0.02999999999999997
m5,0.5402,0.83,0.61,-0.28979999999999995,-0.21999999999999997
m5,0.6465000000000001,0.86,0.85,-0.2134999999999999,-0.010000000000000009
m5,0.4,0.15,0.16,0.25,0.010000000000000009
m5,0.13,0.14,0.15,-0.010000000000000009,0.009999999999999981
m5,0.11,0.11,0.12,0.0,0.009999999999999995
m5,0.11,0.11,0.12,0.0,0.009999999999999995
m5,0.12,0.09,0.11,0.03,0.020000000000000004
m5,0.01,0.01,0.01,0.0,0.0
m5,0.43,0.44,0.44,-0.010000000000000009,0.0
m5,0.69,0.73,0.74,-0.040000000000000036,0.010000000000000009
m5,0.28,0.28,0.29,0.0,0.009999999999999953
m5,0.72,0.72,0.73,0.0,0.010000000000000009
m5,0.75,0.77,0.77,-0.020000000000000018,0.0
m5,0.65,0.7,0.7,-0.04999999999999993,0.0
m5,0.66,0.72,0.7,-0.05999999999999994,-0.020000000000000018
m5,0.27,0.3,0.3,-0.02999999999999997,0.0
m5,0.23,0.28,0.27,-0.05000000000000002,-0.010000000000000009
m5,0.29,0.29,0.29,0.0,0.0
m5,0.72,0.72,0.72,0.0,0.0
m5,0.75,0.8,0.82,-0.050000000000000044,0.019999999999999907
m5,0.78,0.8,0.8,-0.020000000000000018,0.0
m5,0.22,0.24,0.25,-0.01999999999999999,0.010000000000000009
m5,0.77,0.79,0.8,-0.020000000000000018,0.010000000000000009
m5,0.21,0.22,0.22,-0.010000000000000009,0.0
m5,0.79,0.8,0.8,-0.010000000000000009,0.0
m5,0.8,0.8,0.8,0.0,0.0
m5,0.18,0.18,0.18,0.0,0.0
m5,0.82,0.85,0.84,-0.030000000000000027,-0.010000000000000009
m5,0.16,0.16,0.16,0.0,0.0
m5,0.16,0.16,0.16,0.0,0.0
m5,0.17,0.22,0.2,-0.04999999999999999,-0.01999999999999999
m5,0.2,0.29,0.24,-0.08999999999999997,-0.04999999999999999
m5,0.38,0.37,0.39,0.010000000000000009,0.020000000000000018
m5,0.41859999999999997,0.37,0.39,0.04859999999999998,0.020000000000000018
m5,0.4,0.3,0.31,0.10000000000000003,0.010000000000000009
m5,0.63,0.68,0.71,-0.050000000000000044,0.029999999999999916
m5,0.71,0.68,0.71,0.029999999999999916,0.029999999999999916
m5,0.64,0.68,0.71,-0.040000000000000036,0.029999999999999916
m5,0.72,0.75,0.71,-0.030000000000000027,-0.040000000000000036
m5,0.72,0.75,0.71,-0.030000000000000027,-0.040000000000000036
m5,0.74,0.68,0.68,0.05999999999999994,0.0
m5,0.26,0.33,0.33,-0.07,0.0
m5,0.33,0.26,0.27,0.07,0.010000000000000009
m5,0.77,0.8,0.83,-0.030000000000000027,0.029999999999999916
m5,0.22,0.24,0.46,-0.01999999999999999,0.22000000000000003
m5,0.24,0.08,0.13,0.15999999999999998,0.05
m5,0.9,0.95,0.95,-0.04999999999999993,0.0
m5,0.77,0.95,0.95,-0.17999999999999994,0.0
m5,0.28,0.27,0.27,0.010000000000000009,0.0
h1,0.4,0.39,0.39,0.010000000000000009,0.0
h1,0.38,0.39,0.39,-0.010000000000000009,0.0
h1,0.38,0.39,0.39,-0.010000000000000009,0.0
m15,0.29,0.29,0.3,0.0,0.010000000000000009
m5,0.77,0.78,0.78,-0.010000000000000009,0.0
h1,0.42,0.45,0.45,-0.030000000000000027,0.0
m15,0.59,0.59,0.6,0.0,0.010000000000000009
m15,0.59,0.59,0.59,0.0,0.0
m15,0.59,0.59,0.59,0.0,0.0
m5,0.64,0.61,0.62,0.030000000000000027,0.010000000000000009
m5,0.36,0.47,0.46,-0.10999999999999999,-0.009999999999999953
m15,0.42,0.4,0.39,0.019999999999999962,-0.010000000000000009
m5,0.55,0.67,0.68,-0.12,0.010000000000000009
m5,0.59,0.6,0.6,-0.010000000000000009,0.0
h1,0.46,0.46,0.46,0.0,0.0
h1,0.46,0.47,0.47,-0.009999999999999953,0.0
m5,0.44,0.44,0.44,0.0,0.0
m5,0.56,0.58,0.59,-0.019999999999999907,0.010000000000000009
m5,0.6267,0.91,0.93,-0.2833,0.020000000000000018
h1,0.51,0.6,0.6,-0.08999999999999997,0.0
m5,0.15,0.43,0.29,-0.28,-0.14
m5,0.7626000000000001,0.54,0.57,0.22260000000000002,0.029999999999999916
m5,0.12,0.48,0.5,-0.36,0.020000000000000018
m15,0.62,0.49,0.49,0.13,0.0
m5,0.47,0.5,0.5,-0.030000000000000027,0.0
m5,0.56,0.41,0.43,0.15000000000000008,0.020000000000000018
h1,0.4,0.44,0.42,-0.03999999999999998,-0.020000000000000018
h1,0.41,0.44,0.42,-0.030000000000000027,-0.020000000000000018
m5,0.71,0.81,0.81,-0.10000000000000009,0.0
m5,0.2354,0.22,0.22,0.015399999999999997,0.0
h1,0.37,0.34,0.36,0.02999999999999997,0.019999999999999962
m5,0.85,0.85,0.85,0.0,0.0
h1,0.34,0.34,0.34,0.0,0.0
h1,0.34,0.34,0.34,0.0,0.0
h1,0.34,0.34,0.34,0.0,0.0
h1,0.34,0.36,0.35,-0.019999999999999962,-0.010000000000000009
h1,0.34,0.36,0.35,-0.019999999999999962,-0.010000000000000009
h1,0.38,0.42,0.42,-0.03999999999999998,0.0
m5,0.8874,0.9,0.9,-0.012600000000000056,0.0
m5,0.89,0.89,0.9,0.0,0.010000000000000009
m5,0.93,0.91,0.91,0.020000000000000018,0.0
m5,0.91,0.96,0.92,-0.04999999999999993,-0.039999999999999925
m5,0.09,0.03,0.06,0.06,0.03
m5,0.043899999999999995,0.02,0.03,0.023899999999999994,0.009999999999999998
m15,0.33,0.34,0.34,-0.010000000000000009,0.0
m5,0.54,0.56,0.56,-0.020000000000000018,0.0
m5,0.46,0.46,0.46,0.0,0.0
m5,0.6,0.63,0.63,-0.030000000000000027,0.0
m5,0.43,0.46,0.46,-0.030000000000000027,0.0
m5,0.56,0.59,0.59,-0.029999999999999916,0.0
m5,0.42,0.42,0.42,0.0,0.0
m5,0.4,0.44,0.43,-0.03999999999999998,-0.010000000000000009
m5,0.58,0.56,0.56,0.019999999999999907,0.0
m5,0.55,0.55,0.55,0.0,0.0
m5,0.53,0.6,0.57,-0.06999999999999995,-0.030000000000000027
m5,0.56,0.56,0.6,0.0,0.039999999999999925
m15,0.44,0.49,0.48,-0.04999999999999999,-0.010000000000000009
m5,0.72,0.78,0.78,-0.06000000000000005,0.0
m5,0.8,0.78,0.81,0.020000000000000018,0.030000000000000027
m5,0.81,0.75,0.75,0.06000000000000005,0.0
m5,0.76,0.85,0.79,-0.08999999999999997,-0.05999999999999994
m5,0.8,0.85,0.85,-0.04999999999999993,0.0
h1,0.4,0.41,0.41,-0.009999999999999953,0.0
h1,0.4,0.41,0.41,-0.009999999999999953,0.0
h1,0.41,0.41,0.41,0.0,0.0
m5,0.85,0.9,0.9,-0.050000000000000044,0.0
m5,0.11,0.17,0.14,-0.06000000000000001,-0.03
h1,0.42,0.43,0.44,-0.010000000000000009,0.010000000000000009
m15,0.66,0.64,0.67,0.020000000000000018,0.030000000000000027
m5,0.15,0.19,0.19,-0.04000000000000001,0.0
m5,0.81,0.81,0.81,0.0,0.0
m5,0.2,0.2,0.2,0.0,0.0
m5,0.86,0.87,0.87,-0.010000000000000009,0.0
m5,0.87,0.92,0.9,-0.050000000000000044,-0.020000000000000018
m15,0.1,0.09,0.08,0.010000000000000009,-0.009999999999999995
m15,0.08,0.1,0.09,-0.020000000000000004,-0.010000000000000009
m15,0.08,0.12,0.12,-0.039999999999999994,0.0
h1,0.32,0.33,0.33,-0.010000000000000009,0.0
h1,0.33,0.33,0.33,0.0,0.0
h1,0.33,0.33,0.33,0.0,0.0
h1,0.31,0.33,0.33,-0.020000000000000018,0.0
h1,0.32,0.33,0.35,-0.010000000000000009,0.019999999999999962
h1,0.33,0.33,0.33,0.0,0.0
h1,0.28,0.29,0.29,-0.009999999999999953,0.0
h1,0.29,0.32,0.31,-0.030000000000000027,-0.010000000000000009
h1,0.61,0.64,0.62,-0.030000000000000027,-0.020000000000000018
h1,0.61,0.64,0.62,-0.030000000000000027,-0.020000000000000018
m5,0.2894,0.3,0.31,-0.010599999999999998,0.010000000000000009
h1,0.6,0.65,0.64,-0.050000000000000044,-0.010000000000000009
h1,0.6,0.65,0.64,-0.050000000000000044,-0.010000000000000009
h1,0.6,0.65,0.64,-0.050000000000000044,-0.010000000000000009
h1,0.35,0.34,0.35,0.009999999999999953,0.009999999999999953
m5,0.55,0.55,0.54,0.0,-0.010000000000000009
h1,0.67,0.69,0.68,-0.019999999999999907,-0.009999999999999898
m5,0.51,0.53,0.51,-0.020000000000000018,-0.020000000000000018
h1,0.67,0.69,0.69,-0.019999999999999907,0.0
h1,0.3,0.32,0.32,-0.020000000000000018,0.0
h1,0.3,0.31,0.31,-0.010000000000000009,0.0
m5,0.46,0.48,0.48,-0.019999999999999962,0.0
m5,0.56,0.55,0.57,0.010000000000000009,0.019999999999999907
m5,0.47,0.47,0.47,0.0,0.0
m5,0.53,0.54,0.54,-0.010000000000000009,0.0
m5,0.5122,0.55,0.54,-0.037800000000000056,-0.010000000000000009
m5,0.51,0.55,0.54,-0.040000000000000036,-0.010000000000000009
m5,0.47,0.56,0.53,-0.09000000000000008,-0.030000000000000027
m5,0.49,0.56,0.56,-0.07000000000000006,0.0
m5,0.56,0.56,0.54,0.0,-0.020000000000000018
m5,0.54,0.58,0.56,-0.039999999999999925,-0.019999999999999907
m5,0.43200000000000005,0.47,0.46,-0.03799999999999992,-0.009999999999999953
m5,0.55,0.53,0.54,0.020000000000000018,0.010000000000000009
h1,0.68,0.69,0.69,-0.009999999999999898,0.0
m5,0.53,0.56,0.57,-0.030000000000000027,0.009999999999999898
m5,0.58,0.61,0.6,-0.030000000000000027,-0.010000000000000009
h1,0.7,0.71,0.71,-0.010000000000000009,0.0
m5,0.4,0.42,0.4,-0.019999999999999962,-0.019999999999999962
m5,0.61,0.66,0.61,-0.050000000000000044,-0.050000000000000044
m5,0.28,0.28,0.29,0.0,0.009999999999999953
h1,0.72,0.73,0.73,-0.010000000000000009,0.0
m5,0.73,0.72,0.72,0.010000000000000009,0.0
m5,0.29,0.29,0.29,0.0,0.0
m5,0.29,0.32,0.3,-0.030000000000000027,-0.020000000000000018
m5,0.68,0.76,0.76,-0.07999999999999996,0.0
m5,0.76,0.77,0.77,-0.010000000000000009,0.0
h1,0.73,0.75,0.74,-0.020000000000000018,-0.010000000000000009
h1,0.73,0.75,0.75,-0.020000000000000018,0.0
m5,0.84,0.83,0.83,0.010000000000000009,0.0
m5,0.8378,0.83,0.83,0.007800000000000029,0.0
m5,0.1736,0.2,0.2,-0.026400000000000007,0.0
m5,0.2,0.2,0.2,0.0,0.0
m5,0.81,0.82,0.82,-0.009999999999999898,0.0
m5,0.19,0.19,0.2,0.0,0.010000000000000009
m5,0.82,0.82,0.82,0.0,0.0
m5,0.16,0.16,0.16,0.0,0.0
m5,0.85,0.89,0.88,-0.040000000000000036,-0.010000000000000009
m5,0.87,0.89,0.89,-0.020000000000000018,0.0
m5,0.89,0.89,0.89,0.0,0.0
m5,0.5,0.5,0.5,0.0,0.0
m5,0.5,0.52,0.52,-0.020000000000000018,0.0
m5,0.49,0.49,0.49,0.0,0.0
h1,0.16,0.18,0.18,-0.01999999999999999,0.0
h1,0.16,0.18,0.18,-0.01999999999999999,0.0
m5,0.5,0.51,0.51,-0.010000000000000009,0.0
m5,0.49,0.51,0.51,-0.020000000000000018,0.0
m5,0.53,0.67,0.58,-0.14,-0.09000000000000008
h1,0.2,0.26,0.24,-0.06,-0.020000000000000018
m5,0.75,0.8,0.81,-0.050000000000000044,0.010000000000000009
m5,0.23,0.29,0.29,-0.05999999999999997,0.0
m5,0.26,0.24,0.26,0.020000000000000018,0.020000000000000018
m5,0.77,0.78,0.79,-0.010000000000000009,0.010000000000000009
m5,0.77,0.79,0.77,-0.020000000000000018,-0.020000000000000018
m5,0.22,0.21,0.21,0.010000000000000009,0.0
m5,0.21,0.22,0.22,-0.010000000000000009,0.0
m5,0.79,0.8,0.8,-0.010000000000000009,0.0
m5,0.21,0.23,0.22,-0.020000000000000018,-0.010000000000000009
m5,0.22,0.23,0.23,-0.010000000000000009,0.0
m5,0.8,0.85,0.83,-0.04999999999999993,-0.020000000000000018
m5,0.11,0.13,0.14,-0.020000000000000004,0.010000000000000009
m5,0.87,0.9,0.89,-0.030000000000000027,-0.010000000000000009
h1,0.26,0.28,0.26,-0.020000000000000018,-0.020000000000000018
h1,0.26,0.28,0.26,-0.020000000000000018,-0.020000000000000018
m5,0.07,0.12,0.13,-0.04999999999999999,0.010000000000000009
m5,0.89,0.89,0.91,0.0,0.020000000000000018
m15,0.24,0.23,0.24,0.009999999999999981,0.009999999999999981
m5,0.12,0.13,0.13,-0.010000000000000009,0.0
m5,0.86,0.87,0.88,-0.010000000000000009,0.010000000000000009
m5,0.85,0.84,0.87,0.010000000000000009,0.030000000000000027
m5,0.79,0.87,0.84,-0.07999999999999996,-0.030000000000000027
h1,0.21,0.21,0.21,0.0,0.0
m5,0.14,0.17,0.17,-0.03,0.0
m5,0.78,0.9,0.88,-0.12,-0.020000000000000018
m5,0.78,0.9,0.88,-0.12,-0.020000000000000018
m5,0.11,0.11,0.11,0.0,0.0
m5,0.11,0.09,0.1,0.020000000000000004,0.010000000000000009
m5,0.92,0.91,0.93,0.010000000000000009,0.020000000000000018
m5,0.13,0.22,0.17,-0.09,-0.04999999999999999
m5,0.2,0.23,0.21,-0.03,-0.020000000000000018
m5,0.78,0.78,0.8,0.0,0.020000000000000018
m5,0.78,0.78,0.8,0.0,0.020000000000000018
m5,0.21,0.25,0.24,-0.04000000000000001,-0.010000000000000009
m5,0.22,0.25,0.24,-0.03,-0.010000000000000009
m5,0.23,0.2,0.25,0.03,0.04999999999999999
m5,0.21,0.14,0.18,0.06999999999999998,0.03999999999999998
m5,0.12,0.09,0.1,0.03,0.010000000000000009
m5,0.84,0.92,0.91,-0.08000000000000007,-0.010000000000000009
m5,0.1,0.09,0.06,0.010000000000000009,-0.03
m5,0.85,0.92,0.95,-0.07000000000000006,0.029999999999999916
h1,0.19,0.2,0.21,-0.010000000000000009,0.009999999999999981
m5,0.06,0.08,0.09,-0.020000000000000004,0.009999999999999995
m5,0.97,1.0,1.0,-0.030000000000000027,0.0
m5,0.97,1.0,1.0,-0.030000000000000027,0.0
m15,0.37,0.39,0.38,-0.020000000000000018,-0.010000000000000009
m5,0.51,0.55,0.5,-0.040000000000000036,-0.050000000000000044
m5,0.5,0.52,0.54,-0.020000000000000018,0.020000000000000018
m5,0.46,0.51,0.51,-0.04999999999999999,0.0
m5,0.48,0.53,0.53,-0.050000000000000044,0.0
m5,0.52,0.54,0.54,-0.020000000000000018,0.0
m5,0.54,0.49,0.49,0.050000000000000044,0.0
m5,0.49,0.59,0.58,-0.09999999999999998,-0.010000000000000009
m5,0.57,0.59,0.59,-0.020000000000000018,0.0
m5,0.42,0.42,0.42,0.0,0.0
m5,0.59,0.61,0.6,-0.020000000000000018,-0.010000000000000009
m5,0.3,0.31,0.31,-0.010000000000000009,0.0
m5,0.68,0.7,0.71,-0.019999999999999907,0.010000000000000009
m5,0.68,0.7,0.71,-0.019999999999999907,0.010000000000000009
m5,0.36,0.38,0.37,-0.020000000000000018,-0.010000000000000009
m5,0.64,0.71,0.69,-0.06999999999999995,-0.020000000000000018
m5,0.63,0.71,0.69,-0.07999999999999996,-0.020000000000000018
m5,0.69,0.69,0.69,0.0,0.0
m5,0.69,0.68,0.7,0.009999999999999898,0.019999999999999907
m5,0.31,0.33,0.31,-0.020000000000000018,-0.020000000000000018
m5,0.31,0.37,0.36,-0.06,-0.010000000000000009
m5,0.37,0.36,0.35,0.010000000000000009,-0.010000000000000009
m5,0.35,0.39,0.38,-0.040000000000000036,-0.010000000000000009
m5,0.35,0.42,0.41,-0.07,-0.010000000000000009
m5,0.59,0.59,0.61,0.0,0.020000000000000018
m5,0.58,0.58,0.58,0.0,0.0
m5,0.58,0.65,0.63,-0.07000000000000006,-0.020000000000000018
m5,0.38,0.37,0.37,0.010000000000000009,0.0
m5,0.37,0.34,0.35,0.02999999999999997,0.009999999999999953
m5,0.32,0.37,0.37,-0.04999999999999999,0.0
m5,0.37,0.53,0.48,-0.16000000000000003,-0.050000000000000044
m5,0.37450000000000006,0.37,0.37,0.0045000000000000595,0.0
m5,0.37,0.39,0.39,-0.020000000000000018,0.0
m5,0.37,0.4,0.39,-0.030000000000000027,-0.010000000000000009
m5,0.38,0.4,0.39,-0.020000000000000018,-0.010000000000000009
m5,0.39,0.42,0.4,-0.02999999999999997,-0.019999999999999962
m5,0.39,0.42,0.4,-0.02999999999999997,-0.019999999999999962
m5,0.59,0.51,0.57,0.07999999999999996,0.05999999999999994
m5,0.43,0.5,0.5,-0.07,0.0
m5,0.4,0.4,0.4,0.0,0.0
m5,0.38,0.38,0.38,0.0,0.0
m5,0.57,0.55,0.54,0.019999999999999907,-0.010000000000000009
m5,0.54,0.55,0.54,-0.010000000000000009,-0.010000000000000009
m5,0.54,0.58,0.57,-0.039999999999999925,-0.010000000000000009
m5,0.54,0.58,0.57,-0.039999999999999925,-0.010000000000000009
m5,0.43770000000000003,0.43,0.43,0.00770000000000004,0.0
m5,0.43,0.46,0.46,-0.030000000000000027,0.0
m5,0.55,0.55,0.56,0.0,0.010000000000000009
m5,0.55,0.6,0.56,-0.04999999999999993,-0.039999999999999925
m5,0.3998,0.4,0.38,-0.00020000000000003348,-0.020000000000000018
m5,0.39,0.38,0.38,0.010000000000000009,0.0
m5,0.2534,0.16,0.24,0.09340000000000001,0.07999999999999999
m5,0.13,0.2,0.23,-0.07,0.03
h1,0.15,0.17,0.17,-0.020000000000000018,0.0
m5,0.81,0.85,0.84,-0.039999999999999925,-0.010000000000000009
m5,0.81,0.85,0.84,-0.039999999999999925,-0.010000000000000009
m5,0.81,0.85,0.84,-0.039999999999999925,-0.010000000000000009
m5,0.15,0.17,0.17,-0.020000000000000018,0.0
m5,0.16,0.17,0.17,-0.010000000000000009,0.0
m5,0.84,0.85,0.85,-0.010000000000000009,0.0
m5,0.15,0.16,0.16,-0.010000000000000009,0.0
m5,0.84,0.87,0.87,-0.030000000000000027,0.0
m5,0.16,0.22,0.22,-0.06,0.0
m15,0.51,0.52,0.52,-0.010000000000000009,0.0
m5,0.56,0.57,0.56,-0.009999999999999898,-0.009999999999999898
m15,0.52,0.52,0.52,0.0,0.0
m5,0.56,0.57,0.57,-0.009999999999999898,0.0
m5,0.65,0.67,0.67,-0.020000000000000018,0.0
m5,0.36,0.41,0.4,-0.04999999999999999,-0.009999999999999953
m5,0.61,0.68,0.64,-0.07000000000000006,-0.040000000000000036
m5,0.66,0.68,0.68,-0.020000000000000018,0.0
m5,0.74,0.74,0.76,0.0,0.020000000000000018
m15,0.26,0.29,0.29,-0.02999999999999997,0.0
m15,0.26,0.29,0.29,-0.02999999999999997,0.0
m5,0.27,0.28,0.27,-0.010000000000000009,-0.010000000000000009
m15,0.72,0.69,0.7,0.030000000000000027,0.010000000000000009
m5,0.74,0.73,0.74,0.010000000000000009,0.010000000000000009
m15,0.69,0.68,0.68,0.009999999999999898,0.0
m5,0.27,0.28,0.28,-0.010000000000000009,0.0
m15,0.36,0.39,0.38,-0.030000000000000027,-0.010000000000000009
m5,0.33,0.42,0.37,-0.08999999999999997,-0.04999999999999999
h1,0.13,0.13,0.13,0.0,0.0
h1,0.13,0.14,0.14,-0.010000000000000009,0.0
m5,0.46,0.48,0.48,-0.019999999999999962,0.0
m15,0.53,0.45,0.56,0.08000000000000002,0.11000000000000004
m5,0.53,0.61,0.61,-0.07999999999999996,0.0
m5,0.42,0.6,0.52,-0.18,-0.07999999999999996
m15,0.6574,0.77,0.71,-0.11260000000000003,-0.06000000000000005
h1,0.16,0.2,0.18,-0.04000000000000001,-0.020000000000000018
m5,0.77,0.89,0.89,-0.12,0.0
m15,0.09,0.09,0.08,0.0,-0.009999999999999995
m5,0.12,0.16,0.15,-0.04000000000000001,-0.010000000000000009
m15,0.0767,0.08,0.11,-0.0032999999999999974,0.03
m5,0.15,0.14,0.15,0.009999999999999981,0.009999999999999981
m5,0.15,0.14,0.14,0.009999999999999981,0.0
m15,0.08,0.07,0.05,0.009999999999999995,-0.020000000000000004
m15,0.08,0.07,0.05,0.009999999999999995,-0.020000000000000004
m5,0.13,0.14,0.14,-0.010000000000000009,0.0
m15,0.0455,0.12,0.12,-0.0745,0.0
m5,0.83,0.87,0.87,-0.040000000000000036,0.0
m5,0.81,0.87,0.87,-0.05999999999999994,0.0
m15,0.1,0.12,0.12,-0.01999999999999999,0.0
h1,0.22,0.22,0.22,0.0,0.0
m15,0.0209,0.15,0.15,-0.1291,0.0
m5,0.82,0.83,0.83,-0.010000000000000009,0.0
m5,0.8529000000000001,0.88,0.87,-0.027099999999999902,-0.010000000000000009
h1,0.24,0.25,0.24,-0.010000000000000009,-0.010000000000000009
m5,0.88,0.92,0.92,-0.040000000000000036,0.0
m5,0.07,0.13,0.12,-0.06,-0.010000000000000009
m5,0.88,0.88,0.88,0.0,0.0
m5,0.13,0.09,0.09,0.04000000000000001,0.0
h1,0.3,0.34,0.34,-0.040000000000000036,0.0
m5,0.01,0.01,0.01,0.0,0.0
h1,0.65,0.67,0.67,-0.020000000000000018,0.0
h1,0.3,0.31,0.31,-0.010000000000000009,0.0
h1,0.3,0.3,0.3,0.0,0.0
h1,0.3,0.3,0.3,0.0,0.0
h1,0.29,0.3,0.3,-0.010000000000000009,0.0
h1,0.29,0.32,0.31,-0.030000000000000027,-0.010000000000000009
h1,0.3,0.32,0.31,-0.020000000000000018,-0.010000000000000009
h1,0.29,0.33,0.33,-0.040000000000000036,0.0
h1,0.32,0.33,0.32,-0.010000000000000009,-0.010000000000000009
h1,0.32,0.33,0.32,-0.010000000000000009,-0.010000000000000009
m5,0.2781,0.29,0.27,-0.011899999999999966,-0.019999999999999962
m5,0.5065999999999999,0.72,0.74,-0.21340000000000003,0.020000000000000018
m5,0.5,0.72,0.74,-0.21999999999999997,0.020000000000000018
m5,0.27,0.26,0.25,0.010000000000000009,-0.010000000000000009
m5,0.27,0.26,0.25,0.010000000000000009,-0.010000000000000009
m5,0.27,0.14,0.16,0.13,0.01999999999999999
m5,0.18,0.18,0.17,0.0,-0.009999999999999981
h1,0.57,0.58,0.58,-0.010000000000000009,0.0
h1,0.56,0.58,0.58,-0.019999999999999907,0.0
m5,0.8,0.79,0.77,0.010000000000000009,-0.020000000000000018
m5,0.75,0.79,0.79,-0.040000000000000036,0.0
m5,0.16,0.15,0.18,0.010000000000000009,0.03
h1,0.55,0.54,0.56,0.010000000000000009,0.020000000000000018
h1,0.5589999999999999,0.54,0.54,0.018999999999999906,0.0
m5,0.11,0.09,0.09,0.020000000000000004,0.0
m15,0.18,0.17,0.19,0.009999999999999981,0.01999999999999999
m5,0.06,0.05,0.05,0.009999999999999995,0.0
h1,0.4445,0.48,0.42,-0.035499999999999976,-0.06
h1,0.44,0.48,0.42,-0.03999999999999998,-0.06
m5,0.06,0.04,0.04,0.019999999999999997,0.0
h1,0.42,0.48,0.46,-0.06,-0.019999999999999962
m5,0.04,0.06,0.03,-0.019999999999999997,-0.03
h1,0.45,0.51,0.49,-0.06,-0.020000000000000018
h1,0.45,0.51,0.49,-0.06,-0.020000000000000018
m5,0.04,0.07,0.1,-0.030000000000000006,0.03
m5,0.04,0.08,0.09,-0.04,0.009999999999999995
m5,0.91,0.89,0.93,0.020000000000000018,0.040000000000000036
m5,0.13,0.13,0.13,0.0,0.0
m5,0.05,0.09,0.09,-0.039999999999999994,0.0
m5,0.07,0.08,0.08,-0.009999999999999995,0.0
m5,0.04,0.08,0.08,-0.04,0.0
m5,0.93,0.96,0.96,-0.029999999999999916,0.0
m5,0.05,0.05,0.03,0.0,-0.020000000000000004
m5,0.03,0.05,0.03,-0.020000000000000004,-0.020000000000000004
m5,0.04,0.07,0.07,-0.030000000000000006,0.0
m5,0.03,0.02,0.03,0.009999999999999998,0.009999999999999998
m5,0.03,0.02,0.03,0.009999999999999998,0.009999999999999998
m5,0.03,0.02,0.03,0.009999999999999998,0.009999999999999998
m5,0.03,0.02,0.03,0.009999999999999998,0.009999999999999998
m5,0.02,0.02,0.02,0.0,0.0
m5,0.02,0.02,0.02,0.0,0.0
h1,0.29,0.32,0.32,-0.030000000000000027,0.0
m5,0.49,0.54,0.49,-0.050000000000000044,-0.050000000000000044
m5,0.44,0.45,0.45,-0.010000000000000009,0.0
m5,0.4,0.4,0.4,0.0,0.0
h1,0.27,0.27,0.27,0.0,0.0
h1,0.26,0.27,0.27,-0.010000000000000009,0.0
h1,0.28,0.28,0.28,0.0,0.0
h1,0.3,0.31,0.31,-0.010000000000000009,0.0
m5,0.52,0.53,0.52,-0.010000000000000009,-0.010000000000000009
m5,0.45,0.46,0.49,-0.010000000000000009,0.02999999999999997
m5,0.42,0.55,0.55,-0.13000000000000006,0.0
m5,0.44,0.56,0.56,-0.12000000000000005,0.0
m5,0.45,0.49,0.49,-0.03999999999999998,0.0
h1,0.27,0.29,0.3,-0.019999999999999962,0.010000000000000009
m5,0.43,0.47,0.47,-0.03999999999999998,0.0
m5,0.41,0.49,0.5,-0.08000000000000002,0.010000000000000009
h1,0.26,0.25,0.25,0.010000000000000009,0.0
m5,0.64,0.61,0.64,0.030000000000000027,0.030000000000000027
m5,0.4364,0.41,0.35,0.026400000000000035,-0.06
h1,0.25,0.3,0.26,-0.04999999999999999,-0.03999999999999998
m5,0.6,0.62,0.6,-0.020000000000000018,-0.020000000000000018
m5,0.4669,0.46,0.47,0.006899999999999962,0.009999999999999953
m5,0.42,0.5,0.51,-0.08000000000000002,0.010000000000000009
m5,0.43,0.42,0.42,0.010000000000000009,0.0
m5,0.33,0.38,0.38,-0.04999999999999999,0.0
m5,0.33,0.38,0.38,-0.04999999999999999,0.0
m5,0.32,0.38,0.38,-0.06,0.0
m5,0.62,0.68,0.68,-0.06000000000000005,0.0
m5,0.33,0.27,0.26,0.06,-0.010000000000000009
m5,0.26,0.31,0.3,-0.04999999999999999,-0.010000000000000009
m5,0.25,0.31,0.3,-0.06,-0.010000000000000009
m5,0.29,0.31,0.31,-0.020000000000000018,0.0
m5,0.3,0.32,0.32,-0.020000000000000018,0.0
m5,0.0321,0.15,0.15,-0.1179,0.0
m5,0.49,0.45,0.46,0.03999999999999998,0.010000000000000009
m15,0.39,0.35,0.36,0.040000000000000036,0.010000000000000009
h1,0.21,0.21,0.21,0.0,0.0
h1,0.22,0.2,0.21,0.01999999999999999,0.009999999999999981
h1,0.19,0.19,0.19,0.0,0.0
h1,0.19,0.2,0.2,-0.010000000000000009,0.0
m15,0.54,0.58,0.55,-0.039999999999999925,-0.029999999999999916
m5,0.24,0.25,0.25,-0.010000000000000009,0.0
m15,0.44,0.41,0.41,0.030000000000000027,0.0
m5,0.2,0.2,0.2,0.0,0.0
m15,0.7,0.78,0.76,-0.08000000000000007,-0.020000000000000018
m15,0.69,0.78,0.76,-0.09000000000000008,-0.020000000000000018
h1,0.06,0.09,0.08,-0.03,-0.009999999999999995
m15,0.05,0.08,0.07,-0.03,-0.009999999999999995
h1,0.08,0.08,0.08,0.0,0.0
h1,0.08,0.08,0.08,0.0,0.0
h1,0.06,0.07,0.07,-0.010000000000000009,0.0
h1,0.07,0.07,0.07,0.0,0.0
h1,0.0669,0.06,0.07,0.006900000000000003,0.010000000000000009
h1,0.07,0.06,0.07,0.010000000000000009,0.010000000000000009
h1,0.07,0.06,0.07,0.010000000000000009,0.010000000000000009
h1,0.06,0.07,0.06,-0.010000000000000009,-0.010000000000000009
h1,0.06,0.07,0.06,-0.010000000000000009,-0.010000000000000009
h1,0.06,0.07,0.06,-0.010000000000000009,-0.010000000000000009
h1,0.06,0.07,0.07,-0.010000000000000009,0.0
m5,0.01,0.01,0.01,0.0,0.0
h1,0.07,0.09,0.09,-0.01999999999999999,0.0
h1,0.09,0.1,0.1,-0.010000000000000009,0.0
h1,0.09,0.1,0.1,-0.010000000000000009,0.0
h1,0.1,0.1,0.1,0.0,0.0
h1,0.09,0.09,0.09,0.0,0.0
m15,0.05,0.04,0.05,0.010000000000000002,0.010000000000000002
h1,0.09,0.09,0.09,0.0,0.0
m15,0.03,0.07,0.05,-0.04000000000000001,-0.020000000000000004
m5,0.01,0.02,0.02,-0.01,0.0
h1,0.08,0.1,0.09,-0.020000000000000004,-0.010000000000000009
h1,0.09,0.1,0.1,-0.010000000000000009,0.0
h1,0.09,0.09,0.09,0.0,0.0
m5,0.98,1.0,1.0,-0.020000000000000018,0.0
h1,0.05,0.05,0.05,0.0,0.0
h1,0.05,0.06,0.05,-0.009999999999999995,-0.009999999999999995
h1,0.04,0.04,0.04,0.0,0.0
h1,0.04,0.06,0.06,-0.019999999999999997,0.0
h1,0.05,0.05,0.04,0.0,-0.010000000000000002
h1,0.0583,0.06,0.06,-0.0017000000000000001,0.0
h1,0.06,0.07,0.07,-0.010000000000000009,0.0
h1,0.06,0.07,0.07,-0.010000000000000009,0.0
h1,0.07,0.07,0.08,0.0,0.009999999999999995
h1,0.07,0.07,0.07,0.0,0.0
h1,0.065,0.08,0.08,-0.015,0.0
h1,0.08,0.08,0.08,0.0,0.0
h1,0.07,0.07,0.07,0.0,0.0
m5,0.49,0.49,0.49,0.0,0.0
h1,0.03,0.04,0.04,-0.010000000000000002,0.0
m5,0.49,0.48,0.49,0.010000000000000009,0.010000000000000009
m5,0.47,0.51,0.52,-0.040000000000000036,0.010000000000000009
h1,0.03,0.04,0.04,-0.010000000000000002,0.0
m5,0.5124,0.38,0.38,0.13239999999999996,0.0
m5,0.382,0.36,0.36,0.02200000000000002,0.0
h1,0.06,0.07,0.07,-0.010000000000000009,0.0
m5,0.77,0.81,0.8,-0.040000000000000036,-0.010000000000000009
h1,0.06,0.07,0.07,-0.010000000000000009,0.0
m5,0.2,0.14,0.2,0.06,0.06
h1,0.07,0.1,0.1,-0.03,0.0
h1,0.07,0.1,0.1,-0.03,0.0
m5,0.11,0.11,0.11,0.0,0.0
m5,0.78,0.8,0.8,-0.020000000000000018,0.0
m5,0.81,0.8,0.8,0.010000000000000009,0.0
m5,0.7981999999999999,0.79,0.8,0.008199999999999874,0.010000000000000009
m5,0.8,0.82,0.8,-0.019999999999999907,-0.019999999999999907
m5,0.19,0.21,0.21,-0.01999999999999999,0.0
h1,0.94,0.94,0.95,0.0,0.010000000000000009
m5,0.2,0.2,0.2,0.0,0.0
m5,0.2,0.21,0.23,-0.009999999999999981,0.020000000000000018
m5,0.19,0.19,0.19,0.0,0.0
m5,0.83,0.83,0.83,0.0,0.0
m5,0.82,0.8,0.83,0.019999999999999907,0.029999999999999916
m5,0.78,0.83,0.79,-0.04999999999999993,-0.039999999999999925
h1,0.9691,0.97,0.97,-0.0009000000000000119,0.0
m5,0.79,0.8,0.82,-0.010000000000000009,0.019999999999999907
m5,0.78,0.8,0.82,-0.020000000000000018,0.019999999999999907
m15,0.61,0.62,0.62,-0.010000000000000009,0.0
h1,0.98,0.98,0.98,0.0,0.0
m5,0.7,0.76,0.74,-0.06000000000000005,-0.020000000000000018
m5,0.7,0.76,0.74,-0.06000000000000005,-0.020000000000000018
m5,0.75,0.72,0.74,0.030000000000000027,0.020000000000000018
m5,0.25,0.22,0.26,0.03,0.04000000000000001
m5,0.25,0.22,0.22,0.03,0.0
m5,0.2289,0.23,0.22,-0.0011000000000000176,-0.010000000000000009
m5,0.22,0.23,0.22,-0.010000000000000009,-0.010000000000000009
m5,0.21,0.3,0.28,-0.09,-0.019999999999999962
m5,0.23,0.38,0.34,-0.15,-0.03999999999999998
m5,0.58,0.39,0.55,0.18999999999999995,0.16000000000000003
m5,0.39,0.31,0.33,0.08000000000000002,0.020000000000000018
m5,0.3886,0.31,0.33,0.0786,0.020000000000000018
m5,0.35,0.31,0.33,0.03999999999999998,0.020000000000000018
m5,0.28,0.26,0.27,0.020000000000000018,0.010000000000000009
m5,0.08,0.04,0.07,0.04,0.030000000000000006
m5,0.93,0.98,0.97,-0.04999999999999993,-0.010000000000000009
m5,0.97,1.0,1.0,-0.030000000000000027,0.0
h1,0.99,0.99,0.99,0.0,0.0
h1,0.99,0.99,0.99,0.0,0.0
h1,0.99,0.99,0.99,0.0,0.0
h1,0.99,0.99,0.99,0.0,0.0
h1,0.99,0.99,0.99,0.0,0.0
m5,0.38,0.41,0.41,-0.02999999999999997,0.0
m5,0.39,0.41,0.41,-0.019999999999999962,0.0
m5,0.52,0.57,0.57,-0.04999999999999993,0.0
m15,0.18,0.12,0.13,0.06,0.010000000000000009
m5,0.32,0.24,0.23,0.08000000000000002,-0.009999999999999981
m5,0.2963,0.2,0.22,0.0963,0.01999999999999999
m5,0.81,0.81,0.81,0.0,0.0
m5,0.17,0.15,0.17,0.020000000000000018,0.020000000000000018
m5,0.76,0.75,0.76,0.010000000000000009,0.010000000000000009
m5,0.21,0.21,0.21,0.0,0.0
m5,0.81,0.83,0.83,-0.019999999999999907,0.0
m15,0.06,0.08,0.07,-0.020000000000000004,-0.009999999999999995
m5,0.03,0.03,0.03,0.0,0.0
m5,0.01,0.02,0.01,-0.01,-0.01
m5,0.01,0.01,0.01,0.0,0.0
m5,0.01,0.01,0.01,0.0,0.0
m5,0.51,0.61,0.6,-0.09999999999999998,-0.010000000000000009
m5,0.4965,0.61,0.6,-0.11349999999999999,-0.010000000000000009
m5,0.5,0.61,0.6,-0.10999999999999999,-0.010000000000000009
m5,0.39,0.42,0.41,-0.02999999999999997,-0.010000000000000009
m5,0.5373,0.52,0.53,0.017299999999999982,0.010000000000000009
m5,0.26,0.29,0.27,-0.02999999999999997,-0.019999999999999962
m5,0.74,0.73,0.76,0.010000000000000009,0.030000000000000027
m5,0.25,0.3,0.29,-0.04999999999999999,-0.010000000000000009
m5,0.61,0.61,0.61,0.0,0.0
m5,0.49,0.5,0.5,-0.010000000000000009,0.0
m5,0.42,0.4,0.42,0.019999999999999962,0.019999999999999962
m5,0.59,0.63,0.62,-0.040000000000000036,-0.010000000000000009
m5,0.36,0.36,0.37,0.0,0.010000000000000009
m5,0.65,0.65,0.65,0.0,0.0
m5,0.67,0.66,0.67,0.010000000000000009,0.010000000000000009
m5,0.36,0.36,0.38,0.0,0.020000000000000018
m5,0.65,0.65,0.65,0.0,0.0
m5,0.53,0.53,0.53,0.0,0.0
m5,0.51,0.64,0.64,-0.13,0.0
m5,0.61,0.6,0.61,0.010000000000000009,0.010000000000000009
m5,0.39,0.43,0.41,-0.03999999999999998,-0.020000000000000018
m5,0.51,0.59,0.55,-0.07999999999999996,-0.039999999999999925
m5,0.51,0.63,0.62,-0.12,-0.010000000000000009
m5,0.6,0.63,0.63,-0.030000000000000027,0.0
m5,0.4,0.45,0.44,-0.04999999999999999,-0.010000000000000009
m5,0.38,0.45,0.44,-0.07,-0.010000000000000009
m5,0.48,0.54,0.54,-0.06000000000000005,0.0
m5,0.55,0.59,0.57,-0.039999999999999925,-0.020000000000000018
m5,0.54,0.59,0.57,-0.04999999999999993,-0.020000000000000018
m5,0.45,0.42,0.44,0.030000000000000027,0.020000000000000018
m5,0.45,0.38,0.41,0.07,0.02999999999999997
m5,0.55,0.63,0.6,-0.07999999999999996,-0.030000000000000027
m5,0.36,0.17,0.29,0.18999999999999997,0.11999999999999997
m5,0.14,0.16,0.17,-0.01999999999999999,0.010000000000000009
m5,0.14,0.16,0.17,-0.01999999999999999,0.010000000000000009
m5,0.13,0.16,0.17,-0.03,0.010000000000000009
m5,0.13,0.14,0.15,-0.010000000000000009,0.009999999999999981
m5,0.92,0.92,0.94,0.0,0.019999999999999907
m5,0.9,0.92,0.93,-0.020000000000000018,0.010000000000000009
m5,0.93,0.91,0.95,0.020000000000000018,0.039999999999999925
m5,0.93,0.91,0.95,0.020000000000000018,0.039999999999999925
m5,0.08,0.2,0.29,-0.12000000000000001,0.08999999999999997
m5,0.28,0.2,0.19,0.08000000000000002,-0.010000000000000009
m5,0.8,0.81,0.82,-0.010000000000000009,0.009999999999999898
m5,0.81,0.9,0.91,-0.08999999999999997,0.010000000000000009
m5,0.19,0.11,0.11,0.08,0.0
m5,0.08,0.16,0.16,-0.08,0.0
m5,0.83,0.85,0.85,-0.020000000000000018,0.0
m5,0.85,0.78,0.74,0.06999999999999995,-0.040000000000000036
m5,0.7437999999999999,0.89,0.76,-0.1462000000000001,-0.13
m5,0.74,0.89,0.76,-0.15000000000000002,-0.13
h1,0.49,0.51,0.51,-0.020000000000000018,0.0
m15,0.43,0.43,0.43,0.0,0.0
m5,0.32,0.37,0.38,-0.04999999999999999,0.010000000000000009
m5,0.63,0.68,0.68,-0.050000000000000044,0.0
h1,0.48,0.5,0.5,-0.020000000000000018,0.0
h1,0.48,0.5,0.5,-0.020000000000000018,0.0
m5,0.34,0.36,0.36,-0.019999999999999962,0.0
h1,0.49,0.51,0.49,-0.020000000000000018,-0.020000000000000018
m5,0.62,0.72,0.72,-0.09999999999999998,0.0
h1,0.44,0.47,0.47,-0.02999999999999997,0.0
m5,0.24,0.3,0.27,-0.06,-0.02999999999999997
h1,0.48,0.5,0.5,-0.020000000000000018,0.0
m5,0.59,0.57,0.59,0.020000000000000018,0.020000000000000018
m5,0.59,0.57,0.59,0.020000000000000018,0.020000000000000018
h1,0.54,0.56,0.57,-0.020000000000000018,0.009999999999999898
m5,0.59,0.6,0.6,-0.010000000000000009,0.0
m5,0.43,0.47,0.47,-0.03999999999999998,0.0
m5,0.45,0.43,0.45,0.020000000000000018,0.020000000000000018
m5,0.42,0.4,0.43,0.019999999999999962,0.02999999999999997
m5,0.42,0.4,0.43,0.019999999999999962,0.02999999999999997
m5,0.42,0.52,0.52,-0.10000000000000003,0.0
m5,0.53,0.58,0.6,-0.04999999999999993,0.020000000000000018
m5,0.41,0.41,0.43,0.0,0.020000000000000018
m5,0.58,0.57,0.58,0.010000000000000009,0.010000000000000009
m5,0.43,0.45,0.45,-0.020000000000000018,0.0
m5,0.3,0.24,0.24,0.06,0.0
m5,0.24,0.24,0.24,0.0,0.0
m5,0.22,0.25,0.25,-0.03,0.0
m5,0.65,0.72,0.74,-0.06999999999999995,0.020000000000000018
m5,0.72,0.74,0.76,-0.020000000000000018,0.020000000000000018
m5,0.65,0.65,0.65,0.0,0.0
m5,0.2323,0.23,0.23,0.0022999999999999965,0.0
m5,0.2663,0.23,0.23,0.03629999999999997,0.0
m5,0.6351,0.65,0.65,-0.014900000000000024,0.0
m5,0.7008,0.65,0.65,0.050799999999999956,0.0
m5,0.62,0.65,0.65,-0.030000000000000027,0.0
m5,0.6381,0.65,0.65,-0.011900000000000022,0.0
m5,0.36,0.34,0.37,0.019999999999999962,0.02999999999999997
h1,0.43,0.45,0.45,-0.020000000000000018,0.0
m5,0.37689999999999996,0.59,0.43,-0.2131,-0.15999999999999998
m5,0.44920000000000004,0.57,0.61,-0.12079999999999991,0.040000000000000036
m5,0.40270000000000006,0.57,0.61,-0.1672999999999999,0.040000000000000036
m5,0.42369999999999997,0.44,0.45,-0.016300000000000037,0.010000000000000009
m5,0.4401,0.45,0.47,-0.00990000000000002,0.019999999999999962
m5,0.44,0.45,0.47,-0.010000000000000009,0.019999999999999962
m5,0.44,0.48,0.53,-0.03999999999999998,0.050000000000000044
m5,0.45,0.52,0.51,-0.07,-0.010000000000000009
m5,0.62,0.66,0.63,-0.040000000000000036,-0.030000000000000027
m5,0.35,0.47,0.47,-0.12,0.0
m5,0.47,0.38,0.36,0.08999999999999997,-0.020000000000000018
m5,0.54,0.71,0.7,-0.16999999999999993,-0.010000000000000009
m5,0.63,0.65,0.58,-0.020000000000000018,-0.07000000000000006
m5,0.38,0.36,0.43,0.020000000000000018,0.07
m5,0.3546,0.3,0.31,0.05460000000000004,0.010000000000000009
m5,0.3,0.27,0.28,0.02999999999999997,0.010000000000000009
m5,0.66,0.74,0.73,-0.07999999999999996,-0.010000000000000009
m5,0.69,0.74,0.73,-0.050000000000000044,-0.010000000000000009
m5,0.73,0.68,0.75,0.04999999999999993,0.06999999999999995
m5,0.67,0.7,0.63,-0.029999999999999916,-0.06999999999999995
h1,0.57,0.59,0.59,-0.020000000000000018,0.0
m5,0.43,0.48,0.46,-0.04999999999999999,-0.019999999999999962
m5,0.51,0.49,0.49,0.020000000000000018,0.0
m5,0.49,0.5,0.52,-0.010000000000000009,0.020000000000000018
m5,0.43,0.44,0.43,-0.010000000000000009,-0.010000000000000009
m5,0.34,0.33,0.33,0.010000000000000009,0.0
m5,0.59,0.58,0.58,0.010000000000000009,0.0
m5,0.66,0.73,0.72,-0.06999999999999995,-0.010000000000000009
m5,0.34,0.35,0.35,-0.009999999999999953,0.0
m5,0.65,0.71,0.67,-0.05999999999999994,-0.039999999999999925
m5,0.21,0.27,0.25,-0.060000000000000026,-0.020000000000000018
m5,0.2773,0.32,0.32,-0.042700000000000016,0.0
m5,0.69,0.76,0.72,-0.07000000000000006,-0.040000000000000036
m5,0.76,0.77,0.77,-0.010000000000000009,0.0
m5,0.28,0.3,0.3,-0.019999999999999962,0.0
m15,0.34,0.35,0.35,-0.009999999999999953,0.0
m5,0.32,0.39,0.41,-0.07,0.019999999999999962
m5,0.6265999999999999,0.61,0.6,0.016599999999999948,-0.010000000000000009
m5,0.44,0.41,0.46,0.030000000000000027,0.050000000000000044
m5,0.39,0.45,0.45,-0.06,0.0
m5,0.5815,0.65,0.65,-0.0685,0.0
m5,0.61,0.6,0.61,0.010000000000000009,0.010000000000000009
m5,0.52,0.52,0.5,0.0,-0.020000000000000018
m5,0.5,0.53,0.54,-0.030000000000000027,0.010000000000000009
m5,0.51,0.53,0.53,-0.020000000000000018,0.0
m5,0.51,0.43,0.52,0.08000000000000002,0.09000000000000002
m5,0.5,0.43,0.52,0.07,0.09000000000000002
m5,0.49,0.62,0.59,-0.13,-0.030000000000000027
m5,0.6,0.67,0.66,-0.07000000000000006,-0.010000000000000009
m5,0.63,0.69,0.68,-0.05999999999999994,-0.009999999999999898
m5,0.66,0.69,0.68,-0.029999999999999916,-0.009999999999999898
m5,0.65,0.77,0.71,-0.12,-0.06000000000000005
h1,0.57,0.58,0.58,-0.010000000000000009,0.0
h1,0.57,0.58,0.58,-0.010000000000000009,0.0
h1,0.57,0.59,0.59,-0.020000000000000018,0.0
m5,0.22,0.19,0.2,0.03,0.010000000000000009
m5,0.11,0.11,0.12,0.0,0.009999999999999995
m5,0.83,0.95,0.93,-0.12,-0.019999999999999907
m5,0.97,1.0,1.0,-0.030000000000000027,0.0
m5,0.45,0.46,0.46,-0.010000000000000009,0.0
m5,0.55,0.56,0.56,-0.010000000000000009,0.0
m5,0.44,0.44,0.45,0.0,0.010000000000000009
h1,0.33,0.34,0.34,-0.010000000000000009,0.0
m5,0.49,0.51,0.49,-0.020000000000000018,-0.020000000000000018
m5,0.4888,0.51,0.49,-0.021199999999999997,-0.020000000000000018
m5,0.43,0.45,0.48,-0.020000000000000018,0.02999999999999997
m5,0.41,0.37,0.38,0.03999999999999998,0.010000000000000009
m5,0.6,0.66,0.65,-0.06000000000000005,-0.010000000000000009
m15,0.03,0.04,0.03,-0.010000000000000002,-0.010000000000000002
m5,0.64,0.68,0.68,-0.040000000000000036,0.0
m15,0.03,0.03,0.04,0.0,0.010000000000000002
h1,0.28,0.28,0.28,0.0,0.0
h1,0.27,0.26,0.26,0.010000000000000009,0.0
m5,0.66,0.77,0.75,-0.10999999999999999,-0.020000000000000018
h1,0.24,0.24,0.25,0.0,0.010000000000000009
m5,0.16,0.16,0.16,0.0,0.0
h1,0.24,0.27,0.25,-0.030000000000000027,-0.020000000000000018
h1,0.25,0.28,0.28,-0.030000000000000027,0.0
h1,0.27,0.25,0.27,0.020000000000000018,0.020000000000000018
h1,0.26,0.27,0.26,-0.010000000000000009,-0.010000000000000009
m5,0.78,0.82,0.81,-0.039999999999999925,-0.009999999999999898
h1,0.24,0.25,0.25,-0.010000000000000009,0.0
h1,0.24,0.25,0.25,-0.010000000000000009,0.0
h1,0.23,0.23,0.22,0.0,-0.010000000000000009
h1,0.24,0.24,0.25,0.0,0.010000000000000009
h1,0.24,0.26,0.25,-0.020000000000000018,-0.010000000000000009
h1,0.245,0.26,0.26,-0.015000000000000013,0.0
h1,0.25,0.26,0.26,-0.010000000000000009,0.0
h1,0.26,0.26,0.26,0.0,0.0
m5,0.85,0.86,0.87,-0.010000000000000009,0.010000000000000009
m5,0.09,0.13,0.15,-0.04000000000000001,0.01999999999999999
m5,0.87,0.89,0.88,-0.020000000000000018,-0.010000000000000009
m5,0.06,0.09,0.09,-0.03,0.0
m5,0.9,0.89,0.9,0.010000000000000009,0.010000000000000009
h1,0.26,0.26,0.26,0.0,0.0
m5,0.11,0.16,0.17,-0.05,0.010000000000000009
h1,0.26,0.27,0.27,-0.010000000000000009,0.0
h1,0.26,0.27,0.27,-0.010000000000000009,0.0
m5,0.84,0.85,0.84,-0.010000000000000009,-0.010000000000000009
h1,0.26,0.26,0.26,0.0,0.0
h1,0.26,0.27,0.27,-0.010000000000000009,0.0
h1,0.26,0.27,0.27,-0.010000000000000009,0.0
h1,0.27,0.29,0.28,-0.019999999999999962,-0.009999999999999953
h1,0.28,0.31,0.29,-0.02999999999999997,-0.020000000000000018
h1,0.28,0.31,0.29,-0.02999999999999997,-0.020000000000000018
h1,0.3,0.32,0.31,-0.020000000000000018,-0.010000000000000009
h1,0.29,0.32,0.31,-0.030000000000000027,-0.010000000000000009
h1,0.28,0.32,0.31,-0.03999999999999998,-0.010000000000000009
h1,0.29,0.32,0.31,-0.030000000000000027,-0.010000000000000009
h1,0.65,0.66,0.66,-0.010000000000000009,0.0
h1,0.66,0.66,0.66,0.0,0.0
h1,0.66,0.69,0.69,-0.029999999999999916,0.0
m5,0.13,0.13,0.13,0.0,0.0
m5,0.04,0.06,0.06,-0.019999999999999997,0.0
m5,0.04,0.06,0.06,-0.019999999999999997,0.0
h1,0.66,0.67,0.68,-0.010000000000000009,0.010000000000000009
m5,0.9,0.94,0.94,-0.039999999999999925,0.0
m5,0.91,0.94,0.94,-0.029999999999999916,0.0
h1,0.66,0.67,0.66,-0.010000000000000009,-0.010000000000000009
h1,0.68,0.69,0.69,-0.009999999999999898,0.0
h1,0.67,0.69,0.69,-0.019999999999999907,0.0
m5,0.85,0.91,0.9,-0.06000000000000005,-0.010000000000000009
m5,0.02,0.02,0.02,0.0,0.0
m15,0.66,0.7,0.67,-0.039999999999999925,-0.029999999999999916
m5,0.5,0.5,0.5,0.0,0.0
h1,0.58,0.59,0.59,-0.010000000000000009,0.0
h1,0.59,0.64,0.62,-0.050000000000000044,-0.020000000000000018
m5,0.3739,0.4,0.37,-0.026100000000000012,-0.030000000000000027
m5,0.36,0.43,0.43,-0.07,0.0
m5,0.58,0.6,0.6,-0.020000000000000018,0.0
m5,0.55,0.58,0.56,-0.029999999999999916,-0.019999999999999907
m15,0.24,0.23,0.25,0.009999999999999981,0.01999999999999999
m5,0.56,0.57,0.58,-0.009999999999999898,0.010000000000000009
m5,0.44,0.46,0.45,-0.020000000000000018,-0.010000000000000009
m5,0.55,0.56,0.58,-0.010000000000000009,0.019999999999999907
m5,0.43,0.46,0.45,-0.030000000000000027,-0.010000000000000009
h1,0.6,0.6,0.6,0.0,0.0
h1,0.6,0.6,0.6,0.0,0.0
m5,0.46,0.48,0.48,-0.019999999999999962,0.0
h1,0.6,0.6,0.6,0.0,0.0
m5,0.47,0.47,0.5,0.0,0.030000000000000027
m5,0.46,0.43,0.43,0.030000000000000027,0.0
m5,0.67,0.78,0.81,-0.10999999999999999,0.030000000000000027
m5,0.2,0.23,0.23,-0.03,0.0
m5,0.22,0.23,0.23,-0.010000000000000009,0.0
h1,0.49,0.5,0.5,-0.010000000000000009,0.0
h1,0.49,0.5,0.5,-0.010000000000000009,0.0
m5,0.2,0.24,0.24,-0.03999999999999998,0.0
m5,0.78,0.77,0.77,0.010000000000000009,0.0
m5,0.78,0.82,0.81,-0.039999999999999925,-0.009999999999999898
m5,0.91,0.92,0.93,-0.010000000000000009,0.010000000000000009
m5,0.88,0.9,0.9,-0.020000000000000018,0.0
m5,0.86,0.89,0.89,-0.030000000000000027,0.0
m5,0.12,0.14,0.14,-0.020000000000000018,0.0
h1,0.47,0.49,0.49,-0.020000000000000018,0.0
m5,0.83,0.85,0.85,-0.020000000000000018,0.0
m5,0.08,0.07,0.07,0.009999999999999995,0.0
m5,0.97,1.0,1.0,-0.030000000000000027,0.0
h1,0.37,0.39,0.38,-0.020000000000000018,-0.010000000000000009
m15,0.02,0.03,0.03,-0.009999999999999998,0.0
m5,0.01,0.01,0.01,0.0,0.0
m5,0.49,0.51,0.51,-0.020000000000000018,0.0
m5,0.37,0.43,0.42,-0.06,-0.010000000000000009
m5,0.38,0.26,0.29,0.12,0.02999999999999997
m5,0.3483,0.4,0.4,-0.051700000000000024,0.0
m5,0.61,0.73,0.7,-0.12,-0.030000000000000027
m5,0.2828,0.26,0.28,0.022799999999999987,0.020000000000000018
m5,0.73,0.75,0.75,-0.020000000000000018,0.0
m5,0.26,0.25,0.25,0.010000000000000009,0.0
m5,0.24,0.24,0.24,0.0,0.0
h1,0.29,0.28,0.29,0.009999999999999953,0.009999999999999953
h1,0.29,0.28,0.29,0.009999999999999953,0.009999999999999953
h1,0.28,0.28,0.28,0.0,0.0
m5,0.09,0.09,0.09,0.0,0.0
m5,0.09,0.11,0.11,-0.020000000000000004,0.0
h1,0.3,0.32,0.32,-0.020000000000000018,0.0
m5,0.8,0.77,0.77,0.030000000000000027,0.0
m5,0.25,0.32,0.32,-0.07,0.0
m5,0.66,0.62,0.63,0.040000000000000036,0.010000000000000009
m5,0.35,0.39,0.38,-0.040000000000000036,-0.010000000000000009
m5,0.61,0.57,0.57,0.040000000000000036,0.0
m5,0.56,0.49,0.51,0.07000000000000006,0.020000000000000018
m5,0.47,0.53,0.5,-0.06000000000000005,-0.030000000000000027
m5,0.51,0.5,0.53,0.010000000000000009,0.030000000000000027
m5,0.6,0.71,0.7,-0.10999999999999999,-0.010000000000000009
m5,0.34,0.24,0.23,0.10000000000000003,-0.009999999999999981
m5,0.79,0.89,0.87,-0.09999999999999998,-0.020000000000000018
m5,0.13,0.08,0.07,0.05,-0.009999999999999995
m5,0.15,0.08,0.07,0.06999999999999999,-0.009999999999999995
m5,0.95,0.96,0.96,-0.010000000000000009,0.0
m5,0.96,0.98,0.97,-0.020000000000000018,-0.010000000000000009
m5,0.56,0.6,0.59,-0.039999999999999925,-0.010000000000000009
m5,0.56,0.6,0.59,-0.039999999999999925,-0.010000000000000009
m5,0.38,0.44,0.43,-0.06,-0.010000000000000009
m5,0.36,0.38,0.38,-0.020000000000000018,0.0
h1,0.3789,0.39,0.38,-0.011099999999999999,-0.010000000000000009
h1,0.38,0.4,0.39,-0.020000000000000018,-0.010000000000000009
h1,0.32,0.32,0.32,0.0,0.0
h1,0.32,0.32,0.32,0.0,0.0
m5,0.21,0.2,0.2,0.009999999999999981,0.0
m5,0.15,0.15,0.15,0.0,0.0
h1,0.3,0.28,0.29,0.019999999999999962,0.009999999999999953
h1,0.28,0.3,0.29,-0.019999999999999962,-0.010000000000000009
h1,0.29,0.3,0.29,-0.010000000000000009,-0.010000000000000009
h1,0.3,0.32,0.3,-0.020000000000000018,-0.020000000000000018
h1,0.3,0.32,0.32,-0.020000000000000018,0.0
h1,0.32,0.34,0.34,-0.020000000000000018,0.0
h1,0.33,0.34,0.34,-0.010000000000000009,0.0
m5,0.12,0.15,0.15,-0.03,0.0
m5,0.13,0.15,0.15,-0.01999999999999999,0.0
h1,0.29,0.29,0.29,0.0,0.0
m5,0.08,0.09,0.09,-0.009999999999999995,0.0
h1,0.29,0.31,0.3,-0.020000000000000018,-0.010000000000000009
h1,0.28,0.28,0.28,0.0,0.0
h1,0.28,0.28,0.29,0.0,0.009999999999999953
h1,0.31,0.31,0.31,0.0,0.0
m5,0.07,0.09,0.09,-0.01999999999999999,0.0
m5,0.05,0.05,0.05,0.0,0.0
m15,0.29,0.29,0.29,0.0,0.0
h1,0.18,0.22,0.21,-0.04000000000000001,-0.010000000000000009
h1,0.21,0.22,0.22,-0.010000000000000009,0.0
m5,0.34,0.3,0.3,0.040000000000000036,0.0
m5,0.34,0.3,0.3,0.040000000000000036,0.0
h1,0.22,0.24,0.23,-0.01999999999999999,-0.009999999999999981
h1,0.23,0.25,0.24,-0.01999999999999999,-0.010000000000000009
h1,0.24,0.25,0.23,-0.010000000000000009,-0.01999999999999999
h1,0.24,0.23,0.23,0.009999999999999981,0.0
m5,0.72,0.69,0.69,0.030000000000000027,0.0
h1,0.22,0.23,0.22,-0.010000000000000009,-0.010000000000000009
h1,0.22,0.23,0.22,-0.010000000000000009,-0.010000000000000009
h1,0.21,0.22,0.23,-0.010000000000000009,0.010000000000000009
h1,0.21,0.22,0.23,-0.010000000000000009,0.010000000000000009
m5,0.69,0.7,0.7,-0.010000000000000009,0.0
m5,0.68,0.69,0.69,-0.009999999999999898,0.0
m5,0.7,0.7,0.7,0.0,0.0
h1,0.21,0.22,0.22,-0.010000000000000009,0.0
h1,0.21,0.22,0.23,-0.010000000000000009,0.010000000000000009
m5,0.61,0.6,0.6,0.010000000000000009,0.0
m5,0.31,0.41,0.41,-0.09999999999999998,0.0
h1,0.17,0.18,0.18,-0.009999999999999981,0.0
h1,0.16,0.18,0.18,-0.01999999999999999,0.0
m5,0.54,0.55,0.56,-0.010000000000000009,0.010000000000000009
m5,0.51,0.51,0.51,0.0,0.0
h1,0.15,0.16,0.16,-0.010000000000000009,0.0
h1,0.15,0.14,0.14,0.009999999999999981,0.0
h1,0.14,0.15,0.14,-0.009999999999999981,-0.009999999999999981
m5,0.4,0.43,0.4,-0.02999999999999997,-0.02999999999999997
h1,0.15,0.15,0.16,0.0,0.010000000000000009
m5,0.54,0.57,0.57,-0.029999999999999916,0.0
m5,0.57,0.65,0.65,-0.08000000000000007,0.0
m5,0.28,0.25,0.26,0.030000000000000027,0.010000000000000009
m5,0.26,0.36,0.34,-0.09999999999999998,-0.019999999999999962
m5,0.28,0.36,0.34,-0.07999999999999996,-0.019999999999999962
h1,0.14,0.16,0.15,-0.01999999999999999,-0.010000000000000009
h1,0.14,0.16,0.16,-0.01999999999999999,0.0
m5,0.5390999999999999,0.57,0.58,-0.03090000000000004,0.010000000000000009
m5,0.39,0.32,0.33,0.07,0.010000000000000009
m5,0.28,0.35,0.35,-0.06999999999999995,0.0
h1,0.12,0.13,0.13,-0.010000000000000009,0.0
m5,0.66,0.67,0.67,-0.010000000000000009,0.0
h1,0.09,0.11,0.1,-0.020000000000000004,-0.009999999999999995
m5,0.13,0.15,0.14,-0.01999999999999999,-0.009999999999999981
m5,0.14,0.15,0.15,-0.009999999999999981,0.0
m5,0.14,0.15,0.15,-0.009999999999999981,0.0
m5,0.86,0.85,0.85,0.010000000000000009,0.0
h1,0.1,0.11,0.11,-0.009999999999999995,0.0
h1,0.11,0.14,0.14,-0.030000000000000013,0.0
m5,0.6949,0.65,0.65,0.04489999999999994,0.0
m5,0.66,0.65,0.65,0.010000000000000009,0.0
m5,0.66,0.65,0.65,0.010000000000000009,0.0
m5,0.66,0.65,0.65,0.010000000000000009,0.0
m5,0.65,0.65,0.65,0.0,0.0
m5,0.65,0.64,0.65,0.010000000000000009,0.010000000000000009
m5,0.3406,0.32,0.35,0.020600000000000007,0.02999999999999997
h1,0.11,0.11,0.12,0.0,0.009999999999999995
m5,0.26,0.15,0.21,0.11000000000000001,0.06
m5,0.24,0.13,0.14,0.10999999999999999,0.010000000000000009
m5,0.15,0.11,0.12,0.039999999999999994,0.009999999999999995
m5,0.03,0.02,0.03,0.009999999999999998,0.009999999999999998
h1,0.07,0.08,0.07,-0.009999999999999995,-0.009999999999999995
h1,0.07,0.09,0.08,-0.01999999999999999,-0.009999999999999995
m5,0.49,0.49,0.49,0.0,0.0
m5,0.49,0.48,0.49,0.010000000000000009,0.010000000000000009
h1,0.06,0.05,0.05,0.009999999999999995,0.0
m5,0.42,0.48,0.48,-0.06,0.0
m5,0.51,0.54,0.53,-0.030000000000000027,-0.010000000000000009
m5,0.44,0.43,0.43,0.010000000000000009,0.0
m5,0.36,0.36,0.37,0.0,0.010000000000000009
m5,0.21,0.18,0.18,0.03,0.0
m5,0.18,0.1,0.1,0.07999999999999999,0.0
h1,0.02,0.03,0.03,-0.009999999999999998,0.0
h1,0.02,0.02,0.02,0.0,0.0
h1,0.02,0.02,0.02,0.0,0.0
m5,0.11,0.1,0.1,0.009999999999999995,0.0
h1,0.02,0.03,0.03,-0.009999999999999998,0.0
h1,0.02,0.03,0.03,-0.009999999999999998,0.0
h1,0.02,0.03,0.03,-0.009999999999999998,0.0
m5,0.7695000000000001,0.56,0.57,0.20950000000000002,0.009999999999999898
h1,0.03,0.03,0.03,0.0,0.0
h1,0.03,0.03,0.03,0.0,0.0
h1,0.03,0.03,0.03,0.0,0.0
m5,0.5,0.48,0.52,0.020000000000000018,0.040000000000000036
m5,0.5,0.48,0.52,0.020000000000000018,0.040000000000000036
h1,0.03,0.03,0.02,0.0,-0.009999999999999998
m5,0.4966,0.48,0.52,0.016600000000000004,0.040000000000000036
m5,0.78,0.51,0.5,0.27,-0.010000000000000009
h1,0.03,0.05,0.04,-0.020000000000000004,-0.010000000000000002
h1,0.03,0.03,0.04,0.0,0.010000000000000002
h1,0.03,0.03,0.04,0.0,0.010000000000000002
m5,0.37,0.51,0.47,-0.14,-0.040000000000000036
m5,0.61,0.48,0.51,0.13,0.030000000000000027
h1,0.04,0.03,0.03,0.010000000000000002,0.0
m5,0.65,0.5,0.52,0.15000000000000002,0.020000000000000018
m5,0.4152,0.51,0.51,-0.0948,0.0
m5,0.4268,0.4,0.49,0.02679999999999999,0.08999999999999997
m5,0.49,0.55,0.57,-0.06000000000000005,0.019999999999999907
m5,0.41,0.42,0.47,-0.010000000000000009,0.04999999999999999
m5,0.4336,0.42,0.47,0.013600000000000001,0.04999999999999999
m5,0.54,0.65,0.61,-0.10999999999999999,-0.040000000000000036
h1,0.03,0.04,0.04,-0.010000000000000002,0.0
m5,0.59,0.65,0.65,-0.06000000000000005,0.0
m5,0.3751,0.46,0.44,-0.08490000000000003,-0.020000000000000018
m5,0.65,0.56,0.6,0.08999999999999997,0.039999999999999925
m5,0.47,0.55,0.55,-0.08000000000000007,0.0
m5,0.46,0.19,0.26,0.27,0.07
m5,0.53,0.82,0.75,-0.2899999999999999,-0.06999999999999995
m5,0.57,0.82,0.75,-0.25,-0.06999999999999995
m5,0.2377,0.07,0.12,0.1677,0.04999999999999999
m5,0.2,0.06,0.06,0.14,0.0
m5,0.95,0.91,0.96,0.039999999999999925,0.04999999999999993
m5,0.95,0.91,0.96,0.039999999999999925,0.04999999999999993
m5,0.05,0.03,0.04,0.020000000000000004,0.010000000000000002
m5,0.93,0.99,0.99,-0.05999999999999994,0.0
m5,0.92,0.99,0.99,-0.06999999999999995,0.0
m5,0.37,0.43,0.43,-0.06,0.0
m5,0.57,0.58,0.58,-0.010000000000000009,0.0
h1,0.02,0.02,0.02,0.0,0.0
h1,0.02,0.02,0.02,0.0,0.0
h1,0.02,0.02,0.02,0.0,0.0
h1,0.02,0.02,0.02,0.0,0.0
h1,0.02,0.02,0.02,0.0,0.0
h1,0.02,0.02,0.02,0.0,0.0
h1,0.02,0.02,0.02,0.0,0.0
h1,0.02,0.02,0.02,0.0,0.0
h1,0.02,0.02,0.02,0.0,0.0
h1,0.02,0.02,0.02,0.0,0.0
h1,0.02,0.02,0.02,0.0,0.0
h1,0.02,0.02,0.02,0.0,0.0
h1,0.02,0.02,0.02,0.0,0.0
h1,0.02,0.02,0.02,0.0,0.0
m5,0.14,0.11,0.12,0.030000000000000013,0.009999999999999995
h1,0.02,0.02,0.02,0.0,0.0
h1,0.02,0.03,0.03,-0.009999999999999998,0.0
h1,0.02,0.03,0.03,-0.009999999999999998,0.0
h1,0.02,0.03,0.03,-0.009999999999999998,0.0
h1,0.02,0.03,0.03,-0.009999999999999998,0.0
m5,0.86,0.84,0.85,0.020000000000000018,0.010000000000000009
m5,0.81,0.82,0.82,-0.009999999999999898,0.0
m5,0.16,0.16,0.16,0.0,0.0
m5,0.1,0.11,0.11,-0.009999999999999995,0.0
m5,0.08,0.08,0.08,0.0,0.0
m5,0.05,0.04,0.05,0.010000000000000002,0.010000000000000002
m5,0.05,0.04,0.04,0.010000000000000002,0.0
m15,0.38,0.38,0.38,0.0,0.0
m5,0.46020000000000005,0.47,0.47,-0.00979999999999992,0.0
m15,0.69,0.69,0.69,0.0,0.0
h1,0.993,0.99,0.99,0.0030000000000000027,0.0
h1,0.995,0.99,0.99,0.0050000000000000044,0.0
h1,0.993,0.99,0.99,0.0030000000000000027,0.0
m5,0.42,0.46,0.42,-0.040000000000000036,-0.040000000000000036
h1,0.9951000000000001,1.0,1.0,-0.004899999999999904,0.0
h1,0.9961,1.0,1.0,-0.0039000000000000146,0.0
m5,0.58,0.58,0.58,0.0,0.0
m15,0.34,0.35,0.35,-0.009999999999999953,0.0
m15,0.34,0.35,0.35,-0.009999999999999953,0.0
m15,0.34,0.35,0.35,-0.009999999999999953,0.0
m15,0.65,0.69,0.69,-0.039999999999999925,0.0
m5,0.63,0.65,0.65,-0.020000000000000018,0.0
h1,0.998,1.0,1.0,-0.0020000000000000018,0.0
m15,0.45,0.5,0.5,-0.04999999999999999,0.0
m5,0.29,0.27,0.27,0.019999999999999962,0.0
m5,0.29,0.27,0.27,0.019999999999999962,0.0
m15,0.46,0.48,0.48,-0.019999999999999962,0.0
m5,0.75,0.74,0.74,0.010000000000000009,0.0
m5,0.25,0.27,0.27,-0.020000000000000018,0.0
m15,0.52,0.57,0.57,-0.04999999999999993,0.0
m5,0.21,0.22,0.22,-0.010000000000000009,0.0
m5,0.21,0.22,0.22,-0.010000000000000009,0.0
m15,0.6,0.6,0.6,0.0,0.0
m5,0.13,0.17,0.17,-0.04000000000000001,0.0
m5,0.76,0.77,0.77,-0.010000000000000009,0.0
m5,0.77,0.77,0.77,0.0,0.0
m5,0.17,0.16,0.15,0.010000000000000009,-0.010000000000000009
m5,0.15,0.18,0.16,-0.03,-0.01999999999999999
m5,0.15,0.18,0.16,-0.03,-0.01999999999999999
m5,0.41,0.47,0.37,-0.06,-0.09999999999999998
m5,0.40840000000000004,0.42,0.42,-0.011599999999999944,0.0
m5,0.59,0.68,0.66,-0.09000000000000008,-0.020000000000000018
m5,0.24309999999999998,0.22,0.23,0.02309999999999998,0.010000000000000009
m5,0.779,0.79,0.79,-0.01100000000000001,0.0
m5,0.22,0.18,0.22,0.04000000000000001,0.04000000000000001
m5,0.18,0.13,0.16,0.04999999999999999,0.03
m5,0.0925,0.04,0.04,0.0525,0.0
m15,0.17,0.17,0.18,0.0,0.009999999999999981
m5,0.0625,0.03,0.04,0.0325,0.010000000000000002
m5,0.05,0.03,0.03,0.020000000000000004,0.0
m5,0.04,0.03,0.03,0.010000000000000002,0.0
m5,0.4111,0.38,0.38,0.031100000000000017,0.0
m5,0.4279,0.38,0.38,0.0479,0.0
m5,0.63,0.61,0.62,0.020000000000000018,0.010000000000000009
m5,0.7467,0.74,0.74,0.006700000000000039,0.0
m15,0.02,0.06,0.05,-0.039999999999999994,-0.009999999999999995
m5,0.56,0.5,0.5,0.06000000000000005,0.0
h1,0.998,1.0,1.0,-0.0020000000000000018,0.0
m15,0.18,0.25,0.27,-0.07,0.020000000000000018
m15,0.7646999999999999,0.79,0.79,-0.0253000000000001,0.0
m15,0.74,0.79,0.79,-0.050000000000000044,0.0
m5,0.25,0.26,0.26,-0.010000000000000009,0.0
m5,0.26,0.15,0.15,0.11000000000000001,0.0
h1,0.9990000000000001,1.0,1.0,-0.0009999999999998899,0.0
m5,0.15,0.14,0.15,0.009999999999999981,0.009999999999999981
m15,0.56,0.54,0.55,0.020000000000000018,0.010000000000000009
m15,0.63,0.66,0.67,-0.030000000000000027,0.010000000000000009
m5,0.1,0.1,0.1,0.0,0.0
m15,0.65,0.66,0.66,-0.010000000000000009,0.0
m15,0.39,0.38,0.4,0.010000000000000009,0.020000000000000018
m15,0.29,0.28,0.3,0.009999999999999953,0.019999999999999962
m5,0.04,0.04,0.06,0.0,0.019999999999999997
m5,0.02,0.02,0.02,0.0,0.0
h1,0.45770000000000005,0.47,0.47,-0.012299999999999922,0.0
h1,0.47,0.47,0.47,0.0,0.0
h1,0.47,0.47,0.47,0.0,0.0
h1,0.47,0.47,0.47,0.0,0.0
h1,0.47,0.47,0.47,0.0,0.0
m5,0.4379,0.45,0.43,-0.0121,-0.020000000000000018
m5,0.43,0.45,0.43,-0.020000000000000018,-0.020000000000000018
m5,0.37,0.34,0.35,0.02999999999999997,0.009999999999999953
m5,0.36,0.36,0.36,0.0,0.0
m5,0.51,0.46,0.49,0.04999999999999999,0.02999999999999997
m5,0.49,0.44,0.44,0.04999999999999999,0.0
h1,0.54,0.57,0.57,-0.029999999999999916,0.0
m5,0.35,0.35,0.35,0.0,0.0
m5,0.34979999999999994,0.33,0.33,0.01979999999999993,0.0
m5,0.33,0.23,0.24,0.1,0.009999999999999981
h1,0.59,0.6,0.6,-0.010000000000000009,0.0
h1,0.59,0.6,0.6,-0.010000000000000009,0.0
h1,0.6,0.6,0.6,0.0,0.0
h1,0.6,0.6,0.6,0.0,0.0
m5,0.18,0.2,0.18,-0.020000000000000018,-0.020000000000000018
m5,0.7,0.7,0.7,0.0,0.0
h1,0.41,0.42,0.42,-0.010000000000000009,0.0
m5,0.7,0.72,0.7,-0.020000000000000018,-0.020000000000000018
m5,0.7,0.72,0.72,-0.020000000000000018,0.0
m5,0.18,0.19,0.19,-0.010000000000000009,0.0
h1,0.6,0.61,0.61,-0.010000000000000009,0.0
h1,0.63,0.64,0.64,-0.010000000000000009,0.0
m5,0.05,0.06,0.05,-0.009999999999999995,-0.009999999999999995
m5,0.05,0.07,0.07,-0.020000000000000004,0.0
m5,0.04,0.04,0.04,0.0,0.0
m5,0.04,0.04,0.04,0.0,0.0
h1,0.3,0.33,0.31,-0.030000000000000027,-0.020000000000000018
m5,0.33,0.34,0.34,-0.010000000000000009,0.0
m5,0.5,0.52,0.52,-0.020000000000000018,0.0
m5,0.37,0.39,0.38,-0.020000000000000018,-0.010000000000000009
m5,0.37,0.39,0.38,-0.020000000000000018,-0.010000000000000009
m5,0.38,0.35,0.35,0.030000000000000027,0.0
h1,0.36,0.38,0.37,-0.020000000000000018,-0.010000000000000009
m5,0.33,0.45,0.42,-0.12,-0.030000000000000027
m5,0.29,0.32,0.29,-0.030000000000000027,-0.030000000000000027
m5,0.69,0.73,0.72,-0.040000000000000036,-0.010000000000000009
m5,0.26,0.26,0.26,0.0,0.0
m5,0.58,0.6,0.6,-0.020000000000000018,0.0
m5,0.41,0.41,0.41,0.0,0.0
m5,0.47,0.47,0.51,0.0,0.040000000000000036
m5,0.44,0.44,0.43,0.0,-0.010000000000000009
m5,0.34,0.32,0.38,0.020000000000000018,0.06
m5,0.67,0.69,0.69,-0.019999999999999907,0.0
m5,0.36,0.32,0.32,0.03999999999999998,0.0
m5,0.29,0.28,0.28,0.009999999999999953,0.0
m5,0.74,0.83,0.76,-0.08999999999999997,-0.06999999999999995
h1,0.38,0.39,0.39,-0.010000000000000009,0.0
m5,0.08,0.08,0.08,0.0,0.0
m5,0.08,0.08,0.08,0.0,0.0
h1,0.39,0.4,0.4,-0.010000000000000009,0.0
h1,0.38,0.38,0.38,0.0,0.0
m5,0.51,0.58,0.58,-0.06999999999999995,0.0
m5,0.43,0.42,0.43,0.010000000000000009,0.010000000000000009
m5,0.6,0.7,0.7,-0.09999999999999998,0.0
m5,0.31,0.31,0.31,0.0,0.0
m5,0.68,0.68,0.68,0.0,0.0
m5,0.62,0.64,0.64,-0.020000000000000018,0.0
m5,0.61,0.62,0.62,-0.010000000000000009,0.0
m5,0.61,0.62,0.62,-0.010000000000000009,0.0
m5,0.37,0.39,0.39,-0.020000000000000018,0.0
m5,0.39,0.38,0.38,0.010000000000000009,0.0
m5,0.34,0.34,0.34,0.0,0.0
m15,0.58,0.57,0.57,0.010000000000000009,0.0
m5,0.67,0.68,0.67,-0.010000000000000009,-0.010000000000000009
m5,0.31,0.32,0.32,-0.010000000000000009,0.0
m5,0.69,0.71,0.71,-0.020000000000000018,0.0
m5,0.72,0.77,0.75,-0.050000000000000044,-0.020000000000000018
m15,0.68,0.74,0.71,-0.05999999999999994,-0.030000000000000027
m15,0.26,0.3,0.24,-0.03999999999999998,-0.06
m15,0.76,0.7,0.7,0.06000000000000005,0.0
m5,0.11,0.14,0.13,-0.030000000000000013,-0.010000000000000009
m15,0.5867,0.63,0.62,-0.043300000000000005,-0.010000000000000009
m5,0.81,0.83,0.83,-0.019999999999999907,0.0
m15,0.6115999999999999,0.63,0.62,-0.018400000000000083,-0.010000000000000009
m5,0.8178,0.83,0.83,-0.012199999999999989,0.0
m15,0.62,0.68,0.68,-0.06000000000000005,0.0
m15,0.67,0.67,0.69,0.0,0.019999999999999907
h1,0.49,0.5,0.5,-0.010000000000000009,0.0
m5,0.15,0.14,0.14,0.009999999999999981,0.0
m15,0.3387,0.34,0.34,-0.0013000000000000234,0.0
m15,0.68,0.67,0.67,0.010000000000000009,0.0
m5,0.14,0.19,0.18,-0.04999999999999999,-0.010000000000000009
m15,0.48229999999999995,0.5,0.5,-0.01770000000000005,0.0
m15,0.49,0.51,0.5,-0.020000000000000018,-0.010000000000000009
m15,0.51,0.49,0.49,0.020000000000000018,0.0
m5,0.8289,0.79,0.79,0.038899999999999935,0.0
m5,0.79,0.77,0.79,0.020000000000000018,0.020000000000000018
m15,0.47,0.44,0.4,0.02999999999999997,-0.03999999999999998
m15,0.41,0.4,0.44,0.009999999999999953,0.03999999999999998
m5,0.24,0.26,0.26,-0.020000000000000018,0.0
m5,0.75,0.8,0.78,-0.050000000000000044,-0.020000000000000018
m15,0.41,0.46,0.46,-0.050000000000000044,0.0
m15,0.45,0.41,0.43,0.040000000000000036,0.020000000000000018
m5,0.22,0.26,0.26,-0.04000000000000001,0.0
m5,0.21,0.26,0.26,-0.05000000000000002,0.0
m15,0.62,0.63,0.63,-0.010000000000000009,0.0
m15,0.36,0.35,0.35,0.010000000000000009,0.0
m15,0.6567000000000001,0.6,0.66,0.056700000000000084,0.06000000000000005
h1,0.44,0.46,0.46,-0.020000000000000018,0.0
m15,0.35,0.42,0.42,-0.07,0.0
m15,0.41,0.51,0.46,-0.10000000000000003,-0.04999999999999999
m15,0.42,0.47,0.49,-0.04999999999999999,0.020000000000000018
m15,0.51,0.57,0.57,-0.05999999999999994,0.0
m15,0.5086999999999999,0.57,0.57,-0.06130000000000002,0.0
h1,0.46,0.46,0.46,0.0,0.0
m5,0.16,0.18,0.18,-0.01999999999999999,0.0
m15,0.66,0.69,0.66,-0.029999999999999916,-0.029999999999999916
m5,0.22,0.23,0.23,-0.010000000000000009,0.0
m5,0.76,0.78,0.78,-0.020000000000000018,0.0
m5,0.76,0.82,0.79,-0.05999999999999994,-0.029999999999999916
m15,0.32,0.33,0.31,-0.010000000000000009,-0.020000000000000018
m15,0.67,0.68,0.7,-0.010000000000000009,0.019999999999999907
m5,0.19,0.19,0.19,0.0,0.0
m5,0.19,0.19,0.19,0.0,0.0
m5,0.19,0.19,0.19,0.0,0.0
m15,0.62,0.68,0.65,-0.06000000000000005,-0.030000000000000027
h1,0.44,0.44,0.44,0.0,0.0
m15,0.34,0.47,0.42,-0.12999999999999995,-0.04999999999999999
m5,0.85,0.88,0.87,-0.030000000000000027,-0.010000000000000009
m15,0.65,0.54,0.59,0.10999999999999999,0.04999999999999993
m15,0.47909999999999997,0.41,0.5,0.0691,0.09000000000000002
m5,0.88,0.89,0.9,-0.010000000000000009,0.010000000000000009
m5,0.11,0.09,0.09,0.020000000000000004,0.0
m5,0.1,0.09,0.09,0.010000000000000009,0.0
m15,0.53,0.56,0.56,-0.030000000000000027,0.0
h1,0.45,0.46,0.45,-0.010000000000000009,-0.010000000000000009
m5,0.94,0.94,0.95,0.0,0.010000000000000009
m15,0.54,0.68,0.62,-0.14,-0.06000000000000005
m15,0.56,0.68,0.62,-0.12,-0.06000000000000005
m15,0.68,0.9,0.86,-0.21999999999999997,-0.040000000000000036
m15,0.63,0.9,0.86,-0.27,-0.040000000000000036
m5,0.08,0.2,0.18,-0.12000000000000001,-0.020000000000000018
m5,0.16,0.27,0.26,-0.11000000000000001,-0.010000000000000009
m5,0.1,0.27,0.26,-0.17,-0.010000000000000009
m5,0.27,0.36,0.35,-0.08999999999999997,-0.010000000000000009
h1,0.58,0.58,0.58,0.0,0.0
m5,0.31,0.32,0.37,-0.010000000000000009,0.04999999999999999
m5,0.6607999999999999,0.7,0.7,-0.03920000000000001,0.0
m5,0.69,0.66,0.71,0.029999999999999916,0.04999999999999993
m5,0.32,0.35,0.3,-0.02999999999999997,-0.04999999999999999
m15,0.01,0.01,0.01,0.0,0.0
m5,0.71,0.62,0.68,0.08999999999999997,0.06000000000000005
m5,0.6829999999999999,0.62,0.68,0.06299999999999994,0.06000000000000005
m5,0.6785,0.35,0.52,0.3285,0.17000000000000004
m5,0.67,0.35,0.52,0.32000000000000006,0.17000000000000004
h1,0.58,0.6,0.58,-0.020000000000000018,-0.020000000000000018
h1,0.58,0.6,0.58,-0.020000000000000018,-0.020000000000000018
h1,0.58,0.6,0.58,-0.020000000000000018,-0.020000000000000018
m5,0.34,0.63,0.18,-0.29,-0.45
h1,0.59,0.59,0.59,0.0,0.0
h1,0.41,0.42,0.42,-0.010000000000000009,0.0
h1,0.41,0.43,0.42,-0.020000000000000018,-0.010000000000000009
h1,0.42,0.44,0.43,-0.020000000000000018,-0.010000000000000009
h1,0.42,0.44,0.43,-0.020000000000000018,-0.010000000000000009
h1,0.42,0.44,0.43,-0.020000000000000018,-0.010000000000000009
h1,0.43,0.44,0.44,-0.010000000000000009,0.0
h1,0.43,0.44,0.44,-0.010000000000000009,0.0
m5,0.61,0.67,0.65,-0.06000000000000005,-0.020000000000000018
h1,0.44,0.45,0.45,-0.010000000000000009,0.0
h1,0.43,0.45,0.45,-0.020000000000000018,0.0
h1,0.44,0.45,0.45,-0.010000000000000009,0.0
h1,0.44,0.45,0.45,-0.010000000000000009,0.0
h1,0.44,0.45,0.45,-0.010000000000000009,0.0
h1,0.44,0.45,0.45,-0.010000000000000009,0.0
h1,0.44,0.45,0.45,-0.010000000000000009,0.0
m5,0.32,0.32,0.32,0.0,0.0
m5,0.32,0.28,0.33,0.03999999999999998,0.04999999999999999
m5,0.67,0.69,0.69,-0.019999999999999907,0.0
m5,0.67,0.69,0.69,-0.019999999999999907,0.0
m5,0.66,0.69,0.67,-0.029999999999999916,-0.019999999999999907
m5,0.73,0.77,0.76,-0.040000000000000036,-0.010000000000000009
h1,0.53,0.54,0.54,-0.010000000000000009,0.0
h1,0.53,0.54,0.54,-0.010000000000000009,0.0
m5,0.25,0.26,0.25,-0.010000000000000009,-0.010000000000000009
h1,0.48,0.48,0.48,0.0,0.0
h1,0.48,0.5,0.5,-0.020000000000000018,0.0
h1,0.48,0.5,0.5,-0.020000000000000018,0.0
h1,0.48,0.51,0.5,-0.030000000000000027,-0.010000000000000009
h1,0.51,0.52,0.52,-0.010000000000000009,0.0
h1,0.52,0.53,0.53,-0.010000000000000009,0.0
m5,0.89,0.92,0.92,-0.030000000000000027,0.0
m5,0.09380000000000001,0.1,0.09,-0.006199999999999997,-0.010000000000000009
h1,0.48,0.5,0.49,-0.020000000000000018,-0.010000000000000009
h1,0.48,0.5,0.49,-0.020000000000000018,-0.010000000000000009
m5,0.88,0.94,0.93,-0.05999999999999994,-0.009999999999999898
h1,0.5,0.51,0.52,-0.010000000000000009,0.010000000000000009
m5,0.1389,0.11,0.12,0.028899999999999995,0.009999999999999995
m5,0.87,0.88,0.88,-0.010000000000000009,0.0
h1,0.51,0.56,0.54,-0.050000000000000044,-0.020000000000000018
m5,0.2,0.41,0.39,-0.20999999999999996,-0.019999999999999962
m5,0.66,0.61,0.62,0.050000000000000044,0.010000000000000009
m5,0.6286,0.56,0.57,0.0686,0.009999999999999898
m5,0.63,0.56,0.57,0.06999999999999995,0.009999999999999898
m5,0.66,0.56,0.57,0.09999999999999998,0.009999999999999898
h1,0.56,0.61,0.6,-0.04999999999999993,-0.010000000000000009
m5,0.28,0.47,0.35,-0.18999999999999995,-0.12
m5,0.26,0.52,0.48,-0.26,-0.040000000000000036
m5,0.5314,0.56,0.51,-0.02860000000000007,-0.050000000000000044
m5,0.5326,0.56,0.51,-0.02740000000000009,-0.050000000000000044
m5,0.56,0.61,0.59,-0.04999999999999993,-0.020000000000000018
m5,0.5004,0.61,0.59,-0.10960000000000003,-0.020000000000000018
m5,0.49,0.61,0.59,-0.12,-0.020000000000000018
m5,0.5,0.61,0.59,-0.10999999999999999,-0.020000000000000018
m5,0.57,0.62,0.58,-0.050000000000000044,-0.040000000000000036
h1,0.6,0.62,0.62,-0.020000000000000018,0.0
m5,0.4,0.3,0.33,0.10000000000000003,0.030000000000000027
m5,0.25,0.23,0.25,0.01999999999999999,0.01999999999999999
m5,0.74,0.77,0.77,-0.030000000000000027,0.0
m5,0.24,0.25,0.31,-0.010000000000000009,0.06
m5,0.76,0.77,0.8,-0.010000000000000009,0.030000000000000027
m5,0.7667,0.77,0.8,-0.0032999999999999696,0.030000000000000027
m5,0.77,0.77,0.8,0.0,0.030000000000000027
m5,0.79,0.77,0.8,0.020000000000000018,0.030000000000000027
m5,0.8,0.8,0.8,0.0,0.0
h1,0.4,0.42,0.42,-0.019999999999999962,0.0
m5,0.4882,0.31,0.32,0.17820000000000003,0.010000000000000009
m5,0.38,0.26,0.29,0.12,0.02999999999999997
m5,0.3196,0.26,0.29,0.059599999999999986,0.02999999999999997
m5,0.31,0.26,0.29,0.04999999999999999,0.02999999999999997
m5,0.38,0.26,0.29,0.12,0.02999999999999997
m5,0.31,0.05,0.22,0.26,0.16999999999999998
h1,0.42,0.42,0.42,0.0,0.0
h1,0.42,0.42,0.42,0.0,0.0
h1,0.43,0.43,0.43,0.0,0.0
m5,0.49,0.51,0.5,-0.020000000000000018,-0.010000000000000009
m5,0.5,0.52,0.52,-0.020000000000000018,0.0
h1,0.43,0.44,0.44,-0.010000000000000009,0.0
h1,0.44,0.46,0.44,-0.020000000000000018,-0.020000000000000018
m15,0.61,0.61,0.61,0.0,0.0
m5,0.44,0.48,0.46,-0.03999999999999998,-0.019999999999999962
m5,0.53,0.55,0.55,-0.020000000000000018,0.0
m5,0.53,0.55,0.55,-0.020000000000000018,0.0
m5,0.45,0.52,0.51,-0.07,-0.010000000000000009
h1,0.52,0.57,0.56,-0.04999999999999993,-0.009999999999999898
h1,0.56,0.6,0.58,-0.039999999999999925,-0.020000000000000018
h1,0.58,0.61,0.6,-0.030000000000000027,-0.010000000000000009
m5,0.52,0.64,0.6,-0.12,-0.040000000000000036
m5,0.33,0.34,0.34,-0.010000000000000009,0.0
m5,0.33,0.39,0.37,-0.06,-0.020000000000000018
m5,0.58,0.58,0.59,0.0,0.010000000000000009
m5,0.3689,0.39,0.38,-0.021100000000000008,-0.010000000000000009
m5,0.36,0.39,0.38,-0.030000000000000027,-0.010000000000000009
m5,0.37,0.41,0.4,-0.03999999999999998,-0.009999999999999953
m5,0.61,0.61,0.6,0.0,-0.010000000000000009
m5,0.6,0.61,0.61,-0.010000000000000009,0.0
m5,0.4,0.45,0.44,-0.04999999999999999,-0.010000000000000009
h1,0.43,0.47,0.44,-0.03999999999999998,-0.02999999999999997
m5,0.45,0.58,0.54,-0.12999999999999995,-0.039999999999999925
m5,0.44,0.44,0.44,0.0,0.0
m5,0.43829999999999997,0.44,0.44,-0.0017000000000000348,0.0
m5,0.57,0.56,0.57,0.009999999999999898,0.009999999999999898
m5,0.46,0.45,0.46,0.010000000000000009,0.010000000000000009
m5,0.46,0.46,0.45,0.0,-0.010000000000000009
m5,0.49,0.45,0.49,0.03999999999999998,0.03999999999999998
m5,0.44,0.43,0.44,0.010000000000000009,0.010000000000000009
h1,0.44,0.46,0.46,-0.020000000000000018,0.0
m5,0.42,0.41,0.42,0.010000000000000009,0.010000000000000009
m5,0.41,0.42,0.42,-0.010000000000000009,0.0
m5,0.57,0.61,0.62,-0.040000000000000036,0.010000000000000009
m5,0.61,0.67,0.62,-0.06000000000000005,-0.050000000000000044
m15,0.73,0.75,0.75,-0.020000000000000018,0.0
h1,0.54,0.54,0.54,0.0,0.0
m5,0.87,0.88,0.9,-0.010000000000000009,0.020000000000000018
m5,0.11,0.14,0.13,-0.030000000000000013,-0.010000000000000009
m5,0.88,0.78,0.79,0.09999999999999998,0.010000000000000009
m5,0.78,0.86,0.86,-0.07999999999999996,0.0
m5,0.1379,0.16,0.15,-0.02210000000000001,-0.010000000000000009
m5,0.15,0.16,0.16,-0.010000000000000009,0.0
m5,0.85,0.88,0.88,-0.030000000000000027,0.0
m5,0.13,0.17,0.17,-0.04000000000000001,0.0
m5,0.13,0.17,0.17,-0.04000000000000001,0.0
m5,0.17,0.18,0.19,-0.009999999999999981,0.010000000000000009
h1,0.48,0.46,0.46,0.019999999999999962,0.0
m15,0.71,0.7,0.7,0.010000000000000009,0.0
m5,0.82,0.82,0.83,0.0,0.010000000000000009
h1,0.465,0.48,0.48,-0.014999999999999958,0.0
m5,0.81,0.79,0.81,0.020000000000000018,0.020000000000000018
m5,0.83,0.79,0.81,0.039999999999999925,0.020000000000000018
m5,0.2,0.23,0.23,-0.03,0.0
m5,0.22,0.25,0.25,-0.03,0.0
m5,0.6864,0.75,0.72,-0.06359999999999999,-0.030000000000000027
m5,0.29,0.26,0.29,0.02999999999999997,0.02999999999999997
m5,0.69,0.8,0.77,-0.1100000000000001,-0.030000000000000027
m5,0.77,0.82,0.82,-0.04999999999999993,0.0
m5,0.78,0.82,0.82,-0.039999999999999925,0.0
m5,0.75,0.82,0.82,-0.06999999999999995,0.0
m5,0.76,0.82,0.82,-0.05999999999999994,0.0
m15,0.67,0.66,0.66,0.010000000000000009,0.0
m15,0.66,0.67,0.66,-0.010000000000000009,-0.010000000000000009
m5,0.15,0.15,0.15,0.0,0.0
m5,0.18,0.21,0.2,-0.03,-0.009999999999999981
m5,0.15,0.21,0.2,-0.06,-0.009999999999999981
m5,0.2,0.26,0.27,-0.06,0.010000000000000009
m5,0.19,0.26,0.27,-0.07,0.010000000000000009
m5,0.74,0.69,0.7,0.050000000000000044,0.010000000000000009
m15,0.63,0.61,0.61,0.020000000000000018,0.0
m5,0.69,0.67,0.68,0.019999999999999907,0.010000000000000009
m5,0.67,0.63,0.64,0.040000000000000036,0.010000000000000009
m5,0.45,0.38,0.39,0.07,0.010000000000000009
m5,0.45,0.38,0.39,0.07,0.010000000000000009
m15,0.59,0.55,0.6,0.039999999999999925,0.04999999999999993
m15,0.57,0.54,0.55,0.029999999999999916,0.010000000000000009
h1,0.54,0.56,0.56,-0.020000000000000018,0.0
h1,0.54,0.56,0.56,-0.020000000000000018,0.0
h1,0.56,0.56,0.56,0.0,0.0
h1,0.55,0.57,0.57,-0.019999999999999907,0.0
m15,0.52,0.55,0.54,-0.030000000000000027,-0.010000000000000009
m15,0.47,0.5,0.5,-0.030000000000000027,0.0
m5,0.48,0.51,0.5,-0.030000000000000027,-0.010000000000000009
h1,0.58,0.62,0.62,-0.040000000000000036,0.0
h1,0.6,0.62,0.62,-0.020000000000000018,0.0
m5,0.35,0.35,0.35,0.0,0.0
m5,0.35,0.36,0.36,-0.010000000000000009,0.0
m5,0.65,0.67,0.65,-0.020000000000000018,-0.020000000000000018
m5,0.66,0.71,0.69,-0.04999999999999993,-0.020000000000000018
m5,0.31,0.3,0.31,0.010000000000000009,0.010000000000000009
h1,0.65,0.65,0.65,0.0,0.0
m5,0.69,0.71,0.71,-0.020000000000000018,0.0
m5,0.69,0.71,0.71,-0.020000000000000018,0.0
h1,0.65,0.67,0.67,-0.020000000000000018,0.0
h1,0.67,0.69,0.69,-0.019999999999999907,0.0
m5,0.21,0.2,0.2,0.009999999999999981,0.0
m15,0.8,0.8,0.79,0.0,-0.010000000000000009
m5,0.81,0.83,0.83,-0.019999999999999907,0.0
m15,0.2,0.13,0.17,0.07,0.04000000000000001
m5,0.8,0.87,0.85,-0.06999999999999995,-0.020000000000000018
m5,0.83,0.87,0.87,-0.040000000000000036,0.0
h1,0.7,0.72,0.72,-0.020000000000000018,0.0
h1,0.72,0.73,0.73,-0.010000000000000009,0.0
h1,0.29,0.3,0.3,-0.010000000000000009,0.0
h1,0.7399,0.74,0.74,-9.999999999998899e-05,0.0
m5,0.93,0.95,0.95,-0.019999999999999907,0.0
h1,0.26,0.27,0.27,-0.010000000000000009,0.0
m5,0.05,0.07,0.07,-0.020000000000000004,0.0
h1,0.27,0.28,0.28,-0.010000000000000009,0.0
h1,0.27,0.28,0.28,-0.010000000000000009,0.0
m15,0.92,0.95,0.96,-0.029999999999999916,0.010000000000000009
h1,0.28,0.28,0.28,0.0,0.0
m15,0.95,0.96,0.96,-0.010000000000000009,0.0
m15,0.95,0.97,0.96,-0.020000000000000018,-0.010000000000000009
m15,0.96,0.97,0.96,-0.010000000000000009,-0.010000000000000009
m15,0.96,0.97,0.98,-0.010000000000000009,0.010000000000000009
h1,0.29,0.29,0.29,0.0,0.0
m5,0.49,0.51,0.51,-0.020000000000000018,0.0
m5,0.49,0.51,0.51,-0.020000000000000018,0.0
m5,0.48,0.52,0.51,-0.040000000000000036,-0.010000000000000009
m5,0.49,0.52,0.52,-0.030000000000000027,0.0
h1,0.72,0.73,0.73,-0.010000000000000009,0.0
m5,0.54,0.58,0.59,-0.039999999999999925,0.010000000000000009
h1,0.73,0.73,0.73,0.0,0.0
h1,0.7387,0.74,0.74,-0.0012999999999999678,0.0
h1,0.74,0.76,0.76,-0.020000000000000018,0.0
h1,0.76,0.77,0.77,-0.010000000000000009,0.0
h1,0.76,0.77,0.77,-0.010000000000000009,0.0
m5,0.32,0.3,0.3,0.020000000000000018,0.0
m5,0.3,0.35,0.33,-0.04999999999999999,-0.019999999999999962
h1,0.25,0.27,0.27,-0.020000000000000018,0.0
h1,0.28,0.3,0.3,-0.019999999999999962,0.0
h1,0.29,0.31,0.31,-0.020000000000000018,0.0
h1,0.3,0.31,0.31,-0.010000000000000009,0.0
h1,0.3,0.31,0.31,-0.010000000000000009,0.0
m5,0.36,0.33,0.33,0.02999999999999997,0.0
h1,0.3,0.32,0.32,-0.020000000000000018,0.0
h1,0.3,0.32,0.32,-0.020000000000000018,0.0
m5,0.31,0.39,0.39,-0.08000000000000002,0.0
m5,0.57,0.61,0.62,-0.040000000000000036,0.010000000000000009
m5,0.48,0.47,0.47,0.010000000000000009,0.0
m5,0.48,0.47,0.47,0.010000000000000009,0.0
m5,0.59,0.67,0.65,-0.08000000000000007,-0.020000000000000018
m5,0.62,0.67,0.65,-0.050000000000000044,-0.020000000000000018
h1,0.7698,0.83,0.82,-0.06019999999999992,-0.010000000000000009
m5,0.20879999999999999,0.22,0.22,-0.011200000000000015,0.0
m5,0.21,0.21,0.22,0.0,0.010000000000000009
m5,0.21,0.21,0.22,0.0,0.010000000000000009
m5,0.8,0.82,0.82,-0.019999999999999907,0.0
m5,0.82,0.83,0.82,-0.010000000000000009,-0.010000000000000009
m5,0.83,0.83,0.83,0.0,0.0
m5,0.18,0.17,0.17,0.009999999999999981,0.0
m5,0.83,0.84,0.85,-0.010000000000000009,0.010000000000000009
h1,0.19,0.21,0.21,-0.01999999999999999,0.0
m5,0.77,0.77,0.8,0.0,0.030000000000000027
m5,0.24,0.28,0.29,-0.040000000000000036,0.009999999999999953
m5,0.7206,0.72,0.72,0.0006000000000000449,0.0
m5,0.69,0.71,0.71,-0.020000000000000018,0.0
m5,0.6944,0.71,0.71,-0.015599999999999947,0.0
m5,0.3029,0.3,0.3,0.0029000000000000137,0.0
m5,0.3,0.3,0.3,0.0,0.0
m5,0.6893,0.68,0.68,0.009299999999999975,0.0
m5,0.36,0.39,0.37,-0.030000000000000027,-0.020000000000000018
m5,0.63,0.61,0.61,0.020000000000000018,0.0
m5,0.5383,0.51,0.53,0.028299999999999992,0.020000000000000018
m5,0.5243,0.51,0.53,0.01429999999999998,0.020000000000000018
m5,0.25,0.24,0.25,0.010000000000000009,0.010000000000000009
m5,0.21,0.21,0.25,0.0,0.04000000000000001
h1,0.21530000000000002,0.24,0.24,-0.024699999999999972,0.0
m5,0.21,0.31,0.22,-0.1,-0.09
m5,0.3,0.32,0.31,-0.020000000000000018,-0.010000000000000009
m5,0.03,0.03,0.04,0.0,0.010000000000000002
m5,0.0489,0.03,0.04,0.0189,0.010000000000000002
h1,0.28,0.3,0.3,-0.019999999999999962,0.0
h1,0.29,0.3,0.3,-0.010000000000000009,0.0
h1,0.3,0.31,0.31,-0.010000000000000009,0.0
h1,0.7,0.71,0.71,-0.010000000000000009,0.0
m5,0.4,0.4,0.4,0.0,0.0
m15,0.54,0.53,0.53,0.010000000000000009,0.0
h1,0.71,0.72,0.72,-0.010000000000000009,0.0
m5,0.38,0.43,0.42,-0.04999999999999999,-0.010000000000000009
m5,0.42,0.43,0.43,-0.010000000000000009,0.0
m5,0.57,0.59,0.59,-0.020000000000000018,0.0
h1,0.28,0.28,0.28,0.0,0.0
m5,0.59,0.6,0.59,-0.010000000000000009,-0.010000000000000009
h1,0.32,0.33,0.33,-0.010000000000000009,0.0
h1,0.33,0.34,0.34,-0.010000000000000009,0.0
m5,0.5,0.56,0.56,-0.06000000000000005,0.0
h1,0.34,0.36,0.36,-0.019999999999999962,0.0
m5,0.6,0.67,0.65,-0.07000000000000006,-0.020000000000000018
h1,0.36,0.38,0.38,-0.020000000000000018,0.0
h1,0.66,0.7,0.68,-0.039999999999999925,-0.019999999999999907
h1,0.68,0.69,0.7,-0.009999999999999898,0.010000000000000009
m15,0.58,0.64,0.6,-0.06000000000000005,-0.040000000000000036
m5,0.4778,0.5,0.46,-0.022199999999999998,-0.03999999999999998
m5,0.46,0.5,0.5,-0.03999999999999998,0.0
m5,0.4672,0.5,0.5,-0.032799999999999996,0.0
m5,0.5,0.52,0.48,-0.020000000000000018,-0.040000000000000036
m5,0.48,0.48,0.5,0.0,0.020000000000000018
m5,0.51,0.53,0.51,-0.020000000000000018,-0.020000000000000018
m5,0.51,0.52,0.52,-0.010000000000000009,0.0
m5,0.52,0.52,0.53,0.0,0.010000000000000009
m5,0.46,0.53,0.52,-0.07,-0.010000000000000009
m5,0.49,0.56,0.54,-0.07000000000000006,-0.020000000000000018
m5,0.56,0.65,0.6,-0.08999999999999997,-0.050000000000000044
h1,0.67,0.74,0.69,-0.06999999999999995,-0.050000000000000044
h1,0.71,0.75,0.77,-0.040000000000000036,0.020000000000000018
m5,0.23,0.29,0.31,-0.05999999999999997,0.020000000000000018
m5,0.7,0.72,0.7,-0.020000000000000018,-0.020000000000000018
m5,0.3075,0.29,0.31,0.017500000000000016,0.020000000000000018
m5,0.7,0.72,0.72,-0.020000000000000018,0.0
h1,0.75,0.77,0.77,-0.020000000000000018,0.0
m5,0.78,0.81,0.8,-0.030000000000000027,-0.010000000000000009
m15,0.55,0.55,0.57,0.0,0.019999999999999907
m5,0.16,0.19,0.19,-0.03,0.0
m5,0.19,0.2,0.21,-0.010000000000000009,0.009999999999999981
m15,0.51,0.54,0.54,-0.030000000000000027,0.0
m5,0.8,0.83,0.83,-0.029999999999999916,0.0
m5,0.81,0.85,0.85,-0.039999999999999925,0.0
h1,0.76,0.78,0.78,-0.020000000000000018,0.0
m5,0.83,0.82,0.85,0.010000000000000009,0.030000000000000027
m5,0.74,0.73,0.73,0.010000000000000009,0.0
m5,0.75,0.8,0.8,-0.050000000000000044,0.0
m5,0.21,0.28,0.28,-0.07000000000000003,0.0
m15,0.54,0.56,0.56,-0.020000000000000018,0.0
m15,0.41,0.41,0.41,0.0,0.0
m5,0.3049,0.35,0.33,-0.04509999999999997,-0.019999999999999962
m5,0.66,0.72,0.71,-0.05999999999999994,-0.010000000000000009
m5,0.69,0.71,0.71,-0.020000000000000018,0.0
m5,0.29,0.25,0.27,0.03999999999999998,0.020000000000000018
m5,0.85,0.89,0.87,-0.040000000000000036,-0.020000000000000018
m5,0.8,0.89,0.87,-0.08999999999999997,-0.020000000000000018
m5,0.86,0.91,0.89,-0.050000000000000044,-0.020000000000000018
m5,0.06,0.04,0.05,0.019999999999999997,0.010000000000000002
m5,0.06,0.04,0.05,0.019999999999999997,0.010000000000000002
m5,0.05,0.03,0.04,0.020000000000000004,0.010000000000000002
m15,0.63,0.67,0.66,-0.040000000000000036,-0.010000000000000009
h1,0.82,0.84,0.85,-0.020000000000000018,0.010000000000000009
h1,0.16,0.19,0.18,-0.03,-0.010000000000000009
m5,0.47,0.47,0.47,0.0,0.0
m5,0.48,0.47,0.47,0.010000000000000009,0.0
m15,0.34,0.33,0.33,0.010000000000000009,0.0
m15,0.35,0.33,0.33,0.019999999999999962,0.0
m5,0.515,0.54,0.54,-0.025000000000000022,0.0
m5,0.58,0.62,0.69,-0.040000000000000036,0.06999999999999995
h1,0.13,0.15,0.15,-0.01999999999999999,0.0
m15,0.74,0.71,0.75,0.030000000000000027,0.040000000000000036
h1,0.13,0.16,0.15,-0.03,-0.010000000000000009
m15,0.75,0.74,0.71,0.010000000000000009,-0.030000000000000027
m5,0.61,0.56,0.53,0.04999999999999993,-0.030000000000000027
m5,0.57,0.58,0.56,-0.010000000000000009,-0.019999999999999907
m15,0.71,0.75,0.76,-0.040000000000000036,0.010000000000000009
m5,0.56,0.6,0.59,-0.039999999999999925,-0.010000000000000009
m15,0.75,0.71,0.73,0.040000000000000036,0.020000000000000018
m5,0.41,0.42,0.45,-0.010000000000000009,0.030000000000000027
m5,0.58,0.62,0.61,-0.040000000000000036,-0.010000000000000009
m5,0.55,0.62,0.61,-0.06999999999999995,-0.010000000000000009
m5,0.38,0.38,0.39,0.0,0.010000000000000009
m5,0.39,0.39,0.39,0.0,0.0
m5,0.38,0.39,0.39,-0.010000000000000009,0.0
m15,0.74,0.77,0.77,-0.030000000000000027,0.0
m5,0.5871999999999999,0.56,0.59,0.02719999999999989,0.029999999999999916
m15,0.73,0.8,0.78,-0.07000000000000006,-0.020000000000000018
h1,0.86,0.86,0.86,0.0,0.0
m15,0.82,0.83,0.83,-0.010000000000000009,0.0
h1,0.86,0.86,0.86,0.0,0.0
h1,0.86,0.86,0.86,0.0,0.0
h1,0.86,0.86,0.86,0.0,0.0
h1,0.86,0.88,0.88,-0.020000000000000018,0.0
h1,0.86,0.88,0.88,-0.020000000000000018,0.0
m5,0.7,0.7,0.72,0.0,0.020000000000000018
h1,0.88,0.89,0.89,-0.010000000000000009,0.0
m5,0.23,0.22,0.23,0.010000000000000009,0.010000000000000009
m5,0.13,0.06,0.06,0.07,0.0
h1,0.94,0.96,0.96,-0.020000000000000018,0.0
m5,0.97,0.98,0.98,-0.010000000000000009,0.0
h1,0.03,0.04,0.04,-0.010000000000000002,0.0
h1,0.04,0.03,0.03,0.010000000000000002,0.0
h1,0.03,0.03,0.03,0.0,0.0
h1,0.04,0.05,0.05,-0.010000000000000002,0.0
h1,0.04,0.05,0.05,-0.010000000000000002,0.0
h1,0.04,0.05,0.05,-0.010000000000000002,0.0
h1,0.05,0.04,0.05,0.010000000000000002,0.010000000000000002
h1,0.05,0.04,0.04,0.010000000000000002,0.0
h1,0.05,0.04,0.04,0.010000000000000002,0.0
m5,0.63,0.61,0.61,0.020000000000000018,0.0
m15,0.57,0.59,0.59,-0.020000000000000018,0.0
m5,0.63,0.61,0.61,0.020000000000000018,0.0
h1,0.04,0.04,0.05,0.0,0.010000000000000002
h1,0.04,0.04,0.05,0.0,0.010000000000000002
h1,0.04,0.04,0.04,0.0,0.0
m5,0.61,0.61,0.62,0.0,0.010000000000000009
h1,0.04,0.06,0.05,-0.019999999999999997,-0.009999999999999995
h1,0.04,0.06,0.05,-0.019999999999999997,-0.009999999999999995
m5,0.61,0.66,0.66,-0.050000000000000044,0.0
h1,0.06,0.05,0.06,0.009999999999999995,0.009999999999999995
m5,0.64,0.67,0.66,-0.030000000000000027,-0.010000000000000009
h1,0.06,0.05,0.05,0.009999999999999995,0.0
m5,0.34,0.37,0.37,-0.02999999999999997,0.0
h1,0.05,0.05,0.05,0.0,0.0
h1,0.06,0.07,0.07,-0.010000000000000009,0.0
h1,0.07,0.08,0.08,-0.009999999999999995,0.0
m5,0.23,0.21,0.22,0.020000000000000018,0.010000000000000009
h1,0.08,0.09,0.08,-0.009999999999999995,-0.009999999999999995
h1,0.08,0.09,0.09,-0.009999999999999995,0.0
h1,0.09,0.1,0.1,-0.010000000000000009,0.0
h1,0.09,0.11,0.1,-0.020000000000000004,-0.009999999999999995
h1,0.09,0.11,0.1,-0.020000000000000004,-0.009999999999999995
h1,0.1,0.12,0.12,-0.01999999999999999,0.0
m5,0.14,0.15,0.15,-0.009999999999999981,0.0
h1,0.09,0.08,0.08,0.009999999999999995,0.0
h1,0.06,0.08,0.07,-0.020000000000000004,-0.009999999999999995
h1,0.04,0.05,0.05,-0.010000000000000002,0.0
m5,0.26,0.35,0.35,-0.08999999999999997,0.0
m5,0.62,0.61,0.62,0.010000000000000009,0.010000000000000009
m5,0.51,0.54,0.56,-0.030000000000000027,0.020000000000000018
m5,0.52,0.54,0.56,-0.020000000000000018,0.020000000000000018
m5,0.52,0.58,0.56,-0.05999999999999994,-0.019999999999999907
m5,0.42,0.5,0.48,-0.08000000000000002,-0.020000000000000018
m5,0.29,0.29,0.29,0.0,0.0
m5,0.2945,0.27,0.29,0.024499999999999966,0.019999999999999962
m5,0.71,0.72,0.72,-0.010000000000000009,0.0
m5,0.27,0.29,0.29,-0.019999999999999962,0.0
m5,0.31,0.3,0.31,0.010000000000000009,0.010000000000000009
m5,0.3,0.23,0.25,0.06999999999999998,0.01999999999999999
m5,0.21,0.2,0.22,0.009999999999999981,0.01999999999999999
m5,0.79,0.81,0.81,-0.020000000000000018,0.0
m5,0.83,0.87,0.85,-0.040000000000000036,-0.020000000000000018
m5,0.09,0.11,0.11,-0.020000000000000004,0.0
m5,0.76,0.68,0.7,0.07999999999999996,0.019999999999999907
m5,0.7,0.72,0.67,-0.020000000000000018,-0.04999999999999993
m5,0.67,0.91,0.72,-0.24,-0.19000000000000006
m5,0.72,0.94,0.95,-0.21999999999999997,0.010000000000000009
m5,0.2919,0.05,0.06,0.2419,0.009999999999999995
m5,0.0745,0.43,0.3,-0.3555,-0.13
m5,0.06,0.43,0.3,-0.37,-0.13
m5,0.6,0.78,0.76,-0.18000000000000005,-0.020000000000000018
m5,0.4982,0.47,0.48,0.028200000000000003,0.010000000000000009
m5,0.78,0.66,0.68,0.12,0.020000000000000018
m5,0.75,0.66,0.68,0.08999999999999997,0.020000000000000018
m5,0.7187,0.66,0.68,0.058699999999999974,0.020000000000000018
m5,0.1973,0.53,0.38,-0.3327,-0.15000000000000002
m5,0.42,0.01,0.17,0.41,0.16
m5,0.47490000000000004,0.51,0.53,-0.035099999999999965,0.020000000000000018
m5,0.53,0.46,0.46,0.07,0.0
m15,0.43,0.54,0.54,-0.11000000000000004,0.0
m5,0.41,0.54,0.54,-0.13000000000000006,0.0
m15,0.46,0.54,0.54,-0.08000000000000002,0.0
m5,0.41,0.54,0.54,-0.13000000000000006,0.0
m5,0.46,0.55,0.54,-0.09000000000000002,-0.010000000000000009
m5,0.49,0.51,0.51,-0.020000000000000018,0.0
m15,0.46,0.53,0.53,-0.07,0.0
m5,0.49,0.51,0.51,-0.020000000000000018,0.0
m5,0.49,0.51,0.51,-0.020000000000000018,0.0
m5,0.46,0.53,0.53,-0.07,0.0
m15,0.6,0.61,0.6,-0.010000000000000009,-0.010000000000000009
m5,0.38,0.38,0.38,0.0,0.0
m5,0.63,0.63,0.63,0.0,0.0
m5,0.69,0.73,0.73,-0.040000000000000036,0.0
m15,0.34,0.33,0.33,0.010000000000000009,0.0
m5,0.73,0.78,0.77,-0.050000000000000044,-0.010000000000000009
h1,0.94,0.95,0.95,-0.010000000000000009,0.0
m5,0.87,0.9,0.9,-0.030000000000000027,0.0
m15,0.16,0.2,0.2,-0.04000000000000001,0.0
m5,0.06,0.05,0.05,0.009999999999999995,0.0
m5,0.05,0.08,0.07,-0.03,-0.009999999999999995
h1,0.08,0.09,0.09,-0.009999999999999995,0.0
m15,0.05,0.05,0.05,0.0,0.0
h1,0.09,0.1,0.09,-0.010000000000000009,-0.010000000000000009
h1,0.131,0.16,0.16,-0.028999999999999998,0.0
m15,0.03,0.03,0.03,0.0,0.0
m15,0.03,0.03,0.03,0.0,0.0
m15,0.03,0.03,0.04,0.0,0.010000000000000002
h1,0.19,0.21,0.21,-0.01999999999999999,0.0
m15,0.02,0.03,0.03,-0.009999999999999998,0.0
h1,0.2087,0.2,0.21,0.008699999999999986,0.009999999999999981
h1,0.23,0.24,0.24,-0.009999999999999981,0.0
h1,0.758,0.8,0.8,-0.04200000000000004,0.0
m5,0.5111,0.52,0.52,-0.008900000000000019,0.0
h1,0.76,0.8,0.76,-0.040000000000000036,-0.040000000000000036
h1,0.76,0.82,0.8,-0.05999999999999994,-0.019999999999999907
h1,0.76,0.82,0.8,-0.05999999999999994,-0.019999999999999907
h1,0.76,0.82,0.8,-0.05999999999999994,-0.019999999999999907
h1,0.8,0.82,0.82,-0.019999999999999907,0.0
m5,0.43,0.51,0.52,-0.08000000000000002,0.010000000000000009
m5,0.49,0.51,0.51,-0.020000000000000018,0.0
m5,0.5,0.51,0.51,-0.010000000000000009,0.0
h1,0.82,0.83,0.83,-0.010000000000000009,0.0
m5,0.59,0.62,0.63,-0.030000000000000027,0.010000000000000009
m5,0.59,0.6,0.6,-0.010000000000000009,0.0
h1,0.16440000000000002,0.17,0.2,-0.005599999999999994,0.03
h1,0.15,0.17,0.2,-0.020000000000000018,0.03
h1,0.18,0.17,0.2,0.009999999999999981,0.03
m5,0.53,0.59,0.58,-0.05999999999999994,-0.010000000000000009
h1,0.16,0.17,0.16,-0.010000000000000009,-0.010000000000000009
h1,0.16,0.18,0.17,-0.01999999999999999,-0.009999999999999981
h1,0.1809,0.22,0.22,-0.039099999999999996,0.0
m5,0.4567,0.45,0.47,0.006699999999999984,0.019999999999999962
h1,0.16,0.2,0.19,-0.04000000000000001,-0.010000000000000009
m5,0.47,0.5,0.49,-0.030000000000000027,-0.010000000000000009
m5,0.49,0.49,0.49,0.0,0.0
m5,0.31,0.28,0.28,0.02999999999999997,0.0
h1,0.31670000000000004,0.39,0.39,-0.07329999999999998,0.0
m5,0.295,0.4,0.32,-0.10500000000000004,-0.08000000000000002
h1,0.691,0.82,0.7,-0.129,-0.12
m5,0.28,0.44,0.4,-0.15999999999999998,-0.03999999999999998
h1,0.7,0.8,0.79,-0.10000000000000009,-0.010000000000000009
m5,0.57,0.54,0.57,0.029999999999999916,0.029999999999999916
h1,0.84,0.85,0.85,-0.010000000000000009,0.0
m5,0.49,0.51,0.51,-0.020000000000000018,0.0
m5,0.55,0.6,0.6,-0.04999999999999993,0.0
h1,0.9261,0.97,0.94,-0.04389999999999994,-0.030000000000000027
h1,0.9525,0.93,0.96,0.022499999999999964,0.029999999999999916
m5,0.3543,0.37,0.38,-0.015699999999999992,0.010000000000000009
m5,0.37,0.37,0.37,0.0,0.0
h1,0.9275,0.95,0.95,-0.022499999999999964,0.0
h1,0.9301,0.95,0.95,-0.019899999999999918,0.0
m5,0.37920000000000004,0.37,0.37,0.009200000000000041,0.0
h1,0.9425,0.97,0.96,-0.02749999999999997,-0.010000000000000009
h1,0.9501000000000001,0.97,0.96,-0.019899999999999918,-0.010000000000000009
m5,0.64,0.68,0.67,-0.040000000000000036,-0.010000000000000009
m5,0.64,0.69,0.68,-0.04999999999999993,-0.009999999999999898
m5,0.7,0.73,0.72,-0.030000000000000027,-0.010000000000000009
h1,0.976,0.98,0.98,-0.0040000000000000036,0.0
m5,0.28,0.25,0.27,0.030000000000000027,0.020000000000000018
m5,0.74,0.78,0.78,-0.040000000000000036,0.0
h1,0.98,0.98,0.98,0.0,0.0
m5,0.23,0.22,0.22,0.010000000000000009,0.0
m5,0.22,0.21,0.21,0.010000000000000009,0.0
m5,0.78,0.8,0.8,-0.020000000000000018,0.0
m5,0.8,0.83,0.82,-0.029999999999999916,-0.010000000000000009
h1,0.98,0.97,0.98,0.010000000000000009,0.010000000000000009
h1,0.9840000000000001,0.99,0.99,-0.005999999999999894,0.0
h1,0.987,0.99,0.99,-0.0030000000000000027,0.0
h1,0.9890000000000001,0.99,1.0,-0.0009999999999998899,0.010000000000000009
m5,0.84,0.88,0.89,-0.040000000000000036,0.010000000000000009
h1,0.9897,1.0,1.0,-0.010299999999999976,0.0
m5,0.12,0.08,0.08,0.039999999999999994,0.0
m5,0.91,0.93,0.94,-0.020000000000000018,0.009999999999999898
m5,0.1,0.13,0.13,-0.03,0.0
m5,0.06,0.06,0.07,0.0,0.010000000000000009
m5,0.96,0.96,0.96,0.0,0.0
m5,0.49,0.49,0.49,0.0,0.0
m5,0.47,0.52,0.52,-0.050000000000000044,0.0
m5,0.6,0.64,0.64,-0.040000000000000036,0.0
m5,0.37,0.4,0.39,-0.030000000000000027,-0.010000000000000009
m5,0.64,0.69,0.68,-0.04999999999999993,-0.009999999999999898
h1,0.43,0.44,0.44,-0.010000000000000009,0.0
m5,0.53,0.57,0.56,-0.039999999999999925,-0.009999999999999898
m5,0.42,0.47,0.47,-0.04999999999999999,0.0
m5,0.52,0.51,0.51,0.010000000000000009,0.0
h1,0.51,0.53,0.53,-0.020000000000000018,0.0
m5,0.32,0.31,0.32,0.010000000000000009,0.010000000000000009
m5,0.31,0.35,0.34,-0.03999999999999998,-0.009999999999999953
m5,0.65,0.72,0.72,-0.06999999999999995,0.0
m5,0.14,0.18,0.17,-0.03999999999999998,-0.009999999999999981
m15,0.29,0.3,0.3,-0.010000000000000009,0.0
m5,0.06,0.06,0.07,0.0,0.010000000000000009
m5,0.5,0.51,0.48,-0.010000000000000009,-0.030000000000000027
h1,0.62,0.64,0.64,-0.020000000000000018,0.0
m5,0.34,0.32,0.32,0.020000000000000018,0.0
h1,0.62,0.64,0.64,-0.020000000000000018,0.0
m5,0.32,0.32,0.32,0.0,0.0
m5,0.68,0.67,0.7,0.010000000000000009,0.029999999999999916
m5,0.29,0.34,0.34,-0.050000000000000044,0.0
h1,0.36,0.38,0.38,-0.020000000000000018,0.0
m5,0.55,0.56,0.52,-0.010000000000000009,-0.040000000000000036
m5,0.52,0.55,0.56,-0.030000000000000027,0.010000000000000009
m15,0.76,0.78,0.78,-0.020000000000000018,0.0
m5,0.45,0.48,0.48,-0.02999999999999997,0.0
m5,0.45,0.48,0.48,-0.02999999999999997,0.0
h1,0.41,0.42,0.42,-0.010000000000000009,0.0
h1,0.41,0.42,0.42,-0.010000000000000009,0.0
m15,0.7,0.71,0.71,-0.010000000000000009,0.0
m5,0.34,0.37,0.37,-0.02999999999999997,0.0
m5,0.36950000000000005,0.38,0.38,-0.010499999999999954,0.0
m5,0.37,0.38,0.38,-0.010000000000000009,0.0
m5,0.63,0.66,0.66,-0.030000000000000027,0.0
m5,0.35,0.33,0.34,0.019999999999999962,0.010000000000000009
h1,0.64,0.66,0.66,-0.020000000000000018,0.0
h1,0.66,0.68,0.68,-0.020000000000000018,0.0
h1,0.66,0.68,0.68,-0.020000000000000018,0.0
h1,0.66,0.67,0.67,-0.010000000000000009,0.0
m5,0.2,0.21,0.21,-0.009999999999999981,0.0
m5,0.86,0.92,0.92,-0.06000000000000005,0.0
m5,0.9,0.87,0.88,0.030000000000000027,0.010000000000000009
m5,0.79,0.74,0.77,0.050000000000000044,0.030000000000000027
m5,0.16,0.27,0.25,-0.11000000000000001,-0.020000000000000018
m5,0.79,0.71,0.71,0.08000000000000007,0.0
m5,0.71,0.75,0.75,-0.040000000000000036,0.0
m5,0.7168000000000001,0.75,0.75,-0.033199999999999896,0.0
m5,0.26,0.26,0.26,0.0,0.0
m5,0.67,0.66,0.66,0.010000000000000009,0.0
h1,0.35969999999999996,0.37,0.37,-0.010300000000000031,0.0
m5,0.66,0.65,0.65,0.010000000000000009,0.0
m5,0.66,0.65,0.65,0.010000000000000009,0.0
m15,0.85,0.85,0.85,0.0,0.0
m5,0.6642,0.65,0.65,0.01419999999999999,0.0
m5,0.63,0.61,0.63,0.020000000000000018,0.020000000000000018
m5,0.38,0.46,0.41,-0.08000000000000002,-0.050000000000000044
h1,0.37,0.4,0.39,-0.030000000000000027,-0.010000000000000009
m5,0.47,0.51,0.46,-0.040000000000000036,-0.04999999999999999
m5,0.6039,0.45,0.45,0.15389999999999998,0.0
m5,0.4644,0.69,0.62,-0.22559999999999997,-0.06999999999999995
m5,0.53,0.69,0.62,-0.15999999999999992,-0.06999999999999995
m5,0.62,0.85,0.83,-0.22999999999999998,-0.020000000000000018
h1,0.41,0.41,0.41,0.0,0.0
m5,0.7547,0.83,0.83,-0.07529999999999992,0.0
m5,0.1882,0.18,0.18,0.008200000000000013,0.0
m5,0.23,0.21,0.23,0.020000000000000018,0.020000000000000018
h1,0.41,0.42,0.42,-0.010000000000000009,0.0
h1,0.41,0.42,0.42,-0.010000000000000009,0.0
m5,0.8739,0.89,0.89,-0.016100000000000003,0.0
m5,0.89,0.88,0.91,0.010000000000000009,0.030000000000000027
m5,0.89,0.85,0.9,0.040000000000000036,0.050000000000000044
m5,0.8875,0.91,0.88,-0.022500000000000075,-0.030000000000000027
m5,0.11,0.1,0.13,0.009999999999999995,0.03
m5,0.88,0.91,0.88,-0.030000000000000027,-0.030000000000000027
m5,0.85,0.92,0.88,-0.07000000000000006,-0.040000000000000036
m5,0.93,0.92,0.9,0.010000000000000009,-0.020000000000000018
m5,0.45,0.46,0.45,-0.010000000000000009,-0.010000000000000009
m5,0.53,0.54,0.53,-0.010000000000000009,-0.010000000000000009
m5,0.54,0.57,0.57,-0.029999999999999916,0.0
m5,0.54,0.56,0.57,-0.020000000000000018,0.009999999999999898
m5,0.57,0.57,0.57,0.0,0.0
m5,0.66,0.68,0.68,-0.020000000000000018,0.0
m5,0.65,0.66,0.66,-0.010000000000000009,0.0
h1,0.64,0.66,0.66,-0.020000000000000018,0.0
m15,0.01,0.02,0.01,-0.01,-0.01
m15,0.01,0.02,0.02,-0.01,0.0
m5,0.86,0.87,0.87,-0.010000000000000009,0.0
h1,0.66,0.67,0.67,-0.010000000000000009,0.0
h1,0.67,0.68,0.68,-0.010000000000000009,0.0
m5,0.07,0.1,0.09,-0.03,-0.010000000000000009
h1,0.71,0.73,0.72,-0.020000000000000018,-0.010000000000000009
m5,0.01,0.02,0.03,-0.01,0.009999999999999998
m5,0.76,0.84,0.78,-0.07999999999999996,-0.05999999999999994
m5,0.77,0.93,0.9,-0.16000000000000003,-0.030000000000000027
m5,0.73,0.93,0.9,-0.20000000000000007,-0.030000000000000027
m5,0.11,0.38,0.08,-0.27,-0.3
m5,0.7754000000000001,0.73,0.93,0.04540000000000011,0.20000000000000007
m5,0.4341,0.43,0.43,0.0040999999999999925,0.0
m5,0.57,0.63,0.59,-0.06000000000000005,-0.040000000000000036
h1,0.44,0.45,0.45,-0.010000000000000009,0.0
m5,0.36,0.38,0.38,-0.020000000000000018,0.0
m5,0.57,0.61,0.61,-0.040000000000000036,0.0
m5,0.66,0.71,0.7,-0.04999999999999993,-0.010000000000000009
m5,0.59,0.59,0.59,0.0,0.0
m5,0.57,0.68,0.64,-0.1100000000000001,-0.040000000000000036
m5,0.32,0.39,0.39,-0.07,0.0
m5,0.62,0.68,0.65,-0.06000000000000005,-0.030000000000000027
m5,0.27,0.27,0.27,0.0,0.0
m5,0.61,0.61,0.61,0.0,0.0
m5,0.4,0.44,0.42,-0.03999999999999998,-0.020000000000000018
m5,0.5714,0.56,0.56,0.011399999999999966,0.0
m5,0.45,0.46,0.47,-0.010000000000000009,0.009999999999999953
m5,0.54,0.54,0.54,0.0,0.0
m5,0.57,0.59,0.59,-0.020000000000000018,0.0
m5,0.4,0.47,0.47,-0.06999999999999995,0.0
m5,0.4227,0.46,0.45,-0.0373,-0.010000000000000009
m5,0.55,0.47,0.52,0.08000000000000007,0.050000000000000044
m5,0.49310000000000004,0.49,0.48,0.003100000000000047,-0.010000000000000009
m5,0.55,0.82,0.65,-0.2699999999999999,-0.16999999999999993
m5,0.239,0.16,0.17,0.07899999999999999,0.010000000000000009
m5,0.18,0.17,0.14,0.009999999999999981,-0.03
m15,0.31,0.35,0.35,-0.03999999999999998,0.0
m15,0.31,0.35,0.35,-0.03999999999999998,0.0
m5,0.09,0.11,0.09,-0.020000000000000004,-0.020000000000000004
m5,0.07490000000000001,0.06,0.08,0.01490000000000001,0.020000000000000004
m5,0.9523,0.99,0.99,-0.037699999999999956,0.0
m15,0.67,0.69,0.65,-0.019999999999999907,-0.039999999999999925
m5,0.57,0.56,0.59,0.009999999999999898,0.029999999999999916
m15,0.17,0.16,0.16,0.010000000000000009,0.0
m5,0.22829999999999998,0.15,0.13,0.07829999999999998,-0.01999999999999999
m5,0.253,0.15,0.13,0.10300000000000001,-0.01999999999999999
h1,0.2,0.22,0.23,-0.01999999999999999,0.010000000000000009
h1,0.78,0.8,0.79,-0.020000000000000018,-0.010000000000000009
m5,0.88,0.92,0.92,-0.040000000000000036,0.0
h1,0.78,0.82,0.81,-0.039999999999999925,-0.009999999999999898
h1,0.79,0.82,0.81,-0.029999999999999916,-0.009999999999999898
m5,0.9,0.93,0.92,-0.030000000000000027,-0.010000000000000009
h1,0.8,0.81,0.81,-0.010000000000000009,0.0
m5,0.91,0.92,0.92,-0.010000000000000009,0.0
m15,0.86,0.87,0.86,-0.010000000000000009,-0.010000000000000009
m15,0.86,0.87,0.87,-0.010000000000000009,0.0
m15,0.85,0.87,0.87,-0.020000000000000018,0.0
m5,0.85,0.88,0.88,-0.030000000000000027,0.0
m5,0.84,0.82,0.82,0.020000000000000018,0.0
h1,0.25,0.26,0.26,-0.010000000000000009,0.0
m5,0.79,0.78,0.8,0.010000000000000009,0.020000000000000018
m5,0.79,0.78,0.8,0.010000000000000009,0.020000000000000018
m5,0.77,0.8,0.79,-0.030000000000000027,-0.010000000000000009
m5,0.82,0.88,0.86,-0.06000000000000005,-0.020000000000000018
h1,0.22,0.24,0.24,-0.01999999999999999,0.0
m5,0.83,0.85,0.85,-0.020000000000000018,0.0
m5,0.84,0.88,0.88,-0.040000000000000036,0.0
m5,0.88,0.9,0.9,-0.020000000000000018,0.0
m5,0.88,0.9,0.9,-0.020000000000000018,0.0
h1,0.19,0.21,0.21,-0.01999999999999999,0.0
h1,0.15,0.17,0.17,-0.020000000000000018,0.0
h1,0.14,0.17,0.17,-0.03,0.0
h1,0.18,0.19,0.18,-0.010000000000000009,-0.010000000000000009
h1,0.19,0.21,0.21,-0.01999999999999999,0.0
m5,0.01,0.01,0.01,0.0,0.0
m5,0.01,0.02,0.02,-0.01,0.0
h1,0.22,0.23,0.23,-0.010000000000000009,0.0
h1,0.22,0.23,0.23,-0.010000000000000009,0.0
h1,0.23,0.24,0.24,-0.009999999999999981,0.0
h1,0.23,0.24,0.24,-0.009999999999999981,0.0
m15,0.02,0.01,0.02,0.01,0.01
m15,0.01,0.02,0.01,-0.01,-0.01
m5,0.35,0.35,0.35,0.0,0.0
m15,0.01,0.02,0.02,-0.01,0.0
m15,0.01,0.02,0.02,-0.01,0.0
m5,0.36,0.37,0.37,-0.010000000000000009,0.0
m5,0.6,0.6,0.6,0.0,0.0
m5,0.52,0.51,0.51,0.010000000000000009,0.0
m5,0.52,0.58,0.58,-0.05999999999999994,0.0
m5,0.59,0.59,0.59,0.0,0.0
m5,0.58,0.6,0.59,-0.020000000000000018,-0.010000000000000009
m5,0.5,0.52,0.52,-0.020000000000000018,0.0
m5,0.41,0.42,0.42,-0.010000000000000009,0.0
h1,0.78,0.74,0.73,0.040000000000000036,-0.010000000000000009
h1,0.7576,0.74,0.73,0.01760000000000006,-0.010000000000000009
m5,0.42,0.49,0.45,-0.07,-0.03999999999999998
h1,0.75,0.71,0.75,0.040000000000000036,0.040000000000000036
h1,0.7497,0.71,0.75,0.03970000000000007,0.040000000000000036
h1,0.7452,0.75,0.75,-0.0048000000000000265,0.0
m5,0.53,0.53,0.53,0.0,0.0
h1,0.737,0.74,0.75,-0.0030000000000000027,0.010000000000000009
h1,0.7585,0.74,0.75,0.01849999999999996,0.010000000000000009
h1,0.75,0.74,0.75,0.010000000000000009,0.010000000000000009
h1,0.7576,0.72,0.7,0.03760000000000008,-0.020000000000000018
h1,0.7536,0.72,0.7,0.033600000000000074,-0.020000000000000018
h1,0.7415,0.72,0.7,0.021500000000000075,-0.020000000000000018
m5,0.52,0.53,0.53,-0.010000000000000009,0.0
h1,0.7127,0.74,0.74,-0.02729999999999999,0.0
m5,0.48,0.46,0.46,0.019999999999999962,0.0
h1,0.7489,0.71,0.75,0.038900000000000046,0.040000000000000036
h1,0.75,0.71,0.75,0.040000000000000036,0.040000000000000036
h1,0.7425,0.71,0.75,0.032500000000000084,0.040000000000000036
h1,0.7259,0.71,0.75,0.015900000000000025,0.040000000000000036
m5,0.53,0.55,0.55,-0.020000000000000018,0.0
h1,0.74,0.71,0.71,0.030000000000000027,0.0
h1,0.74,0.71,0.71,0.030000000000000027,0.0
h1,0.73,0.73,0.74,0.0,0.010000000000000009
h1,0.73,0.73,0.74,0.0,0.010000000000000009
m5,0.56,0.58,0.58,-0.019999999999999907,0.0
h1,0.7248,0.73,0.73,-0.005199999999999982,0.0
h1,0.7337,0.73,0.73,0.0037000000000000366,0.0
h1,0.7142000000000001,0.68,0.67,0.03420000000000001,-0.010000000000000009
h1,0.726,0.68,0.67,0.04599999999999993,-0.010000000000000009
h1,0.6870999999999999,0.7,0.68,-0.012900000000000023,-0.019999999999999907
h1,0.6994,0.7,0.68,-0.0005999999999999339,-0.019999999999999907
h1,0.7134999999999999,0.73,0.72,-0.01650000000000007,-0.010000000000000009
h1,0.72,0.73,0.72,-0.010000000000000009,-0.010000000000000009
h1,0.6966,0.73,0.72,-0.033399999999999985,-0.010000000000000009
h1,0.6881,0.73,0.72,-0.04189999999999994,-0.010000000000000009
h1,0.7193999999999999,0.67,0.71,0.04939999999999989,0.039999999999999925
m5,0.62,0.65,0.65,-0.030000000000000027,0.0
h1,0.7095,0.68,0.69,0.02949999999999997,0.009999999999999898
h1,0.7,0.7,0.7,0.0,0.0
h1,0.7,0.7,0.7,0.0,0.0
h1,0.6759000000000001,0.7,0.7,-0.0240999999999999,0.0
h1,0.69,0.7,0.7,-0.010000000000000009,0.0
h1,0.68,0.71,0.7,-0.029999999999999916,-0.010000000000000009
h1,0.7,0.71,0.7,-0.010000000000000009,-0.010000000000000009
h1,0.6984,0.68,0.71,0.018399999999999972,0.029999999999999916
m5,0.33,0.37,0.34,-0.03999999999999998,-0.02999999999999997
h1,0.69,0.68,0.71,0.009999999999999898,0.029999999999999916
h1,0.7,0.71,0.69,-0.010000000000000009,-0.020000000000000018
h1,0.6898000000000001,0.71,0.69,-0.020199999999999885,-0.020000000000000018
m5,0.5872999999999999,0.58,0.58,0.007299999999999973,0.0
h1,0.695,0.71,0.71,-0.015000000000000013,0.0
h1,0.7,0.69,0.68,0.010000000000000009,-0.009999999999999898
h1,0.6916,0.69,0.69,0.0016000000000000458,0.0
m5,0.67,0.72,0.7,-0.04999999999999993,-0.020000000000000018
h1,0.69,0.71,0.7,-0.020000000000000018,-0.010000000000000009
h1,0.7,0.71,0.7,-0.010000000000000009,-0.010000000000000009
h1,0.7,0.69,0.69,0.010000000000000009,0.0
h1,0.7,0.69,0.69,0.010000000000000009,0.0
h1,0.6801999999999999,0.71,0.71,-0.02980000000000005,0.0
h1,0.69,0.71,0.71,-0.020000000000000018,0.0
h1,0.69,0.71,0.71,-0.020000000000000018,0.0
h1,0.69,0.71,0.71,-0.020000000000000018,0.0
m5,0.34,0.42,0.4,-0.07999999999999996,-0.019999999999999962
m5,0.39,0.45,0.42,-0.06,-0.030000000000000027
h1,0.7,0.71,0.71,-0.010000000000000009,0.0
h1,0.69,0.72,0.71,-0.030000000000000027,-0.010000000000000009
h1,0.7,0.72,0.71,-0.020000000000000018,-0.010000000000000009
m5,0.46,0.47,0.47,-0.009999999999999953,0.0
m5,0.47,0.58,0.56,-0.10999999999999999,-0.019999999999999907
m5,0.4412,0.45,0.45,-0.00880000000000003,0.0
m5,0.45,0.44,0.45,0.010000000000000009,0.010000000000000009
m5,0.43,0.41,0.44,0.020000000000000018,0.030000000000000027
m5,0.6,0.63,0.61,-0.030000000000000027,-0.020000000000000018
m5,0.65,0.69,0.69,-0.039999999999999925,0.0
m5,0.68,0.67,0.69,0.010000000000000009,0.019999999999999907
m5,0.68,0.67,0.69,0.010000000000000009,0.019999999999999907
m5,0.32270000000000004,0.29,0.29,0.03270000000000006,0.0
m5,0.3187,0.34,0.29,-0.02130000000000004,-0.050000000000000044
m15,0.44,0.44,0.44,0.0,0.0
m5,0.42,0.43,0.41,-0.010000000000000009,-0.020000000000000018
h1,0.24,0.26,0.26,-0.020000000000000018,0.0
h1,0.2483,0.26,0.26,-0.011700000000000016,0.0
m5,0.53,0.56,0.56,-0.030000000000000027,0.0
m5,0.55,0.56,0.56,-0.010000000000000009,0.0
m5,0.5,0.52,0.54,-0.020000000000000018,0.020000000000000018
m15,0.45,0.48,0.47,-0.02999999999999997,-0.010000000000000009
m5,0.41490000000000005,0.42,0.42,-0.005099999999999938,0.0
m5,0.45,0.46,0.46,-0.010000000000000009,0.0
m5,0.19,0.19,0.19,0.0,0.0
h1,0.2077,0.19,0.19,0.017699999999999994,0.0
m5,0.71,0.7,0.71,0.010000000000000009,0.010000000000000009
h1,0.1881,0.2,0.21,-0.011900000000000022,0.009999999999999981
h1,0.1906,0.2,0.21,-0.00940000000000002,0.009999999999999981
h1,0.175,0.2,0.21,-0.025000000000000022,0.009999999999999981
h1,0.2075,0.21,0.22,-0.0025000000000000022,0.010000000000000009
h1,0.2202,0.21,0.22,0.010200000000000015,0.010000000000000009
m5,0.65,0.67,0.69,-0.020000000000000018,0.019999999999999907
h1,0.22,0.23,0.21,-0.010000000000000009,-0.020000000000000018
m5,0.66,0.66,0.66,0.0,0.0
h1,0.21710000000000002,0.23,0.22,-0.012899999999999995,-0.010000000000000009
h1,0.22,0.23,0.23,-0.010000000000000009,0.0
h1,0.25,0.25,0.25,0.0,0.0
h1,0.24,0.26,0.26,-0.020000000000000018,0.0
h1,0.25,0.26,0.26,-0.010000000000000009,0.0
m5,0.52,0.5,0.5,0.020000000000000018,0.0
h1,0.25,0.26,0.26,-0.010000000000000009,0.0
h1,0.25,0.26,0.27,-0.010000000000000009,0.010000000000000009
h1,0.26,0.26,0.26,0.0,0.0
h1,0.26,0.26,0.26,0.0,0.0
h1,0.24420000000000003,0.28,0.28,-0.0358,0.0
h1,0.27,0.28,0.28,-0.010000000000000009,0.0
h1,0.26,0.28,0.28,-0.020000000000000018,0.0
h1,0.28,0.29,0.28,-0.009999999999999953,-0.009999999999999953
h1,0.28,0.29,0.28,-0.009999999999999953,-0.009999999999999953
h1,0.2638,0.29,0.28,-0.0262,-0.009999999999999953
h1,0.28,0.29,0.27,-0.009999999999999953,-0.019999999999999962
h1,0.2779,0.3,0.29,-0.02210000000000001,-0.010000000000000009
h1,0.29,0.31,0.31,-0.020000000000000018,0.0
h1,0.2879,0.31,0.31,-0.02210000000000001,0.0
h1,0.29,0.31,0.31,-0.020000000000000018,0.0
h1,0.29,0.31,0.31,-0.020000000000000018,0.0
h1,0.31,0.31,0.31,0.0,0.0
h1,0.31,0.31,0.31,0.0,0.0
h1,0.3,0.3,0.3,0.0,0.0
h1,0.3,0.33,0.33,-0.030000000000000027,0.0
h1,0.3,0.33,0.33,-0.030000000000000027,0.0
h1,0.31,0.34,0.34,-0.030000000000000027,0.0
h1,0.31,0.34,0.34,-0.030000000000000027,0.0
m15,0.74,0.76,0.77,-0.020000000000000018,0.010000000000000009
h1,0.32,0.34,0.34,-0.020000000000000018,0.0
h1,0.31,0.32,0.31,-0.010000000000000009,-0.010000000000000009
h1,0.31,0.33,0.33,-0.020000000000000018,0.0
h1,0.32,0.33,0.34,-0.010000000000000009,0.010000000000000009
m5,0.9,0.86,0.87,0.040000000000000036,0.010000000000000009
m5,0.86,0.83,0.86,0.030000000000000027,0.030000000000000027
h1,0.26,0.28,0.28,-0.020000000000000018,0.0
m5,0.91,0.96,0.96,-0.04999999999999993,0.0
h1,0.27,0.28,0.28,-0.010000000000000009,0.0
h1,0.26,0.27,0.27,-0.010000000000000009,0.0
h1,0.27,0.27,0.27,0.0,0.0
h1,0.27,0.29,0.27,-0.019999999999999962,-0.019999999999999962
h1,0.27,0.27,0.29,0.0,0.019999999999999962
h1,0.27,0.27,0.29,0.0,0.019999999999999962
h1,0.27,0.27,0.29,0.0,0.019999999999999962
m15,0.28,0.36,0.36,-0.07999999999999996,0.0
m5,0.37,0.52,0.52,-0.15000000000000002,0.0
m5,0.49,0.49,0.49,0.0,0.0
m5,0.49,0.57,0.56,-0.07999999999999996,-0.009999999999999898
m5,0.41,0.41,0.43,0.0,0.020000000000000018
m15,0.36,0.38,0.38,-0.020000000000000018,0.0
h1,0.2,0.19,0.19,0.010000000000000009,0.0
h1,0.21,0.19,0.19,0.01999999999999999,0.0
h1,0.19649999999999998,0.19,0.19,0.006499999999999978,0.0
h1,0.2082,0.21,0.21,-0.001799999999999996,0.0
m5,0.59,0.63,0.63,-0.040000000000000036,0.0
m5,0.69,0.71,0.69,-0.020000000000000018,-0.020000000000000018
m5,0.29,0.3,0.3,-0.010000000000000009,0.0
h1,0.18,0.19,0.19,-0.010000000000000009,0.0
m5,0.18,0.17,0.17,0.009999999999999981,0.0
h1,0.16,0.17,0.17,-0.010000000000000009,0.0
h1,0.16,0.17,0.17,-0.010000000000000009,0.0
h1,0.16,0.17,0.17,-0.010000000000000009,0.0
m15,0.48,0.46,0.49,0.019999999999999962,0.02999999999999997
m15,0.47,0.46,0.49,0.009999999999999953,0.02999999999999997
h1,0.16,0.15,0.15,0.010000000000000009,0.0
h1,0.15,0.15,0.15,0.0,0.0
h1,0.14980000000000002,0.15,0.15,-0.00019999999999997797,0.0
h1,0.15,0.14,0.14,0.009999999999999981,0.0
m5,0.07,0.08,0.08,-0.009999999999999995,0.0
h1,0.13,0.13,0.14,0.0,0.010000000000000009
h1,0.13,0.13,0.13,0.0,0.0
h1,0.84,0.85,0.85,-0.010000000000000009,0.0
h1,0.84,0.85,0.85,-0.010000000000000009,0.0
h1,0.84,0.85,0.85,-0.010000000000000009,0.0
h1,0.84,0.85,0.85,-0.010000000000000009,0.0
m5,0.85,0.86,0.86,-0.010000000000000009,0.0
m5,0.85,0.86,0.86,-0.010000000000000009,0.0
h1,0.82,0.82,0.82,0.0,0.0
m15,0.47,0.47,0.49,0.0,0.020000000000000018
m15,0.52,0.52,0.53,0.0,0.010000000000000009
m5,0.8,0.81,0.81,-0.010000000000000009,0.0
m5,0.79,0.82,0.82,-0.029999999999999916,0.0
h1,0.82,0.83,0.83,-0.010000000000000009,0.0
h1,0.83,0.83,0.83,0.0,0.0
h1,0.83,0.83,0.83,0.0,0.0
m15,0.4,0.44,0.4,-0.03999999999999998,-0.03999999999999998
m5,0.12,0.11,0.11,0.009999999999999995,0.0
h1,0.83,0.84,0.84,-0.010000000000000009,0.0
m5,0.06,0.06,0.06,0.0,0.0
m15,0.35,0.36,0.36,-0.010000000000000009,0.0
h1,0.84,0.85,0.85,-0.010000000000000009,0.0
m15,0.67,0.66,0.66,0.010000000000000009,0.0
h1,0.85,0.85,0.85,0.0,0.0
h1,0.85,0.85,0.85,0.0,0.0
m15,0.63,0.63,0.66,0.0,0.030000000000000027
m5,0.03,0.03,0.03,0.0,0.0
m5,0.03,0.04,0.04,-0.010000000000000002,0.0
m15,0.4,0.48,0.45,-0.07999999999999996,-0.02999999999999997
m15,0.59,0.58,0.59,0.010000000000000009,0.010000000000000009
m5,0.59,0.59,0.6,0.0,0.010000000000000009
m15,0.59,0.58,0.59,0.010000000000000009,0.010000000000000009
m5,0.59,0.59,0.6,0.0,0.010000000000000009
m5,0.58,0.63,0.6,-0.050000000000000044,-0.030000000000000027
m5,0.38,0.45,0.43,-0.07,-0.020000000000000018
m5,0.4,0.45,0.43,-0.04999999999999999,-0.020000000000000018
m5,0.38,0.45,0.43,-0.07,-0.020000000000000018
h1,0.14,0.15,0.15,-0.009999999999999981,0.0
h1,0.15,0.15,0.15,0.0,0.0
m5,0.41,0.45,0.45,-0.040000000000000036,0.0
h1,0.14,0.15,0.15,-0.009999999999999981,0.0
m15,0.46,0.52,0.52,-0.06,0.0
h1,0.15,0.15,0.16,0.0,0.010000000000000009
h1,0.15,0.15,0.16,0.0,0.010000000000000009
h1,0.14,0.14,0.14,0.0,0.0
h1,0.14,0.14,0.14,0.0,0.0
m15,0.49,0.52,0.53,-0.030000000000000027,0.010000000000000009
h1,0.14,0.14,0.14,0.0,0.0
h1,0.13,0.15,0.13,-0.01999999999999999,-0.01999999999999999
h1,0.16,0.17,0.17,-0.010000000000000009,0.0
h1,0.15,0.17,0.17,-0.020000000000000018,0.0
h1,0.17,0.19,0.18,-0.01999999999999999,-0.010000000000000009
m5,0.2043,0.19,0.2,0.014300000000000007,0.010000000000000009
m5,0.2,0.19,0.19,0.010000000000000009,0.0
m15,0.06,0.08,0.11,-0.020000000000000004,0.03
m5,0.12,0.14,0.16,-0.020000000000000018,0.01999999999999999
h1,0.22,0.24,0.23,-0.01999999999999999,-0.009999999999999981
h1,0.25,0.26,0.26,-0.010000000000000009,0.0
h1,0.27,0.28,0.28,-0.010000000000000009,0.0
h1,0.28,0.32,0.29,-0.03999999999999998,-0.030000000000000027
h1,0.71,0.72,0.72,-0.010000000000000009,0.0
m5,0.93,0.95,0.95,-0.019999999999999907,0.0
h1,0.73,0.73,0.73,0.0,0.0
h1,0.7754000000000001,0.8,0.79,-0.024599999999999955,-0.010000000000000009
m5,0.95,0.99,0.97,-0.040000000000000036,-0.020000000000000018
m5,0.95,0.99,0.98,-0.040000000000000036,-0.010000000000000009
m5,0.4269,0.42,0.42,0.006900000000000017,0.0
m5,0.43,0.42,0.42,0.010000000000000009,0.0
m5,0.58,0.6,0.6,-0.020000000000000018,0.0
h1,0.79,0.79,0.79,0.0,0.0
h1,0.18,0.22,0.22,-0.04000000000000001,0.0
h1,0.8,0.78,0.8,0.020000000000000018,0.020000000000000018
m5,0.27,0.26,0.26,0.010000000000000009,0.0
h1,0.77,0.75,0.77,0.020000000000000018,0.020000000000000018
m5,0.17,0.18,0.18,-0.009999999999999981,0.0
h1,0.76,0.77,0.77,-0.010000000000000009,0.0
h1,0.7886,0.8,0.8,-0.011400000000000077,0.0
h1,0.73,0.73,0.73,0.0,0.0
h1,0.73,0.73,0.73,0.0,0.0
h1,0.73,0.77,0.73,-0.040000000000000036,-0.040000000000000036
h1,0.73,0.77,0.73,-0.040000000000000036,-0.040000000000000036
h1,0.73,0.77,0.73,-0.040000000000000036,-0.040000000000000036
h1,0.76,0.77,0.77,-0.010000000000000009,0.0
h1,0.73,0.77,0.77,-0.040000000000000036,0.0
h1,0.73,0.77,0.77,-0.040000000000000036,0.0
m5,0.89,0.9,0.9,-0.010000000000000009,0.0
h1,0.74,0.76,0.76,-0.020000000000000018,0.0
h1,0.76,0.76,0.76,0.0,0.0
h1,0.75,0.76,0.76,-0.010000000000000009,0.0
h1,0.76,0.76,0.77,0.0,0.010000000000000009
h1,0.73,0.74,0.74,-0.010000000000000009,0.0
h1,0.75,0.76,0.76,-0.010000000000000009,0.0
h1,0.76,0.75,0.76,0.010000000000000009,0.010000000000000009
h1,0.76,0.75,0.74,0.010000000000000009,-0.010000000000000009
h1,0.74,0.76,0.75,-0.020000000000000018,-0.010000000000000009
h1,0.71,0.72,0.72,-0.010000000000000009,0.0
h1,0.73,0.73,0.73,0.0,0.0
h1,0.7,0.73,0.73,-0.030000000000000027,0.0
m5,0.4142,0.42,0.42,-0.005799999999999972,0.0
m15,0.16,0.17,0.17,-0.010000000000000009,0.0
h1,0.69,0.71,0.71,-0.020000000000000018,0.0
h1,0.71,0.71,0.71,0.0,0.0
m5,0.52,0.52,0.52,0.0,0.0
m5,0.52,0.66,0.64,-0.14,-0.020000000000000018
h1,0.66,0.66,0.66,0.0,0.0
h1,0.64,0.66,0.66,-0.020000000000000018,0.0
h1,0.66,0.66,0.66,0.0,0.0
m5,0.64,0.66,0.65,-0.020000000000000018,-0.010000000000000009
h1,0.66,0.66,0.66,0.0,0.0
m5,0.62,0.63,0.64,-0.010000000000000009,0.010000000000000009
h1,0.67,0.68,0.67,-0.010000000000000009,-0.010000000000000009
h1,0.67,0.71,0.7,-0.039999999999999925,-0.010000000000000009
h1,0.7,0.72,0.72,-0.020000000000000018,0.0
h1,0.71,0.72,0.72,-0.010000000000000009,0.0
m5,0.5,0.5,0.49,0.0,-0.010000000000000009
m5,0.49,0.46,0.49,0.02999999999999997,0.02999999999999997
m15,0.19,0.19,0.2,0.0,0.010000000000000009
m5,0.46,0.49,0.48,-0.02999999999999997,-0.010000000000000009
m5,0.49,0.47,0.48,0.020000000000000018,0.010000000000000009
m5,0.49,0.54,0.53,-0.050000000000000044,-0.010000000000000009
h1,0.23,0.25,0.25,-0.01999999999999999,0.0
m5,0.64,0.74,0.7,-0.09999999999999998,-0.040000000000000036
h1,0.28,0.31,0.31,-0.02999999999999997,0.0
h1,0.3,0.31,0.31,-0.010000000000000009,0.0
h1,0.31,0.32,0.32,-0.010000000000000009,0.0
h1,0.31,0.33,0.33,-0.020000000000000018,0.0
h1,0.32,0.33,0.33,-0.010000000000000009,0.0
h1,0.34,0.33,0.33,0.010000000000000009,0.0
h1,0.33,0.34,0.34,-0.010000000000000009,0.0
m5,0.78,0.78,0.79,0.0,0.010000000000000009
h1,0.34869999999999995,0.34,0.35,0.00869999999999993,0.009999999999999953
m5,0.82,0.83,0.84,-0.010000000000000009,0.010000000000000009
h1,0.34,0.35,0.35,-0.009999999999999953,0.0
h1,0.4,0.39,0.39,0.010000000000000009,0.0
m5,0.1,0.12,0.12,-0.01999999999999999,0.0
m5,0.91,0.92,0.92,-0.010000000000000009,0.0
h1,0.41,0.39,0.38,0.019999999999999962,-0.010000000000000009
m15,0.04,0.05,0.05,-0.010000000000000002,0.0
m15,0.04,0.05,0.05,-0.010000000000000002,0.0
m15,0.04,0.05,0.05,-0.010000000000000002,0.0
m15,0.04,0.05,0.05,-0.010000000000000002,0.0
h1,0.4,0.42,0.42,-0.019999999999999962,0.0
h1,0.57,0.62,0.61,-0.050000000000000044,-0.010000000000000009
h1,0.61,0.61,0.61,0.0,0.0
h1,0.6196,0.61,0.61,0.009600000000000053,0.0
m5,0.09,0.08,0.08,0.009999999999999995,0.0
m5,0.8482,0.67,0.67,0.17819999999999991,0.0
h1,0.74,0.75,0.76,-0.010000000000000009,0.010000000000000009
h1,0.7498999999999999,0.75,0.76,-0.00010000000000010001,0.010000000000000009
h1,0.7,0.75,0.76,-0.050000000000000044,0.010000000000000009
h1,0.76,0.75,0.76,0.010000000000000009,0.010000000000000009
m5,0.6097,0.64,0.64,-0.030299999999999994,0.0
h1,0.75,0.74,0.75,0.010000000000000009,0.010000000000000009
m15,0.05,0.05,0.05,0.0,0.0
m15,0.05,0.05,0.05,0.0,0.0
m15,0.05,0.05,0.05,0.0,0.0
m15,0.05,0.05,0.05,0.0,0.0
m15,0.05,0.05,0.05,0.0,0.0
m15,0.05,0.05,0.05,0.0,0.0
m15,0.05,0.05,0.05,0.0,0.0
h1,0.35,0.37,0.37,-0.020000000000000018,0.0
m5,0.94,0.95,0.95,-0.010000000000000009,0.0
m5,0.94,0.95,0.95,-0.010000000000000009,0.0
h1,0.37,0.39,0.39,-0.020000000000000018,0.0
h1,0.37,0.39,0.39,-0.020000000000000018,0.0
m5,0.95,0.95,0.95,0.0,0.0
m5,0.94,0.96,0.96,-0.020000000000000018,0.0
h1,0.4,0.41,0.41,-0.009999999999999953,0.0
m5,0.96,0.98,0.98,-0.020000000000000018,0.0
m5,0.96,0.98,0.98,-0.020000000000000018,0.0
h1,0.39,0.41,0.41,-0.019999999999999962,0.0
h1,0.41,0.46,0.46,-0.050000000000000044,0.0
h1,0.44670000000000004,0.46,0.46,-0.013299999999999979,0.0
h1,0.5466,0.5,0.57,0.046599999999999975,0.06999999999999995
h1,0.5754,0.53,0.5,0.045399999999999996,-0.030000000000000027
h1,0.5255,0.53,0.5,-0.0045000000000000595,-0.030000000000000027
h1,0.5285,0.52,0.5,0.008499999999999952,-0.020000000000000018
h1,0.5078,0.51,0.53,-0.0021999999999999797,0.020000000000000018
h1,0.4772,0.51,0.53,-0.032799999999999996,0.020000000000000018
h1,0.5367000000000001,0.51,0.53,0.026700000000000057,0.020000000000000018
h1,0.53,0.49,0.51,0.040000000000000036,0.020000000000000018
h1,0.5236,0.48,0.49,0.04359999999999997,0.010000000000000009
h1,0.4997,0.48,0.49,0.019699999999999995,0.010000000000000009
h1,0.4999,0.48,0.49,0.01990000000000003,0.010000000000000009
h1,0.4918,0.48,0.49,0.011800000000000033,0.010000000000000009
h1,0.4797,0.48,0.5,-0.00029999999999996696,0.020000000000000018
h1,0.46,0.46,0.43,0.0,-0.030000000000000027
h1,0.4401,0.44,0.46,9.999999999998899e-05,0.020000000000000018
h1,0.45,0.44,0.44,0.010000000000000009,0.0
h1,0.45,0.53,0.52,-0.08000000000000002,-0.010000000000000009
h1,0.485,0.49,0.49,-0.0050000000000000044,0.0
m5,0.58,0.67,0.69,-0.09000000000000008,0.019999999999999907
m5,0.31,0.36,0.36,-0.04999999999999999,0.0
m5,0.33,0.36,0.36,-0.02999999999999997,0.0
m5,0.34,0.37,0.37,-0.02999999999999997,0.0
h1,0.49,0.48,0.48,0.010000000000000009,0.0
h1,0.5402,0.59,0.56,-0.049799999999999955,-0.029999999999999916
m5,0.31579999999999997,0.32,0.32,-0.004200000000000037,0.0
h1,0.52,0.53,0.58,-0.010000000000000009,0.04999999999999993
h1,0.5,0.58,0.49,-0.07999999999999996,-0.08999999999999997
h1,0.4536,0.61,0.6,-0.15639999999999998,-0.010000000000000009
h1,0.4987,0.61,0.6,-0.11130000000000001,-0.010000000000000009
h1,0.59,0.63,0.63,-0.040000000000000036,0.0
h1,0.6,0.63,0.63,-0.030000000000000027,0.0
h1,0.6251,0.55,0.63,0.07509999999999994,0.07999999999999996
h1,0.6311,0.55,0.63,0.08109999999999995,0.07999999999999996
h1,0.6446999999999999,0.63,0.62,0.014699999999999935,-0.010000000000000009
h1,0.63,0.63,0.62,0.0,-0.010000000000000009
m5,0.51,0.52,0.52,-0.010000000000000009,0.0
m5,0.51,0.52,0.52,-0.010000000000000009,0.0
m5,0.51,0.55,0.52,-0.040000000000000036,-0.030000000000000027
h1,0.5535,0.61,0.6,-0.056499999999999995,-0.010000000000000009
m5,0.55,0.58,0.58,-0.029999999999999916,0.0
m5,0.42,0.47,0.47,-0.04999999999999999,0.0
m5,0.43,0.47,0.47,-0.03999999999999998,0.0
m5,0.45,0.48,0.48,-0.02999999999999997,0.0
h1,0.61,0.62,0.59,-0.010000000000000009,-0.030000000000000027
m5,0.43,0.44,0.44,-0.010000000000000009,0.0
h1,0.62,0.62,0.62,0.0,0.0
m5,0.44,0.47,0.47,-0.02999999999999997,0.0
h1,0.5914,0.63,0.62,-0.03859999999999997,-0.010000000000000009
m5,0.54,0.54,0.54,0.0,0.0
h1,0.63,0.63,0.65,0.0,0.020000000000000018
m5,0.47,0.48,0.48,-0.010000000000000009,0.0
m5,0.51,0.53,0.53,-0.020000000000000018,0.0
h1,0.65,0.65,0.66,0.0,0.010000000000000009
h1,0.65,0.65,0.66,0.0,0.010000000000000009
h1,0.3554,0.29,0.29,0.06540000000000001,0.0
h1,0.7053,0.75,0.73,-0.04469999999999996,-0.020000000000000018
h1,0.69,0.75,0.73,-0.06000000000000005,-0.020000000000000018
m5,0.46,0.41,0.41,0.050000000000000044,0.0
h1,0.72,0.68,0.76,0.039999999999999925,0.07999999999999996
h1,0.73,0.68,0.76,0.04999999999999993,0.07999999999999996
h1,0.75,0.68,0.68,0.06999999999999995,0.0
h1,0.7019,0.75,0.71,-0.04810000000000003,-0.040000000000000036
h1,0.25,0.24,0.26,0.010000000000000009,0.020000000000000018
m5,0.53,0.6,0.59,-0.06999999999999995,-0.010000000000000009
h1,0.75,0.78,0.77,-0.030000000000000027,-0.010000000000000009
m5,0.38539999999999996,0.4,0.4,-0.014600000000000057,0.0
m5,0.39,0.43,0.4,-0.03999999999999998,-0.02999999999999997
h1,0.59,0.7,0.69,-0.10999999999999999,-0.010000000000000009
h1,0.7226,0.7,0.69,0.022600000000000064,-0.010000000000000009
m5,0.4,0.46,0.43,-0.06,-0.030000000000000027
h1,0.6936,0.52,0.74,0.17359999999999998,0.21999999999999997
h1,0.6842,0.52,0.74,0.1642,0.21999999999999997
h1,0.675,0.52,0.74,0.15500000000000003,0.21999999999999997
h1,0.562,0.72,0.68,-0.15799999999999992,-0.039999999999999925
h1,0.5216,0.72,0.68,-0.19840000000000002,-0.039999999999999925
h1,0.6267,0.75,0.74,-0.12329999999999997,-0.010000000000000009
h1,0.607,0.75,0.74,-0.14300000000000002,-0.010000000000000009
h1,0.5746,0.63,0.61,-0.055400000000000005,-0.020000000000000018
h1,0.591,0.63,0.63,-0.039000000000000035,0.0
h1,0.6056,0.63,0.63,-0.024399999999999977,0.0
h1,0.6328,0.65,0.63,-0.017199999999999993,-0.020000000000000018
h1,0.6156,0.65,0.63,-0.034399999999999986,-0.020000000000000018
h1,0.5667,0.63,0.61,-0.06330000000000002,-0.020000000000000018
h1,0.6128,0.62,0.62,-0.007199999999999984,0.0
h1,0.5958,0.62,0.62,-0.0242,0.0
h1,0.6284000000000001,0.68,0.62,-0.05159999999999998,-0.06000000000000005
h1,0.39270000000000005,0.5,0.5,-0.10729999999999995,0.0
h1,0.62,0.64,0.68,-0.020000000000000018,0.040000000000000036
h1,0.6085,0.68,0.68,-0.07150000000000001,0.0
h1,0.6487,0.7,0.7,-0.0512999999999999,0.0
h1,0.5,0.7,0.7,-0.19999999999999996,0.0
h1,0.68,0.66,0.69,0.020000000000000018,0.029999999999999916
h1,0.3872,0.66,0.69,-0.27280000000000004,0.029999999999999916
h1,0.69,0.68,0.65,0.009999999999999898,-0.030000000000000027
m5,0.67,0.81,0.8,-0.14,-0.010000000000000009
h1,0.6948000000000001,0.74,0.74,-0.04519999999999991,0.0
h1,0.7021,0.74,0.74,-0.037900000000000045,0.0
m5,0.68,0.63,0.72,0.050000000000000044,0.08999999999999997
h1,0.74,0.8,0.8,-0.06000000000000005,0.0
h1,0.74,0.8,0.8,-0.06000000000000005,0.0
h1,0.75,0.8,0.8,-0.050000000000000044,0.0
h1,0.76,0.8,0.8,-0.040000000000000036,0.0
m5,0.3,0.42,0.42,-0.12,0.0
m5,0.42,0.69,0.66,-0.26999999999999996,-0.029999999999999916
h1,0.78,0.89,0.89,-0.10999999999999999,0.0
h1,0.82,0.89,0.82,-0.07000000000000006,-0.07000000000000006
h1,0.81,0.88,0.88,-0.06999999999999995,0.0
m5,0.32,0.39,0.31,-0.07,-0.08000000000000002
m5,0.3,0.39,0.31,-0.09000000000000002,-0.08000000000000002
m5,0.63,0.65,0.65,-0.020000000000000018,0.0
m5,0.36,0.43,0.36,-0.07,-0.07
m5,0.56,0.55,0.55,0.010000000000000009,0.0
m5,0.57,0.55,0.55,0.019999999999999907,0.0
m5,0.44,0.46,0.46,-0.020000000000000018,0.0
m5,0.55,0.65,0.55,-0.09999999999999998,-0.09999999999999998
m5,0.3636,0.34,0.34,0.023599999999999954,0.0
h1,0.48,0.5,0.5,-0.020000000000000018,0.0
m5,0.55,0.66,0.62,-0.10999999999999999,-0.040000000000000036
m5,0.35,0.34,0.35,0.009999999999999953,0.009999999999999953
m5,0.36,0.34,0.35,0.019999999999999962,0.009999999999999953
m5,0.27,0.33,0.33,-0.06,0.0
m5,0.63,0.63,0.63,0.0,0.0
m5,0.63,0.71,0.71,-0.07999999999999996,0.0
m5,0.27,0.3,0.3,-0.02999999999999997,0.0
m5,0.55,0.68,0.65,-0.13,-0.030000000000000027
m5,0.55,0.68,0.65,-0.13,-0.030000000000000027
m5,0.22,0.23,0.23,-0.010000000000000009,0.0
h1,0.46799999999999997,0.5,0.5,-0.03200000000000003,0.0
m5,0.54,0.56,0.55,-0.020000000000000018,-0.010000000000000009
m5,0.45,0.48,0.49,-0.02999999999999997,0.010000000000000009
m5,0.52,0.51,0.54,0.010000000000000009,0.030000000000000027
h1,0.5,0.51,0.51,-0.010000000000000009,0.0
h1,0.5,0.51,0.51,-0.010000000000000009,0.0
m5,0.38,0.34,0.36,0.03999999999999998,0.019999999999999962
h1,0.51,0.52,0.52,-0.010000000000000009,0.0
m5,0.248,0.3,0.3,-0.05199999999999999,0.0
m5,0.7152,0.71,0.71,0.005199999999999982,0.0
m5,0.69,0.71,0.71,-0.020000000000000018,0.0
m5,0.5123,0.51,0.51,0.0022999999999999687,0.0
m5,0.4976,0.51,0.51,-0.012400000000000022,0.0
m5,0.51,0.61,0.52,-0.09999999999999998,-0.08999999999999997
m5,0.51,0.63,0.6,-0.12,-0.030000000000000027
m5,0.62,0.72,0.66,-0.09999999999999998,-0.05999999999999994
m5,0.312,0.34,0.3,-0.028000000000000025,-0.040000000000000036
m5,0.3,0.25,0.29,0.04999999999999999,0.03999999999999998
m5,0.67,0.69,0.76,-0.019999999999999907,0.07000000000000006
m5,0.25,0.44,0.37,-0.19,-0.07
m5,0.25,0.44,0.37,-0.19,-0.07
m5,0.525,0.72,0.75,-0.19499999999999995,0.030000000000000027
m5,0.52,0.72,0.75,-0.19999999999999996,0.030000000000000027
m5,0.2735,0.3,0.28,-0.026499999999999968,-0.019999999999999962
m5,0.26,0.3,0.28,-0.03999999999999998,-0.019999999999999962
m5,0.28,0.35,0.3,-0.06999999999999995,-0.04999999999999999
m5,0.67,0.68,0.68,-0.010000000000000009,0.0
m5,0.79,0.88,0.85,-0.08999999999999997,-0.030000000000000027
m5,0.83,0.92,0.88,-0.09000000000000008,-0.040000000000000036
m5,0.09,0.07,0.08,0.01999999999999999,0.009999999999999995
m5,0.08,0.07,0.07,0.009999999999999995,0.0
m5,0.06,0.16,0.19,-0.1,0.03
m5,0.09,0.14,0.14,-0.05000000000000002,0.0
m5,0.13,0.09,0.1,0.04000000000000001,0.010000000000000009
m15,0.48,0.49,0.49,-0.010000000000000009,0.0
m5,0.4269,0.45,0.45,-0.02310000000000001,0.0
m5,0.42,0.45,0.45,-0.030000000000000027,0.0
m15,0.48,0.49,0.49,-0.010000000000000009,0.0
m5,0.56,0.59,0.57,-0.029999999999999916,-0.020000000000000018
m5,0.66,0.7,0.7,-0.039999999999999925,0.0
m5,0.655,0.65,0.64,0.0050000000000000044,-0.010000000000000009
m5,0.64,0.6,0.6,0.040000000000000036,0.0
m5,0.6,0.62,0.61,-0.020000000000000018,-0.010000000000000009
m5,0.6,0.66,0.63,-0.06000000000000005,-0.030000000000000027
m5,0.7,0.72,0.72,-0.020000000000000018,0.0
m5,0.87,0.88,0.89,-0.010000000000000009,0.010000000000000009
m5,0.87,0.9,0.9,-0.030000000000000027,0.0
m15,0.8,0.82,0.81,-0.019999999999999907,-0.009999999999999898
m15,0.8,0.81,0.81,-0.010000000000000009,0.0
m15,0.85,0.86,0.86,-0.010000000000000009,0.0
h1,0.65,0.66,0.66,-0.010000000000000009,0.0
h1,0.66,0.7,0.68,-0.039999999999999925,-0.019999999999999907
m15,0.92,0.99,0.97,-0.06999999999999995,-0.020000000000000018
h1,0.76,0.77,0.76,-0.010000000000000009,-0.010000000000000009
h1,0.25,0.26,0.26,-0.010000000000000009,0.0
h1,0.25,0.25,0.25,0.0,0.0
m5,0.4889,0.53,0.53,-0.041100000000000025,0.0
m5,0.47,0.47,0.47,0.0,0.0
m5,0.47,0.52,0.52,-0.050000000000000044,0.0
m5,0.36,0.41,0.41,-0.04999999999999999,0.0
m5,0.55,0.57,0.54,-0.019999999999999907,-0.029999999999999916
m5,0.54,0.57,0.58,-0.029999999999999916,0.010000000000000009
m5,0.54,0.62,0.61,-0.07999999999999996,-0.010000000000000009
h1,0.77,0.78,0.78,-0.010000000000000009,0.0
m5,0.38,0.36,0.41,0.020000000000000018,0.04999999999999999
m5,0.38,0.36,0.41,0.020000000000000018,0.04999999999999999
m5,0.62,0.66,0.66,-0.040000000000000036,0.0
m5,0.3563,0.32,0.34,0.0363,0.020000000000000018
m5,0.35,0.32,0.34,0.02999999999999997,0.020000000000000018
m5,0.26,0.28,0.28,-0.020000000000000018,0.0
m5,0.64,0.57,0.57,0.07000000000000006,0.0
m5,0.65,0.71,0.7,-0.05999999999999994,-0.010000000000000009
m5,0.7,0.77,0.77,-0.07000000000000006,0.0
m5,0.77,0.78,0.78,-0.010000000000000009,0.0
m5,0.72,0.79,0.76,-0.07000000000000006,-0.030000000000000027
m5,0.7,0.79,0.76,-0.09000000000000008,-0.030000000000000027
m5,0.74,0.79,0.79,-0.050000000000000044,0.0
m5,0.73,0.79,0.79,-0.06000000000000005,0.0
m5,0.22,0.21,0.22,0.010000000000000009,0.010000000000000009
h1,0.82,0.86,0.86,-0.040000000000000036,0.0
m5,0.78,0.94,0.95,-0.15999999999999992,0.010000000000000009
h1,0.14,0.16,0.16,-0.01999999999999999,0.0
m5,0.94,0.96,0.96,-0.020000000000000018,0.0
h1,0.84,0.85,0.85,-0.010000000000000009,0.0
m5,0.05,0.1,0.1,-0.05,0.0
m5,0.1,0.05,0.06,0.05,0.009999999999999995
m5,0.09,0.05,0.06,0.039999999999999994,0.009999999999999995
m5,0.9,0.94,0.95,-0.039999999999999925,0.010000000000000009
m5,0.91,0.97,0.95,-0.05999999999999994,-0.020000000000000018
h1,0.79,0.81,0.81,-0.020000000000000018,0.0
m5,0.52,0.58,0.57,-0.05999999999999994,-0.010000000000000009
h1,0.2,0.22,0.22,-0.01999999999999999,0.0
m5,0.59,0.62,0.62,-0.030000000000000027,0.0
m5,0.38,0.39,0.39,-0.010000000000000009,0.0
m5,0.34,0.37,0.37,-0.02999999999999997,0.0
m5,0.64,0.64,0.64,0.0,0.0
m5,0.69,0.75,0.74,-0.06000000000000005,-0.010000000000000009
m5,0.66,0.76,0.7,-0.09999999999999998,-0.06000000000000005
h1,0.23,0.24,0.24,-0.009999999999999981,0.0
h1,0.23,0.24,0.24,-0.009999999999999981,0.0
m5,0.19,0.18,0.19,0.010000000000000009,0.010000000000000009
m5,0.7,0.69,0.69,0.010000000000000009,0.0
m5,0.26,0.29,0.28,-0.02999999999999997,-0.009999999999999953
h1,0.79,0.81,0.81,-0.020000000000000018,0.0
m5,0.6,0.61,0.6,-0.010000000000000009,-0.010000000000000009
m15,0.57,0.55,0.56,0.019999999999999907,0.010000000000000009
m5,0.5896,0.63,0.62,-0.04039999999999999,-0.010000000000000009
m5,0.32,0.31,0.31,0.010000000000000009,0.0
m5,0.31,0.33,0.33,-0.020000000000000018,0.0
m5,0.36,0.39,0.39,-0.030000000000000027,0.0
m5,0.34,0.46,0.38,-0.12,-0.08000000000000002
m5,0.43090000000000006,0.47,0.46,-0.03909999999999991,-0.009999999999999953
m5,0.44,0.47,0.47,-0.02999999999999997,0.0
m5,0.54,0.61,0.56,-0.06999999999999995,-0.04999999999999993
m5,0.5664,0.58,0.64,-0.013599999999999945,0.06000000000000005
m5,0.43,0.45,0.37,-0.020000000000000018,-0.08000000000000002
m5,0.46,0.63,0.66,-0.16999999999999998,0.030000000000000027
m5,0.36,0.4,0.39,-0.040000000000000036,-0.010000000000000009
m5,0.36,0.4,0.39,-0.040000000000000036,-0.010000000000000009
m5,0.35009999999999997,0.46,0.47,-0.10990000000000005,0.009999999999999953
m5,0.55,0.6,0.57,-0.04999999999999993,-0.030000000000000027
m5,0.3436,0.23,0.28,0.1136,0.05000000000000002
m5,0.68,0.78,0.73,-0.09999999999999998,-0.050000000000000044
m5,0.28,0.3,0.31,-0.019999999999999962,0.010000000000000009
m5,0.23,0.3,0.31,-0.06999999999999998,0.010000000000000009
m15,0.41,0.42,0.42,-0.010000000000000009,0.0
m5,0.65,0.75,0.78,-0.09999999999999998,0.030000000000000027
m5,0.23,0.23,0.33,0.0,0.1
m5,0.27,0.17,0.19,0.1,0.01999999999999999
m5,0.3395,0.17,0.19,0.1695,0.01999999999999999
m5,0.17,0.26,0.21,-0.09,-0.05000000000000002
m5,0.77,0.79,0.77,-0.020000000000000018,-0.020000000000000018
m5,0.74,0.87,0.87,-0.13,0.0
m5,0.26,0.14,0.14,0.12,0.0
m5,0.77,0.87,0.87,-0.09999999999999998,0.0
m5,0.18,0.25,0.24,-0.07,-0.010000000000000009
m5,0.25,0.23,0.26,0.01999999999999999,0.03
m5,0.76,0.8,0.81,-0.040000000000000036,0.010000000000000009
m5,0.77,0.76,0.73,0.010000000000000009,-0.030000000000000027
m5,0.2,0.25,0.28,-0.04999999999999999,0.030000000000000027
m5,0.73,0.86,0.86,-0.13,0.0
m5,0.86,0.83,0.81,0.030000000000000027,-0.019999999999999907
m5,0.75,0.76,0.76,-0.010000000000000009,0.0
m15,0.65,0.66,0.66,-0.010000000000000009,0.0
m5,0.75,0.79,0.78,-0.040000000000000036,-0.010000000000000009
m15,0.73,0.74,0.74,-0.010000000000000009,0.0
m15,0.75,0.76,0.77,-0.010000000000000009,0.010000000000000009
m5,0.87,0.89,0.88,-0.020000000000000018,-0.010000000000000009
h1,0.08,0.09,0.09,-0.009999999999999995,0.0
h1,0.08,0.09,0.09,-0.009999999999999995,0.0
h1,0.1,0.11,0.11,-0.009999999999999995,0.0
m15,0.24,0.27,0.27,-0.030000000000000027,0.0
m15,0.11,0.12,0.12,-0.009999999999999995,0.0
m15,0.03,0.02,0.02,0.009999999999999998,0.0
m15,0.02,0.02,0.02,0.0,0.0
m15,0.02,0.02,0.02,0.0,0.0
m15,0.02,0.02,0.02,0.0,0.0
h1,0.05,0.06,0.06,-0.009999999999999995,0.0
h1,0.05,0.07,0.06,-0.020000000000000004,-0.010000000000000009
h1,0.05,0.07,0.06,-0.020000000000000004,-0.010000000000000009
h1,0.05,0.07,0.06,-0.020000000000000004,-0.010000000000000009
h1,0.05,0.07,0.06,-0.020000000000000004,-0.010000000000000009
h1,0.06,0.07,0.07,-0.010000000000000009,0.0
h1,0.06,0.07,0.07,-0.010000000000000009,0.0
h1,0.05,0.07,0.07,-0.020000000000000004,0.0
h1,0.06,0.07,0.07,-0.010000000000000009,0.0
h1,0.06,0.07,0.07,-0.010000000000000009,0.0
h1,0.06,0.07,0.07,-0.010000000000000009,0.0
h1,0.06,0.07,0.07,-0.010000000000000009,0.0
h1,0.06,0.07,0.07,-0.010000000000000009,0.0
h1,0.06,0.07,0.07,-0.010000000000000009,0.0
h1,0.06,0.07,0.07,-0.010000000000000009,0.0
h1,0.06,0.06,0.07,0.0,0.010000000000000009
h1,0.06,0.06,0.07,0.0,0.010000000000000009
h1,0.06,0.06,0.07,0.0,0.010000000000000009
h1,0.94,0.95,0.95,-0.010000000000000009,0.0
m5,0.53,0.53,0.54,0.0,0.010000000000000009
m5,0.42,0.38,0.39,0.03999999999999998,0.010000000000000009
m5,0.38,0.42,0.39,-0.03999999999999998,-0.02999999999999997
m5,0.59,0.54,0.61,0.04999999999999993,0.06999999999999995
m5,0.51,0.52,0.52,-0.010000000000000009,0.0
m5,0.33,0.3,0.31,0.030000000000000027,0.010000000000000009
m5,0.29,0.35,0.32,-0.06,-0.02999999999999997
m5,0.43,0.55,0.55,-0.12000000000000005,0.0
m5,0.57,0.6,0.6,-0.030000000000000027,0.0
h1,0.93,0.94,0.94,-0.009999999999999898,0.0
m5,0.57,0.57,0.57,0.0,0.0
m5,0.44,0.46,0.47,-0.020000000000000018,0.009999999999999953
m5,0.56,0.55,0.54,0.010000000000000009,-0.010000000000000009
m5,0.6334000000000001,0.62,0.59,0.013400000000000079,-0.030000000000000027
m5,0.38,0.41,0.38,-0.02999999999999997,-0.02999999999999997
h1,0.94,0.95,0.95,-0.010000000000000009,0.0
m5,0.38,0.41,0.41,-0.02999999999999997,0.0
m5,0.32,0.43,0.35,-0.10999999999999999,-0.08000000000000002
m5,0.4851,0.52,0.47,-0.03490000000000004,-0.050000000000000044
m5,0.4462,0.5,0.5,-0.053800000000000014,0.0
m5,0.38,0.5,0.5,-0.12,0.0
m5,0.52,0.51,0.51,0.010000000000000009,0.0
m5,0.48,0.56,0.54,-0.08000000000000007,-0.020000000000000018
m5,0.5,0.56,0.55,-0.06000000000000005,-0.010000000000000009
m5,0.66,0.67,0.67,-0.010000000000000009,0.0
m5,0.63,0.67,0.67,-0.040000000000000036,0.0
m5,0.34,0.34,0.35,0.0,0.009999999999999953
m5,0.34,0.5,0.41,-0.15999999999999998,-0.09000000000000002
m5,0.49,0.55,0.55,-0.06000000000000005,0.0
m5,0.52,0.48,0.49,0.040000000000000036,0.010000000000000009
m5,0.53,0.68,0.68,-0.15000000000000002,0.0
m5,0.33,0.4,0.35,-0.07,-0.050000000000000044
m5,0.33,0.4,0.35,-0.07,-0.050000000000000044
m5,0.35,0.37,0.39,-0.020000000000000018,0.020000000000000018
m5,0.62,0.67,0.64,-0.050000000000000044,-0.030000000000000027
m5,0.61,0.67,0.64,-0.06000000000000005,-0.030000000000000027
m5,0.37,0.31,0.31,0.06,0.0
m5,0.31,0.3,0.3,0.010000000000000009,0.0
m5,0.7,0.72,0.71,-0.020000000000000018,-0.010000000000000009
m5,0.71,0.68,0.72,0.029999999999999916,0.039999999999999925
m5,0.63,0.64,0.66,-0.010000000000000009,0.020000000000000018
m5,0.65,0.56,0.63,0.08999999999999997,0.06999999999999995
m5,0.67,0.56,0.63,0.10999999999999999,0.06999999999999995
m5,0.66,0.56,0.63,0.09999999999999998,0.06999999999999995
m5,0.56,0.66,0.62,-0.09999999999999998,-0.040000000000000036
m5,0.62,0.67,0.66,-0.050000000000000044,-0.010000000000000009
m5,0.34,0.34,0.39,0.0,0.04999999999999999
m5,0.33509999999999995,0.36,0.39,-0.024900000000000033,0.030000000000000027
m5,0.35,0.36,0.39,-0.010000000000000009,0.030000000000000027
m5,0.67,0.65,0.62,0.020000000000000018,-0.030000000000000027
m5,0.67,0.65,0.62,0.020000000000000018,-0.030000000000000027
m5,0.62,0.71,0.69,-0.08999999999999997,-0.020000000000000018
m5,0.69,0.54,0.6,0.1499999999999999,0.05999999999999994
m5,0.7,0.54,0.6,0.15999999999999992,0.05999999999999994
h1,0.95,0.95,0.95,0.0,0.0
m5,0.73,0.85,0.84,-0.12,-0.010000000000000009
m5,0.17,0.16,0.17,0.010000000000000009,0.010000000000000009
h1,0.95,0.95,0.95,0.0,0.0
m5,0.81,0.88,0.85,-0.06999999999999995,-0.030000000000000027
m5,0.17,0.13,0.16,0.04000000000000001,0.03
m5,0.18350000000000002,0.13,0.16,0.05350000000000002,0.03
m5,0.83,0.86,0.9,-0.030000000000000027,0.040000000000000036
m5,0.8809999999999999,0.9,0.86,-0.019000000000000128,-0.040000000000000036
m5,0.87,0.9,0.86,-0.030000000000000027,-0.040000000000000036
m5,0.86,0.94,0.93,-0.07999999999999996,-0.009999999999999898
h1,0.94,0.94,0.94,0.0,0.0
h1,0.94,0.94,0.94,0.0,0.0
m5,0.95,0.97,0.97,-0.020000000000000018,0.0
m5,0.05,0.09,0.04,-0.039999999999999994,-0.049999999999999996
m5,0.33,0.33,0.34,0.0,0.010000000000000009
m5,0.19,0.19,0.19,0.0,0.0
h1,0.09,0.09,0.09,0.0,0.0
m5,0.83,0.87,0.86,-0.040000000000000036,-0.010000000000000009
h1,0.09,0.09,0.09,0.0,0.0
h1,0.08,0.09,0.09,-0.009999999999999995,0.0
h1,0.09,0.09,0.09,0.0,0.0
h1,0.09,0.09,0.09,0.0,0.0
h1,0.09,0.1,0.1,-0.010000000000000009,0.0
h1,0.09,0.1,0.1,-0.010000000000000009,0.0
h1,0.09,0.09,0.09,0.0,0.0
h1,0.13,0.13,0.14,0.0,0.010000000000000009
h1,0.13,0.13,0.14,0.0,0.010000000000000009
h1,0.12,0.13,0.13,-0.010000000000000009,0.0
m5,0.39,0.39,0.39,0.0,0.0
m5,0.49,0.5,0.47,-0.010000000000000009,-0.030000000000000027
m5,0.47,0.51,0.51,-0.040000000000000036,0.0
h1,0.92,0.93,0.93,-0.010000000000000009,0.0
h1,0.92,0.93,0.93,-0.010000000000000009,0.0
h1,0.91,0.92,0.92,-0.010000000000000009,0.0
m5,0.41,0.43,0.41,-0.020000000000000018,-0.020000000000000018
m5,0.41,0.46,0.45,-0.050000000000000044,-0.010000000000000009
m5,0.43,0.46,0.45,-0.030000000000000027,-0.010000000000000009
h1,0.91,0.92,0.92,-0.010000000000000009,0.0
h1,0.91,0.92,0.92,-0.010000000000000009,0.0
m5,0.56,0.58,0.58,-0.019999999999999907,0.0
m5,0.57,0.59,0.59,-0.020000000000000018,0.0
m5,0.44,0.42,0.42,0.020000000000000018,0.0
m5,0.36,0.37,0.37,-0.010000000000000009,0.0
h1,0.95,0.95,0.95,0.0,0.0
h1,0.95,0.95,0.95,0.0,0.0
h1,0.95,0.95,0.95,0.0,0.0
h1,0.95,0.95,0.95,0.0,0.0
m5,0.77,0.77,0.77,0.0,0.0
m5,0.24,0.4,0.37,-0.16000000000000003,-0.030000000000000027
m5,0.61,0.57,0.57,0.040000000000000036,0.0
m5,0.58,0.55,0.56,0.029999999999999916,0.010000000000000009
m5,0.44,0.48,0.48,-0.03999999999999998,0.0
m5,0.54,0.52,0.52,0.020000000000000018,0.0
m5,0.4058,0.33,0.36,0.07579999999999998,0.02999999999999997
m5,0.62,0.7,0.67,-0.07999999999999996,-0.029999999999999916
m5,0.65,0.7,0.67,-0.04999999999999993,-0.029999999999999916
h1,0.95,0.95,0.95,0.0,0.0
m5,0.74,0.78,0.78,-0.040000000000000036,0.0
h1,0.95,0.95,0.95,0.0,0.0
h1,0.95,0.95,0.95,0.0,0.0
h1,0.95,0.95,0.95,0.0,0.0
h1,0.95,0.95,0.95,0.0,0.0
m5,0.77,0.78,0.78,-0.010000000000000009,0.0
m5,0.78,0.78,0.78,0.0,0.0
m5,0.7784,0.79,0.78,-0.011600000000000055,-0.010000000000000009
m5,0.72,0.76,0.73,-0.040000000000000036,-0.030000000000000027
m5,0.23,0.25,0.24,-0.01999999999999999,-0.010000000000000009
m5,0.23,0.25,0.25,-0.01999999999999999,0.0
m5,0.22,0.23,0.23,-0.010000000000000009,0.0
m5,0.22,0.24,0.24,-0.01999999999999999,0.0
h1,0.95,0.96,0.96,-0.010000000000000009,0.0
m5,0.26,0.19,0.2,0.07,0.010000000000000009
h1,0.96,0.96,0.96,0.0,0.0
m15,0.15,0.16,0.16,-0.010000000000000009,0.0
m15,0.85,0.9,0.9,-0.050000000000000044,0.0
h1,0.95,0.96,0.96,-0.010000000000000009,0.0
h1,0.95,0.96,0.96,-0.010000000000000009,0.0
h1,0.95,0.96,0.96,-0.010000000000000009,0.0
m5,0.04,0.12,0.12,-0.07999999999999999,0.0
m15,0.91,0.94,0.93,-0.029999999999999916,-0.009999999999999898
m5,0.53,0.53,0.53,0.0,0.0
m5,0.5265,0.53,0.53,-0.0035000000000000586,0.0
m5,0.48,0.58,0.51,-0.09999999999999998,-0.06999999999999995
m5,0.4,0.42,0.42,-0.019999999999999962,0.0
m5,0.55,0.55,0.57,0.0,0.019999999999999907
m5,0.55,0.56,0.56,-0.010000000000000009,0.0
m5,0.55,0.63,0.62,-0.07999999999999996,-0.010000000000000009
m5,0.37,0.49,0.39,-0.12,-0.09999999999999998
m5,0.5,0.5,0.5,0.0,0.0
m5,0.29,0.31,0.31,-0.020000000000000018,0.0
m5,0.49,0.49,0.49,0.0,0.0
m5,0.49,0.51,0.51,-0.020000000000000018,0.0
m5,0.51,0.62,0.61,-0.10999999999999999,-0.010000000000000009
m5,0.5485,0.53,0.53,0.01849999999999996,0.0
m5,0.53,0.51,0.51,0.020000000000000018,0.0
m5,0.51,0.51,0.51,0.0,0.0
m5,0.4044,0.47,0.48,-0.06559999999999999,0.010000000000000009
m5,0.4153,0.44,0.46,-0.0247,0.020000000000000018
m5,0.4543,0.44,0.46,0.01429999999999998,0.020000000000000018
m5,0.54,0.56,0.56,-0.020000000000000018,0.0
m5,0.56,0.57,0.57,-0.009999999999999898,0.0
m5,0.57,0.63,0.62,-0.06000000000000005,-0.010000000000000009
m5,0.38,0.38,0.38,0.0,0.0
m5,0.3899,0.39,0.39,-9.999999999998899e-05,0.0
m5,0.61,0.63,0.62,-0.020000000000000018,-0.010000000000000009
m5,0.62,0.63,0.62,-0.010000000000000009,-0.010000000000000009
m5,0.62,0.66,0.66,-0.040000000000000036,0.0
m5,0.68,0.72,0.69,-0.039999999999999925,-0.030000000000000027
m5,0.67,0.72,0.69,-0.04999999999999993,-0.030000000000000027
m5,0.7,0.72,0.72,-0.020000000000000018,0.0
m5,0.28,0.38,0.38,-0.09999999999999998,0.0
m5,0.63,0.63,0.62,0.0,-0.010000000000000009
m5,0.62,0.66,0.67,-0.040000000000000036,0.010000000000000009
m5,0.63,0.66,0.66,-0.030000000000000027,0.0
m5,0.6698999999999999,0.66,0.66,0.009899999999999909,0.0
h1,0.97,0.98,0.98,-0.010000000000000009,0.0
m5,0.63,0.65,0.64,-0.020000000000000018,-0.010000000000000009
m5,0.38,0.36,0.37,0.020000000000000018,0.010000000000000009
m5,0.63,0.65,0.64,-0.020000000000000018,-0.010000000000000009
m5,0.63,0.65,0.65,-0.020000000000000018,0.0
m5,0.65,0.65,0.65,0.0,0.0
m5,0.36,0.28,0.32,0.07999999999999996,0.03999999999999998
m5,0.67,0.74,0.73,-0.06999999999999995,-0.010000000000000009
m5,0.27,0.32,0.34,-0.04999999999999999,0.020000000000000018
m5,0.67,0.76,0.75,-0.08999999999999997,-0.010000000000000009
m5,0.68,0.76,0.75,-0.07999999999999996,-0.010000000000000009
m5,0.76,0.77,0.77,-0.010000000000000009,0.0
m5,0.77,0.82,0.82,-0.04999999999999993,0.0
h1,0.97,0.98,0.98,-0.010000000000000009,0.0
m5,0.89,0.89,0.89,0.0,0.0
m5,0.11,0.12,0.12,-0.009999999999999995,0.0
m5,0.16,0.23,0.22,-0.07,-0.010000000000000009
m5,0.22,0.25,0.24,-0.03,-0.010000000000000009
m5,0.2303,0.21,0.21,0.020300000000000012,0.0
m5,0.23,0.16,0.17,0.07,0.010000000000000009
m5,0.79,0.86,0.86,-0.06999999999999995,0.0
m5,0.15,0.17,0.19,-0.020000000000000018,0.01999999999999999
m5,0.83,0.86,0.84,-0.030000000000000027,-0.020000000000000018
m5,0.86,0.86,0.84,0.0,-0.020000000000000018
m5,0.22,0.15,0.17,0.07,0.020000000000000018
m5,0.12,0.22,0.22,-0.1,0.0
m5,0.15,0.4,0.26,-0.25,-0.14
m5,0.22,0.53,0.45,-0.31000000000000005,-0.08000000000000002
m5,0.4827,0.46,0.47,0.022699999999999998,0.009999999999999953
h1,0.02,0.03,0.03,-0.009999999999999998,0.0
h1,0.02,0.03,0.03,-0.009999999999999998,0.0
h1,0.02,0.03,0.03,-0.009999999999999998,0.0
m5,0.32,0.32,0.32,0.0,0.0
h1,0.03,0.03,0.03,0.0,0.0
h1,0.03,0.03,0.03,0.0,0.0
h1,0.03,0.03,0.03,0.0,0.0
h1,0.02,0.03,0.03,-0.009999999999999998,0.0
h1,0.02,0.03,0.03,-0.009999999999999998,0.0
h1,0.03,0.03,0.03,0.0,0.0
h1,0.02,0.03,0.04,-0.009999999999999998,0.010000000000000002
h1,0.02,0.03,0.04,-0.009999999999999998,0.010000000000000002
h1,0.02,0.04,0.04,-0.02,0.0
h1,0.02,0.04,0.04,-0.02,0.0
h1,0.96,0.97,0.97,-0.010000000000000009,0.0
h1,0.94,0.95,0.96,-0.010000000000000009,0.010000000000000009
m5,0.86,0.87,0.87,-0.010000000000000009,0.0
m5,0.07,0.08,0.11,-0.009999999999999995,0.03
m5,0.9,0.94,0.93,-0.039999999999999925,-0.009999999999999898
h1,0.96,0.96,0.96,0.0,0.0
h1,0.96,0.97,0.97,-0.010000000000000009,0.0
m15,0.78,0.79,0.79,-0.010000000000000009,0.0
m5,0.57,0.56,0.56,0.009999999999999898,0.0
m5,0.56,0.56,0.56,0.0,0.0
m5,0.56,0.56,0.56,0.0,0.0
m15,0.78,0.79,0.79,-0.010000000000000009,0.0
m5,0.46,0.45,0.45,0.010000000000000009,0.0
m5,0.53,0.56,0.56,-0.030000000000000027,0.0
h1,0.972,0.97,0.97,0.0020000000000000018,0.0
m5,0.41,0.42,0.42,-0.010000000000000009,0.0
h1,0.972,0.98,0.97,-0.008000000000000007,-0.010000000000000009
h1,0.972,0.97,0.97,0.0020000000000000018,0.0
m5,0.33,0.35,0.35,-0.019999999999999962,0.0
m5,0.58,0.6,0.6,-0.020000000000000018,0.0
m5,0.37,0.44,0.43,-0.07,-0.010000000000000009
h1,0.98,0.99,0.98,-0.010000000000000009,-0.010000000000000009
h1,0.98,0.99,0.99,-0.010000000000000009,0.0
m5,0.44,0.46,0.46,-0.020000000000000018,0.0
m5,0.54,0.55,0.55,-0.010000000000000009,0.0
m5,0.45,0.46,0.46,-0.010000000000000009,0.0
m5,0.52,0.56,0.55,-0.040000000000000036,-0.010000000000000009
m5,0.46,0.45,0.45,0.010000000000000009,0.0
m5,0.45,0.47,0.47,-0.019999999999999962,0.0
m5,0.43,0.43,0.43,0.0,0.0
m5,0.58,0.6,0.6,-0.020000000000000018,0.0
m5,0.59,0.63,0.63,-0.040000000000000036,0.0
m5,0.59,0.63,0.63,-0.040000000000000036,0.0
h1,0.9890000000000001,0.99,0.99,-0.0009999999999998899,0.0
m5,0.61,0.63,0.63,-0.020000000000000018,0.0
h1,0.987,0.99,0.99,-0.0030000000000000027,0.0
h1,0.9890000000000001,0.99,0.99,-0.0009999999999998899,0.0
h1,0.99,0.99,0.99,0.0,0.0
m5,0.64,0.72,0.72,-0.07999999999999996,0.0
h1,0.99,0.99,0.99,0.0,0.0
h1,0.9890000000000001,0.99,0.99,-0.0009999999999998899,0.0
m5,0.27,0.31,0.31,-0.03999999999999998,0.0
h1,0.991,1.0,0.99,-0.009000000000000008,-0.010000000000000009
m5,0.13,0.2,0.18,-0.07,-0.020000000000000018
m5,0.18,0.23,0.22,-0.05000000000000002,-0.010000000000000009
h1,0.01,0.01,0.01,0.0,0.0
m5,0.37,0.38,0.37,-0.010000000000000009,-0.010000000000000009
m15,0.14,0.15,0.15,-0.009999999999999981,0.0
m5,0.36829999999999996,0.38,0.37,-0.011700000000000044,-0.010000000000000009
h1,0.009000000000000001,0.01,0.01,-0.0009999999999999992,0.0
m5,0.6154,0.62,0.62,-0.0046000000000000485,0.0
m5,0.39,0.43,0.39,-0.03999999999999998,-0.03999999999999998
m5,0.43,0.46,0.46,-0.030000000000000027,0.0
m5,0.522,0.53,0.53,-0.008000000000000007,0.0
m5,0.5006,0.6,0.58,-0.09939999999999993,-0.020000000000000018
m5,0.55,0.74,0.65,-0.18999999999999995,-0.08999999999999997
m5,0.2477,0.23,0.27,0.017699999999999994,0.04000000000000001
m5,0.2519,0.23,0.27,0.021900000000000003,0.04000000000000001
m5,0.87,0.97,0.95,-0.09999999999999998,-0.020000000000000018
m5,0.5027,0.52,0.52,-0.017299999999999982,0.0
m15,0.7672,0.78,0.79,-0.012800000000000034,0.010000000000000009
m5,0.32030000000000003,0.37,0.37,-0.049699999999999966,0.0
m5,0.32,0.37,0.37,-0.04999999999999999,0.0
m5,0.45,0.48,0.48,-0.02999999999999997,0.0
h1,0.996,1.0,1.0,-0.0040000000000000036,0.0
h1,0.996,1.0,1.0,-0.0040000000000000036,0.0
h1,0.996,1.0,1.0,-0.0040000000000000036,0.0
h1,0.997,1.0,1.0,-0.0030000000000000027,0.0
h1,0.997,1.0,1.0,-0.0030000000000000027,0.0
m5,0.7,0.7,0.7,0.0,0.0
m5,0.7,0.7,0.7,0.0,0.0
m5,0.72,0.77,0.77,-0.050000000000000044,0.0
m5,0.23,0.21,0.24,0.020000000000000018,0.03
m5,0.16,0.17,0.17,-0.010000000000000009,0.0
m15,0.4,0.42,0.42,-0.019999999999999962,0.0
m15,0.45,0.45,0.45,0.0,0.0
m15,0.54,0.57,0.56,-0.029999999999999916,-0.009999999999999898
m15,0.38549999999999995,0.4,0.4,-0.014500000000000068,0.0
m5,0.05,0.06,0.06,-0.009999999999999995,0.0
m5,0.92,0.96,0.94,-0.039999999999999925,-0.020000000000000018
m15,0.45,0.51,0.47,-0.06,-0.040000000000000036
m15,0.5,0.54,0.54,-0.040000000000000036,0.0
m15,0.46,0.45,0.47,0.010000000000000009,0.019999999999999962
m5,0.92,0.89,0.94,0.030000000000000027,0.04999999999999993
m5,0.93,0.89,0.94,0.040000000000000036,0.04999999999999993
m15,0.34,0.29,0.35,0.050000000000000044,0.06
m5,0.07,0.08,0.1,-0.009999999999999995,0.020000000000000004
m15,0.2833,0.24,0.26,0.043300000000000005,0.020000000000000018
m5,0.08,0.09,0.09,-0.009999999999999995,0.0
m15,0.75,0.76,0.76,-0.010000000000000009,0.0
m15,0.25,0.22,0.24,0.03,0.01999999999999999
m5,0.9,0.88,0.86,0.020000000000000018,-0.020000000000000018
m15,0.08,0.08,0.1,0.0,0.020000000000000004
m15,0.11,0.07,0.08,0.039999999999999994,0.009999999999999995
m5,0.89,0.82,0.86,0.07000000000000006,0.040000000000000036
m5,0.82,0.79,0.81,0.029999999999999916,0.020000000000000018
m5,0.2,0.41,0.38,-0.20999999999999996,-0.02999999999999997
m5,0.17,0.41,0.38,-0.23999999999999996,-0.02999999999999997
m5,0.5507,0.61,0.59,-0.05930000000000002,-0.020000000000000018
m5,0.5617,0.61,0.59,-0.04830000000000001,-0.020000000000000018
m5,0.59,0.61,0.65,-0.020000000000000018,0.040000000000000036
m5,0.58,0.61,0.65,-0.030000000000000027,0.040000000000000036
m5,0.5634,0.61,0.65,-0.046599999999999975,0.040000000000000036
m5,0.64,0.55,0.57,0.08999999999999997,0.019999999999999907
m5,0.6,0.55,0.57,0.04999999999999993,0.019999999999999907
m5,0.61,0.55,0.57,0.05999999999999994,0.019999999999999907
m5,0.37,0.36,0.46,0.010000000000000009,0.10000000000000003
m5,0.55,0.79,0.7,-0.24,-0.09000000000000008
m5,0.65,0.68,0.7,-0.030000000000000027,0.019999999999999907
m5,0.23629999999999998,0.22,0.33,0.01629999999999998,0.11000000000000001
m5,0.22190000000000001,0.22,0.33,0.0019000000000000128,0.11000000000000001
h1,0.46,0.46,0.46,0.0,0.0
h1,0.46,0.46,0.46,0.0,0.0
h1,0.46,0.46,0.46,0.0,0.0
h1,0.46,0.47,0.47,-0.009999999999999953,0.0
h1,0.47,0.51,0.51,-0.040000000000000036,0.0
h1,0.48,0.51,0.51,-0.030000000000000027,0.0
m5,0.54,0.57,0.58,-0.029999999999999916,0.010000000000000009
m5,0.43,0.48,0.45,-0.04999999999999999,-0.02999999999999997
m5,0.43,0.48,0.45,-0.04999999999999999,-0.02999999999999997
h1,0.51,0.52,0.52,-0.010000000000000009,0.0
m5,0.36,0.42,0.42,-0.06,0.0
m5,0.78,0.78,0.78,0.0,0.0
m5,0.8,0.85,0.85,-0.04999999999999993,0.0
m5,0.79,0.83,0.82,-0.039999999999999925,-0.010000000000000009
m5,0.79,0.84,0.84,-0.04999999999999993,0.0
h1,0.6,0.62,0.61,-0.020000000000000018,-0.010000000000000009
m5,0.91,0.95,0.95,-0.039999999999999925,0.0
h1,0.61,0.62,0.62,-0.010000000000000009,0.0
h1,0.62,0.62,0.62,0.0,0.0
m5,0.05,0.06,0.06,-0.009999999999999995,0.0
h1,0.39,0.39,0.39,0.0,0.0
h1,0.61,0.61,0.61,0.0,0.0
h1,0.61,0.61,0.61,0.0,0.0
h1,0.61,0.61,0.61,0.0,0.0
h1,0.61,0.61,0.61,0.0,0.0
h1,0.61,0.61,0.61,0.0,0.0
h1,0.61,0.61,0.61,0.0,0.0
h1,0.61,0.61,0.61,0.0,0.0
h1,0.39,0.39,0.39,0.0,0.0
h1,0.39,0.4,0.4,-0.010000000000000009,0.0
h1,0.39,0.4,0.4,-0.010000000000000009,0.0
h1,0.37,0.39,0.38,-0.020000000000000018,-0.010000000000000009
h1,0.37,0.39,0.39,-0.020000000000000018,0.0
h1,0.38,0.39,0.39,-0.010000000000000009,0.0
h1,0.37,0.4,0.38,-0.030000000000000027,-0.020000000000000018
h1,0.37,0.4,0.38,-0.030000000000000027,-0.020000000000000018
m5,0.59,0.53,0.54,0.05999999999999994,0.010000000000000009
m5,0.46,0.53,0.53,-0.07,0.0
m5,0.39,0.39,0.39,0.0,0.0
m5,0.36,0.37,0.37,-0.010000000000000009,0.0
m5,0.59,0.61,0.61,-0.020000000000000018,0.0
h1,0.64,0.66,0.66,-0.020000000000000018,0.0
m5,0.23,0.24,0.25,-0.009999999999999981,0.010000000000000009
m5,0.79,0.81,0.78,-0.020000000000000018,-0.030000000000000027
m5,0.78,0.83,0.82,-0.04999999999999993,-0.010000000000000009
h1,0.68,0.69,0.69,-0.009999999999999898,0.0
h1,0.32,0.34,0.34,-0.020000000000000018,0.0
h1,0.33,0.34,0.34,-0.010000000000000009,0.0
h1,0.34,0.34,0.34,0.0,0.0
m5,0.59,0.58,0.6,0.010000000000000009,0.020000000000000018
h1,0.34,0.34,0.34,0.0,0.0
h1,0.34,0.35,0.34,-0.009999999999999953,-0.009999999999999953
h1,0.34,0.35,0.35,-0.009999999999999953,0.0
m5,0.6,0.71,0.69,-0.10999999999999999,-0.020000000000000018
m5,0.7,0.68,0.68,0.019999999999999907,0.0
h1,0.32,0.33,0.33,-0.010000000000000009,0.0
h1,0.34,0.34,0.36,0.0,0.019999999999999962
m5,0.58,0.6,0.59,-0.020000000000000018,-0.010000000000000009
m5,0.3569,0.38,0.38,-0.02310000000000001,0.0
m5,0.36,0.38,0.38,-0.020000000000000018,0.0
m5,0.3788,0.42,0.43,-0.04119999999999996,0.010000000000000009
h1,0.34,0.35,0.35,-0.009999999999999953,0.0
m5,0.42,0.42,0.42,0.0,0.0
m5,0.59,0.69,0.68,-0.09999999999999998,-0.009999999999999898
m5,0.3247,0.32,0.32,0.004699999999999982,0.0
m5,0.3223,0.32,0.32,0.0022999999999999687,0.0
m5,0.32,0.29,0.3,0.030000000000000027,0.010000000000000009
m5,0.29,0.3,0.29,-0.010000000000000009,-0.010000000000000009
m5,0.29,0.3,0.29,-0.010000000000000009,-0.010000000000000009
m5,0.29,0.3,0.3,-0.010000000000000009,0.0
m5,0.82,0.82,0.85,0.0,0.030000000000000027
m5,0.16,0.17,0.2,-0.010000000000000009,0.03
m5,0.1666,0.17,0.2,-0.003400000000000014,0.03
m5,0.81,0.9,0.9,-0.08999999999999997,0.0
m5,0.10099999999999999,0.09,0.09,0.010999999999999996,0.0
m5,0.93,0.96,0.95,-0.029999999999999916,-0.010000000000000009
m5,0.98,0.99,0.99,-0.010000000000000009,0.0
m5,0.98,0.99,0.99,-0.010000000000000009,0.0
h1,0.26,0.26,0.26,0.0,0.0
m5,0.42,0.41,0.41,0.010000000000000009,0.0
h1,0.75,0.75,0.75,0.0,0.0
m5,0.59,0.54,0.56,0.04999999999999993,0.020000000000000018
m5,0.45,0.43,0.44,0.020000000000000018,0.010000000000000009
m5,0.55,0.58,0.58,-0.029999999999999916,0.0
m5,0.5421,0.58,0.58,-0.037899999999999934,0.0
m5,0.4,0.41,0.41,-0.009999999999999953,0.0
m5,0.77,0.79,0.8,-0.020000000000000018,0.010000000000000009
h1,0.2,0.21,0.21,-0.009999999999999981,0.0
m5,0.74,0.76,0.76,-0.020000000000000018,0.0
m5,0.29,0.29,0.27,0.0,-0.019999999999999962
m5,0.71,0.75,0.74,-0.040000000000000036,-0.010000000000000009
m5,0.71,0.75,0.74,-0.040000000000000036,-0.010000000000000009
m5,0.73,0.79,0.78,-0.06000000000000005,-0.010000000000000009
m5,0.79,0.83,0.82,-0.039999999999999925,-0.010000000000000009
m5,0.2,0.24,0.24,-0.03999999999999998,0.0
m5,0.13,0.15,0.13,-0.01999999999999999,-0.01999999999999999
h1,0.21,0.22,0.22,-0.010000000000000009,0.0
m5,0.79,0.79,0.79,0.0,0.0
m5,0.79,0.79,0.79,0.0,0.0
m5,0.22,0.18,0.18,0.04000000000000001,0.0
m5,0.16,0.14,0.14,0.01999999999999999,0.0
m5,0.08,0.09,0.09,-0.009999999999999995,0.0
h1,0.2,0.2,0.2,0.0,0.0
h1,0.2,0.2,0.2,0.0,0.0
h1,0.2,0.2,0.2,0.0,0.0
m5,0.89,0.95,0.93,-0.05999999999999994,-0.019999999999999907
h1,0.18,0.19,0.19,-0.010000000000000009,0.0
h1,0.2,0.22,0.22,-0.01999999999999999,0.0
h1,0.22,0.2,0.21,0.01999999999999999,0.009999999999999981
h1,0.2184,0.2,0.21,0.0184,0.009999999999999981
m15,0.55,0.55,0.55,0.0,0.0
m15,0.55,0.55,0.55,0.0,0.0
h1,0.2,0.2,0.2,0.0,0.0
m5,0.57,0.56,0.56,0.009999999999999898,0.0
h1,0.2,0.21,0.21,-0.009999999999999981,0.0
h1,0.21,0.23,0.22,-0.020000000000000018,-0.010000000000000009
h1,0.21,0.23,0.22,-0.020000000000000018,-0.010000000000000009
h1,0.22,0.23,0.23,-0.010000000000000009,0.0
h1,0.27,0.29,0.29,-0.019999999999999962,0.0
h1,0.26,0.29,0.29,-0.02999999999999997,0.0
m5,0.15,0.15,0.15,0.0,0.0
m5,0.15,0.18,0.17,-0.03,-0.009999999999999981
m5,0.18,0.22,0.21,-0.04000000000000001,-0.010000000000000009
m5,0.8,0.83,0.83,-0.029999999999999916,0.0
h1,0.27,0.27,0.27,0.0,0.0
h1,0.27,0.27,0.29,0.0,0.019999999999999962
h1,0.27,0.29,0.29,-0.019999999999999962,0.0
h1,0.74,0.75,0.75,-0.010000000000000009,0.0
h1,0.76,0.78,0.78,-0.020000000000000018,0.0
m5,0.04,0.07,0.07,-0.030000000000000006,0.0
m15,0.68,0.68,0.68,0.0,0.0
m15,0.68,0.68,0.68,0.0,0.0
m5,0.57,0.58,0.58,-0.010000000000000009,0.0
m5,0.57,0.58,0.58,-0.010000000000000009,0.0
m5,0.57,0.58,0.58,-0.010000000000000009,0.0
m5,0.43,0.42,0.43,0.010000000000000009,0.010000000000000009
m5,0.42,0.42,0.42,0.0,0.0
h1,0.8,0.82,0.82,-0.019999999999999907,0.0
m15,0.38,0.43,0.42,-0.04999999999999999,-0.010000000000000009
m5,0.59,0.63,0.6,-0.040000000000000036,-0.030000000000000027
m5,0.57,0.62,0.58,-0.050000000000000044,-0.040000000000000036
m5,0.33,0.38,0.35,-0.04999999999999999,-0.030000000000000027
m5,0.43,0.48,0.47,-0.04999999999999999,-0.010000000000000009
m15,0.32,0.34,0.34,-0.020000000000000018,0.0
h1,0.83,0.85,0.85,-0.020000000000000018,0.0
m5,0.75,0.78,0.76,-0.030000000000000027,-0.020000000000000018
m5,0.78,0.78,0.81,0.0,0.030000000000000027
m5,0.2,0.25,0.24,-0.04999999999999999,-0.010000000000000009
m5,0.2,0.25,0.24,-0.04999999999999999,-0.010000000000000009
m5,0.1889,0.21,0.21,-0.02109999999999998,0.0
m15,0.54,0.54,0.54,0.0,0.0
m5,0.82,0.85,0.85,-0.030000000000000027,0.0
m5,0.85,0.87,0.86,-0.020000000000000018,-0.010000000000000009
m5,0.86,0.88,0.88,-0.020000000000000018,0.0
m5,0.82,0.82,0.82,0.0,0.0
m5,0.76,0.74,0.74,0.020000000000000018,0.0
m5,0.74,0.74,0.74,0.0,0.0
h1,0.16,0.16,0.16,0.0,0.0
m15,0.44,0.5,0.5,-0.06,0.0
m5,0.27,0.27,0.27,0.0,0.0
m5,0.76,0.8,0.79,-0.040000000000000036,-0.010000000000000009
m5,0.15,0.2,0.2,-0.05000000000000002,0.0
m5,0.5770000000000001,0.69,0.73,-0.11299999999999988,0.040000000000000036
m5,0.46,0.69,0.73,-0.22999999999999993,0.040000000000000036
m5,0.3348,0.33,0.33,0.004799999999999971,0.0
m5,0.33,0.3,0.29,0.030000000000000027,-0.010000000000000009
m5,0.669,0.72,0.72,-0.050999999999999934,0.0
m5,0.6183,0.3,0.29,0.31829999999999997,-0.010000000000000009
m15,0.26,0.24,0.24,0.020000000000000018,0.0
m5,0.34,0.29,0.28,0.050000000000000044,-0.009999999999999953
m5,0.33399999999999996,0.32,0.3,0.013999999999999957,-0.020000000000000018
m5,0.29,0.31,0.31,-0.020000000000000018,0.0
m5,0.69,0.7,0.7,-0.010000000000000009,0.0
m5,0.75,0.92,0.9,-0.17000000000000004,-0.020000000000000018
m5,0.28,0.1,0.14,0.18000000000000002,0.04000000000000001
m5,0.1,0.07,0.07,0.03,0.0
m15,0.11,0.14,0.14,-0.030000000000000013,0.0
m5,0.07,0.08,0.09,-0.009999999999999995,0.009999999999999995
m5,0.06,0.12,0.1,-0.06,-0.01999999999999999
m5,0.08,0.17,0.17,-0.09000000000000001,0.0
m5,0.17,0.12,0.14,0.05000000000000002,0.020000000000000018
m5,0.84,0.9,0.87,-0.06000000000000005,-0.030000000000000027
m5,0.84,0.93,0.93,-0.09000000000000008,0.0
m5,0.06,0.06,0.06,0.0,0.0
m5,0.95,0.96,0.96,-0.010000000000000009,0.0
m5,0.05,0.07,0.05,-0.020000000000000004,-0.020000000000000004
m5,0.97,1.0,1.0,-0.030000000000000027,0.0
m5,0.7,0.75,0.75,-0.050000000000000044,0.0
m15,0.03,0.03,0.03,0.0,0.0
m5,0.26,0.26,0.26,0.0,0.0
m15,0.03,0.03,0.04,0.0,0.010000000000000002
m5,0.75,0.76,0.76,-0.010000000000000009,0.0
m15,0.03,0.03,0.03,0.0,0.0
m5,0.25,0.29,0.29,-0.03999999999999998,0.0
m5,0.72,0.73,0.73,-0.010000000000000009,0.0
m5,0.26,0.27,0.27,-0.010000000000000009,0.0
m5,0.26,0.27,0.27,-0.010000000000000009,0.0
m5,0.74,0.77,0.76,-0.030000000000000027,-0.010000000000000009
m5,0.76,0.78,0.76,-0.020000000000000018,-0.020000000000000018
m5,0.28,0.35,0.35,-0.06999999999999995,0.0
m5,0.33,0.35,0.35,-0.019999999999999962,0.0
m5,0.66,0.66,0.66,0.0,0.0
m5,0.36,0.33,0.35,0.02999999999999997,0.019999999999999962
m5,0.63,0.72,0.69,-0.08999999999999997,-0.030000000000000027
h1,0.28,0.29,0.29,-0.009999999999999953,0.0
m5,0.68,0.71,0.72,-0.029999999999999916,0.010000000000000009
m5,0.3,0.3,0.3,0.0,0.0
m5,0.29,0.3,0.3,-0.010000000000000009,0.0
m5,0.27,0.31,0.31,-0.03999999999999998,0.0
m5,0.28,0.31,0.31,-0.02999999999999997,0.0
h1,0.74,0.74,0.74,0.0,0.0
m5,0.33,0.35,0.34,-0.019999999999999962,-0.009999999999999953
m5,0.29,0.4,0.31,-0.11000000000000004,-0.09000000000000002
m5,0.65,0.7,0.7,-0.04999999999999993,0.0
m5,0.65,0.7,0.7,-0.04999999999999993,0.0
m5,0.31,0.32,0.32,-0.010000000000000009,0.0
m5,0.31,0.3,0.31,0.010000000000000009,0.010000000000000009
m5,0.29,0.52,0.52,-0.23000000000000004,0.0
m5,0.35,0.52,0.5,-0.17000000000000004,-0.020000000000000018
m5,0.5,0.41,0.51,0.09000000000000002,0.10000000000000003
m5,0.446,0.48,0.42,-0.033999999999999975,-0.06
m5,0.42,0.45,0.49,-0.030000000000000027,0.03999999999999998
m5,0.53,0.65,0.64,-0.12,-0.010000000000000009
m5,0.37,0.31,0.31,0.06,0.0
m5,0.37,0.31,0.31,0.06,0.0
m5,0.31,0.3,0.32,0.010000000000000009,0.020000000000000018
m5,0.68,0.75,0.73,-0.06999999999999995,-0.020000000000000018
m5,0.61,0.75,0.73,-0.14,-0.020000000000000018
m5,0.32,0.35,0.32,-0.02999999999999997,-0.02999999999999997
m5,0.32,0.35,0.32,-0.02999999999999997,-0.02999999999999997
m5,0.2583,0.35,0.32,-0.0917,-0.02999999999999997
m5,0.24,0.35,0.32,-0.10999999999999999,-0.02999999999999997
m5,0.67,0.67,0.67,0.0,0.0
h1,0.2,0.22,0.21,-0.01999999999999999,-0.010000000000000009
m5,0.58,0.59,0.59,-0.010000000000000009,0.0
m5,0.59,0.59,0.59,0.0,0.0
m5,0.11,0.09,0.11,0.020000000000000004,0.020000000000000004
m5,0.09,0.09,0.08,0.0,-0.009999999999999995
m15,0.91,0.93,0.93,-0.020000000000000018,0.0
m5,0.92,0.98,0.98,-0.05999999999999994,0.0
m5,0.95,1.0,1.0,-0.050000000000000044,0.0
m5,0.51,0.51,0.51,0.0,0.0
m5,0.51,0.51,0.51,0.0,0.0
m5,0.48,0.47,0.49,0.010000000000000009,0.020000000000000018
m5,0.45,0.48,0.48,-0.02999999999999997,0.0
m5,0.4,0.4,0.4,0.0,0.0
m5,0.34,0.4,0.39,-0.06,-0.010000000000000009
m5,0.34,0.4,0.4,-0.06,0.0
m5,0.35,0.4,0.4,-0.050000000000000044,0.0
m5,0.51,0.54,0.54,-0.030000000000000027,0.0
m5,0.56,0.65,0.64,-0.08999999999999997,-0.010000000000000009
h1,0.12,0.12,0.12,0.0,0.0
h1,0.12,0.12,0.12,0.0,0.0
h1,0.12,0.13,0.13,-0.010000000000000009,0.0
m5,0.69,0.68,0.68,0.009999999999999898,0.0
h1,0.13,0.13,0.13,0.0,0.0
m5,0.59,0.65,0.65,-0.06000000000000005,0.0
m5,0.65,0.59,0.62,0.06000000000000005,0.030000000000000027
m5,0.57,0.66,0.65,-0.09000000000000008,-0.010000000000000009
m5,0.3678,0.35,0.35,0.017800000000000038,0.0
h1,0.12,0.12,0.12,0.0,0.0
h1,0.13,0.15,0.15,-0.01999999999999999,0.0
h1,0.14,0.15,0.15,-0.009999999999999981,0.0
m5,0.48,0.47,0.47,0.010000000000000009,0.0
h1,0.14,0.15,0.15,-0.009999999999999981,0.0
m5,0.47,0.45,0.46,0.019999999999999962,0.010000000000000009
m5,0.45,0.48,0.46,-0.02999999999999997,-0.019999999999999962
h1,0.15,0.16,0.15,-0.010000000000000009,-0.010000000000000009
h1,0.15,0.16,0.16,-0.010000000000000009,0.0
m5,0.55,0.61,0.61,-0.05999999999999994,0.0
m5,0.4,0.4,0.4,0.0,0.0
h1,0.16,0.17,0.16,-0.010000000000000009,-0.010000000000000009
m5,0.3131,0.31,0.33,0.0030999999999999917,0.020000000000000018
m5,0.32049999999999995,0.35,0.38,-0.029500000000000026,0.030000000000000027
m5,0.64,0.66,0.66,-0.020000000000000018,0.0
m5,0.65,0.66,0.66,-0.010000000000000009,0.0
h1,0.16,0.17,0.17,-0.010000000000000009,0.0
m5,0.65,0.66,0.66,-0.010000000000000009,0.0
m5,0.65,0.69,0.68,-0.039999999999999925,-0.009999999999999898
m5,0.3372,0.35,0.36,-0.012799999999999978,0.010000000000000009
m5,0.34,0.35,0.36,-0.009999999999999953,0.010000000000000009
m5,0.65,0.69,0.68,-0.039999999999999925,-0.009999999999999898
h1,0.16,0.17,0.17,-0.010000000000000009,0.0
m5,0.3,0.3,0.3,0.0,0.0
h1,0.17,0.18,0.18,-0.009999999999999981,0.0
m5,0.19,0.18,0.18,0.010000000000000009,0.0
m5,0.9,0.92,0.92,-0.020000000000000018,0.0
m5,0.91,0.92,0.92,-0.010000000000000009,0.0
m5,0.83,0.88,0.88,-0.050000000000000044,0.0
m5,0.83,0.88,0.88,-0.050000000000000044,0.0
h1,0.16,0.16,0.16,0.0,0.0
m5,0.25,0.25,0.24,0.0,-0.010000000000000009
h1,0.15,0.16,0.16,-0.010000000000000009,0.0
h1,0.14,0.16,0.16,-0.01999999999999999,0.0
m5,0.97,0.99,0.98,-0.020000000000000018,-0.010000000000000009
m15,0.6673,0.67,0.67,-0.0027000000000000357,0.0
m5,0.4702,0.47,0.47,0.00020000000000003348,0.0
m15,0.32,0.33,0.33,-0.010000000000000009,0.0
m5,0.51,0.58,0.58,-0.06999999999999995,0.0
h1,0.17,0.18,0.18,-0.009999999999999981,0.0
m5,0.48,0.51,0.51,-0.030000000000000027,0.0
m5,0.47,0.53,0.52,-0.06000000000000005,-0.010000000000000009
h1,0.16,0.18,0.18,-0.01999999999999999,0.0
h1,0.18,0.18,0.19,0.0,0.010000000000000009
m5,0.33,0.34,0.35,-0.010000000000000009,0.009999999999999953
m5,0.6,0.68,0.66,-0.08000000000000007,-0.020000000000000018
m5,0.59,0.68,0.66,-0.09000000000000008,-0.020000000000000018
m5,0.35,0.34,0.35,0.009999999999999953,0.009999999999999953
h1,0.2,0.22,0.22,-0.01999999999999999,0.0
h1,0.2,0.22,0.22,-0.01999999999999999,0.0
m15,0.13,0.14,0.13,-0.010000000000000009,-0.010000000000000009
h1,0.8,0.81,0.81,-0.010000000000000009,0.0
h1,0.81,0.81,0.81,0.0,0.0
m5,0.69,0.72,0.72,-0.030000000000000027,0.0
m5,0.28,0.28,0.28,0.0,0.0
m5,0.28,0.28,0.28,0.0,0.0
m5,0.73,0.75,0.75,-0.020000000000000018,0.0
m5,0.26,0.26,0.26,0.0,0.0
m15,0.18,0.19,0.19,-0.010000000000000009,0.0
h1,0.82,0.82,0.82,0.0,0.0
m5,0.73,0.73,0.73,0.0,0.0
h1,0.82,0.81,0.81,0.009999999999999898,0.0
m5,0.73,0.87,0.87,-0.14,0.0
m5,0.88,0.92,0.92,-0.040000000000000036,0.0
m5,0.9,0.92,0.92,-0.020000000000000018,0.0
m5,0.07,0.09,0.09,-0.01999999999999999,0.0
m5,0.92,0.95,0.95,-0.029999999999999916,0.0
m5,0.06,0.12,0.12,-0.06,0.0
m5,0.89,0.93,0.93,-0.040000000000000036,0.0
m5,0.05,0.05,0.05,0.0,0.0
m5,0.96,0.97,0.97,-0.010000000000000009,0.0
m5,0.04,0.03,0.03,0.010000000000000002,0.0
m5,0.97,1.0,0.98,-0.030000000000000027,-0.020000000000000018
h1,0.22,0.23,0.23,-0.010000000000000009,0.0
h1,0.22,0.23,0.23,-0.010000000000000009,0.0
m5,0.52,0.47,0.47,0.050000000000000044,0.0
m5,0.6,0.6,0.6,0.0,0.0
m5,0.5,0.49,0.5,0.010000000000000009,0.010000000000000009
h1,0.24,0.24,0.25,0.0,0.010000000000000009
h1,0.24,0.24,0.25,0.0,0.010000000000000009
m5,0.43,0.43,0.39,0.0,-0.03999999999999998
m5,0.45,0.5,0.5,-0.04999999999999999,0.0
m5,0.51,0.49,0.5,0.020000000000000018,0.010000000000000009
m5,0.56,0.62,0.61,-0.05999999999999994,-0.010000000000000009
h1,0.19,0.21,0.2,-0.01999999999999999,-0.009999999999999981
h1,0.2,0.21,0.21,-0.009999999999999981,0.0
h1,0.19,0.2,0.2,-0.010000000000000009,0.0
m5,0.6,0.51,0.52,0.08999999999999997,0.010000000000000009
m5,0.51,0.62,0.55,-0.10999999999999999,-0.06999999999999995
m5,0.64,0.65,0.65,-0.010000000000000009,0.0
m5,0.63,0.65,0.65,-0.020000000000000018,0.0
m5,0.64,0.76,0.74,-0.12,-0.020000000000000018
m5,0.33,0.35,0.35,-0.019999999999999962,0.0
h1,0.17,0.16,0.17,0.010000000000000009,0.010000000000000009
m5,0.3881,0.42,0.42,-0.031899999999999984,0.0
m5,0.42,0.6,0.57,-0.18,-0.030000000000000027
m5,0.42,0.4,0.44,0.019999999999999962,0.03999999999999998
m5,0.62,0.62,0.59,0.0,-0.030000000000000027
m5,0.3757,0.38,0.39,-0.004300000000000026,0.010000000000000009
m5,0.63,0.62,0.64,0.010000000000000009,0.020000000000000018
m5,0.38,0.4,0.4,-0.020000000000000018,0.0
m5,0.37,0.4,0.4,-0.030000000000000027,0.0
m5,0.67,0.69,0.68,-0.019999999999999907,-0.009999999999999898
m5,0.68,0.69,0.68,-0.009999999999999898,-0.009999999999999898
m5,0.25,0.3,0.28,-0.04999999999999999,-0.019999999999999962
m5,0.28,0.31,0.29,-0.02999999999999997,-0.020000000000000018
m5,0.7,0.77,0.77,-0.07000000000000006,0.0
m5,0.7523000000000001,0.67,0.69,0.08230000000000004,0.019999999999999907
m5,0.76,0.67,0.69,0.08999999999999997,0.019999999999999907
m5,0.76,0.67,0.69,0.08999999999999997,0.019999999999999907
m5,0.25,0.37,0.35,-0.12,-0.020000000000000018
m5,0.34,0.43,0.4,-0.08999999999999997,-0.02999999999999997
m5,0.5781000000000001,0.57,0.57,0.008100000000000107,0.0
m5,0.29,0.3,0.29,-0.010000000000000009,-0.010000000000000009
m5,0.72,0.74,0.71,-0.020000000000000018,-0.030000000000000027
m5,0.76,0.75,0.79,0.010000000000000009,0.040000000000000036
m5,0.2612,0.22,0.25,0.04119999999999999,0.03
m5,0.21100000000000002,0.22,0.25,-0.00899999999999998,0.03
m5,0.25,0.13,0.15,0.12,0.01999999999999999
m5,0.79,0.92,0.89,-0.13,-0.030000000000000027
m5,0.86,0.92,0.89,-0.06000000000000005,-0.030000000000000027
m5,0.24,0.09,0.12,0.15,0.03
h1,0.22,0.22,0.22,0.0,0.0
m5,0.92,0.89,0.96,0.030000000000000027,0.06999999999999995
m5,0.13,0.08,0.12,0.05,0.039999999999999994
m5,0.0481,0.06,0.07,-0.0119,0.010000000000000009
h1,0.18,0.2,0.2,-0.020000000000000018,0.0
m15,0.5069,0.47,0.49,0.036900000000000044,0.020000000000000018
m5,0.5073,0.45,0.45,0.05729999999999996,0.0
m5,0.56,0.63,0.61,-0.06999999999999995,-0.020000000000000018
m5,0.55,0.63,0.61,-0.07999999999999996,-0.020000000000000018
m15,0.58,0.6,0.59,-0.020000000000000018,-0.010000000000000009
h1,0.14,0.13,0.13,0.010000000000000009,0.0
h1,0.12,0.13,0.13,-0.010000000000000009,0.0
m5,0.64,0.58,0.61,0.06000000000000005,0.030000000000000027
h1,0.13,0.15,0.16,-0.01999999999999999,0.010000000000000009
m5,0.64,0.58,0.61,0.06000000000000005,0.030000000000000027
h1,0.13,0.15,0.15,-0.01999999999999999,0.0
h1,0.15,0.15,0.15,0.0,0.0
m5,0.58,0.58,0.58,0.0,0.0
m5,0.58,0.58,0.58,0.0,0.0
m15,0.55,0.57,0.57,-0.019999999999999907,0.0
m5,0.36,0.38,0.37,-0.020000000000000018,-0.010000000000000009
h1,0.1,0.1,0.1,0.0,0.0
m15,0.66,0.66,0.66,0.0,0.0
m15,0.65,0.66,0.66,-0.010000000000000009,0.0
h1,0.08,0.08,0.08,0.0,0.0
h1,0.08,0.08,0.08,0.0,0.0
h1,0.08,0.09,0.09,-0.009999999999999995,0.0
m5,0.81,0.82,0.82,-0.009999999999999898,0.0
m5,0.79,0.82,0.82,-0.029999999999999916,0.0
m5,0.18,0.18,0.19,0.0,0.010000000000000009
m5,0.82,0.83,0.83,-0.010000000000000009,0.0
m15,0.67,0.68,0.68,-0.010000000000000009,0.0
h1,0.09,0.11,0.1,-0.020000000000000004,-0.009999999999999995
h1,0.1,0.11,0.11,-0.009999999999999995,0.0
m5,0.68,0.66,0.66,0.020000000000000018,0.0
m5,0.66,0.66,0.66,0.0,0.0
m15,0.58,0.57,0.58,0.010000000000000009,0.010000000000000009
m5,0.37,0.35,0.38,0.020000000000000018,0.030000000000000027
m5,0.5863,0.66,0.64,-0.07369999999999999,-0.020000000000000018
h1,0.12,0.13,0.13,-0.010000000000000009,0.0
m15,0.55,0.58,0.58,-0.029999999999999916,0.0
m15,0.55,0.58,0.58,-0.029999999999999916,0.0
m5,0.59,0.67,0.67,-0.08000000000000007,0.0
m5,0.26,0.25,0.25,0.010000000000000009,0.0
m5,0.22,0.22,0.22,0.0,0.0
m5,0.18,0.2,0.2,-0.020000000000000018,0.0
m5,0.16,0.2,0.2,-0.04000000000000001,0.0
m5,0.83,0.86,0.86,-0.030000000000000027,0.0
m5,0.15,0.29,0.18,-0.13999999999999999,-0.10999999999999999
m5,0.15,0.33,0.3,-0.18000000000000002,-0.030000000000000027
m5,0.26,0.27,0.27,-0.010000000000000009,0.0
m5,0.23,0.22,0.22,0.010000000000000009,0.0
m5,0.74,0.81,0.77,-0.07000000000000006,-0.040000000000000036
m5,0.27,0.2,0.24,0.07,0.03999999999999998
m5,0.7431,0.8,0.8,-0.05690000000000006,0.0
m5,0.19,0.21,0.21,-0.01999999999999999,0.0
m5,0.8,0.81,0.81,-0.010000000000000009,0.0
m15,0.62,0.64,0.64,-0.020000000000000018,0.0
m5,0.82,0.91,0.91,-0.09000000000000008,0.0
m15,0.63,0.64,0.64,-0.010000000000000009,0.0
m5,0.94,0.95,0.95,-0.010000000000000009,0.0
m5,0.97,0.98,0.98,-0.010000000000000009,0.0
m5,0.51,0.57,0.54,-0.05999999999999994,-0.029999999999999916
m5,0.44,0.43,0.44,0.010000000000000009,0.010000000000000009
m5,0.42,0.44,0.43,-0.020000000000000018,-0.010000000000000009
m5,0.43,0.43,0.44,0.0,0.010000000000000009
m5,0.42,0.42,0.42,0.0,0.0
h1,0.03,0.03,0.04,0.0,0.010000000000000002
m5,0.34,0.48,0.46,-0.13999999999999996,-0.019999999999999962
m5,0.58,0.64,0.64,-0.06000000000000005,0.0
m5,0.69,0.78,0.76,-0.09000000000000008,-0.020000000000000018
m5,0.92,0.96,0.95,-0.039999999999999925,-0.010000000000000009
m5,0.88,0.89,0.89,-0.010000000000000009,0.0
m5,0.06,0.06,0.06,0.0,0.0
m5,0.06,0.07,0.06,-0.010000000000000009,-0.010000000000000009
m5,0.06,0.08,0.07,-0.020000000000000004,-0.009999999999999995
m5,0.08,0.07,0.08,0.009999999999999995,0.009999999999999995
m5,0.04,0.06,0.06,-0.019999999999999997,0.0
m5,0.04,0.05,0.05,-0.010000000000000002,0.0
m5,0.04,0.08,0.09,-0.04,0.009999999999999995
m5,0.92,0.93,0.93,-0.010000000000000009,0.0
m5,0.92,0.93,0.93,-0.010000000000000009,0.0
m5,0.04,0.03,0.04,0.010000000000000002,0.010000000000000002
m5,0.27,0.25,0.26,0.020000000000000018,0.010000000000000009
m5,0.21,0.2,0.2,0.009999999999999981,0.0
m5,0.77,0.78,0.77,-0.010000000000000009,-0.010000000000000009
m5,0.78,0.79,0.79,-0.010000000000000009,0.0
m5,0.53,0.55,0.54,-0.020000000000000018,-0.010000000000000009
m5,0.54,0.54,0.53,0.0,-0.010000000000000009
m5,0.45,0.47,0.47,-0.019999999999999962,0.0
m5,0.43,0.48,0.46,-0.04999999999999999,-0.019999999999999962
m5,0.3115,0.33,0.33,-0.018500000000000016,0.0
m5,0.68,0.74,0.73,-0.05999999999999994,-0.010000000000000009
m5,0.66,0.68,0.67,-0.020000000000000018,-0.010000000000000009
m5,0.66,0.69,0.69,-0.029999999999999916,0.0
m5,0.29,0.28,0.28,0.009999999999999953,0.0
m5,0.26,0.36,0.35,-0.09999999999999998,-0.010000000000000009
m5,0.73,0.65,0.66,0.07999999999999996,0.010000000000000009
m5,0.66,0.65,0.66,0.010000000000000009,0.010000000000000009
m5,0.65,0.63,0.65,0.020000000000000018,0.020000000000000018
m5,0.35,0.38,0.38,-0.030000000000000027,0.0
m5,0.37,0.38,0.38,-0.010000000000000009,0.0
m5,0.62,0.68,0.62,-0.06000000000000005,-0.06000000000000005
m5,0.39,0.32,0.32,0.07,0.0
m5,0.26,0.3,0.26,-0.03999999999999998,-0.03999999999999998
m5,0.72,0.69,0.72,0.030000000000000027,0.030000000000000027
m5,0.72,0.62,0.63,0.09999999999999998,0.010000000000000009
m5,0.61,0.59,0.59,0.020000000000000018,0.0
m5,0.5943,0.63,0.62,-0.035699999999999954,-0.010000000000000009
m5,0.58,0.63,0.62,-0.050000000000000044,-0.010000000000000009
m5,0.35,0.35,0.35,0.0,0.0
m5,0.16,0.16,0.14,0.0,-0.01999999999999999
m5,0.82,0.82,0.82,0.0,0.0
m5,0.17,0.23,0.24,-0.06,0.009999999999999981
m5,0.7767000000000001,0.72,0.73,0.056700000000000084,0.010000000000000009
m5,0.6,0.65,0.65,-0.050000000000000044,0.0
m5,0.39,0.52,0.5,-0.13,-0.020000000000000018
m5,0.4,0.54,0.55,-0.14,0.010000000000000009
m5,0.4857,0.42,0.43,0.06570000000000004,0.010000000000000009
m5,0.46,0.65,0.58,-0.19,-0.07000000000000006
m5,0.58,0.85,0.85,-0.27,0.0
m5,0.168,0.15,0.21,0.018000000000000016,0.06
m5,0.21,0.08,0.12,0.13,0.039999999999999994
m15,0.54,0.55,0.55,-0.010000000000000009,0.0
m5,0.51,0.53,0.52,-0.020000000000000018,-0.010000000000000009
m5,0.52,0.55,0.55,-0.030000000000000027,0.0
m5,0.42,0.49,0.49,-0.07,0.0
h1,0.46,0.46,0.46,0.0,0.0
h1,0.46,0.46,0.46,0.0,0.0
h1,0.46,0.46,0.46,0.0,0.0
h1,0.46,0.46,0.46,0.0,0.0
m5,0.46,0.5,0.48,-0.03999999999999998,-0.020000000000000018
m15,0.42,0.41,0.41,0.010000000000000009,0.0
m5,0.66,0.7,0.7,-0.039999999999999925,0.0
m5,0.28,0.29,0.29,-0.009999999999999953,0.0
m5,0.72,0.75,0.75,-0.030000000000000027,0.0
h1,0.63,0.64,0.64,-0.010000000000000009,0.0
m5,0.1193,0.1,0.12,0.019299999999999998,0.01999999999999999
m5,0.15,0.2,0.19,-0.05000000000000002,-0.010000000000000009
m5,0.85,0.86,0.86,-0.010000000000000009,0.0
m15,0.63,0.63,0.63,0.0,0.0
h1,0.42,0.42,0.42,0.0,0.0
h1,0.42,0.42,0.43,0.0,0.010000000000000009
m5,0.76,0.81,0.81,-0.050000000000000044,0.0
m5,0.2,0.2,0.2,0.0,0.0
m5,0.2,0.2,0.19,0.0,-0.010000000000000009
m5,0.19,0.23,0.21,-0.04000000000000001,-0.020000000000000018
h1,0.43,0.45,0.45,-0.020000000000000018,0.0
m5,0.3,0.38,0.38,-0.08000000000000002,0.0
m5,0.63,0.61,0.65,0.020000000000000018,0.040000000000000036
m5,0.6244,0.61,0.65,0.014399999999999968,0.040000000000000036
m5,0.63,0.61,0.65,0.020000000000000018,0.040000000000000036
m5,0.36,0.45,0.42,-0.09000000000000002,-0.030000000000000027
m5,0.4093,0.64,0.59,-0.23070000000000002,-0.050000000000000044
m5,0.41,0.38,0.37,0.02999999999999997,-0.010000000000000009
m5,0.37,0.36,0.38,0.010000000000000009,0.020000000000000018
m5,0.36,0.36,0.38,0.0,0.020000000000000018
m5,0.53,0.58,0.57,-0.04999999999999993,-0.010000000000000009
m5,0.43920000000000003,0.56,0.56,-0.12080000000000002,0.0
m5,0.48,0.56,0.56,-0.08000000000000007,0.0
m5,0.61,0.78,0.76,-0.17000000000000004,-0.020000000000000018
m5,0.25,0.14,0.14,0.10999999999999999,0.0
m5,0.2359,0.14,0.14,0.09589999999999999,0.0
m5,0.15,0.21,0.17,-0.06,-0.03999999999999998
h1,0.47,0.47,0.47,0.0,0.0
h1,0.47,0.47,0.47,0.0,0.0
h1,0.47,0.47,0.47,0.0,0.0
m5,0.82,0.93,0.93,-0.1100000000000001,0.0
h1,0.47,0.47,0.47,0.0,0.0
m5,0.07,0.06,0.08,0.010000000000000009,0.020000000000000004
h1,0.47,0.47,0.47,0.0,0.0
h1,0.47,0.51,0.47,-0.040000000000000036,-0.040000000000000036
h1,0.47,0.51,0.51,-0.040000000000000036,0.0
m5,0.35,0.35,0.35,0.0,0.0
h1,0.54,0.59,0.58,-0.04999999999999993,-0.010000000000000009
m15,0.2005,0.19,0.19,0.01050000000000001,0.0
m5,0.2,0.21,0.21,-0.009999999999999981,0.0
m5,0.74,0.72,0.73,0.020000000000000018,0.010000000000000009
m5,0.69,0.73,0.72,-0.040000000000000036,-0.010000000000000009
m5,0.72,0.76,0.75,-0.040000000000000036,-0.010000000000000009
m5,0.76,0.8,0.8,-0.040000000000000036,0.0
m5,0.76,0.8,0.79,-0.040000000000000036,-0.010000000000000009
m5,0.58,0.58,0.58,0.0,0.0
m15,0.64,0.65,0.65,-0.010000000000000009,0.0
m5,0.58,0.58,0.58,0.0,0.0
m5,0.4,0.56,0.45,-0.16000000000000003,-0.11000000000000004
m5,0.37,0.36,0.36,0.010000000000000009,0.0
m15,0.51,0.5,0.5,0.010000000000000009,0.0
m5,0.37,0.36,0.36,0.010000000000000009,0.0
m5,0.37,0.35,0.36,0.020000000000000018,0.010000000000000009
m5,0.36,0.31,0.34,0.04999999999999999,0.030000000000000027
m15,0.46,0.5,0.5,-0.03999999999999998,0.0
m5,0.68,0.7,0.7,-0.019999999999999907,0.0
m5,0.65,0.69,0.68,-0.039999999999999925,-0.009999999999999898
m5,0.40590000000000004,0.43,0.42,-0.024099999999999955,-0.010000000000000009
m5,0.42,0.43,0.43,-0.010000000000000009,0.0
m5,0.68,0.73,0.73,-0.04999999999999993,0.0
m15,0.69,0.67,0.68,0.019999999999999907,0.010000000000000009
m5,0.31,0.34,0.31,-0.030000000000000027,-0.030000000000000027
m5,0.68,0.7,0.7,-0.019999999999999907,0.0
m5,0.4966,0.43,0.43,0.06659999999999999,0.0
m15,0.57,0.56,0.56,0.009999999999999898,0.0
m5,0.4266,0.41,0.43,0.016600000000000004,0.020000000000000018
m5,0.43,0.41,0.41,0.020000000000000018,0.0
m15,0.55,0.57,0.54,-0.019999999999999907,-0.029999999999999916
h1,0.5,0.51,0.51,-0.010000000000000009,0.0
m5,0.41,0.48,0.41,-0.07,-0.07
m5,0.5082,0.53,0.53,-0.02180000000000004,0.0
m5,0.5,0.58,0.54,-0.07999999999999996,-0.039999999999999925
m5,0.51,0.58,0.54,-0.06999999999999995,-0.039999999999999925
m5,0.43,0.46,0.47,-0.030000000000000027,0.009999999999999953
m5,0.5381,0.58,0.58,-0.04189999999999994,0.0
m5,0.6,0.59,0.59,0.010000000000000009,0.0
m5,0.42,0.4,0.4,0.019999999999999962,0.0
m5,0.4069,0.4,0.4,0.006899999999999962,0.0
m5,0.4171,0.48,0.49,-0.06289999999999996,0.010000000000000009
m5,0.5138,0.54,0.53,-0.0262,-0.010000000000000009
m5,0.49,0.54,0.53,-0.050000000000000044,-0.010000000000000009
m5,0.39,0.4,0.4,-0.010000000000000009,0.0
m5,0.6136,0.52,0.58,0.09360000000000002,0.05999999999999994
m5,0.45,0.49,0.49,-0.03999999999999998,0.0
m5,0.49,0.52,0.49,-0.030000000000000027,-0.030000000000000027
m5,0.49,0.52,0.49,-0.030000000000000027,-0.030000000000000027
m5,0.49,0.69,0.61,-0.19999999999999996,-0.07999999999999996
m5,0.33,0.35,0.37,-0.019999999999999962,0.020000000000000018
m5,0.3849,0.28,0.28,0.1049,0.0
m5,0.31,0.28,0.28,0.02999999999999997,0.0
m5,0.3322,0.28,0.28,0.05219999999999997,0.0
m5,0.3105,0.28,0.28,0.03049999999999997,0.0
m5,0.29,0.6,0.28,-0.31,-0.31999999999999995
h1,0.5,0.52,0.51,-0.020000000000000018,-0.010000000000000009
h1,0.51,0.54,0.53,-0.030000000000000027,-0.010000000000000009
h1,0.52,0.54,0.54,-0.020000000000000018,0.0
m5,0.37,0.48,0.48,-0.10999999999999999,0.0
m5,0.48,0.52,0.52,-0.040000000000000036,0.0
m5,0.53,0.57,0.57,-0.039999999999999925,0.0
m15,0.6,0.55,0.55,0.04999999999999993,0.0
m15,0.444,0.5,0.5,-0.055999999999999994,0.0
m5,0.5428999999999999,0.58,0.58,-0.03710000000000002,0.0
m5,0.44,0.45,0.45,-0.010000000000000009,0.0
m15,0.41,0.41,0.41,0.0,0.0
m5,0.46,0.43,0.43,0.030000000000000027,0.0
m15,0.6,0.6,0.6,0.0,0.0
m5,0.58,0.58,0.59,0.0,0.010000000000000009
m15,0.6,0.6,0.6,0.0,0.0
m5,0.42,0.39,0.4,0.02999999999999997,0.010000000000000009
m15,0.41,0.41,0.41,0.0,0.0
m5,0.58,0.56,0.57,0.019999999999999907,0.009999999999999898
m15,0.6,0.58,0.6,0.020000000000000018,0.020000000000000018
m15,0.41490000000000005,0.44,0.44,-0.025099999999999956,0.0
m5,0.4,0.46,0.46,-0.06,0.0
m15,0.43479999999999996,0.41,0.43,0.02479999999999999,0.020000000000000018
m15,0.42,0.41,0.43,0.010000000000000009,0.020000000000000018
m5,0.55,0.58,0.59,-0.029999999999999916,0.010000000000000009
m5,0.58,0.58,0.59,0.0,0.010000000000000009
m5,0.42,0.43,0.43,-0.010000000000000009,0.0
m15,0.41,0.41,0.41,0.0,0.0
m5,0.58,0.57,0.58,0.010000000000000009,0.010000000000000009
m5,0.43,0.44,0.43,-0.010000000000000009,-0.010000000000000009
m15,0.41,0.41,0.41,0.0,0.0
m5,0.43,0.44,0.44,-0.010000000000000009,0.0
m15,0.42,0.5,0.48,-0.08000000000000002,-0.020000000000000018
m15,0.5,0.49,0.51,0.010000000000000009,0.020000000000000018
m5,0.54,0.58,0.58,-0.039999999999999925,0.0
m5,0.49,0.54,0.54,-0.050000000000000044,0.0
m15,0.43,0.55,0.52,-0.12000000000000005,-0.030000000000000027
m5,0.47,0.55,0.54,-0.08000000000000007,-0.010000000000000009
m5,0.54,0.57,0.56,-0.029999999999999916,-0.009999999999999898
m5,0.49,0.57,0.56,-0.07999999999999996,-0.009999999999999898
m15,0.45,0.55,0.55,-0.10000000000000003,0.0
m15,0.54,0.55,0.55,-0.010000000000000009,0.0
m5,0.44,0.45,0.45,-0.010000000000000009,0.0
m5,0.44,0.45,0.45,-0.010000000000000009,0.0
m15,0.53,0.48,0.53,0.050000000000000044,0.050000000000000044
m5,0.44,0.47,0.47,-0.02999999999999997,0.0
m5,0.46,0.68,0.63,-0.22000000000000003,-0.050000000000000044
m5,0.59,0.7,0.7,-0.10999999999999999,0.0
m5,0.31,0.35,0.34,-0.03999999999999998,-0.009999999999999953
m5,0.67,0.71,0.7,-0.039999999999999925,-0.010000000000000009
m15,0.67,0.75,0.73,-0.07999999999999996,-0.020000000000000018
m15,0.24,0.29,0.29,-0.04999999999999999,0.0
m5,0.23,0.25,0.25,-0.01999999999999999,0.0
m15,0.64,0.72,0.66,-0.07999999999999996,-0.05999999999999994
m15,0.6787000000000001,0.85,0.83,-0.1712999999999999,-0.020000000000000018
m15,0.7774,0.93,0.93,-0.15260000000000007,0.0
m5,0.08,0.1,0.1,-0.020000000000000004,0.0
m5,0.1,0.12,0.12,-0.01999999999999999,0.0
m15,0.8513,0.86,0.87,-0.008700000000000041,0.010000000000000009
m5,0.89,0.88,0.87,0.010000000000000009,-0.010000000000000009
m15,0.86,0.88,0.85,-0.020000000000000018,-0.030000000000000027
m5,0.87,0.89,0.89,-0.020000000000000018,0.0
m5,0.88,0.9,0.9,-0.020000000000000018,0.0
m15,0.89,0.91,0.91,-0.020000000000000018,0.0
m5,0.91,0.84,0.84,0.07000000000000006,0.0
m5,0.09,0.17,0.17,-0.08000000000000002,0.0
m5,0.17,0.16,0.17,0.010000000000000009,0.010000000000000009
m15,0.78,0.82,0.82,-0.039999999999999925,0.0
m15,0.22,0.19,0.19,0.03,0.0
m15,0.8059999999999999,0.94,0.87,-0.134,-0.06999999999999995
m5,0.84,0.92,0.9,-0.08000000000000007,-0.020000000000000018
m5,0.84,0.92,0.9,-0.08000000000000007,-0.020000000000000018
m5,0.83,0.92,0.9,-0.09000000000000008,-0.020000000000000018
m5,0.94,0.95,0.95,-0.010000000000000009,0.0
h1,0.64,0.67,0.67,-0.030000000000000027,0.0
m15,0.55,0.6,0.59,-0.04999999999999993,-0.010000000000000009
m15,0.56,0.6,0.59,-0.039999999999999925,-0.010000000000000009
m5,0.62,0.66,0.65,-0.040000000000000036,-0.010000000000000009
m5,0.62,0.66,0.65,-0.040000000000000036,-0.010000000000000009
m5,0.63,0.7,0.7,-0.06999999999999995,0.0
m15,0.57,0.62,0.62,-0.050000000000000044,0.0
m15,0.6,0.62,0.62,-0.020000000000000018,0.0
m5,0.66,0.71,0.73,-0.04999999999999993,0.020000000000000018
m5,0.31,0.25,0.26,0.06,0.010000000000000009
m15,0.35,0.35,0.35,0.0,0.0
m5,0.25,0.26,0.26,-0.010000000000000009,0.0
m5,0.23,0.21,0.23,0.020000000000000018,0.020000000000000018
m15,0.69,0.72,0.72,-0.030000000000000027,0.0
m5,0.19,0.19,0.19,0.0,0.0
m5,0.19,0.21,0.21,-0.01999999999999999,0.0
m5,0.19,0.21,0.21,-0.01999999999999999,0.0
m5,0.19,0.22,0.21,-0.03,-0.010000000000000009
m5,0.78,0.8,0.8,-0.020000000000000018,0.0
m5,0.79,0.83,0.81,-0.039999999999999925,-0.019999999999999907
m5,0.18,0.18,0.18,0.0,0.0
m5,0.19,0.24,0.24,-0.04999999999999999,0.0
m5,0.22,0.23,0.23,-0.010000000000000009,0.0
m5,0.84,0.86,0.86,-0.020000000000000018,0.0
m5,0.09,0.15,0.15,-0.06,0.0
m5,0.86,0.83,0.84,0.030000000000000027,0.010000000000000009
m15,0.76,0.79,0.79,-0.030000000000000027,0.0
m15,0.21,0.22,0.22,-0.010000000000000009,0.0
m5,0.02,0.02,0.02,0.0,0.0
m15,0.23,0.26,0.26,-0.03,0.0
h1,0.26,0.28,0.28,-0.020000000000000018,0.0
m5,0.94,0.93,0.93,0.009999999999999898,0.0
m5,0.04,0.08,0.08,-0.04,0.0
m5,0.04,0.12,0.12,-0.07999999999999999,0.0
m5,0.04,0.12,0.12,-0.07999999999999999,0.0
h1,0.28,0.28,0.28,0.0,0.0
m5,0.96,1.0,0.97,-0.040000000000000036,-0.030000000000000027
h1,0.74,0.76,0.76,-0.020000000000000018,0.0
h1,0.78,0.8,0.8,-0.020000000000000018,0.0
m5,0.69,0.7,0.7,-0.010000000000000009,0.0
m5,0.35,0.39,0.39,-0.040000000000000036,0.0
m5,0.37,0.4,0.4,-0.030000000000000027,0.0
m5,0.59,0.63,0.62,-0.040000000000000036,-0.010000000000000009
m5,0.64,0.58,0.65,0.06000000000000005,0.07000000000000006
m5,0.33,0.45,0.43,-0.12,-0.020000000000000018
m15,0.16,0.2,0.19,-0.04000000000000001,-0.010000000000000009
m5,0.55,0.59,0.58,-0.039999999999999925,-0.010000000000000009
m15,0.81,0.83,0.83,-0.019999999999999907,0.0
m5,0.40130000000000005,0.42,0.43,-0.01869999999999994,0.010000000000000009
m5,0.62,0.65,0.65,-0.030000000000000027,0.0
m5,0.42,0.41,0.41,0.010000000000000009,0.0
m5,0.59,0.62,0.62,-0.030000000000000027,0.0
m5,0.59,0.62,0.62,-0.030000000000000027,0.0
m5,0.61,0.63,0.62,-0.020000000000000018,-0.010000000000000009
m5,0.38,0.4,0.4,-0.020000000000000018,0.0
m5,0.59,0.6,0.6,-0.010000000000000009,0.0
m5,0.41,0.48,0.47,-0.07,-0.010000000000000009
m5,0.43770000000000003,0.45,0.45,-0.012299999999999978,0.0
m5,0.55,0.6,0.6,-0.04999999999999993,0.0
h1,0.8,0.82,0.82,-0.019999999999999907,0.0
m5,0.71,0.74,0.74,-0.030000000000000027,0.0
m5,0.27,0.27,0.27,0.0,0.0
m5,0.73,0.73,0.73,0.0,0.0
m5,0.71,0.71,0.71,0.0,0.0
m15,0.12,0.13,0.13,-0.010000000000000009,0.0
m5,0.3,0.33,0.33,-0.030000000000000027,0.0
m5,0.6854,0.71,0.7,-0.024599999999999955,-0.010000000000000009
m5,0.32,0.32,0.32,0.0,0.0
m5,0.21660000000000001,0.32,0.31,-0.10339999999999999,-0.010000000000000009
m15,0.09,0.12,0.12,-0.03,0.0
m5,0.255,0.32,0.32,-0.065,0.0
h1,0.22,0.24,0.24,-0.01999999999999999,0.0
m5,0.43,0.52,0.51,-0.09000000000000002,-0.010000000000000009
m5,0.45,0.41,0.41,0.040000000000000036,0.0
m5,0.41,0.39,0.4,0.019999999999999962,0.010000000000000009
m5,0.6,0.64,0.63,-0.040000000000000036,-0.010000000000000009
m15,0.2,0.23,0.22,-0.03,-0.010000000000000009
h1,0.24,0.24,0.24,0.0,0.0
m15,0.22,0.23,0.23,-0.010000000000000009,0.0
h1,0.24,0.24,0.24,0.0,0.0
m15,0.78,0.79,0.78,-0.010000000000000009,-0.010000000000000009
m5,0.22,0.22,0.22,0.0,0.0
m5,0.22,0.22,0.22,0.0,0.0
m5,0.86,0.88,0.87,-0.020000000000000018,-0.010000000000000009
m5,0.83,0.73,0.82,0.09999999999999998,0.08999999999999997
m5,0.17,0.28,0.28,-0.11000000000000001,0.0
m5,0.73,0.75,0.76,-0.020000000000000018,0.010000000000000009
m5,0.74,0.77,0.73,-0.030000000000000027,-0.040000000000000036
m5,0.25,0.24,0.28,0.010000000000000009,0.040000000000000036
m5,0.73,0.75,0.76,-0.020000000000000018,0.010000000000000009
m5,0.76,0.6,0.65,0.16000000000000003,0.050000000000000044
m5,0.23,0.18,0.17,0.05000000000000002,-0.009999999999999981
m5,0.3,0.18,0.17,0.12,-0.009999999999999981
h1,0.78,0.79,0.79,-0.010000000000000009,0.0
m5,0.83,0.87,0.85,-0.040000000000000036,-0.020000000000000018
m5,0.85,0.94,0.88,-0.08999999999999997,-0.05999999999999994
m5,0.87,0.96,0.91,-0.08999999999999997,-0.04999999999999993
m15,0.12,0.12,0.12,0.0,0.0
m5,0.42,0.44,0.44,-0.020000000000000018,0.0
m5,0.5,0.51,0.5,-0.010000000000000009,-0.010000000000000009
m15,0.07,0.07,0.07,0.0,0.0
m5,0.51,0.5,0.5,0.010000000000000009,0.0
m5,0.52,0.55,0.53,-0.030000000000000027,-0.020000000000000018
m5,0.53,0.6,0.6,-0.06999999999999995,0.0
m5,0.41,0.4,0.41,0.009999999999999953,0.009999999999999953
m5,0.36,0.36,0.36,0.0,0.0
h1,0.16,0.21,0.2,-0.04999999999999999,-0.009999999999999981
m5,0.28,0.31,0.31,-0.02999999999999997,0.0
m15,0.9,0.92,0.91,-0.020000000000000018,-0.010000000000000009
m5,0.66,0.7,0.7,-0.039999999999999925,0.0
m15,0.91,0.92,0.92,-0.010000000000000009,0.0
m5,0.28,0.32,0.31,-0.03999999999999998,-0.010000000000000009
m5,0.57,0.57,0.57,0.0,0.0
m5,0.57,0.67,0.67,-0.10000000000000009,0.0
m5,0.34,0.34,0.34,0.0,0.0
m5,0.34,0.34,0.34,0.0,0.0
m5,0.69,0.71,0.71,-0.020000000000000018,0.0
m5,0.26,0.25,0.25,0.010000000000000009,0.0
m5,0.73,0.76,0.76,-0.030000000000000027,0.0
m5,0.26,0.26,0.26,0.0,0.0
m5,0.74,0.75,0.74,-0.010000000000000009,-0.010000000000000009
m15,0.03,0.03,0.03,0.0,0.0
m5,0.75,0.76,0.75,-0.010000000000000009,-0.010000000000000009
m15,0.1,0.14,0.12,-0.04000000000000001,-0.020000000000000018
m15,0.83,0.77,0.76,0.05999999999999994,-0.010000000000000009
h1,0.26,0.28,0.28,-0.020000000000000018,0.0
m15,0.7636,0.83,0.77,-0.06640000000000001,-0.05999999999999994
h1,0.28,0.28,0.28,0.0,0.0
m15,0.2,0.19,0.19,0.010000000000000009,0.0
m15,0.8,0.83,0.83,-0.029999999999999916,0.0
m15,0.22,0.18,0.18,0.04000000000000001,0.0
m5,0.96,0.98,0.98,-0.020000000000000018,0.0
h1,0.28,0.3,0.3,-0.019999999999999962,0.0
m15,0.18,0.18,0.18,0.0,0.0
m15,0.8,0.84,0.83,-0.039999999999999925,-0.010000000000000009
m15,0.76,0.78,0.78,-0.020000000000000018,0.0
m15,0.17,0.16,0.19,0.010000000000000009,0.03
m15,0.83,0.89,0.87,-0.06000000000000005,-0.020000000000000018
m15,0.18,0.12,0.14,0.06,0.020000000000000018
m5,0.97,1.0,0.99,-0.030000000000000027,-0.010000000000000009
h1,0.74,0.78,0.76,-0.040000000000000036,-0.020000000000000018
h1,0.76,0.8,0.8,-0.040000000000000036,0.0
h1,0.78,0.8,0.81,-0.020000000000000018,0.010000000000000009
m5,0.28,0.28,0.28,0.0,0.0
h1,0.13,0.14,0.14,-0.010000000000000009,0.0
m5,0.88,0.84,0.84,0.040000000000000036,0.0
h1,0.17,0.18,0.18,-0.009999999999999981,0.0
m5,0.14,0.15,0.15,-0.009999999999999981,0.0
m5,0.88,0.88,0.88,0.0,0.0
m5,0.08310000000000001,0.07,0.07,0.0131,0.0
h1,0.13,0.14,0.14,-0.010000000000000009,0.0
m5,0.87,0.83,0.83,0.040000000000000036,0.0
m5,0.82,0.83,0.83,-0.010000000000000009,0.0
m5,0.9,0.83,0.9,0.07000000000000006,0.07000000000000006
m15,0.6,0.66,0.65,-0.06000000000000005,-0.010000000000000009
m5,0.9,0.94,0.93,-0.039999999999999925,-0.009999999999999898
m5,0.04,0.1,0.11,-0.060000000000000005,0.009999999999999995
m5,0.9,0.97,0.96,-0.06999999999999995,-0.010000000000000009
m5,0.9014,0.97,0.96,-0.0686,-0.010000000000000009
h1,0.2,0.22,0.22,-0.01999999999999999,0.0
m5,0.32,0.36,0.36,-0.03999999999999998,0.0
m5,0.37,0.38,0.37,-0.010000000000000009,-0.010000000000000009
h1,0.22,0.26,0.24,-0.04000000000000001,-0.020000000000000018
m15,0.51,0.51,0.51,0.0,0.0
m5,0.83,0.89,0.89,-0.06000000000000005,0.0
m15,0.33,0.33,0.33,0.0,0.0
m15,0.35,0.38,0.38,-0.030000000000000027,0.0
m5,0.84,0.85,0.85,-0.010000000000000009,0.0
m5,0.77,0.79,0.79,-0.020000000000000018,0.0
m5,0.27,0.3,0.3,-0.02999999999999997,0.0
m15,0.41,0.44,0.44,-0.030000000000000027,0.0
m15,0.41,0.46,0.46,-0.050000000000000044,0.0
h1,0.7,0.73,0.73,-0.030000000000000027,0.0
m5,0.77,0.79,0.84,-0.020000000000000018,0.04999999999999993
m5,0.77,0.79,0.84,-0.020000000000000018,0.04999999999999993
m5,0.17,0.23,0.23,-0.06,0.0
m5,0.21,0.24,0.24,-0.03,0.0
m5,0.32,0.35,0.34,-0.02999999999999997,-0.009999999999999953
m5,0.67,0.65,0.65,0.020000000000000018,0.0
m5,0.65,0.65,0.65,0.0,0.0
m15,0.52,0.51,0.52,0.010000000000000009,0.010000000000000009
m5,0.16,0.16,0.16,0.0,0.0
m5,0.8179000000000001,0.85,0.85,-0.032099999999999906,0.0
m5,0.82,0.85,0.85,-0.030000000000000027,0.0
m5,0.16,0.2,0.17,-0.04000000000000001,-0.03
m5,0.52,0.6,0.53,-0.07999999999999996,-0.06999999999999995
m5,0.5,0.43,0.41,0.07,-0.020000000000000018
m5,0.6,0.58,0.6,0.020000000000000018,0.020000000000000018
m5,0.41590000000000005,0.5,0.43,-0.08409999999999995,-0.07
m5,0.5,0.58,0.57,-0.07999999999999996,-0.010000000000000009
m5,0.44,0.42,0.45,0.020000000000000018,0.030000000000000027
m5,0.44,0.42,0.45,0.020000000000000018,0.030000000000000027
m5,0.45,0.42,0.45,0.030000000000000027,0.030000000000000027
m5,0.43,0.36,0.38,0.07,0.020000000000000018
m5,0.1,0.07,0.09,0.03,0.01999999999999999
m5,0.1206,0.07,0.09,0.05059999999999999,0.01999999999999999
m5,0.11,0.07,0.09,0.039999999999999994,0.01999999999999999
m5,0.95,0.96,0.96,-0.010000000000000009,0.0
m15,0.82,0.8,0.8,0.019999999999999907,0.0
m5,0.07,0.24,0.27,-0.16999999999999998,0.030000000000000027
h1,0.14,0.15,0.15,-0.009999999999999981,0.0
m5,0.22,0.24,0.27,-0.01999999999999999,0.030000000000000027
m5,0.1832,0.16,0.17,0.0232,0.010000000000000009
m5,0.41,0.4,0.41,0.009999999999999953,0.009999999999999953
m5,0.41,0.4,0.41,0.009999999999999953,0.009999999999999953
m15,0.71,0.7,0.71,0.010000000000000009,0.010000000000000009
m15,0.713,0.7,0.71,0.013000000000000012,0.010000000000000009
m5,0.51,0.51,0.51,0.0,0.0
m15,0.2,0.2,0.2,0.0,0.0
m15,0.2,0.2,0.2,0.0,0.0
m15,0.2,0.2,0.2,0.0,0.0
m15,0.2,0.2,0.2,0.0,0.0
m5,0.51,0.52,0.51,-0.010000000000000009,-0.010000000000000009
m5,0.5,0.5,0.5,0.0,0.0
m5,0.5,0.6,0.52,-0.09999999999999998,-0.07999999999999996
m5,0.39,0.35,0.35,0.040000000000000036,0.0
m5,0.3688,0.33,0.33,0.0388,0.0
m5,0.36,0.33,0.33,0.02999999999999997,0.0
m5,0.28,0.27,0.27,0.010000000000000009,0.0
m5,0.73,0.7,0.71,0.030000000000000027,0.010000000000000009
m5,0.32,0.34,0.33,-0.020000000000000018,-0.010000000000000009
m5,0.57,0.61,0.59,-0.040000000000000036,-0.020000000000000018
m5,0.47,0.46,0.46,0.009999999999999953,0.0
m15,0.1,0.1,0.11,0.0,0.009999999999999995
m5,0.41,0.42,0.42,-0.010000000000000009,0.0
m5,0.61,0.62,0.62,-0.010000000000000009,0.0
m5,0.37,0.39,0.39,-0.020000000000000018,0.0
m5,0.6,0.66,0.65,-0.06000000000000005,-0.010000000000000009
m5,0.7,0.79,0.75,-0.09000000000000008,-0.040000000000000036
m15,0.02,0.02,0.02,0.0,0.0
m5,0.795,0.81,0.81,-0.015000000000000013,0.0
m5,0.2,0.21,0.2,-0.009999999999999981,-0.009999999999999981
m5,0.2,0.2,0.21,0.0,0.009999999999999981
m5,0.19,0.28,0.23,-0.09000000000000002,-0.05000000000000002
m5,0.23,0.22,0.22,0.010000000000000009,0.0
m5,0.7,0.73,0.72,-0.030000000000000027,-0.010000000000000009
m5,0.7,0.73,0.72,-0.030000000000000027,-0.010000000000000009
m5,0.34,0.67,0.62,-0.33,-0.050000000000000044
m5,0.37,0.67,0.62,-0.30000000000000004,-0.050000000000000044
m15,0.02,0.01,0.02,0.01,0.01
m5,0.33,0.65,0.6,-0.32,-0.050000000000000044
m5,0.33,0.65,0.6,-0.32,-0.050000000000000044
m5,0.67,0.66,0.76,0.010000000000000009,0.09999999999999998
m5,0.2502,0.29,0.32,-0.0398,0.030000000000000027
m5,0.32,0.3,0.3,0.020000000000000018,0.0
m5,0.3,0.21,0.21,0.09,0.0
m5,0.32,0.21,0.21,0.11000000000000001,0.0
m5,0.76,0.8,0.8,-0.040000000000000036,0.0
m5,0.17,0.13,0.15,0.04000000000000001,0.01999999999999999
m5,0.13,0.11,0.12,0.020000000000000004,0.009999999999999995
m5,0.27,0.27,0.27,0.0,0.0
h1,0.11689999999999999,0.1,0.13,0.016899999999999984,0.03
m5,0.74,0.79,0.77,-0.050000000000000044,-0.020000000000000018
h1,0.13,0.13,0.11,0.0,-0.020000000000000004
h1,0.1399,0.15,0.15,-0.010099999999999998,0.0
h1,0.15,0.14,0.14,0.009999999999999981,0.0
h1,0.15,0.14,0.14,0.009999999999999981,0.0
h1,0.14,0.14,0.14,0.0,0.0
h1,0.14,0.15,0.15,-0.009999999999999981,0.0
h1,0.16,0.18,0.18,-0.01999999999999999,0.0
h1,0.1797,0.18,0.17,-0.0002999999999999947,-0.009999999999999981
m5,0.15,0.15,0.16,0.0,0.010000000000000009
m5,0.82,0.87,0.86,-0.050000000000000044,-0.010000000000000009
m5,0.19,0.21,0.22,-0.01999999999999999,0.010000000000000009
m5,0.17,0.2,0.2,-0.03,0.0
m5,0.85,0.86,0.86,-0.010000000000000009,0.0
h1,0.2,0.21,0.23,-0.009999999999999981,0.020000000000000018
m5,0.09,0.11,0.11,-0.020000000000000004,0.0
m5,0.11,0.14,0.14,-0.030000000000000013,0.0
m5,0.85,0.86,0.85,-0.010000000000000009,-0.010000000000000009
h1,0.85,0.85,0.85,0.0,0.0
h1,0.85,0.89,0.89,-0.040000000000000036,0.0
m5,0.86,0.83,0.83,0.030000000000000027,0.0
m5,0.15,0.18,0.18,-0.03,0.0
m5,0.83,0.83,0.83,0.0,0.0
h1,0.85,0.88,0.88,-0.030000000000000027,0.0
m5,0.18,0.2,0.2,-0.020000000000000018,0.0
m5,0.79,0.79,0.79,0.0,0.0
h1,0.9,0.92,0.9,-0.020000000000000018,-0.020000000000000018
h1,0.9,0.92,0.92,-0.020000000000000018,0.0
m5,0.68,0.67,0.67,0.010000000000000009,0.0
m5,0.34,0.41,0.39,-0.06999999999999995,-0.019999999999999962
h1,0.92,0.93,0.93,-0.010000000000000009,0.0
m5,0.41,0.61,0.59,-0.2,-0.020000000000000018
m5,0.56,0.59,0.6,-0.029999999999999916,0.010000000000000009
m5,0.4,0.42,0.42,-0.019999999999999962,0.0
m5,0.55,0.62,0.58,-0.06999999999999995,-0.040000000000000036
m5,0.42,0.39,0.43,0.02999999999999997,0.03999999999999998
m5,0.26,0.35,0.36,-0.08999999999999997,0.010000000000000009
m5,0.27,0.28,0.28,-0.010000000000000009,0.0
m5,0.32,0.28,0.28,0.03999999999999998,0.0
m5,0.14,0.15,0.15,-0.009999999999999981,0.0
h1,0.94,0.94,0.94,0.0,0.0
h1,0.94,0.94,0.94,0.0,0.0
h1,0.94,0.94,0.94,0.0,0.0
m5,0.61,0.71,0.67,-0.09999999999999998,-0.039999999999999925
m5,0.2535,0.24,0.25,0.013500000000000012,0.010000000000000009
m5,0.26780000000000004,0.24,0.25,0.027800000000000047,0.010000000000000009
m5,0.77,0.89,0.88,-0.12,-0.010000000000000009
m5,0.14,0.12,0.13,0.020000000000000018,0.010000000000000009
h1,0.94,0.95,0.95,-0.010000000000000009,0.0
h1,0.94,0.95,0.95,-0.010000000000000009,0.0
h1,0.95,0.95,0.95,0.0,0.0
h1,0.95,0.95,0.95,0.0,0.0
h1,0.95,0.96,0.96,-0.010000000000000009,0.0
h1,0.04,0.05,0.05,-0.010000000000000002,0.0
h1,0.05,0.05,0.05,0.0,0.0
m5,0.46,0.37,0.38,0.09000000000000002,0.010000000000000009
m15,0.49,0.41,0.42,0.08000000000000002,0.010000000000000009
m5,0.68,0.73,0.68,-0.04999999999999993,-0.04999999999999993
m5,0.22,0.29,0.23,-0.06999999999999998,-0.05999999999999997
m15,0.67,0.63,0.68,0.040000000000000036,0.050000000000000044
h1,0.94,0.94,0.95,0.0,0.010000000000000009
m5,0.24,0.23,0.24,0.009999999999999981,0.009999999999999981
m5,0.24,0.23,0.22,0.009999999999999981,-0.010000000000000009
h1,0.94,0.94,0.94,0.0,0.0
h1,0.94,0.96,0.96,-0.020000000000000018,0.0
m5,0.36,0.43,0.42,-0.07,-0.010000000000000009
h1,0.96,0.96,0.96,0.0,0.0
h1,0.96,0.96,0.96,0.0,0.0
h1,0.96,0.96,0.96,0.0,0.0
h1,0.96,0.95,0.96,0.010000000000000009,0.010000000000000009
h1,0.96,0.95,0.96,0.010000000000000009,0.010000000000000009
m5,0.43,0.49,0.49,-0.06,0.0
m5,0.53,0.53,0.52,0.0,-0.010000000000000009
m15,0.51,0.51,0.51,0.0,0.0
m5,0.52,0.53,0.52,-0.010000000000000009,-0.010000000000000009
m5,0.52,0.54,0.53,-0.020000000000000018,-0.010000000000000009
m5,0.48,0.47,0.48,0.010000000000000009,0.010000000000000009
m15,0.48,0.48,0.48,0.0,0.0
h1,0.96,0.96,0.96,0.0,0.0
h1,0.96,0.96,0.96,0.0,0.0
m5,0.51,0.52,0.52,-0.010000000000000009,0.0
m5,0.49,0.45,0.49,0.03999999999999998,0.03999999999999998
m5,0.28,0.29,0.28,-0.009999999999999953,-0.009999999999999953
m5,0.29,0.35,0.34,-0.06,-0.009999999999999953
h1,0.95,0.96,0.96,-0.010000000000000009,0.0
h1,0.97,0.97,0.97,0.0,0.0
h1,0.97,0.97,0.97,0.0,0.0
h1,0.97,0.97,0.97,0.0,0.0
m5,0.3882,0.46,0.44,-0.07180000000000003,-0.020000000000000018
m15,0.46,0.48,0.47,-0.019999999999999962,-0.010000000000000009
m15,0.46,0.48,0.48,-0.019999999999999962,0.0
m15,0.47,0.48,0.48,-0.010000000000000009,0.0
m15,0.48,0.53,0.51,-0.050000000000000044,-0.020000000000000018
m5,0.46,0.54,0.52,-0.08000000000000002,-0.020000000000000018
h1,0.0583,0.06,0.06,-0.0017000000000000001,0.0
m5,0.2029,0.23,0.23,-0.027100000000000013,0.0
h1,0.96,0.97,0.96,-0.010000000000000009,-0.010000000000000009
m5,0.67,0.55,0.65,0.12,0.09999999999999998
m5,0.36,0.51,0.52,-0.15000000000000002,0.010000000000000009
m5,0.5112,0.5,0.5,0.011199999999999988,0.0
m5,0.5144,0.47,0.48,0.044399999999999995,0.010000000000000009
m5,0.46,0.5,0.49,-0.03999999999999998,-0.010000000000000009
m5,0.32,0.33,0.33,-0.010000000000000009,0.0
m5,0.54,0.68,0.68,-0.14,0.0
m5,0.68,0.69,0.68,-0.009999999999999898,-0.009999999999999898
m5,0.37,0.45,0.45,-0.08000000000000002,0.0
m15,0.55,0.58,0.57,-0.029999999999999916,-0.010000000000000009
m5,0.3,0.34,0.34,-0.040000000000000036,0.0
m5,0.3,0.5,0.44,-0.2,-0.06
m5,0.44,0.57,0.56,-0.12999999999999995,-0.009999999999999898
h1,0.97,0.98,0.98,-0.010000000000000009,0.0
h1,0.97,0.98,0.98,-0.010000000000000009,0.0
m5,0.43,0.43,0.43,0.0,0.0
m5,0.3,0.39,0.39,-0.09000000000000002,0.0
m5,0.39,0.41,0.42,-0.019999999999999962,0.010000000000000009
m5,0.43,0.36,0.43,0.07,0.07
m5,0.43,0.24,0.25,0.19,0.010000000000000009
m5,0.4233,0.24,0.25,0.18330000000000002,0.010000000000000009
m5,0.85,0.85,0.86,0.0,0.010000000000000009
h1,0.98,0.98,0.98,0.0,0.0
m5,0.15,0.53,0.09,-0.38,-0.44000000000000006
h1,0.98,0.98,0.98,0.0,0.0
m5,0.48,0.68,0.66,-0.20000000000000007,-0.020000000000000018
m5,0.5842,0.68,0.66,-0.0958,-0.020000000000000018
m5,0.16,0.39,0.6,-0.23,0.20999999999999996
m5,0.19,0.39,0.6,-0.2,0.20999999999999996
m5,0.5,0.5,0.5,0.0,0.0
h1,0.98,0.98,0.98,0.0,0.0
h1,0.98,0.98,0.98,0.0,0.0
h1,0.98,0.98,0.98,0.0,0.0
m5,0.5,0.5,0.5,0.0,0.0
h1,0.98,0.98,0.98,0.0,0.0
m5,0.51,0.51,0.51,0.0,0.0
m5,0.51,0.51,0.51,0.0,0.0
h1,0.98,0.98,0.98,0.0,0.0
m5,0.5,0.5,0.5,0.0,0.0
m5,0.51,0.51,0.51,0.0,0.0
m5,0.5,0.5,0.5,0.0,0.0
m5,0.5,0.5,0.5,0.0,0.0
m5,0.51,0.51,0.51,0.0,0.0
m5,0.51,0.51,0.51,0.0,0.0
m15,0.31,0.33,0.34,-0.020000000000000018,0.010000000000000009
m15,0.3386,0.33,0.34,0.008599999999999997,0.010000000000000009
m5,0.51,0.51,0.51,0.0,0.0
m15,0.66,0.69,0.68,-0.029999999999999916,-0.009999999999999898
m15,0.67,0.69,0.68,-0.019999999999999907,-0.009999999999999898
m5,0.5,0.49,0.51,0.010000000000000009,0.020000000000000018
m5,0.5,0.49,0.51,0.010000000000000009,0.020000000000000018
m5,0.5,0.5,0.52,0.0,0.020000000000000018
m5,0.52,0.5,0.5,0.020000000000000018,0.0
m15,0.33,0.34,0.34,-0.010000000000000009,0.0
m5,0.5,0.5,0.5,0.0,0.0
m15,0.34,0.34,0.34,0.0,0.0
m5,0.5,0.49,0.5,0.010000000000000009,0.010000000000000009
m5,0.49,0.47,0.49,0.020000000000000018,0.020000000000000018
m15,0.63,0.72,0.69,-0.08999999999999997,-0.030000000000000027
m5,0.5,0.57,0.55,-0.06999999999999995,-0.019999999999999907
m5,0.54,0.58,0.58,-0.039999999999999925,0.0
m15,0.28,0.28,0.28,0.0,0.0
m5,0.57,0.59,0.59,-0.020000000000000018,0.0
m5,0.59,0.6,0.59,-0.010000000000000009,-0.010000000000000009
m5,0.59,0.6,0.6,-0.010000000000000009,0.0
m5,0.6,0.6,0.6,0.0,0.0
m5,0.6,0.65,0.65,-0.050000000000000044,0.0
m5,0.6,0.65,0.65,-0.050000000000000044,0.0
m15,0.74,0.73,0.73,0.010000000000000009,0.0
m5,0.37,0.46,0.39,-0.09000000000000002,-0.07
m15,0.32,0.34,0.32,-0.020000000000000018,-0.020000000000000018
m5,0.44,0.45,0.43,-0.010000000000000009,-0.020000000000000018
m15,0.31,0.34,0.34,-0.030000000000000027,0.0
m15,0.67,0.67,0.67,0.0,0.0
m5,0.45,0.44,0.45,0.010000000000000009,0.010000000000000009
m15,0.5579,0.57,0.56,-0.0121,-0.009999999999999898
m5,0.44,0.44,0.44,0.0,0.0
m15,0.41,0.27,0.29,0.13999999999999996,0.019999999999999962
m5,0.5047,0.59,0.58,-0.08529999999999993,-0.010000000000000009
m5,0.5619,0.65,0.62,-0.08810000000000007,-0.030000000000000027
m5,0.62,0.67,0.67,-0.050000000000000044,0.0
m5,0.7,0.7,0.7,0.0,0.0
m15,0.8,0.81,0.81,-0.010000000000000009,0.0
m5,0.31,0.31,0.31,0.0,0.0
m5,0.71,0.72,0.72,-0.010000000000000009,0.0
m5,0.72,0.72,0.72,0.0,0.0
m15,0.85,0.86,0.86,-0.010000000000000009,0.0
m5,0.74,0.77,0.77,-0.030000000000000027,0.0
m5,0.24,0.23,0.24,0.009999999999999981,0.009999999999999981
m5,0.23,0.23,0.23,0.0,0.0
m5,0.23,0.21,0.22,0.020000000000000018,0.010000000000000009
m15,0.89,0.93,0.92,-0.040000000000000036,-0.010000000000000009
m5,0.8,0.85,0.8,-0.04999999999999993,-0.04999999999999993
m5,0.06,0.07,0.08,-0.010000000000000009,0.009999999999999995
m5,0.94,0.97,0.97,-0.030000000000000027,0.0
m15,0.01,0.01,0.01,0.0,0.0
m5,0.9,0.89,0.89,0.010000000000000009,0.0
m5,0.89,0.95,0.89,-0.05999999999999994,-0.05999999999999994
m5,0.89,0.95,0.89,-0.05999999999999994,-0.05999999999999994
m5,0.08,0.06,0.07,0.020000000000000004,0.010000000000000009
m5,0.07,0.08,0.08,-0.009999999999999995,0.0
m5,0.05,0.08,0.08,-0.03,0.0
m5,0.06,0.05,0.05,0.009999999999999995,0.0
m15,0.436,0.45,0.45,-0.014000000000000012,0.0
m5,0.41,0.47,0.47,-0.06,0.0
m5,0.4192,0.47,0.47,-0.050799999999999956,0.0
m5,0.43,0.47,0.47,-0.03999999999999998,0.0
h1,0.48,0.48,0.49,0.0,0.010000000000000009
m5,0.562,0.6,0.59,-0.03799999999999992,-0.010000000000000009
m5,0.6,0.67,0.65,-0.07000000000000006,-0.020000000000000018
m5,0.65,0.69,0.69,-0.039999999999999925,0.0
m5,0.69,0.73,0.7,-0.040000000000000036,-0.030000000000000027
m15,0.64,0.68,0.67,-0.040000000000000036,-0.010000000000000009
m5,0.7,0.73,0.73,-0.030000000000000027,0.0
m5,0.72,0.74,0.74,-0.020000000000000018,0.0
m5,0.72,0.74,0.74,-0.020000000000000018,0.0
m5,0.73,0.73,0.73,0.0,0.0
m5,0.72,0.72,0.72,0.0,0.0
m5,0.38,0.54,0.49,-0.16000000000000003,-0.050000000000000044
h1,0.51,0.59,0.55,-0.07999999999999996,-0.039999999999999925
m15,0.4389,0.43,0.42,0.008900000000000019,-0.010000000000000009
m5,0.33,0.32,0.33,0.010000000000000009,0.010000000000000009
m5,0.32,0.32,0.32,0.0,0.0
m15,0.419,0.43,0.41,-0.01100000000000001,-0.020000000000000018
m5,0.32380000000000003,0.32,0.32,0.0038000000000000256,0.0
m5,0.36,0.4,0.38,-0.040000000000000036,-0.020000000000000018
m5,0.56,0.62,0.61,-0.05999999999999994,-0.010000000000000009
m5,0.39,0.43,0.43,-0.03999999999999998,0.0
m5,0.57,0.58,0.58,-0.010000000000000009,0.0
h1,0.58,0.62,0.6,-0.040000000000000036,-0.020000000000000018
h1,0.59,0.62,0.6,-0.030000000000000027,-0.020000000000000018
h1,0.6,0.63,0.63,-0.030000000000000027,0.0
m5,0.81,0.88,0.86,-0.06999999999999995,-0.020000000000000018
h1,0.63,0.66,0.65,-0.030000000000000027,-0.010000000000000009
m15,0.28,0.26,0.28,0.020000000000000018,0.020000000000000018
m5,0.1,0.11,0.11,-0.009999999999999995,0.0
m5,0.88,0.9,0.9,-0.020000000000000018,0.0
m15,0.26,0.29,0.29,-0.02999999999999997,0.0
m15,0.22,0.25,0.25,-0.03,0.0
m15,0.24,0.27,0.27,-0.030000000000000027,0.0
m5,0.06,0.06,0.07,0.0,0.010000000000000009
h1,0.67,0.7,0.68,-0.029999999999999916,-0.019999999999999907
h1,0.66,0.7,0.68,-0.039999999999999925,-0.019999999999999907
h1,0.66,0.7,0.68,-0.039999999999999925,-0.019999999999999907
h1,0.68,0.69,0.7,-0.009999999999999898,0.010000000000000009
m15,0.2,0.2,0.2,0.0,0.0
m15,0.2,0.2,0.2,0.0,0.0
m15,0.78,0.78,0.78,0.0,0.0
h1,0.68,0.7,0.7,-0.019999999999999907,0.0
h1,0.71,0.71,0.71,0.0,0.0
m15,0.86,0.87,0.86,-0.010000000000000009,-0.010000000000000009
m5,0.5156000000000001,0.54,0.54,-0.024399999999999977,0.0
m5,0.48,0.54,0.53,-0.06000000000000005,-0.010000000000000009
m5,0.6,0.55,0.56,0.04999999999999993,0.010000000000000009
m5,0.4,0.48,0.48,-0.07999999999999996,0.0
m5,0.48,0.52,0.51,-0.040000000000000036,-0.010000000000000009
m5,0.48,0.53,0.53,-0.050000000000000044,0.0
m5,0.48,0.49,0.48,-0.010000000000000009,-0.010000000000000009
m5,0.47,0.5,0.5,-0.030000000000000027,0.0
h1,0.72,0.72,0.72,0.0,0.0
h1,0.72,0.72,0.72,0.0,0.0
h1,0.72,0.72,0.72,0.0,0.0
m5,0.5,0.51,0.51,-0.010000000000000009,0.0
m5,0.46,0.48,0.47,-0.019999999999999962,-0.010000000000000009
h1,0.72,0.72,0.72,0.0,0.0
h1,0.72,0.72,0.72,0.0,0.0
m5,0.56,0.59,0.59,-0.029999999999999916,0.0
m5,0.57,0.69,0.69,-0.12,0.0
m5,0.43,0.3,0.31,0.13,0.010000000000000009
m5,0.69,0.64,0.71,0.04999999999999993,0.06999999999999995
m5,0.7,0.64,0.71,0.05999999999999994,0.06999999999999995
h1,0.3,0.29,0.3,0.010000000000000009,0.010000000000000009
m5,0.38,0.48,0.48,-0.09999999999999998,0.0
m5,0.53,0.54,0.56,-0.010000000000000009,0.020000000000000018
m5,0.45,0.47,0.47,-0.019999999999999962,0.0
m5,0.46,0.42,0.42,0.040000000000000036,0.0
m5,0.63,0.66,0.66,-0.030000000000000027,0.0
m5,0.35,0.47,0.44,-0.12,-0.02999999999999997
m5,0.4789,0.6,0.59,-0.12109999999999999,-0.010000000000000009
h1,0.71,0.74,0.73,-0.030000000000000027,-0.010000000000000009
h1,0.72,0.74,0.74,-0.020000000000000018,0.0
h1,0.72,0.74,0.74,-0.020000000000000018,0.0
h1,0.74,0.74,0.74,0.0,0.0
m5,0.39,0.43,0.43,-0.03999999999999998,0.0
m5,0.36,0.43,0.43,-0.07,0.0
m5,0.38,0.43,0.43,-0.04999999999999999,0.0
m5,0.56,0.56,0.56,0.0,0.0
m5,0.3812,0.38,0.38,0.0011999999999999789,0.0
m5,0.3893,0.38,0.38,0.009299999999999975,0.0
h1,0.74,0.75,0.75,-0.010000000000000009,0.0
m5,0.38,0.36,0.36,0.020000000000000018,0.0
m5,0.64,0.65,0.65,-0.010000000000000009,0.0
h1,0.75,0.75,0.75,0.0,0.0
h1,0.75,0.75,0.75,0.0,0.0
h1,0.75,0.75,0.75,0.0,0.0
m5,0.2826,0.29,0.29,-0.007399999999999962,0.0
m5,0.2896,0.29,0.29,-0.00039999999999995595,0.0
m5,0.28,0.29,0.29,-0.009999999999999953,0.0
m5,0.29,0.28,0.29,0.009999999999999953,0.009999999999999953
m5,0.72,0.76,0.76,-0.040000000000000036,0.0
m5,0.76,0.76,0.76,0.0,0.0
m5,0.3011,0.32,0.31,-0.018900000000000028,-0.010000000000000009
m5,0.7,0.75,0.69,-0.050000000000000044,-0.06000000000000005
m5,0.7572,0.74,0.79,0.017199999999999993,0.050000000000000044
m5,0.79,0.76,0.76,0.030000000000000027,0.0
m5,0.74,0.76,0.76,-0.020000000000000018,0.0
m5,0.27,0.25,0.25,0.020000000000000018,0.0
m5,0.25,0.25,0.25,0.0,0.0
m5,0.76,0.74,0.74,0.020000000000000018,0.0
m5,0.77,0.75,0.74,0.020000000000000018,-0.010000000000000009
m5,0.26,0.26,0.27,0.0,0.010000000000000009
m5,0.8,0.82,0.82,-0.019999999999999907,0.0
m5,0.8,0.82,0.82,-0.019999999999999907,0.0
m5,0.19,0.29,0.31,-0.09999999999999998,0.020000000000000018
m5,0.81,0.72,0.7,0.09000000000000008,-0.020000000000000018
m5,0.2,0.23,0.23,-0.03,0.0
m5,0.82,0.84,0.84,-0.020000000000000018,0.0
m5,0.83,0.85,0.85,-0.020000000000000018,0.0
h1,0.26,0.26,0.26,0.0,0.0
h1,0.26,0.28,0.28,-0.020000000000000018,0.0
h1,0.28,0.28,0.28,0.0,0.0
h1,0.28,0.3,0.3,-0.019999999999999962,0.0
h1,0.2899,0.3,0.3,-0.010099999999999998,0.0
h1,0.3,0.3,0.3,0.0,0.0
h1,0.3,0.31,0.31,-0.010000000000000009,0.0
h1,0.31,0.33,0.32,-0.020000000000000018,-0.010000000000000009
h1,0.32,0.34,0.33,-0.020000000000000018,-0.010000000000000009
h1,0.31,0.34,0.33,-0.030000000000000027,-0.010000000000000009
h1,0.32,0.34,0.33,-0.020000000000000018,-0.010000000000000009
h1,0.32,0.34,0.33,-0.020000000000000018,-0.010000000000000009
h1,0.33,0.34,0.34,-0.010000000000000009,0.0
h1,0.34,0.34,0.34,0.0,0.0
m5,0.18,0.2,0.19,-0.020000000000000018,-0.010000000000000009
h1,0.34,0.34,0.34,0.0,0.0
m5,0.81,0.91,0.88,-0.09999999999999998,-0.030000000000000027
h1,0.34,0.42,0.42,-0.07999999999999996,0.0
h1,0.35,0.42,0.42,-0.07,0.0
m15,0.698,0.7,0.69,-0.0020000000000000018,-0.010000000000000009
m5,0.1,0.1,0.1,0.0,0.0
h1,0.42,0.46,0.44,-0.040000000000000036,-0.020000000000000018
m5,0.91,0.94,0.94,-0.029999999999999916,0.0
m15,0.5710000000000001,0.6,0.59,-0.028999999999999915,-0.010000000000000009
m15,0.39,0.35,0.4,0.040000000000000036,0.050000000000000044
m15,0.65,0.7,0.7,-0.04999999999999993,0.0
h1,0.57,0.58,0.58,-0.010000000000000009,0.0
h1,0.58,0.58,0.58,0.0,0.0
h1,0.58,0.61,0.61,-0.030000000000000027,0.0
h1,0.59,0.61,0.61,-0.020000000000000018,0.0
m5,0.16,0.21,0.21,-0.04999999999999999,0.0
m15,0.109,0.11,0.11,-0.0010000000000000009,0.0
m15,0.10800000000000001,0.11,0.11,-0.001999999999999988,0.0
m5,0.73,0.76,0.75,-0.030000000000000027,-0.010000000000000009
m15,0.047,0.05,0.06,-0.0030000000000000027,0.009999999999999995
m5,0.11,0.15,0.15,-0.039999999999999994,0.0
m5,0.15,0.18,0.17,-0.03,-0.009999999999999981
m5,0.73,0.78,0.78,-0.050000000000000044,0.0
m5,0.73,0.78,0.78,-0.050000000000000044,0.0
m5,0.23,0.23,0.23,0.0,0.0
m5,0.23309999999999997,0.23,0.23,0.003099999999999964,0.0
m5,0.8,0.72,0.74,0.08000000000000007,0.020000000000000018
m5,0.2114,0.19,0.19,0.021400000000000002,0.0
h1,0.34,0.35,0.35,-0.009999999999999953,0.0
m15,0.43320000000000003,0.43,0.43,0.003200000000000036,0.0
m5,0.46,0.45,0.46,0.010000000000000009,0.010000000000000009
m5,0.57,0.58,0.58,-0.010000000000000009,0.0
m5,0.58,0.58,0.58,0.0,0.0
h1,0.35,0.36,0.36,-0.010000000000000009,0.0
m5,0.52,0.52,0.52,0.0,0.0
h1,0.63,0.62,0.62,0.010000000000000009,0.0
h1,0.6283,0.62,0.62,0.008299999999999974,0.0
h1,0.6167,0.64,0.64,-0.023299999999999987,0.0
h1,0.6437,0.64,0.64,0.0037000000000000366,0.0
m5,0.5,0.51,0.51,-0.010000000000000009,0.0
h1,0.6286,0.63,0.63,-0.0013999999999999568,0.0
h1,0.63,0.63,0.63,0.0,0.0
h1,0.6168,0.6,0.63,0.016800000000000037,0.030000000000000027
h1,0.5952000000000001,0.62,0.6,-0.024799999999999933,-0.020000000000000018
h1,0.6085,0.61,0.6,-0.0014999999999999458,-0.010000000000000009
h1,0.5968,0.61,0.6,-0.01319999999999999,-0.010000000000000009
h1,0.6036,0.6,0.62,0.0036000000000000476,0.020000000000000018
h1,0.6079,0.6,0.62,0.007900000000000018,0.020000000000000018
h1,0.6053999999999999,0.59,0.59,0.01539999999999997,0.0
h1,0.59,0.57,0.57,0.020000000000000018,0.0
h1,0.5656,0.57,0.54,-0.0043999999999999595,-0.029999999999999916
h1,0.5700999999999999,0.56,0.55,0.010099999999999887,-0.010000000000000009
h1,0.5503,0.56,0.55,-0.009700000000000042,-0.010000000000000009
h1,0.5549000000000001,0.57,0.57,-0.015099999999999891,0.0
h1,0.557,0.57,0.57,-0.0129999999999999,0.0
h1,0.56,0.54,0.56,0.020000000000000018,0.020000000000000018
h1,0.5272,0.5,0.51,0.027200000000000002,0.010000000000000009
h1,0.5383,0.5,0.51,0.0383,0.010000000000000009
h1,0.52,0.48,0.52,0.040000000000000036,0.040000000000000036
h1,0.5439,0.48,0.52,0.06390000000000007,0.040000000000000036
h1,0.52,0.49,0.47,0.030000000000000027,-0.020000000000000018
h1,0.5154,0.49,0.47,0.025399999999999978,-0.020000000000000018
h1,0.52,0.5,0.51,0.020000000000000018,0.010000000000000009
h1,0.52,0.5,0.51,0.020000000000000018,0.010000000000000009
h1,0.48479999999999995,0.5,0.51,-0.015200000000000047,0.010000000000000009
h1,0.5071,0.52,0.52,-0.012900000000000023,0.0
h1,0.51,0.52,0.52,-0.010000000000000009,0.0
h1,0.4989,0.47,0.49,0.028900000000000037,0.020000000000000018
h1,0.466,0.5,0.43,-0.033999999999999975,-0.07
h1,0.43689999999999996,0.5,0.5,-0.06310000000000004,0.0
h1,0.4804,0.47,0.47,0.01040000000000002,0.0
h1,0.45539999999999997,0.48,0.48,-0.02460000000000001,0.0
h1,0.4793,0.48,0.48,-0.0006999999999999784,0.0
h1,0.48950000000000005,0.49,0.47,-0.0004999999999999449,-0.020000000000000018
m5,0.82,0.87,0.87,-0.050000000000000044,0.0
m5,0.14,0.16,0.16,-0.01999999999999999,0.0
m5,0.17,0.2,0.2,-0.03,0.0
m5,0.77,0.81,0.81,-0.040000000000000036,0.0
m5,0.75,0.84,0.84,-0.08999999999999997,0.0
m5,0.05,0.1,0.12,-0.05,0.01999999999999999
m5,0.4537,0.42,0.43,0.03370000000000001,0.010000000000000009
m15,0.2964,0.29,0.29,0.006400000000000017,0.0
m5,0.45,0.41,0.41,0.040000000000000036,0.0
m5,0.6,0.62,0.62,-0.020000000000000018,0.0
m5,0.63,0.72,0.73,-0.08999999999999997,0.010000000000000009
m15,0.75,0.75,0.75,0.0,0.0
m5,0.72,0.8,0.79,-0.08000000000000007,-0.010000000000000009
m5,0.74,0.82,0.79,-0.07999999999999996,-0.029999999999999916
m15,0.75,0.75,0.75,0.0,0.0
m5,0.8,0.84,0.84,-0.039999999999999925,0.0
m15,0.21,0.21,0.21,0.0,0.0
h1,0.6,0.67,0.64,-0.07000000000000006,-0.030000000000000027
h1,0.6,0.67,0.64,-0.07000000000000006,-0.030000000000000027
m5,0.93,0.93,0.93,0.0,0.0
m15,0.13,0.13,0.13,0.0,0.0
m15,0.13,0.13,0.13,0.0,0.0
h1,0.61,0.63,0.67,-0.020000000000000018,0.040000000000000036
m15,0.13,0.15,0.15,-0.01999999999999999,0.0
m5,0.91,0.92,0.91,-0.010000000000000009,-0.010000000000000009
m15,0.15,0.17,0.17,-0.020000000000000018,0.0
h1,0.5165,0.53,0.53,-0.013500000000000068,0.0
m15,0.17,0.2,0.2,-0.03,0.0
h1,0.5207999999999999,0.53,0.53,-0.009200000000000097,0.0
h1,0.53,0.52,0.53,0.010000000000000009,0.010000000000000009
h1,0.513,0.53,0.53,-0.017000000000000015,0.0
h1,0.52,0.52,0.53,0.0,0.010000000000000009
h1,0.49,0.5,0.5,-0.010000000000000009,0.0
m5,0.65,0.66,0.65,-0.010000000000000009,-0.010000000000000009
m5,0.65,0.66,0.66,-0.010000000000000009,0.0
m5,0.65,0.66,0.66,-0.010000000000000009,0.0
h1,0.48,0.48,0.48,0.0,0.0
m5,0.27,0.28,0.28,-0.010000000000000009,0.0
h1,0.49,0.5,0.5,-0.010000000000000009,0.0
m15,0.75,0.75,0.75,0.0,0.0
h1,0.5,0.52,0.52,-0.020000000000000018,0.0
m5,0.14,0.17,0.17,-0.03,0.0
m15,0.26,0.26,0.26,0.0,0.0
m15,0.26,0.26,0.26,0.0,0.0
m15,0.26,0.26,0.26,0.0,0.0
m5,0.79,0.78,0.78,0.010000000000000009,0.0
m5,0.79,0.85,0.85,-0.05999999999999994,0.0
m5,0.19,0.2,0.2,-0.010000000000000009,0.0
m5,0.73,0.66,0.73,0.06999999999999995,0.06999999999999995
m5,0.73,0.66,0.73,0.06999999999999995,0.06999999999999995
m5,0.61,0.66,0.62,-0.050000000000000044,-0.040000000000000036
m15,0.32,0.33,0.33,-0.010000000000000009,0.0
m5,0.61,0.66,0.62,-0.050000000000000044,-0.040000000000000036
m5,0.3443,0.41,0.38,-0.06569999999999998,-0.02999999999999997
m5,0.37,0.43,0.39,-0.06,-0.03999999999999998
m5,0.41,0.35,0.36,0.06,0.010000000000000009
m15,0.75,0.75,0.75,0.0,0.0
m5,0.95,0.96,0.95,-0.010000000000000009,-0.010000000000000009
h1,0.48,0.49,0.49,-0.010000000000000009,0.0
h1,0.49,0.5,0.5,-0.010000000000000009,0.0
h1,0.49,0.5,0.5,-0.010000000000000009,0.0
m5,0.42,0.43,0.43,-0.010000000000000009,0.0
h1,0.5,0.5,0.5,0.0,0.0
m15,0.15,0.16,0.16,-0.010000000000000009,0.0
m15,0.16,0.17,0.17,-0.010000000000000009,0.0
m15,0.11,0.1,0.1,0.009999999999999995,0.0
m15,0.1,0.1,0.1,0.0,0.0
m5,0.56,0.57,0.57,-0.009999999999999898,0.0
h1,0.49,0.5,0.5,-0.010000000000000009,0.0
m15,0.07,0.07,0.07,0.0,0.0
m5,0.59,0.6,0.6,-0.010000000000000009,0.0
m5,0.6,0.65,0.64,-0.050000000000000044,-0.010000000000000009
h1,0.5038,0.53,0.53,-0.0262,0.0
m5,0.6,0.68,0.68,-0.08000000000000007,0.0
m5,0.26,0.26,0.26,0.0,0.0
h1,0.57,0.59,0.59,-0.020000000000000018,0.0
h1,0.58,0.59,0.59,-0.010000000000000009,0.0
m15,0.01,0.02,0.01,-0.01,-0.01
h1,0.59,0.61,0.61,-0.020000000000000018,0.0
h1,0.6,0.6,0.61,0.0,0.010000000000000009
m5,0.14,0.2,0.2,-0.06,0.0
m5,0.19,0.19,0.2,0.0,0.010000000000000009
m5,0.2,0.19,0.19,0.010000000000000009,0.0
m5,0.76,0.8,0.8,-0.040000000000000036,0.0
m5,0.81,0.88,0.87,-0.06999999999999995,-0.010000000000000009
h1,0.61,0.61,0.61,0.0,0.0
m5,0.13,0.12,0.12,0.010000000000000009,0.0
h1,0.61,0.62,0.62,-0.010000000000000009,0.0
m5,0.12,0.15,0.16,-0.03,0.010000000000000009
m5,0.11,0.11,0.12,0.0,0.009999999999999995
h1,0.61,0.61,0.61,0.0,0.0
m5,0.06,0.08,0.08,-0.020000000000000004,0.0
h1,0.61,0.6,0.6,0.010000000000000009,0.0
m5,0.06,0.07,0.08,-0.010000000000000009,0.009999999999999995
m5,0.94,0.96,0.96,-0.020000000000000018,0.0
m5,0.97,0.98,0.98,-0.010000000000000009,0.0
m5,0.98,1.0,1.0,-0.020000000000000018,0.0
h1,0.62,0.63,0.63,-0.010000000000000009,0.0
m5,0.68,0.69,0.69,-0.009999999999999898,0.0
m15,0.5978,0.61,0.6,-0.012199999999999989,-0.010000000000000009
m5,0.31,0.39,0.36,-0.08000000000000002,-0.030000000000000027
m5,0.38,0.56,0.38,-0.18000000000000005,-0.18000000000000005
h1,0.63,0.66,0.66,-0.030000000000000027,0.0
h1,0.65,0.68,0.67,-0.030000000000000027,-0.010000000000000009
h1,0.67,0.68,0.68,-0.010000000000000009,0.0
h1,0.7029000000000001,0.75,0.74,-0.04709999999999992,-0.010000000000000009
m15,0.6,0.6,0.6,0.0,0.0
h1,0.74,0.76,0.75,-0.020000000000000018,-0.010000000000000009
m15,0.6,0.6,0.6,0.0,0.0
m5,0.82,0.85,0.83,-0.030000000000000027,-0.020000000000000018
m5,0.83,0.89,0.85,-0.06000000000000005,-0.040000000000000036
m5,0.83,0.89,0.85,-0.06000000000000005,-0.040000000000000036
m15,0.6,0.75,0.73,-0.15000000000000002,-0.020000000000000018
m15,0.27,0.26,0.26,0.010000000000000009,0.0
m15,0.26,0.26,0.26,0.0,0.0
m15,0.18,0.16,0.17,0.01999999999999999,0.010000000000000009
m15,0.18,0.19,0.18,-0.010000000000000009,-0.010000000000000009
h1,0.12,0.12,0.12,0.0,0.0
m15,0.15,0.17,0.18,-0.020000000000000018,0.009999999999999981
h1,0.12,0.11,0.12,0.009999999999999995,0.009999999999999995
h1,0.12,0.11,0.12,0.009999999999999995,0.009999999999999995
m15,0.1838,0.15,0.18,0.0338,0.03
m5,0.94,0.97,0.96,-0.030000000000000027,-0.010000000000000009
h1,0.1,0.1,0.1,0.0,0.0
m5,0.96,0.97,0.97,-0.010000000000000009,0.0
h1,0.89,0.91,0.91,-0.020000000000000018,0.0
m15,0.13,0.13,0.13,0.0,0.0
h1,0.93,0.93,0.93,0.0,0.0
h1,0.93,0.93,0.93,0.0,0.0
h1,0.93,0.93,0.93,0.0,0.0
m5,0.55,0.6,0.58,-0.04999999999999993,-0.020000000000000018
h1,0.93,0.93,0.93,0.0,0.0
h1,0.93,0.93,0.93,0.0,0.0
h1,0.93,0.93,0.93,0.0,0.0
h1,0.93,0.93,0.93,0.0,0.0
m5,0.39,0.47,0.43,-0.07999999999999996,-0.03999999999999998
m5,0.49,0.52,0.53,-0.030000000000000027,0.010000000000000009
m5,0.48,0.49,0.49,-0.010000000000000009,0.0
m5,0.52,0.53,0.52,-0.010000000000000009,-0.010000000000000009
m5,0.48,0.41,0.42,0.07,0.010000000000000009
m15,0.05,0.08,0.08,-0.03,0.0
m5,0.6,0.58,0.58,0.020000000000000018,0.0
m5,0.54,0.55,0.55,-0.010000000000000009,0.0
m5,0.51,0.51,0.51,0.0,0.0
m5,0.51,0.5,0.51,0.010000000000000009,0.010000000000000009
m5,0.54,0.5,0.51,0.040000000000000036,0.010000000000000009
m5,0.44,0.49,0.51,-0.04999999999999999,0.020000000000000018
m5,0.31,0.4,0.34,-0.09000000000000002,-0.06
m5,0.32,0.4,0.34,-0.08000000000000002,-0.06
m5,0.61,0.62,0.65,-0.010000000000000009,0.030000000000000027
m5,0.62,0.69,0.63,-0.06999999999999995,-0.05999999999999994
m5,0.3,0.32,0.32,-0.020000000000000018,0.0
m5,0.66,0.71,0.71,-0.04999999999999993,0.0
m5,0.81,0.94,0.94,-0.1299999999999999,0.0
m5,0.92,0.96,0.95,-0.039999999999999925,-0.010000000000000009
m5,0.49,0.47,0.47,0.020000000000000018,0.0
h1,0.11,0.11,0.11,0.0,0.0
m5,0.52,0.56,0.56,-0.040000000000000036,0.0
m15,0.02,0.02,0.02,0.0,0.0
m5,0.49,0.53,0.53,-0.040000000000000036,0.0
m15,0.02,0.02,0.02,0.0,0.0
m5,0.45,0.42,0.45,0.030000000000000027,0.030000000000000027
m5,0.57,0.59,0.59,-0.020000000000000018,0.0
h1,0.11,0.12,0.12,-0.009999999999999995,0.0
m15,0.02,0.03,0.03,-0.009999999999999998,0.0
m5,0.67,0.76,0.73,-0.08999999999999997,-0.030000000000000027
h1,0.12,0.12,0.12,0.0,0.0
h1,0.9,0.94,0.92,-0.039999999999999925,-0.019999999999999907
m5,0.62,0.78,0.79,-0.16000000000000003,0.010000000000000009
m5,0.59,0.78,0.79,-0.19000000000000006,0.010000000000000009
m5,0.22,0.24,0.24,-0.01999999999999999,0.0
m5,0.2101,0.24,0.24,-0.029899999999999982,0.0
m5,0.77,0.79,0.79,-0.020000000000000018,0.0
m5,0.77,0.79,0.79,-0.020000000000000018,0.0
h1,0.94,0.94,0.94,0.0,0.0
m5,0.76,0.76,0.76,0.0,0.0
m5,0.22,0.43,0.41,-0.21,-0.020000000000000018
m5,0.43,0.47,0.45,-0.03999999999999998,-0.019999999999999962
m5,0.45,0.61,0.54,-0.15999999999999998,-0.06999999999999995
m5,0.33,0.4,0.4,-0.07,0.0
m5,0.3433,0.35,0.37,-0.006699999999999984,0.020000000000000018
m5,0.4,0.35,0.37,0.050000000000000044,0.020000000000000018
h1,0.11,0.13,0.13,-0.020000000000000004,0.0
m5,0.67,0.76,0.73,-0.08999999999999997,-0.030000000000000027
h1,0.12,0.13,0.13,-0.010000000000000009,0.0
h1,0.11,0.13,0.13,-0.020000000000000004,0.0
h1,0.13,0.13,0.13,0.0,0.0
m5,0.23,0.28,0.27,-0.05000000000000002,-0.010000000000000009
m5,0.73,0.73,0.73,0.0,0.0
m5,0.71,0.73,0.73,-0.020000000000000018,0.0
m5,0.76,0.83,0.81,-0.06999999999999995,-0.019999999999999907
h1,0.13,0.13,0.13,0.0,0.0
h1,0.13,0.13,0.13,0.0,0.0
m5,0.89,0.91,0.91,-0.020000000000000018,0.0
m5,0.82,0.82,0.82,0.0,0.0
m5,0.19,0.21,0.19,-0.01999999999999999,-0.01999999999999999
m5,0.7622,0.8,0.8,-0.037800000000000056,0.0
m5,0.22,0.3,0.32,-0.07999999999999999,0.020000000000000018
m5,0.7862,0.79,0.78,-0.0038000000000000256,-0.010000000000000009
m5,0.23,0.15,0.22,0.08000000000000002,0.07
h1,0.89,0.94,0.94,-0.04999999999999993,0.0
h1,0.9,0.94,0.94,-0.039999999999999925,0.0
m15,0.46,0.45,0.45,0.010000000000000009,0.0
m5,0.41,0.41,0.41,0.0,0.0
m15,0.55,0.57,0.57,-0.019999999999999907,0.0
m5,0.65,0.68,0.68,-0.030000000000000027,0.0
m5,0.65,0.68,0.68,-0.030000000000000027,0.0
m5,0.42,0.43,0.43,-0.010000000000000009,0.0
m5,0.37,0.42,0.41,-0.04999999999999999,-0.010000000000000009
m5,0.6,0.59,0.6,0.010000000000000009,0.010000000000000009
m5,0.63,0.59,0.63,0.040000000000000036,0.040000000000000036
m5,0.59,0.59,0.63,0.0,0.040000000000000036
h1,0.06,0.08,0.08,-0.020000000000000004,0.0
m5,0.48,0.44,0.48,0.03999999999999998,0.03999999999999998
m5,0.565,0.58,0.58,-0.015000000000000013,0.0
h1,0.08,0.08,0.08,0.0,0.0
m5,0.35840000000000005,0.38,0.38,-0.021599999999999953,0.0
m5,0.35,0.39,0.39,-0.040000000000000036,0.0
m15,0.47,0.48,0.48,-0.010000000000000009,0.0
m5,0.5788,0.64,0.58,-0.06120000000000003,-0.06000000000000005
m5,0.37,0.38,0.38,-0.010000000000000009,0.0
m5,0.63,0.64,0.7,-0.010000000000000009,0.05999999999999994
m5,0.3784,0.4,0.4,-0.021600000000000008,0.0
m5,0.47,0.48,0.47,-0.010000000000000009,-0.010000000000000009
m5,0.31,0.32,0.32,-0.010000000000000009,0.0
m5,0.7,0.74,0.73,-0.040000000000000036,-0.010000000000000009
m5,0.71,0.74,0.73,-0.030000000000000027,-0.010000000000000009
h1,0.079,0.11,0.11,-0.031,0.0
h1,0.11,0.14,0.14,-0.030000000000000013,0.0
m5,0.94,0.97,0.97,-0.030000000000000027,0.0
h1,0.1352,0.14,0.14,-0.0048000000000000265,0.0
m5,0.95,0.97,0.97,-0.020000000000000018,0.0
h1,0.14,0.14,0.14,0.0,0.0
h1,0.14,0.14,0.14,0.0,0.0
h1,0.14,0.14,0.14,0.0,0.0
h1,0.14,0.14,0.14,0.0,0.0
h1,0.14,0.15,0.15,-0.009999999999999981,0.0
h1,0.14,0.15,0.15,-0.009999999999999981,0.0
h1,0.15,0.17,0.17,-0.020000000000000018,0.0
h1,0.84,0.87,0.87,-0.030000000000000027,0.0
h1,0.88,0.89,0.89,-0.010000000000000009,0.0
m15,0.6937000000000001,0.69,0.69,0.0037000000000001476,0.0
m5,0.4314,0.4,0.4,0.031399999999999983,0.0
h1,0.17,0.18,0.18,-0.009999999999999981,0.0
h1,0.18,0.18,0.18,0.0,0.0
m5,0.41,0.49,0.49,-0.08000000000000002,0.0
h1,0.78,0.79,0.78,-0.010000000000000009,-0.010000000000000009
h1,0.78,0.79,0.79,-0.010000000000000009,0.0
h1,0.79,0.8,0.79,-0.010000000000000009,-0.010000000000000009
h1,0.78,0.8,0.79,-0.020000000000000018,-0.010000000000000009
m5,0.4,0.4,0.4,0.0,0.0
h1,0.79,0.8,0.8,-0.010000000000000009,0.0
h1,0.8,0.82,0.82,-0.019999999999999907,0.0
h1,0.8040999999999999,0.83,0.82,-0.025900000000000034,-0.010000000000000009
m5,0.5,0.52,0.52,-0.020000000000000018,0.0
h1,0.87,0.87,0.87,0.0,0.0
m5,0.5,0.51,0.51,-0.010000000000000009,0.0
m15,0.23,0.22,0.22,0.010000000000000009,0.0
m5,0.46,0.4,0.4,0.06,0.0
m5,0.574,0.61,0.61,-0.03600000000000003,0.0
m5,0.41,0.4,0.4,0.009999999999999953,0.0
m5,0.59,0.59,0.59,0.0,0.0
m5,0.62,0.65,0.63,-0.030000000000000027,-0.020000000000000018
h1,0.8,0.81,0.81,-0.010000000000000009,0.0
m5,0.29,0.31,0.31,-0.020000000000000018,0.0
m15,0.17,0.17,0.17,0.0,0.0
h1,0.883,0.9,0.9,-0.017000000000000015,0.0
h1,0.86,0.9,0.9,-0.040000000000000036,0.0
m5,0.4703,0.42,0.43,0.05030000000000001,0.010000000000000009
h1,0.93,0.94,0.94,-0.009999999999999898,0.0
h1,0.94,0.94,0.94,0.0,0.0
m5,0.37,0.37,0.37,0.0,0.0
m5,0.64,0.64,0.64,0.0,0.0
m5,0.39,0.39,0.39,0.0,0.0
h1,0.14,0.14,0.14,0.0,0.0
m5,0.2787,0.26,0.26,0.018699999999999994,0.0
h1,0.87,0.89,0.89,-0.020000000000000018,0.0
m5,0.65,0.71,0.71,-0.05999999999999994,0.0
m5,0.62,0.71,0.71,-0.08999999999999997,0.0
m5,0.68,0.71,0.71,-0.029999999999999916,0.0
h1,0.89,0.91,0.92,-0.020000000000000018,0.010000000000000009
h1,0.9,0.91,0.92,-0.010000000000000009,0.010000000000000009
m15,0.14,0.18,0.18,-0.03999999999999998,0.0
m5,0.2126,0.41,0.46,-0.19739999999999996,0.050000000000000044
m5,0.55,0.6,0.63,-0.04999999999999993,0.030000000000000027
m5,0.6078,0.75,0.62,-0.1422,-0.13
m5,0.3937,0.42,0.25,-0.02629999999999999,-0.16999999999999998
m5,0.75,0.48,0.56,0.27,0.08000000000000007
m5,0.75,0.48,0.56,0.27,0.08000000000000007
m5,0.42,0.51,0.52,-0.09000000000000002,0.010000000000000009
m5,0.4155,0.51,0.52,-0.09450000000000003,0.010000000000000009
m15,0.16,0.18,0.18,-0.01999999999999999,0.0
m5,0.49,0.5,0.5,-0.010000000000000009,0.0
m5,0.42,0.4,0.25,0.019999999999999962,-0.15000000000000002
m5,0.22,0.23,0.23,-0.010000000000000009,0.0
m15,0.13,0.14,0.14,-0.010000000000000009,0.0
m15,0.13,0.14,0.14,-0.010000000000000009,0.0
h1,0.91,0.91,0.91,0.0,0.0
h1,0.91,0.91,0.91,0.0,0.0
m15,0.13,0.14,0.14,-0.010000000000000009,0.0
h1,0.91,0.91,0.91,0.0,0.0
h1,0.91,0.91,0.91,0.0,0.0
h1,0.91,0.94,0.94,-0.029999999999999916,0.0
h1,0.91,0.94,0.94,-0.029999999999999916,0.0
h1,0.04,0.05,0.05,-0.010000000000000002,0.0
h1,0.04,0.05,0.05,-0.010000000000000002,0.0
m5,0.5118,0.52,0.52,-0.008199999999999985,0.0
m5,0.48479999999999995,0.52,0.52,-0.035200000000000065,0.0
m15,0.13,0.14,0.14,-0.010000000000000009,0.0
m15,0.88,0.92,0.93,-0.040000000000000036,0.010000000000000009
m15,0.88,0.92,0.93,-0.040000000000000036,0.010000000000000009
m15,0.88,0.92,0.93,-0.040000000000000036,0.010000000000000009
m5,0.37200000000000005,0.41,0.42,-0.03799999999999992,0.010000000000000009
m5,0.41,0.39,0.39,0.019999999999999962,0.0
m5,0.59,0.62,0.62,-0.030000000000000027,0.0
m5,0.61,0.62,0.62,-0.010000000000000009,0.0
h1,0.94,0.93,0.97,0.009999999999999898,0.039999999999999925
m5,0.5,0.51,0.51,-0.010000000000000009,0.0
m5,0.5,0.51,0.51,-0.010000000000000009,0.0
m15,0.08,0.09,0.09,-0.009999999999999995,0.0
m15,0.08,0.09,0.09,-0.009999999999999995,0.0
m15,0.08,0.09,0.09,-0.009999999999999995,0.0
m15,0.08,0.09,0.09,-0.009999999999999995,0.0
m15,0.08,0.09,0.09,-0.009999999999999995,0.0
m15,0.08,0.09,0.09,-0.009999999999999995,0.0
h1,0.9387000000000001,0.94,0.93,-0.0012999999999998568,-0.009999999999999898
h1,0.9349,0.94,0.94,-0.005099999999999993,0.0
h1,0.94,0.94,0.94,0.0,0.0
m15,0.92,0.93,,-0.010000000000000009,
h1,0.96,0.96,0.96,0.0,0.0
m5,0.51,0.52,0.52,-0.010000000000000009,0.0
h1,0.04,0.05,0.04,-0.010000000000000002,-0.010000000000000002
h1,0.04,0.05,0.04,-0.010000000000000002,-0.010000000000000002
m15,0.95,0.97,0.97,-0.020000000000000018,0.0
h1,0.95,0.94,0.94,0.010000000000000009,0.0
m15,0.01,0.01,0.01,0.0,0.0
h1,0.93,0.94,0.93,-0.009999999999999898,-0.009999999999999898
h1,0.9289000000000001,0.94,0.94,-0.011099999999999888,0.0
h1,0.94,0.96,0.96,-0.020000000000000018,0.0
h1,0.94,0.94,0.94,0.0,0.0
m5,0.77,0.78,0.77,-0.010000000000000009,-0.010000000000000009
h1,0.94,0.96,0.96,-0.020000000000000018,0.0
h1,0.9369,0.94,0.94,-0.0030999999999999917,0.0
m5,0.86,0.86,0.86,0.0,0.0
h1,0.97,0.98,0.98,-0.010000000000000009,0.0
h1,0.98,0.99,0.99,-0.010000000000000009,0.0
m5,0.7189,0.73,0.73,-0.011099999999999999,0.0
h1,0.99,0.99,0.99,0.0,0.0
h1,0.99,0.99,0.99,0.0,0.0
m5,0.28,0.13,0.14,0.15000000000000002,0.010000000000000009
m5,0.7922,0.89,0.89,-0.0978,0.0
m5,0.1,0.09,0.1,0.010000000000000009,0.010000000000000009
m5,0.09,0.09,0.09,0.0,0.0
h1,0.48,0.48,0.48,0.0,0.0
h1,0.48,0.48,0.48,0.0,0.0
h1,0.48,0.48,0.48,0.0,0.0
h1,0.48,0.5,0.5,-0.020000000000000018,0.0
h1,0.51,0.52,0.52,-0.010000000000000009,0.0
h1,0.46,0.49,0.48,-0.02999999999999997,-0.010000000000000009
h1,0.48,0.52,0.52,-0.040000000000000036,0.0
h1,0.47,0.52,0.52,-0.050000000000000044,0.0
m15,0.47,0.49,0.48,-0.020000000000000018,-0.010000000000000009
m15,0.47,0.52,0.52,-0.050000000000000044,0.0
m15,0.47,0.52,0.52,-0.050000000000000044,0.0
m15,0.47,0.52,0.52,-0.050000000000000044,0.0
m15,0.47,0.52,0.52,-0.050000000000000044,0.0
m15,0.47,0.52,0.52,-0.050000000000000044,0.0
m15,0.47,0.52,0.52,-0.050000000000000044,0.0
m15,0.47,0.52,0.52,-0.050000000000000044,0.0
m5,0.38,0.39,0.39,-0.010000000000000009,0.0
m5,0.61,0.57,0.63,0.040000000000000036,0.06000000000000005
m5,0.28,0.29,0.29,-0.009999999999999953,0.0
m15,0.35,0.24,0.28,0.10999999999999999,0.040000000000000036
m15,0.35,0.24,0.28,0.10999999999999999,0.040000000000000036
m15,0.35,0.24,0.28,0.10999999999999999,0.040000000000000036
m15,0.35,0.24,0.28,0.10999999999999999,0.040000000000000036
m15,0.35,0.28,0.28,0.06999999999999995,0.0
m15,0.35,0.28,0.28,0.06999999999999995,0.0
m15,0.35,0.28,0.28,0.06999999999999995,0.0
m15,0.35,0.28,0.28,0.06999999999999995,0.0
m5,0.94,0.93,0.94,0.009999999999999898,0.009999999999999898
m15,0.7259,0.73,0.73,-0.0040999999999999925,0.0
m5,0.08,0.12,0.12,-0.039999999999999994,0.0
m5,0.29,0.36,0.35,-0.07,-0.010000000000000009
m5,0.34,0.36,0.35,-0.019999999999999962,-0.010000000000000009
h1,0.45,0.47,0.47,-0.019999999999999962,0.0
m5,0.38,0.4,0.4,-0.020000000000000018,0.0
m5,0.34,0.32,0.33,0.020000000000000018,0.010000000000000009
m5,0.26,0.07,0.09,0.19,0.01999999999999999
m5,0.9,0.95,0.95,-0.04999999999999993,0.0
m15,0.65,0.68,0.68,-0.030000000000000027,0.0
m5,0.39,0.43,0.43,-0.03999999999999998,0.0
m15,0.34,0.37,0.37,-0.02999999999999997,0.0
m15,0.26,0.26,0.26,0.0,0.0
m5,0.26,0.29,0.28,-0.02999999999999997,-0.009999999999999953
m5,0.76,0.76,0.77,0.0,0.010000000000000009
m5,0.5945,0.63,0.63,-0.035499999999999976,0.0
m5,0.35,0.36,0.36,-0.010000000000000009,0.0
m5,0.41,0.41,0.41,0.0,0.0
m5,0.35,0.31,0.36,0.03999999999999998,0.04999999999999999
m5,0.6531,0.71,0.7,-0.05689999999999995,-0.010000000000000009
m5,0.22,0.25,0.26,-0.03,0.010000000000000009
m5,0.63,0.63,0.63,0.0,0.0
h1,0.5,0.5,0.5,0.0,0.0
m5,0.44,0.34,0.34,0.09999999999999998,0.0
m15,0.54,0.44,0.44,0.10000000000000003,0.0
m15,0.5535,0.44,0.44,0.11349999999999999,0.0
h1,0.51,0.51,0.51,0.0,0.0
m5,0.36,0.34,0.34,0.019999999999999962,0.0
h1,0.51,0.51,0.51,0.0,0.0
m15,0.49,0.49,0.49,0.0,0.0
m15,0.4473,0.45,0.45,-0.0027000000000000357,0.0
m5,0.52,0.52,0.52,0.0,0.0
m15,0.44,0.45,0.45,-0.010000000000000009,0.0
m15,0.45,0.45,0.45,0.0,0.0
m5,0.52,0.53,0.53,-0.010000000000000009,0.0
m15,0.45,0.43,0.44,0.020000000000000018,0.010000000000000009
m15,0.33,0.32,0.32,0.010000000000000009,0.0
m5,0.42,0.42,0.42,0.0,0.0
m5,0.42,0.42,0.42,0.0,0.0
m5,0.42,0.42,0.42,0.0,0.0
m15,0.32,0.34,0.34,-0.020000000000000018,0.0
m15,0.34,0.34,0.34,0.0,0.0
h1,0.5,0.5,0.5,0.0,0.0
m15,0.26,0.31,0.31,-0.04999999999999999,0.0
m15,0.3,0.31,0.31,-0.010000000000000009,0.0
m5,0.42,0.42,0.42,0.0,0.0
m15,0.23,0.26,0.26,-0.03,0.0
m15,0.22,0.26,0.26,-0.04000000000000001,0.0
m5,0.3395,0.37,0.37,-0.03049999999999997,0.0
h1,0.5,0.53,0.53,-0.030000000000000027,0.0
m5,0.16,0.14,0.15,0.01999999999999999,0.009999999999999981
h1,0.5,0.53,0.53,-0.030000000000000027,0.0
m15,0.06,0.04,0.05,0.019999999999999997,0.010000000000000002
m5,0.0819,0.09,0.08,-0.008099999999999996,-0.009999999999999995
h1,0.5,0.55,0.55,-0.050000000000000044,0.0
m5,0.08,0.09,0.09,-0.009999999999999995,0.0
m15,0.01,0.01,0.01,0.0,0.0
m5,0.96,0.97,0.97,-0.010000000000000009,0.0
m5,0.03,0.11,0.11,-0.08,0.0
m15,0.01,0.01,0.01,0.0,0.0
m5,0.89,0.91,0.9,-0.020000000000000018,-0.010000000000000009
m5,0.89,0.91,0.9,-0.020000000000000018,-0.010000000000000009
m5,0.11,0.13,0.16,-0.020000000000000004,0.03
m5,0.05,0.04,0.04,0.010000000000000002,0.0
h1,0.52,0.53,0.53,-0.010000000000000009,0.0
h1,0.53,0.56,0.56,-0.030000000000000027,0.0
h1,0.53,0.56,0.56,-0.030000000000000027,0.0
h1,0.54,0.56,0.56,-0.020000000000000018,0.0
m5,0.28800000000000003,0.29,0.29,-0.0019999999999999463,0.0
m15,0.3668,0.37,0.37,-0.0031999999999999806,0.0
m5,0.29,0.29,0.29,0.0,0.0
m5,0.64,0.64,0.64,0.0,0.0
m5,0.89,0.92,0.92,-0.030000000000000027,0.0
m5,0.92,0.92,0.92,0.0,0.0
m5,0.91,0.92,0.92,-0.010000000000000009,0.0
h1,0.64,0.68,0.68,-0.040000000000000036,0.0
m5,0.17,0.2,0.2,-0.03,0.0
m15,0.72,0.68,0.71,0.039999999999999925,0.029999999999999916
m5,0.07,0.09,0.09,-0.01999999999999999,0.0
m5,0.12,0.22,0.15,-0.1,-0.07
m5,0.34,0.41,0.42,-0.06999999999999995,0.010000000000000009
m5,0.59,0.65,0.62,-0.06000000000000005,-0.030000000000000027
m5,0.593,0.65,0.62,-0.05700000000000005,-0.030000000000000027
m5,0.07,0.09,0.09,-0.01999999999999999,0.0
h1,0.5,0.53,0.53,-0.030000000000000027,0.0
m5,0.18,0.26,0.26,-0.08000000000000002,0.0
m5,0.73,0.8,0.79,-0.07000000000000006,-0.010000000000000009
h1,0.3782,0.39,0.38,-0.011800000000000033,-0.010000000000000009
h1,0.38,0.39,0.39,-0.010000000000000009,0.0
m15,0.33,0.3,0.33,0.030000000000000027,0.030000000000000027
h1,0.4,0.38,0.4,0.020000000000000018,0.020000000000000018
h1,0.39,0.38,0.4,0.010000000000000009,0.020000000000000018
m5,0.1,0.1,0.1,0.0,0.0
m15,0.21,0.23,0.23,-0.020000000000000018,0.0
m5,0.89,0.9,0.89,-0.010000000000000009,-0.010000000000000009
m5,0.88,0.9,0.9,-0.020000000000000018,0.0
h1,0.67,0.68,0.68,-0.010000000000000009,0.0
m5,0.94,0.95,0.95,-0.010000000000000009,0.0
h1,0.67,0.68,0.68,-0.010000000000000009,0.0
h1,0.66,0.68,0.68,-0.020000000000000018,0.0
m15,0.12,0.14,0.12,-0.020000000000000018,-0.020000000000000018
h1,0.3,0.3,0.3,0.0,0.0
h1,0.3,0.31,0.3,-0.010000000000000009,-0.010000000000000009
h1,0.3,0.31,0.3,-0.010000000000000009,-0.010000000000000009
h1,0.3,0.31,0.3,-0.010000000000000009,-0.010000000000000009
h1,0.3,0.31,0.31,-0.010000000000000009,0.0
h1,0.31,0.31,0.31,0.0,0.0
h1,0.31,0.34,0.33,-0.030000000000000027,-0.010000000000000009
m5,0.07,0.09,0.09,-0.01999999999999999,0.0
m15,0.17,0.24,0.23,-0.06999999999999998,-0.009999999999999981
m15,0.87,0.87,0.9,0.0,0.030000000000000027
h1,0.29,0.3,0.3,-0.010000000000000009,0.0
h1,0.3,0.34,0.32,-0.040000000000000036,-0.020000000000000018
h1,0.35,0.35,0.35,0.0,0.0
h1,0.35,0.39,0.39,-0.040000000000000036,0.0
h1,0.38,0.35,0.35,0.030000000000000027,0.0
m5,0.52,0.6,0.6,-0.07999999999999996,0.0
m5,0.31,0.37,0.37,-0.06,0.0
m5,0.35,0.4,0.4,-0.050000000000000044,0.0
m15,0.13,0.14,0.14,-0.010000000000000009,0.0
h1,0.32,0.33,0.33,-0.010000000000000009,0.0
m5,0.52,0.53,0.53,-0.010000000000000009,0.0
h1,0.33,0.4,0.38,-0.07,-0.020000000000000018
m5,0.6,0.69,0.69,-0.08999999999999997,0.0
h1,0.36,0.4,0.4,-0.040000000000000036,0.0
h1,0.4,0.43,0.43,-0.02999999999999997,0.0
h1,0.42,0.43,0.43,-0.010000000000000009,0.0
h1,0.41,0.43,0.43,-0.020000000000000018,0.0
m5,0.2691,0.37,0.37,-0.10089999999999999,0.0
m15,0.76,0.87,0.87,-0.10999999999999999,0.0
m5,0.64,0.64,0.64,0.0,0.0
m15,0.13,0.14,0.14,-0.010000000000000009,0.0
m5,0.64,0.66,0.65,-0.020000000000000018,-0.010000000000000009
m5,0.27,0.29,0.29,-0.019999999999999962,0.0
m5,0.42,0.62,0.57,-0.2,-0.050000000000000044
m5,0.72,0.76,0.75,-0.040000000000000036,-0.010000000000000009
m5,0.21719999999999998,0.17,0.22,0.047199999999999964,0.04999999999999999
m5,0.79,0.89,0.88,-0.09999999999999998,-0.010000000000000009
m5,0.1,0.14,0.15,-0.04000000000000001,0.009999999999999981
m5,0.07,0.08,0.08,-0.009999999999999995,0.0
m5,0.04,0.11,0.14,-0.07,0.030000000000000013
m5,0.1343,0.13,0.11,0.004299999999999998,-0.020000000000000004
h1,0.35,0.37,0.37,-0.020000000000000018,0.0
m5,0.39649999999999996,0.36,0.36,0.03649999999999998,0.0
m15,0.41479999999999995,0.41,0.41,0.004799999999999971,0.0
m5,0.71,0.74,0.73,-0.030000000000000027,-0.010000000000000009
h1,0.4028,0.42,0.42,-0.017199999999999993,0.0
m5,0.77,0.79,0.78,-0.020000000000000018,-0.010000000000000009
m5,0.77,0.79,0.79,-0.020000000000000018,0.0
m5,0.72,0.72,0.72,0.0,0.0
m5,0.86,0.88,0.88,-0.020000000000000018,0.0
h1,0.42,0.43,0.43,-0.010000000000000009,0.0
h1,0.44,0.45,0.45,-0.010000000000000009,0.0
m5,0.49,0.49,0.49,0.0,0.0
h1,0.59,0.59,0.59,0.0,0.0
h1,0.58,0.59,0.59,-0.010000000000000009,0.0
m5,0.29,0.39,0.37,-0.10000000000000003,-0.020000000000000018
m5,0.41,0.42,0.41,-0.010000000000000009,-0.010000000000000009
h1,0.4775,0.5,0.5,-0.02250000000000002,0.0
h1,0.49,0.5,0.5,-0.010000000000000009,0.0
h1,0.5,0.51,0.51,-0.010000000000000009,0.0
h1,0.5173,0.53,0.53,-0.012700000000000045,0.0
m5,0.485,0.5,0.49,-0.015000000000000013,-0.010000000000000009
m5,0.48350000000000004,0.5,0.49,-0.01649999999999996,-0.010000000000000009
h1,0.51,0.53,0.53,-0.020000000000000018,0.0
m5,0.5161,0.55,0.54,-0.03390000000000004,-0.010000000000000009
m5,0.46,0.53,0.49,-0.07,-0.040000000000000036
m5,0.49,0.53,0.53,-0.040000000000000036,0.0
h1,0.51,0.51,0.51,0.0,0.0
m5,0.39,0.4,0.39,-0.010000000000000009,-0.010000000000000009
m5,0.39299999999999996,0.46,0.44,-0.06700000000000006,-0.020000000000000018
m5,0.41,0.46,0.46,-0.050000000000000044,0.0
m5,0.5,0.5,0.5,0.0,0.0
m5,0.5,0.51,0.51,-0.010000000000000009,0.0
h1,0.5,0.51,0.51,-0.010000000000000009,0.0
m15,0.88,0.91,0.91,-0.030000000000000027,0.0
h1,0.51,0.52,0.52,-0.010000000000000009,0.0
m5,0.74,0.81,0.8,-0.07000000000000006,-0.010000000000000009
h1,0.52,0.54,0.54,-0.020000000000000018,0.0
h1,0.54,0.67,0.62,-0.13,-0.050000000000000044
m5,0.8,0.92,0.86,-0.12,-0.06000000000000005
m15,0.95,0.96,0.96,-0.010000000000000009,0.0
h1,0.6263000000000001,0.68,0.67,-0.05369999999999997,-0.010000000000000009
m5,0.06,0.05,0.06,0.009999999999999995,0.009999999999999995
m5,0.9,0.8,0.8,0.09999999999999998,0.0
m5,0.21,0.13,0.12,0.07999999999999999,-0.010000000000000009
m5,0.13,0.13,0.13,0.0,0.0
m5,0.13,0.12,0.13,0.010000000000000009,0.010000000000000009
m5,0.01,0.01,0.01,0.0,0.0
h1,0.38,0.36,0.37,0.020000000000000018,0.010000000000000009
m5,0.61,0.62,0.61,-0.010000000000000009,-0.010000000000000009
m5,0.67,0.68,0.68,-0.010000000000000009,0.0
m5,0.31,0.33,0.33,-0.020000000000000018,0.0
m5,0.63,0.68,0.68,-0.050000000000000044,0.0
m5,0.32,0.34,0.34,-0.020000000000000018,0.0
m5,0.32,0.34,0.34,-0.020000000000000018,0.0
m5,0.76,0.72,0.72,0.040000000000000036,0.0
m5,0.27,0.32,0.3,-0.04999999999999999,-0.020000000000000018
h1,0.41,0.51,0.48,-0.10000000000000003,-0.030000000000000027
h1,0.4388,0.5,0.5,-0.06119999999999998,0.0
m5,0.77,0.77,0.77,0.0,0.0
m5,0.79,0.75,0.75,0.040000000000000036,0.0
m5,0.75,0.75,0.75,0.0,0.0
m5,0.75,0.75,0.75,0.0,0.0
m5,0.18,0.21,0.21,-0.03,0.0
h1,0.52,0.53,0.53,-0.010000000000000009,0.0
m5,0.19,0.21,0.21,-0.01999999999999999,0.0
m5,0.71,0.73,0.74,-0.020000000000000018,0.010000000000000009
h1,0.51,0.53,0.53,-0.020000000000000018,0.0
h1,0.54,0.55,0.55,-0.010000000000000009,0.0
m5,0.14,0.16,0.16,-0.01999999999999999,0.0
h1,0.53,0.54,0.54,-0.010000000000000009,0.0
m5,0.09,0.09,0.1,0.0,0.010000000000000009
m5,0.08,0.09,0.1,-0.009999999999999995,0.010000000000000009
m5,0.1,0.07,0.07,0.03,0.0
m5,0.1,0.07,0.07,0.03,0.0
m5,0.93,0.96,0.95,-0.029999999999999916,-0.010000000000000009
m15,0.08,0.3,0.22,-0.21999999999999997,-0.07999999999999999
m5,0.94,0.97,0.97,-0.030000000000000027,0.0
m5,0.95,0.97,0.97,-0.020000000000000018,0.0
h1,0.66,0.74,0.73,-0.07999999999999996,-0.010000000000000009
h1,0.71,0.74,0.73,-0.030000000000000027,-0.010000000000000009
m5,0.96,0.99,0.98,-0.030000000000000027,-0.010000000000000009
h1,0.68,0.74,0.73,-0.05999999999999994,-0.010000000000000009
m15,0.27,0.32,0.31,-0.04999999999999999,-0.010000000000000009
m15,0.17,0.32,0.31,-0.15,-0.010000000000000009
m15,0.46649999999999997,0.44,0.43,0.026499999999999968,-0.010000000000000009
m15,0.45,0.44,0.43,0.010000000000000009,-0.010000000000000009
h1,0.23,0.38,0.32,-0.15,-0.06
m15,0.57,0.96,0.86,-0.39,-0.09999999999999998
m15,0.58,0.96,0.86,-0.38,-0.09999999999999998
m5,0.95,0.92,0.92,0.029999999999999916,0.0
m15,0.7120000000000001,0.97,0.96,-0.2579999999999999,-0.010000000000000009
h1,0.41,0.42,0.42,-0.010000000000000009,0.0
m5,0.92,0.89,0.89,0.030000000000000027,0.0
m15,0.04,0.03,0.03,0.010000000000000002,0.0
m15,0.04,0.03,0.03,0.010000000000000002,0.0
m5,0.89,0.91,0.9,-0.020000000000000018,-0.010000000000000009
h1,0.35,0.39,0.39,-0.040000000000000036,0.0
h1,0.5784,0.58,0.58,-0.0015999999999999348,0.0
h1,0.58,0.61,0.58,-0.030000000000000027,-0.030000000000000027
h1,0.59,0.64,0.64,-0.050000000000000044,0.0
h1,0.61,0.66,0.64,-0.050000000000000044,-0.020000000000000018
h1,0.63,0.66,0.64,-0.030000000000000027,-0.020000000000000018
h1,0.6451,0.62,0.65,0.02510000000000001,0.030000000000000027
h1,0.54,0.66,0.56,-0.12,-0.09999999999999998
h1,0.6640999999999999,0.67,0.67,-0.005900000000000127,0.0
h1,0.67,0.66,0.68,0.010000000000000009,0.020000000000000018
h1,0.665,0.69,0.69,-0.02499999999999991,0.0
m5,0.5816,0.65,0.62,-0.06840000000000002,-0.030000000000000027
m5,0.5998,0.65,0.62,-0.05020000000000002,-0.030000000000000027
m15,0.55,0.59,0.59,-0.039999999999999925,0.0
h1,0.7162999999999999,0.69,0.7,0.02629999999999999,0.010000000000000009
h1,0.69,0.69,0.7,0.0,0.010000000000000009
m15,0.48,0.5,0.5,-0.020000000000000018,0.0
m15,0.4533,0.5,0.5,-0.04670000000000002,0.0
m5,0.46140000000000003,0.48,0.47,-0.01859999999999995,-0.010000000000000009
m5,0.48,0.49,0.49,-0.010000000000000009,0.0
m5,0.48,0.49,0.49,-0.010000000000000009,0.0
h1,0.379,0.35,0.34,0.029000000000000026,-0.009999999999999953
m5,0.42,0.49,0.49,-0.07,0.0
m5,0.61,0.67,0.67,-0.06000000000000005,0.0
m5,0.66,0.66,0.66,0.0,0.0
m5,0.6492,0.66,0.66,-0.010800000000000032,0.0
m5,0.67,0.67,0.67,0.0,0.0
h1,0.62,0.62,0.62,0.0,0.0
h1,0.62,0.62,0.62,0.0,0.0
h1,0.6292,0.62,0.64,0.009199999999999986,0.020000000000000018
h1,0.64,0.65,0.64,-0.010000000000000009,-0.010000000000000009
h1,0.64,0.67,0.66,-0.030000000000000027,-0.010000000000000009
h1,0.63,0.67,0.66,-0.040000000000000036,-0.010000000000000009
h1,0.6615000000000001,0.67,0.67,-0.008499999999999952,0.0
m5,0.62,0.59,0.64,0.030000000000000027,0.050000000000000044
m5,0.58,0.6,0.6,-0.020000000000000018,0.0
m5,0.67,0.68,0.68,-0.010000000000000009,0.0
m5,0.34,0.38,0.38,-0.03999999999999998,0.0
m5,0.37,0.39,0.38,-0.020000000000000018,-0.010000000000000009
m5,0.62,0.56,0.57,0.05999999999999994,0.009999999999999898
m5,0.6583,0.71,0.7,-0.05169999999999997,-0.010000000000000009
m5,0.69,0.72,0.71,-0.030000000000000027,-0.010000000000000009
m5,0.71,0.72,0.71,-0.010000000000000009,-0.010000000000000009
m5,0.73,0.62,0.71,0.10999999999999999,0.08999999999999997
m15,0.42,0.48,0.48,-0.06,0.0
m5,0.4067,0.26,0.29,0.1467,0.02999999999999997
m5,0.7556999999999999,0.79,0.78,-0.03430000000000011,-0.010000000000000009
m5,0.77,0.83,0.77,-0.05999999999999994,-0.05999999999999994
m5,0.31,0.57,0.56,-0.25999999999999995,-0.009999999999999898
m5,0.28,0.35,0.34,-0.06999999999999995,-0.009999999999999953
m5,0.64,0.67,0.64,-0.030000000000000027,-0.030000000000000027
m5,0.64,0.67,0.67,-0.030000000000000027,0.0
m5,0.36,0.43,0.42,-0.07,-0.010000000000000009
m5,0.42,0.44,0.44,-0.020000000000000018,0.0
m5,0.43,0.45,0.44,-0.020000000000000018,-0.010000000000000009
m5,0.43,0.45,0.44,-0.020000000000000018,-0.010000000000000009
m5,0.25,0.25,0.26,0.0,0.010000000000000009
m15,0.31,0.34,0.33,-0.030000000000000027,-0.010000000000000009
m5,0.24760000000000001,0.33,0.32,-0.0824,-0.010000000000000009
m5,0.34,0.39,0.39,-0.04999999999999999,0.0
m5,0.44,0.48,0.47,-0.03999999999999998,-0.010000000000000009
m5,0.53,0.54,0.54,-0.010000000000000009,0.0
m5,0.54,0.56,0.56,-0.020000000000000018,0.0
m5,0.51,0.51,0.51,0.0,0.0
m5,0.5058,0.51,0.51,-0.0041999999999999815,0.0
m5,0.55,0.61,0.58,-0.05999999999999994,-0.030000000000000027
m5,0.6154,0.63,0.63,-0.014600000000000057,0.0
m5,0.65,0.65,0.65,0.0,0.0
m5,0.66,0.65,0.65,0.010000000000000009,0.0
m5,0.65,0.69,0.68,-0.039999999999999925,-0.009999999999999898
m5,0.31,0.32,0.3,-0.010000000000000009,-0.020000000000000018
m15,0.27399999999999997,0.29,0.29,-0.016000000000000014,0.0
m5,0.7232,0.78,0.77,-0.05680000000000007,-0.010000000000000009
m5,0.07,0.08,0.07,-0.009999999999999995,-0.009999999999999995
m5,0.06,0.06,0.1,0.0,0.04000000000000001
m5,0.07,0.06,0.1,0.010000000000000009,0.04000000000000001
m5,0.05,0.04,0.06,0.010000000000000002,0.019999999999999997
m5,0.39,0.47,0.4,-0.07999999999999996,-0.06999999999999995
h1,0.050300000000000004,0.05,0.05,0.00030000000000000165,0.0
h1,0.051399999999999994,0.05,0.05,0.0013999999999999915,0.0
h1,0.05,0.05,0.05,0.0,0.0
m5,0.57,0.61,0.58,-0.040000000000000036,-0.030000000000000027
m5,0.44789999999999996,0.49,0.49,-0.042100000000000026,0.0
m5,0.48,0.48,0.48,0.0,0.0
m5,0.48,0.48,0.48,0.0,0.0
m5,0.47,0.48,0.48,-0.010000000000000009,0.0
m5,0.51,0.55,0.54,-0.040000000000000036,-0.010000000000000009
m5,0.49,0.57,0.57,-0.07999999999999996,0.0
m15,0.87,0.92,0.92,-0.050000000000000044,0.0
m15,0.86,0.92,0.92,-0.06000000000000005,0.0
m5,0.57,0.58,0.58,-0.010000000000000009,0.0
m5,0.5096,0.52,0.52,-0.010399999999999965,0.0
h1,0.91,0.94,0.93,-0.029999999999999916,-0.009999999999999898
m5,0.53,0.55,0.55,-0.020000000000000018,0.0
m5,0.5263,0.55,0.55,-0.023700000000000054,0.0
m15,0.1,0.1,0.1,0.0,0.0
m5,0.49,0.56,0.55,-0.07000000000000006,-0.010000000000000009
m5,0.52,0.55,0.56,-0.030000000000000027,0.010000000000000009
h1,0.02,0.04,0.03,-0.02,-0.010000000000000002
h1,0.02,0.04,0.04,-0.02,0.0
h1,0.02,0.04,0.04,-0.02,0.0
m5,0.56,0.68,0.65,-0.12,-0.030000000000000027
m5,0.66,0.79,0.73,-0.13,-0.06000000000000005
m5,0.69,0.76,0.76,-0.07000000000000006,0.0
h1,0.02,0.02,0.02,0.0,0.0
h1,0.01,0.01,0.01,0.0,0.0
h1,0.01,0.01,0.01,0.0,0.0
h1,0.01,0.01,0.01,0.0,0.0
h1,0.01,0.01,0.01,0.0,0.0
h1,0.01,0.01,0.01,0.0,0.0
h1,0.02,0.01,0.01,0.01,0.0
h1,0.01,0.01,0.01,0.0,0.0
m5,0.12,0.15,0.14,-0.03,-0.009999999999999981
m5,0.13,0.17,0.16,-0.04000000000000001,-0.010000000000000009
m5,0.14,0.17,0.16,-0.03,-0.010000000000000009
m5,0.17,0.16,0.17,0.010000000000000009,0.010000000000000009
m5,0.56,0.55,0.56,0.010000000000000009,0.010000000000000009
m5,0.5521,0.59,0.59,-0.037899999999999934,0.0
m5,0.59,0.61,0.61,-0.020000000000000018,0.0
m5,0.40590000000000004,0.41,0.41,-0.004099999999999937,0.0
m5,0.4,0.48,0.41,-0.07999999999999996,-0.07
m5,0.44,0.47,0.41,-0.02999999999999997,-0.06
m5,0.47979999999999995,0.48,0.48,-0.00020000000000003348,0.0
m5,0.44,0.48,0.48,-0.03999999999999998,0.0
m5,0.48219999999999996,0.43,0.48,0.05219999999999997,0.04999999999999999
m5,0.5478999999999999,0.59,0.54,-0.042100000000000026,-0.04999999999999993
m5,0.4336,0.95,0.71,-0.5164,-0.24
m5,0.41,0.41,0.41,0.0,0.0
m15,0.4029,0.42,0.42,-0.017100000000000004,0.0
m5,0.59,0.58,0.58,0.010000000000000009,0.0
h1,0.54,0.55,0.55,-0.010000000000000009,0.0
h1,0.54,0.55,0.55,-0.010000000000000009,0.0
h1,0.54,0.55,0.55,-0.010000000000000009,0.0
h1,0.54,0.55,0.55,-0.010000000000000009,0.0
m5,0.58,0.57,0.58,0.010000000000000009,0.010000000000000009
m5,0.57,0.57,0.58,0.0,0.010000000000000009
m5,0.58,0.66,0.64,-0.08000000000000007,-0.020000000000000018
m5,0.58,0.66,0.64,-0.08000000000000007,-0.020000000000000018
m5,0.58,0.66,0.66,-0.08000000000000007,0.0
h1,0.55,0.58,0.58,-0.029999999999999916,0.0
m5,0.4404,0.45,0.43,-0.009599999999999997,-0.020000000000000018
m5,0.43,0.47,0.47,-0.03999999999999998,0.0
h1,0.54,0.55,0.55,-0.010000000000000009,0.0
h1,0.54,0.56,0.55,-0.020000000000000018,-0.010000000000000009
m5,0.47,0.49,0.49,-0.020000000000000018,0.0
h1,0.54,0.55,0.55,-0.010000000000000009,0.0
h1,0.54,0.55,0.55,-0.010000000000000009,0.0
h1,0.55,0.59,0.59,-0.039999999999999925,0.0
h1,0.56,0.59,0.59,-0.029999999999999916,0.0
h1,0.6,0.61,0.61,-0.010000000000000009,0.0
m5,0.2,0.29,0.29,-0.08999999999999997,0.0
h1,0.6,0.59,0.59,0.010000000000000009,0.0
m5,0.24,0.29,0.29,-0.04999999999999999,0.0
h1,0.58,0.56,0.56,0.019999999999999907,0.0
m5,0.37,0.41,0.41,-0.03999999999999998,0.0
h1,0.56,0.57,0.57,-0.009999999999999898,0.0
h1,0.46520000000000006,0.47,0.47,-0.0047999999999999154,0.0
h1,0.47,0.48,0.48,-0.010000000000000009,0.0
m5,0.56,0.47,0.42,0.09000000000000008,-0.04999999999999999
m5,0.45,0.59,0.59,-0.13999999999999996,0.0
h1,0.48,0.49,0.49,-0.010000000000000009,0.0
h1,0.48,0.49,0.49,-0.010000000000000009,0.0
m15,0.51,0.5,0.5,0.010000000000000009,0.0
m5,0.59,0.59,0.59,0.0,0.0
m5,0.42,0.4,0.42,0.019999999999999962,0.019999999999999962
m5,0.58,0.6,0.6,-0.020000000000000018,0.0
h1,0.5,0.51,0.51,-0.010000000000000009,0.0
m5,0.6,0.6,0.6,0.0,0.0
m5,0.5589999999999999,0.6,0.59,-0.041000000000000036,-0.010000000000000009
h1,0.53,0.53,0.53,0.0,0.0
m5,0.36340000000000006,0.4,0.39,-0.036599999999999966,-0.010000000000000009
m5,0.62,0.63,0.63,-0.010000000000000009,0.0
m5,0.61,0.63,0.63,-0.020000000000000018,0.0
m5,0.54,0.51,0.51,0.030000000000000027,0.0
m5,0.5132,0.51,0.51,0.0031999999999999806,0.0
m5,0.53,0.56,0.55,-0.030000000000000027,-0.010000000000000009
m5,0.56,0.6,0.6,-0.039999999999999925,0.0
h1,0.5,0.51,0.51,-0.010000000000000009,0.0
m5,0.48,0.4,0.41,0.07999999999999996,0.009999999999999953
h1,0.52,0.53,0.53,-0.010000000000000009,0.0
m5,0.6,0.64,0.63,-0.040000000000000036,-0.010000000000000009
m5,0.5611999999999999,0.64,0.63,-0.07880000000000009,-0.010000000000000009
m5,0.64,0.69,0.67,-0.04999999999999993,-0.019999999999999907
m5,0.7,0.75,0.72,-0.050000000000000044,-0.030000000000000027
m5,0.7,0.75,0.72,-0.050000000000000044,-0.030000000000000027
h1,0.5326,0.55,0.55,-0.017400000000000082,0.0
h1,0.55,0.56,0.55,-0.010000000000000009,-0.010000000000000009
h1,0.55,0.56,0.56,-0.010000000000000009,0.0
m5,0.13,0.11,0.11,0.020000000000000004,0.0
m5,0.09179999999999999,0.11,0.11,-0.018200000000000008,0.0
h1,0.56,0.57,0.57,-0.009999999999999898,0.0
h1,0.57,0.57,0.57,0.0,0.0
m15,0.33,0.33,0.33,0.0,0.0
m5,0.08,0.08,0.07,0.0,-0.009999999999999995
m5,0.07,0.08,0.08,-0.009999999999999995,0.0
h1,0.58,0.59,0.59,-0.010000000000000009,0.0
h1,0.58,0.59,0.59,-0.010000000000000009,0.0
h1,0.58,0.59,0.59,-0.010000000000000009,0.0
h1,0.58,0.59,0.59,-0.010000000000000009,0.0
h1,0.58,0.59,0.59,-0.010000000000000009,0.0
h1,0.58,0.52,0.52,0.05999999999999994,0.0
h1,0.49,0.47,0.48,0.020000000000000018,0.010000000000000009
h1,0.483,0.47,0.48,0.013000000000000012,0.010000000000000009
h1,0.47,0.45,0.45,0.019999999999999962,0.0
h1,0.44,0.45,0.45,-0.010000000000000009,0.0
h1,0.44,0.45,0.45,-0.010000000000000009,0.0
m5,0.62,0.7,0.69,-0.07999999999999996,-0.010000000000000009
h1,0.5742,0.58,0.58,-0.005799999999999916,0.0
m5,0.66,0.67,0.67,-0.010000000000000009,0.0
m5,0.68,0.65,0.65,0.030000000000000027,0.0
m5,0.34,0.36,0.36,-0.019999999999999962,0.0
h1,0.53,0.53,0.54,0.0,0.010000000000000009
h1,0.53,0.53,0.53,0.0,0.0
h1,0.52,0.53,0.53,-0.010000000000000009,0.0
h1,0.52,0.53,0.53,-0.010000000000000009,0.0
h1,0.53,0.54,0.54,-0.010000000000000009,0.0
h1,0.54,0.54,0.54,0.0,0.0
h1,0.53,0.54,0.54,-0.010000000000000009,0.0
h1,0.53,0.54,0.54,-0.010000000000000009,0.0
h1,0.53,0.54,0.54,-0.010000000000000009,0.0
m5,0.33,0.33,0.36,0.0,0.02999999999999997
m15,0.68,0.69,0.69,-0.009999999999999898,0.0
h1,0.51,0.52,0.53,-0.010000000000000009,0.010000000000000009
h1,0.51,0.52,0.52,-0.010000000000000009,0.0
h1,0.52,0.52,0.52,0.0,0.0
m5,0.7,0.7,0.7,0.0,0.0
h1,0.51,0.52,0.52,-0.010000000000000009,0.0
m5,0.69,0.73,0.72,-0.040000000000000036,-0.010000000000000009
h1,0.45,0.47,0.47,-0.019999999999999962,0.0
m5,0.28,0.29,0.29,-0.009999999999999953,0.0
h1,0.51,0.51,0.51,0.0,0.0
m5,0.7036,0.71,0.71,-0.006399999999999961,0.0
m5,0.71,0.77,0.77,-0.06000000000000005,0.0
m5,0.27,0.23,0.25,0.04000000000000001,0.01999999999999999
m5,0.74,0.78,0.76,-0.040000000000000036,-0.020000000000000018
h1,0.51,0.51,0.51,0.0,0.0
m5,0.16,0.19,0.19,-0.03,0.0
m5,0.16,0.16,0.16,0.0,0.0
m5,0.16,0.13,0.14,0.03,0.010000000000000009
m5,0.8904000000000001,0.93,0.92,-0.03959999999999997,-0.010000000000000009
m5,0.01,0.01,0.01,0.0,0.0
m15,0.88,0.87,0.87,0.010000000000000009,0.0
m5,0.51,0.5,0.5,0.010000000000000009,0.0
m5,0.51,0.5,0.5,0.010000000000000009,0.0
m5,0.51,0.49,0.53,0.020000000000000018,0.040000000000000036
m5,0.52,0.49,0.53,0.030000000000000027,0.040000000000000036
m5,0.53,0.51,0.47,0.020000000000000018,-0.040000000000000036
m5,0.5,0.49,0.49,0.010000000000000009,0.0
m5,0.48,0.47,0.47,0.010000000000000009,0.0
m5,0.47,0.45,0.47,0.019999999999999962,0.019999999999999962
m5,0.47869999999999996,0.52,0.52,-0.04130000000000006,0.0
m15,0.22,0.2,0.2,0.01999999999999999,0.0
m5,0.53,0.59,0.59,-0.05999999999999994,0.0
m5,0.44,0.48,0.48,-0.03999999999999998,0.0
m15,0.16,0.2,0.2,-0.04000000000000001,0.0
m15,0.19,0.22,0.22,-0.03,0.0
m5,0.6,0.63,0.63,-0.030000000000000027,0.0
m5,0.63,0.67,0.66,-0.040000000000000036,-0.010000000000000009
h1,0.5,0.53,0.53,-0.030000000000000027,0.0
h1,0.52,0.53,0.53,-0.010000000000000009,0.0
m5,0.67,0.69,0.68,-0.019999999999999907,-0.009999999999999898
m5,0.34,0.36,0.36,-0.019999999999999962,0.0
m5,0.46,0.55,0.51,-0.09000000000000002,-0.040000000000000036
h1,0.51,0.51,0.51,0.0,0.0
m5,0.56,0.56,0.56,0.0,0.0
m5,0.57,0.63,0.6,-0.06000000000000005,-0.030000000000000027
m5,0.6,0.63,0.63,-0.030000000000000027,0.0
m5,0.34,0.35,0.34,-0.009999999999999953,-0.009999999999999953
m5,0.36,0.4,0.4,-0.040000000000000036,0.0
m5,0.36,0.4,0.4,-0.040000000000000036,0.0
m5,0.4,0.39,0.39,0.010000000000000009,0.0
m5,0.38,0.42,0.42,-0.03999999999999998,0.0
m5,0.42,0.41,0.41,0.010000000000000009,0.0
m5,0.42,0.41,0.41,0.010000000000000009,0.0
m15,0.02,0.01,0.01,0.01,0.0
m15,0.01,0.01,0.01,0.0,0.0
m5,0.42,0.47,0.47,-0.04999999999999999,0.0
m5,0.48,0.51,0.5,-0.030000000000000027,-0.010000000000000009
m5,0.51,0.51,0.51,0.0,0.0
m5,0.5,0.5,0.5,0.0,0.0
m5,0.51,0.51,0.51,0.0,0.0
m5,0.5,0.49,0.49,0.010000000000000009,0.0
m5,0.51,0.52,0.52,-0.010000000000000009,0.0
m5,0.52,0.48,0.48,0.040000000000000036,0.0
m5,0.5335,0.53,0.53,0.0034999999999999476,0.0
m5,0.5062,0.53,0.53,-0.023800000000000043,0.0
m5,0.58,0.62,0.61,-0.040000000000000036,-0.010000000000000009
m5,0.6011,0.63,0.62,-0.028900000000000037,-0.010000000000000009
m5,0.39,0.42,0.41,-0.02999999999999997,-0.010000000000000009
m5,0.39,0.42,0.41,-0.02999999999999997,-0.010000000000000009
m5,0.38,0.39,0.43,-0.010000000000000009,0.03999999999999998
m5,0.4378,0.39,0.43,0.04780000000000001,0.03999999999999998
m5,0.43560000000000004,0.38,0.39,0.05560000000000004,0.010000000000000009
m5,0.42,0.38,0.39,0.03999999999999998,0.010000000000000009
m5,0.64,0.66,0.65,-0.020000000000000018,-0.010000000000000009
m5,0.36,0.35,0.35,0.010000000000000009,0.0
m5,0.72,0.84,0.81,-0.12,-0.029999999999999916
m5,0.71,0.84,0.81,-0.13,-0.029999999999999916
m5,0.7876000000000001,0.85,0.84,-0.0623999999999999,-0.010000000000000009
m5,0.17,0.14,0.18,0.03,0.03999999999999998
m5,0.1527,0.13,0.14,0.022699999999999998,0.010000000000000009
m5,0.84,0.86,0.85,-0.020000000000000018,-0.010000000000000009
m5,0.83,0.96,0.95,-0.13,-0.010000000000000009
m5,0.95,1.0,1.0,-0.050000000000000044,0.0
h1,0.66,0.67,0.7,-0.010000000000000009,0.029999999999999916
h1,0.63,0.67,0.7,-0.040000000000000036,0.029999999999999916
h1,0.63,0.67,0.66,-0.040000000000000036,-0.010000000000000009
h1,0.3,0.34,0.35,-0.040000000000000036,0.009999999999999953
h1,0.72,0.68,0.68,0.039999999999999925,0.0
h1,0.72,0.68,0.68,0.039999999999999925,0.0
h1,0.72,0.68,0.68,0.039999999999999925,0.0
h1,0.72,0.68,0.68,0.039999999999999925,0.0
h1,0.72,0.68,0.68,0.039999999999999925,0.0
h1,0.72,0.68,0.68,0.039999999999999925,0.0
h1,0.72,0.68,0.68,0.039999999999999925,0.0
h1,0.65,0.66,0.66,-0.010000000000000009,0.0
h1,0.72,0.66,0.66,0.05999999999999994,0.0
h1,0.65,0.66,0.66,-0.010000000000000009,0.0
h1,0.65,0.66,0.66,-0.010000000000000009,0.0
h1,0.65,0.66,0.66,-0.010000000000000009,0.0
h1,0.65,0.66,0.66,-0.010000000000000009,0.0
h1,0.65,0.66,0.66,-0.010000000000000009,0.0
h1,0.72,0.66,0.66,0.05999999999999994,0.0
h1,0.72,0.66,0.66,0.05999999999999994,0.0
h1,0.65,0.65,0.66,0.0,0.010000000000000009
h1,0.65,0.63,0.64,0.020000000000000018,0.010000000000000009
m5,0.6,0.64,0.6,-0.040000000000000036,-0.040000000000000036
m5,0.6,0.64,0.6,-0.040000000000000036,-0.040000000000000036
m15,0.5640999999999999,0.58,0.56,-0.015900000000000025,-0.019999999999999907
h1,0.42,0.43,0.43,-0.010000000000000009,0.0
h1,0.42,0.43,0.43,-0.010000000000000009,0.0
m5,0.4,0.59,0.58,-0.18999999999999995,-0.010000000000000009
m5,0.58,0.75,0.67,-0.17000000000000004,-0.07999999999999996
h1,0.6847,0.79,0.79,-0.10530000000000006,0.0
h1,0.6859999999999999,0.79,0.79,-0.10400000000000009,0.0
h1,0.67,0.79,0.79,-0.12,0.0
h1,0.67,0.79,0.79,-0.12,0.0
m5,0.58,0.75,0.67,-0.17000000000000004,-0.07999999999999996
m5,0.42,0.25,0.25,0.16999999999999998,0.0
h1,0.68,0.79,0.8,-0.10999999999999999,0.010000000000000009
m5,0.76,0.76,0.75,0.0,-0.010000000000000009
h1,0.79,0.8,0.8,-0.010000000000000009,0.0
h1,0.78,0.8,0.8,-0.020000000000000018,0.0
h1,0.78,0.8,0.8,-0.020000000000000018,0.0
m15,0.69,0.69,0.69,0.0,0.0
m5,0.42,0.23,0.24,0.18999999999999997,0.009999999999999981
m5,0.25,0.23,0.24,0.01999999999999999,0.009999999999999981
m5,0.76,0.79,0.78,-0.030000000000000027,-0.010000000000000009
m15,0.69,0.71,0.71,-0.020000000000000018,0.0
h1,0.21,0.26,0.25,-0.05000000000000002,-0.010000000000000009
m5,0.28,0.29,0.29,-0.009999999999999953,0.0
h1,0.74,0.77,0.77,-0.030000000000000027,0.0
h1,0.74,0.75,0.75,-0.010000000000000009,0.0
h1,0.74,0.71,0.71,0.030000000000000027,0.0
m5,0.6,0.59,0.59,0.010000000000000009,0.0
m5,0.59,0.59,0.59,0.0,0.0
m5,0.59,0.58,0.59,0.010000000000000009,0.010000000000000009
h1,0.3,0.36,0.35,-0.06,-0.010000000000000009
m5,0.41,0.58,0.51,-0.16999999999999998,-0.06999999999999995
m5,0.41,0.41,0.41,0.0,0.0
m5,0.49,0.59,0.57,-0.09999999999999998,-0.020000000000000018
m5,0.5729,0.6,0.6,-0.027100000000000013,0.0
m5,0.6,0.6,0.6,0.0,0.0
m5,0.61,0.82,0.78,-0.20999999999999996,-0.039999999999999925
h1,0.8078,0.84,0.84,-0.032200000000000006,0.0
h1,0.7618,0.84,0.84,-0.07819999999999994,0.0
m5,0.23,0.18,0.16,0.05000000000000002,-0.01999999999999999
m5,0.19,0.16,0.18,0.03,0.01999999999999999
m5,0.8,0.85,0.83,-0.04999999999999993,-0.020000000000000018
h1,0.83,0.84,0.84,-0.010000000000000009,0.0
h1,0.83,0.85,0.84,-0.020000000000000018,-0.010000000000000009
m5,0.13,0.13,0.13,0.0,0.0
m5,0.13,0.13,0.13,0.0,0.0
m5,0.13,0.15,0.15,-0.01999999999999999,0.0
m5,0.13,0.15,0.15,-0.01999999999999999,0.0
h1,0.82,0.83,0.83,-0.010000000000000009,0.0
h1,0.82,0.79,0.79,0.029999999999999916,0.0
m15,0.71,0.65,0.66,0.05999999999999994,0.010000000000000009
m5,0.81,0.75,0.77,0.06000000000000005,0.020000000000000018
m5,0.2,0.26,0.24,-0.06,-0.020000000000000018
h1,0.74,0.72,0.72,0.020000000000000018,0.0
m5,0.21,0.3,0.29,-0.09,-0.010000000000000009
m5,0.31,0.26,0.26,0.04999999999999999,0.0
m5,0.6838,0.75,0.75,-0.06620000000000004,0.0
m5,0.75,0.77,0.76,-0.020000000000000018,-0.010000000000000009
m5,0.77,0.82,0.81,-0.04999999999999993,-0.009999999999999898
m5,0.14,0.14,0.15,0.0,0.009999999999999981
h1,0.79,0.79,0.79,0.0,0.0
h1,0.77,0.81,0.79,-0.040000000000000036,-0.020000000000000018
h1,0.79,0.81,0.81,-0.020000000000000018,0.0
h1,0.8067,0.84,0.84,-0.033299999999999996,0.0
h1,0.83,0.84,0.84,-0.010000000000000009,0.0
h1,0.83,0.84,0.84,-0.010000000000000009,0.0
h1,0.79,0.8,0.8,-0.010000000000000009,0.0
h1,0.16,0.21,0.21,-0.04999999999999999,0.0
h1,0.79,0.8,0.8,-0.010000000000000009,0.0
h1,0.79,0.75,0.8,0.040000000000000036,0.050000000000000044
m5,0.08,0.12,0.12,-0.039999999999999994,0.0
m5,0.89,0.89,0.9,0.0,0.010000000000000009
m5,0.8729,0.88,0.87,-0.007099999999999995,-0.010000000000000009
m5,0.87,0.93,0.96,-0.06000000000000005,0.029999999999999916
h1,0.7583,0.78,0.78,-0.021700000000000053,0.0
m15,0.29,0.27,0.27,0.019999999999999962,0.0
m5,0.52,0.5,0.5,0.020000000000000018,0.0
m5,0.52,0.5,0.5,0.020000000000000018,0.0
m5,0.54,0.54,0.53,0.0,-0.010000000000000009
m5,0.54,0.55,0.55,-0.010000000000000009,0.0
m5,0.53,0.55,0.55,-0.020000000000000018,0.0
m5,0.55,0.55,0.55,0.0,0.0
m5,0.55,0.55,0.55,0.0,0.0
m5,0.55,0.55,0.55,0.0,0.0
m15,0.78,0.8,0.8,-0.020000000000000018,0.0
h1,0.82,0.82,0.82,0.0,0.0
h1,0.79,0.78,0.78,0.010000000000000009,0.0
h1,0.79,0.78,0.78,0.010000000000000009,0.0
m5,0.5096,0.55,0.52,-0.04039999999999999,-0.030000000000000027
m5,0.52,0.57,0.56,-0.04999999999999993,-0.009999999999999898
m5,0.61,0.67,0.66,-0.06000000000000005,-0.010000000000000009
m5,0.31,0.29,0.3,0.020000000000000018,0.010000000000000009
m5,0.68,0.7,0.68,-0.019999999999999907,-0.019999999999999907
m5,0.68,0.76,0.74,-0.07999999999999996,-0.020000000000000018
m15,0.4,0.43,0.43,-0.02999999999999997,0.0
m5,0.22,0.3,0.3,-0.07999999999999999,0.0
m15,0.57,0.63,0.63,-0.06000000000000005,0.0
m5,0.31,0.43,0.41,-0.12,-0.020000000000000018
m5,0.43,0.43,0.43,0.0,0.0
h1,0.76,0.77,0.77,-0.010000000000000009,0.0
m5,0.57,0.68,0.68,-0.1100000000000001,0.0
m5,0.68,0.66,0.66,0.020000000000000018,0.0
m5,0.65,0.79,0.78,-0.14,-0.010000000000000009
m5,0.22,0.23,0.23,-0.010000000000000009,0.0
h1,0.31,0.32,0.32,-0.010000000000000009,0.0
m5,0.12,0.13,0.13,-0.010000000000000009,0.0
h1,0.32,0.34,0.34,-0.020000000000000018,0.0
m5,0.11,0.13,0.13,-0.020000000000000004,0.0
m5,0.13,0.13,0.13,0.0,0.0
m15,0.55,0.56,0.56,-0.010000000000000009,0.0
h1,0.66,0.68,0.68,-0.020000000000000018,0.0
h1,0.66,0.67,0.67,-0.010000000000000009,0.0
h1,0.66,0.67,0.67,-0.010000000000000009,0.0
h1,0.31,0.33,0.33,-0.020000000000000018,0.0
m15,0.63,0.7,0.69,-0.06999999999999995,-0.010000000000000009
m15,0.7068000000000001,0.74,0.73,-0.033199999999999896,-0.010000000000000009
m15,0.72,0.74,0.74,-0.020000000000000018,0.0
h1,0.74,0.75,0.75,-0.010000000000000009,0.0
m15,0.24,0.25,0.25,-0.010000000000000009,0.0
m15,0.39,0.41,0.4,-0.019999999999999962,-0.009999999999999953
m5,0.76,0.83,0.83,-0.06999999999999995,0.0
h1,0.35,0.36,0.36,-0.010000000000000009,0.0
h1,0.35,0.36,0.36,-0.010000000000000009,0.0
h1,0.35,0.36,0.36,-0.010000000000000009,0.0
m15,0.4825,0.55,0.51,-0.06750000000000006,-0.040000000000000036
m5,0.2,0.39,0.3,-0.19,-0.09000000000000002
m15,0.6065,0.68,0.7,-0.07350000000000001,0.019999999999999907
m15,0.7,0.68,0.7,0.019999999999999907,0.019999999999999907
m5,0.3379,0.38,0.39,-0.042100000000000026,0.010000000000000009
m5,0.2,0.38,0.39,-0.18,0.010000000000000009
m5,0.62,0.68,0.66,-0.06000000000000005,-0.020000000000000018
m5,0.74,0.77,0.76,-0.030000000000000027,-0.010000000000000009
m15,0.37,0.42,0.41,-0.04999999999999999,-0.010000000000000009
m15,0.41,0.41,0.42,0.0,0.010000000000000009
m5,0.76,0.78,0.77,-0.020000000000000018,-0.010000000000000009
m15,0.41,0.51,0.49,-0.10000000000000003,-0.020000000000000018
m15,0.48,0.51,0.51,-0.030000000000000027,0.0
m15,0.51,0.52,0.51,-0.010000000000000009,-0.010000000000000009
m5,0.15,0.14,0.14,0.009999999999999981,0.0
m15,0.56,0.56,0.56,0.0,0.0
m15,0.45,0.43,0.44,0.020000000000000018,0.010000000000000009
m15,0.57,0.6,0.6,-0.030000000000000027,0.0
m15,0.57,0.6,0.6,-0.030000000000000027,0.0
m5,0.11,0.13,0.13,-0.020000000000000004,0.0
m15,0.41,0.37,0.41,0.03999999999999998,0.03999999999999998
m15,0.6491,0.68,0.64,-0.03090000000000004,-0.040000000000000036
m15,0.3,0.33,0.37,-0.030000000000000027,0.03999999999999998
m15,0.3,0.33,0.37,-0.030000000000000027,0.03999999999999998
m5,0.09,0.1,0.1,-0.010000000000000009,0.0
m15,0.67,0.73,0.7,-0.05999999999999994,-0.030000000000000027
m15,0.32,0.28,0.31,0.03999999999999998,0.02999999999999997
m15,0.28,0.35,0.28,-0.06999999999999995,-0.06999999999999995
m15,0.34,0.37,0.36,-0.02999999999999997,-0.010000000000000009
m5,0.09,0.11,0.11,-0.020000000000000004,0.0
m15,0.35,0.37,0.37,-0.020000000000000018,0.0
m15,0.64,0.6,0.6,0.040000000000000036,0.0
m15,0.42,0.4,0.42,0.019999999999999962,0.019999999999999962
m15,0.46,0.48,0.46,-0.019999999999999962,-0.019999999999999962
m5,0.11,0.1,0.1,0.009999999999999995,0.0
m15,0.4815,0.52,0.51,-0.038500000000000034,-0.010000000000000009
m15,0.55,0.37,0.38,0.18000000000000005,0.010000000000000009
m15,0.4985,0.64,0.63,-0.14150000000000001,-0.010000000000000009
m15,0.67,0.74,0.72,-0.06999999999999995,-0.020000000000000018
m15,0.6405,0.74,0.72,-0.09950000000000003,-0.020000000000000018
m15,0.2622,0.39,0.37,-0.12780000000000002,-0.020000000000000018
m15,0.37170000000000003,0.37,0.35,0.0017000000000000348,-0.020000000000000018
m15,0.3543,0.29,0.37,0.06430000000000002,0.08000000000000002
m15,0.4014,0.29,0.37,0.1114,0.08000000000000002
m15,0.6954,0.73,0.72,-0.034599999999999964,-0.010000000000000009
m15,0.7309,0.7,0.75,0.03090000000000004,0.050000000000000044
m15,0.74,0.64,0.69,0.09999999999999998,0.04999999999999993
m15,0.73,0.64,0.69,0.08999999999999997,0.04999999999999993
m15,0.2825,0.37,0.32,-0.08750000000000002,-0.04999999999999999
m15,0.7490000000000001,0.64,0.69,0.1090000000000001,0.04999999999999993
m15,0.32,0.54,0.35,-0.22000000000000003,-0.19000000000000006
m15,0.3679,0.54,0.35,-0.17210000000000003,-0.19000000000000006
m15,0.37,0.75,0.73,-0.38,-0.020000000000000018
h1,0.62,0.71,0.7,-0.08999999999999997,-0.010000000000000009
h1,0.6831,0.71,0.7,-0.026899999999999924,-0.010000000000000009
m5,0.74,0.77,0.77,-0.030000000000000027,0.0
m5,0.74,0.77,0.77,-0.030000000000000027,0.0
m15,0.775,0.78,0.78,-0.0050000000000000044,0.0
m5,0.77,0.86,0.82,-0.08999999999999997,-0.040000000000000036
m15,0.25,0.23,0.27,0.01999999999999999,0.04000000000000001
m15,0.2782,0.23,0.23,0.04819999999999999,0.0
m5,0.15,0.13,0.16,0.01999999999999999,0.03
m15,0.78,0.77,0.77,0.010000000000000009,0.0
m15,0.77,0.77,0.77,0.0,0.0
m15,0.77,0.83,0.81,-0.05999999999999994,-0.019999999999999907
m5,0.13,0.14,0.15,-0.010000000000000009,0.009999999999999981
m15,0.77,0.83,0.81,-0.05999999999999994,-0.019999999999999907
h1,0.7,0.72,0.71,-0.020000000000000018,-0.010000000000000009
m5,0.14,0.12,0.12,0.020000000000000018,0.0
m5,0.1371,0.12,0.12,0.017100000000000004,0.0
m15,0.82,0.82,0.82,0.0,0.0
m5,0.16,0.09,0.12,0.07,0.03
m15,0.82,0.83,0.82,-0.010000000000000009,-0.010000000000000009
m15,0.82,0.83,0.82,-0.010000000000000009,-0.010000000000000009
m5,0.82,0.89,0.88,-0.07000000000000006,-0.010000000000000009
h1,0.75,0.79,0.79,-0.040000000000000036,0.0
h1,0.77,0.79,0.79,-0.020000000000000018,0.0
h1,0.76,0.79,0.79,-0.030000000000000027,0.0
m5,0.37,0.39,0.46,-0.020000000000000018,0.07
m5,0.37,0.39,0.46,-0.020000000000000018,0.07
m5,0.376,0.39,0.46,-0.014000000000000012,0.07
m15,0.41359999999999997,0.44,0.46,-0.026400000000000035,0.020000000000000018
m15,0.42,0.44,0.46,-0.020000000000000018,0.020000000000000018
m5,0.56,0.61,0.62,-0.04999999999999993,0.010000000000000009
m5,0.41,0.4,0.39,0.009999999999999953,-0.010000000000000009
m5,0.57,0.61,0.61,-0.040000000000000036,0.0
m5,0.57,0.61,0.61,-0.040000000000000036,0.0
m5,0.6,0.61,0.62,-0.010000000000000009,0.010000000000000009
h1,0.75,0.76,0.75,-0.010000000000000009,-0.010000000000000009
h1,0.74,0.77,0.77,-0.030000000000000027,0.0
m5,0.62,0.6,0.6,0.020000000000000018,0.0
m5,0.61,0.6,0.6,0.010000000000000009,0.0
m5,0.6,0.57,0.6,0.030000000000000027,0.030000000000000027
h1,0.7548,0.77,0.77,-0.015199999999999991,0.0
h1,0.7994,0.8,0.8,-0.0006000000000000449,0.0
m5,0.57,0.64,0.64,-0.07000000000000006,0.0
m5,0.64,0.71,0.65,-0.06999999999999995,-0.05999999999999994
m5,0.65,0.71,0.65,-0.05999999999999994,-0.05999999999999994
m15,0.64,0.7,0.68,-0.05999999999999994,-0.019999999999999907
h1,0.81,0.84,0.82,-0.029999999999999916,-0.020000000000000018
m5,0.65,0.66,0.7,-0.010000000000000009,0.039999999999999925
h1,0.83,0.84,0.84,-0.010000000000000009,0.0
m5,0.31,0.36,0.35,-0.04999999999999999,-0.010000000000000009
h1,0.83,0.82,0.82,0.010000000000000009,0.0
h1,0.83,0.82,0.82,0.010000000000000009,0.0
h1,0.83,0.82,0.82,0.010000000000000009,0.0
m5,0.38,0.41,0.39,-0.02999999999999997,-0.019999999999999962
h1,0.8,0.81,0.81,-0.010000000000000009,0.0
m5,0.51,0.54,0.53,-0.030000000000000027,-0.010000000000000009
h1,0.77,0.77,0.78,0.0,0.010000000000000009
m5,0.48,0.54,0.53,-0.06000000000000005,-0.010000000000000009
m5,0.54,0.58,0.58,-0.039999999999999925,0.0
m5,0.6,0.58,0.58,0.020000000000000018,0.0
m5,0.5786,0.58,0.58,-0.0013999999999999568,0.0
m5,0.58,0.6,0.59,-0.020000000000000018,-0.010000000000000009
h1,0.25,0.28,0.26,-0.030000000000000027,-0.020000000000000018
h1,0.25,0.28,0.28,-0.030000000000000027,0.0
m5,0.5986,0.59,0.6,0.008600000000000052,0.010000000000000009
m5,0.6,0.59,0.6,0.010000000000000009,0.010000000000000009
m5,0.41,0.43,0.43,-0.020000000000000018,0.0
m5,0.6,0.59,0.59,0.010000000000000009,0.0
h1,0.28,0.3,0.3,-0.019999999999999962,0.0
m5,0.59,0.65,0.67,-0.06000000000000005,0.020000000000000018
m5,0.34,0.5,0.38,-0.15999999999999998,-0.12
m5,0.34,0.5,0.38,-0.15999999999999998,-0.12
m5,0.4459,0.55,0.51,-0.10410000000000003,-0.040000000000000036
m15,0.5,0.55,0.52,-0.050000000000000044,-0.030000000000000027
h1,0.71,0.74,0.73,-0.030000000000000027,-0.010000000000000009
h1,0.72,0.77,0.74,-0.050000000000000044,-0.030000000000000027
h1,0.73,0.77,0.74,-0.040000000000000036,-0.030000000000000027
m5,0.55,0.6,0.59,-0.04999999999999993,-0.010000000000000009
h1,0.7422,0.77,0.77,-0.027800000000000047,0.0
m5,0.59,0.6,0.6,-0.010000000000000009,0.0
h1,0.79,0.77,0.77,0.020000000000000018,0.0
m5,0.6,0.56,0.58,0.039999999999999925,0.019999999999999907
m5,0.6003000000000001,0.56,0.58,0.0403,0.019999999999999907
m5,0.61,0.56,0.58,0.04999999999999993,0.019999999999999907
m5,0.4475,0.47,0.46,-0.022499999999999964,-0.009999999999999953
m5,0.63,0.54,0.55,0.08999999999999997,0.010000000000000009
m5,0.47,0.5,0.49,-0.030000000000000027,-0.010000000000000009
m5,0.5519,0.67,0.62,-0.1181000000000001,-0.050000000000000044
h1,0.82,0.81,0.83,0.009999999999999898,0.019999999999999907
m15,0.66,0.64,0.67,0.020000000000000018,0.030000000000000027
h1,0.82,0.81,0.81,0.009999999999999898,0.0
m5,0.43,0.49,0.5,-0.06,0.010000000000000009
m5,0.5457,0.49,0.52,0.05569999999999997,0.030000000000000027
m15,0.58,0.58,0.6,0.0,0.020000000000000018
m5,0.57,0.55,0.59,0.019999999999999907,0.039999999999999925
m5,0.49,0.52,0.52,-0.030000000000000027,0.0
m15,0.57,0.56,0.56,0.009999999999999898,0.0
h1,0.76,0.76,0.76,0.0,0.0
m5,0.55,0.58,0.58,-0.029999999999999916,0.0
m5,0.43,0.43,0.43,0.0,0.0
m5,0.4316,0.41,0.45,0.021600000000000008,0.040000000000000036
m5,0.37,0.48,0.48,-0.10999999999999999,0.0
m5,0.44,0.48,0.48,-0.03999999999999998,0.0
m5,0.48,0.49,0.49,-0.010000000000000009,0.0
m5,0.49,0.49,0.49,0.0,0.0
m5,0.46909999999999996,0.52,0.52,-0.050900000000000056,0.0
m5,0.56,0.49,0.49,0.07000000000000006,0.0
m5,0.45,0.52,0.52,-0.07,0.0
m5,0.51,0.59,0.58,-0.07999999999999996,-0.010000000000000009
m5,0.56,0.55,0.59,0.010000000000000009,0.039999999999999925
m5,0.43729999999999997,0.49,0.47,-0.052700000000000025,-0.020000000000000018
m5,0.46,0.54,0.49,-0.08000000000000002,-0.050000000000000044
m5,0.54,0.54,0.54,0.0,0.0
m5,0.48369999999999996,0.54,0.54,-0.05630000000000007,0.0
m5,0.54,0.52,0.53,0.020000000000000018,0.010000000000000009
m5,0.48479999999999995,0.38,0.38,0.10479999999999995,0.0
m5,0.47,0.38,0.38,0.08999999999999997,0.0
m5,0.6356,0.83,0.69,-0.1943999999999999,-0.14
m5,0.7,0.88,0.83,-0.18000000000000005,-0.050000000000000044
h1,0.3,0.35,0.32,-0.04999999999999999,-0.02999999999999997
h1,0.3308,0.37,0.35,-0.03920000000000001,-0.020000000000000018
m5,0.83,0.91,0.89,-0.08000000000000007,-0.020000000000000018
h1,0.35,0.37,0.37,-0.020000000000000018,0.0
h1,0.37,0.37,0.37,0.0,0.0
m5,0.1,0.12,0.12,-0.01999999999999999,0.0
h1,0.36,0.37,0.37,-0.010000000000000009,0.0
h1,0.37,0.37,0.37,0.0,0.0
h1,0.36,0.37,0.37,-0.010000000000000009,0.0
h1,0.37,0.37,0.37,0.0,0.0
h1,0.36,0.37,0.37,-0.010000000000000009,0.0
h1,0.37,0.37,0.37,0.0,0.0
m5,0.12,0.13,0.13,-0.010000000000000009,0.0
h1,0.37,0.34,0.37,0.02999999999999997,0.02999999999999997
m5,0.13,0.18,0.18,-0.04999999999999999,0.0
h1,0.34,0.38,0.38,-0.03999999999999998,0.0
m5,0.18,0.11,0.12,0.06999999999999999,0.009999999999999995
m15,0.38,0.34,0.35,0.03999999999999998,0.009999999999999953
h1,0.34,0.38,0.38,-0.03999999999999998,0.0
m15,0.67,0.77,0.7,-0.09999999999999998,-0.07000000000000006
m15,0.67,0.77,0.7,-0.09999999999999998,-0.07000000000000006
h1,0.4,0.47,0.42,-0.06999999999999995,-0.04999999999999999
m15,0.7,0.77,0.77,-0.07000000000000006,0.0
m15,0.24,0.25,0.27,-0.010000000000000009,0.020000000000000018
h1,0.45,0.46,0.46,-0.010000000000000009,0.0
m15,0.24,0.25,0.25,-0.010000000000000009,0.0
h1,0.45,0.41,0.46,0.040000000000000036,0.050000000000000044
h1,0.45,0.41,0.46,0.040000000000000036,0.050000000000000044
m15,0.27,0.32,0.31,-0.04999999999999999,-0.010000000000000009
m5,0.85,0.88,0.91,-0.030000000000000027,0.030000000000000027
m15,0.33,0.33,0.33,0.0,0.0
m5,0.14,0.12,0.12,0.020000000000000018,0.0
h1,0.37,0.38,0.38,-0.010000000000000009,0.0
h1,0.58,0.58,0.59,0.0,0.010000000000000009
h1,0.44,0.47,0.47,-0.02999999999999997,0.0
h1,0.47,0.51,0.51,-0.040000000000000036,0.0
h1,0.49,0.51,0.5,-0.020000000000000018,-0.010000000000000009
h1,0.49,0.51,0.5,-0.020000000000000018,-0.010000000000000009
h1,0.49,0.5,0.51,-0.010000000000000009,0.010000000000000009
h1,0.5,0.48,0.49,0.020000000000000018,0.010000000000000009
h1,0.53,0.55,0.55,-0.020000000000000018,0.0
h1,0.49,0.51,0.51,-0.020000000000000018,0.0
h1,0.5,0.51,0.51,-0.010000000000000009,0.0
m15,0.76,0.72,0.76,0.040000000000000036,0.040000000000000036
h1,0.52,0.57,0.55,-0.04999999999999993,-0.019999999999999907
m5,0.48,0.42,0.48,0.06,0.06
m15,0.78,0.72,0.76,0.06000000000000005,0.040000000000000036
h1,0.57,0.59,0.58,-0.020000000000000018,-0.010000000000000009
m5,0.53,0.62,0.61,-0.08999999999999997,-0.010000000000000009
m5,0.53,0.63,0.62,-0.09999999999999998,-0.010000000000000009
h1,0.58,0.59,0.59,-0.010000000000000009,0.0
m5,0.38,0.42,0.42,-0.03999999999999998,0.0
h1,0.58,0.58,0.58,0.0,0.0
m5,0.49,0.51,0.51,-0.020000000000000018,0.0
m5,0.5,0.52,0.55,-0.020000000000000018,0.030000000000000027
m5,0.5,0.5,0.51,0.0,0.010000000000000009
m5,0.5,0.52,0.51,-0.020000000000000018,-0.010000000000000009
m5,0.49,0.52,0.51,-0.030000000000000027,-0.010000000000000009
h1,0.48,0.5,0.5,-0.020000000000000018,0.0
m5,0.53,0.54,0.54,-0.010000000000000009,0.0
m5,0.47,0.5,0.48,-0.030000000000000027,-0.020000000000000018
h1,0.54,0.55,0.55,-0.010000000000000009,0.0
m5,0.59,0.64,0.62,-0.050000000000000044,-0.020000000000000018
h1,0.5943999999999999,0.64,0.61,-0.045600000000000085,-0.030000000000000027
h1,0.55,0.64,0.61,-0.08999999999999997,-0.030000000000000027
h1,0.5639,0.64,0.61,-0.07610000000000006,-0.030000000000000027
m5,0.62,0.64,0.62,-0.020000000000000018,-0.020000000000000018
m5,0.62,0.64,0.62,-0.020000000000000018,-0.020000000000000018
h1,0.61,0.67,0.64,-0.06000000000000005,-0.030000000000000027
h1,0.61,0.67,0.64,-0.06000000000000005,-0.030000000000000027
h1,0.6121,0.67,0.64,-0.05790000000000006,-0.030000000000000027
m15,0.33,0.39,0.34,-0.06,-0.04999999999999999
m15,0.34,0.41,0.4,-0.06999999999999995,-0.009999999999999953
h1,0.65,0.67,0.67,-0.020000000000000018,0.0
h1,0.66,0.67,0.67,-0.010000000000000009,0.0
m5,0.38,0.41,0.39,-0.02999999999999997,-0.019999999999999962
h1,0.61,0.58,0.58,0.030000000000000027,0.0
m5,0.54,0.55,0.55,-0.010000000000000009,0.0
m15,0.26,0.27,0.27,-0.010000000000000009,0.0
h1,0.42,0.43,0.43,-0.010000000000000009,0.0
h1,0.42,0.43,0.43,-0.010000000000000009,0.0
m5,0.53,0.53,0.53,0.0,0.0
m5,0.47,0.48,0.48,-0.010000000000000009,0.0
m5,0.54,0.57,0.57,-0.029999999999999916,0.0
m5,0.64,0.66,0.65,-0.020000000000000018,-0.010000000000000009
h1,0.62,0.62,0.62,0.0,0.0
h1,0.62,0.62,0.62,0.0,0.0
h1,0.62,0.62,0.62,0.0,0.0
m5,0.7,0.73,0.73,-0.030000000000000027,0.0
h1,0.62,0.62,0.62,0.0,0.0
m5,0.3297,0.36,0.36,-0.030299999999999994,0.0
m5,0.3,0.36,0.36,-0.06,0.0
m5,0.66,0.69,0.7,-0.029999999999999916,0.010000000000000009
m5,0.64,0.69,0.7,-0.04999999999999993,0.010000000000000009
m5,0.7,0.68,0.68,0.019999999999999907,0.0
h1,0.6,0.6,0.6,0.0,0.0
m5,0.32,0.29,0.34,0.030000000000000027,0.050000000000000044
m5,0.77,0.77,0.77,0.0,0.0
h1,0.61,0.61,0.61,0.0,0.0
h1,0.61,0.62,0.61,-0.010000000000000009,-0.010000000000000009
h1,0.61,0.64,0.62,-0.030000000000000027,-0.020000000000000018
h1,0.6233,0.65,0.65,-0.026700000000000057,0.0
h1,0.64,0.68,0.65,-0.040000000000000036,-0.030000000000000027
h1,0.6698999999999999,0.69,0.69,-0.020100000000000007,0.0
h1,0.6598999999999999,0.69,0.69,-0.030100000000000016,0.0
h1,0.65,0.69,0.69,-0.039999999999999925,0.0
m15,0.45,0.5,0.49,-0.04999999999999999,-0.010000000000000009
m15,0.53,0.54,0.54,-0.010000000000000009,0.0
m5,0.09,0.1,0.1,-0.010000000000000009,0.0
m5,0.1,0.09,0.09,0.010000000000000009,0.0
m5,0.0843,0.08,0.08,0.004299999999999998,0.0
m15,0.5,0.5,0.5,0.0,0.0
m5,0.09,0.08,0.08,0.009999999999999995,0.0
m15,0.47,0.51,0.48,-0.040000000000000036,-0.030000000000000027
m15,0.5,0.57,0.56,-0.06999999999999995,-0.009999999999999898
h1,0.72,0.73,0.73,-0.010000000000000009,0.0
h1,0.73,0.73,0.73,0.0,0.0
h1,0.24,0.25,0.25,-0.010000000000000009,0.0
h1,0.24,0.25,0.25,-0.010000000000000009,0.0
h1,0.24,0.23,0.23,0.009999999999999981,0.0
m5,0.01,0.01,0.01,0.0,0.0
m15,0.35,0.43,0.4,-0.08000000000000002,-0.02999999999999997
h1,0.24,0.29,0.26,-0.04999999999999999,-0.02999999999999997
h1,0.24,0.29,0.26,-0.04999999999999999,-0.02999999999999997
h1,0.26,0.3,0.29,-0.03999999999999998,-0.010000000000000009
h1,0.25,0.3,0.29,-0.04999999999999999,-0.010000000000000009
h1,0.29,0.3,0.3,-0.010000000000000009,0.0
h1,0.29,0.3,0.3,-0.010000000000000009,0.0
m5,0.63,0.64,0.63,-0.010000000000000009,-0.010000000000000009
h1,0.29,0.3,0.3,-0.010000000000000009,0.0
h1,0.29,0.3,0.3,-0.010000000000000009,0.0
h1,0.29,0.3,0.3,-0.010000000000000009,0.0
m5,0.44,0.42,0.44,0.020000000000000018,0.020000000000000018
m5,0.56,0.61,0.59,-0.04999999999999993,-0.020000000000000018
m5,0.59,0.62,0.62,-0.030000000000000027,0.0
h1,0.2964,0.3,0.31,-0.003599999999999992,0.010000000000000009
m5,0.66,0.73,0.73,-0.06999999999999995,0.0
m15,0.68,0.71,0.7,-0.029999999999999916,-0.010000000000000009
h1,0.34,0.36,0.36,-0.019999999999999962,0.0
h1,0.36,0.36,0.36,0.0,0.0
h1,0.36,0.36,0.36,0.0,0.0
h1,0.36,0.37,0.36,-0.010000000000000009,-0.010000000000000009
h1,0.36,0.38,0.38,-0.020000000000000018,0.0
h1,0.37,0.39,0.38,-0.020000000000000018,-0.010000000000000009
h1,0.39,0.44,0.42,-0.04999999999999999,-0.020000000000000018
m15,0.1,0.13,0.12,-0.03,-0.010000000000000009
h1,0.43,0.44,0.44,-0.010000000000000009,0.0
h1,0.4,0.44,0.44,-0.03999999999999998,0.0
h1,0.45,0.47,0.47,-0.019999999999999962,0.0
m15,0.06,0.06,0.07,0.0,0.010000000000000009
h1,0.45,0.46,0.46,-0.010000000000000009,0.0
m5,0.07,0.09,0.09,-0.01999999999999999,0.0
m15,0.08,0.09,0.09,-0.009999999999999995,0.0
h1,0.56,0.61,0.61,-0.04999999999999993,0.0
h1,0.5988,0.61,0.61,-0.011199999999999988,0.0
m15,0.14,0.15,0.15,-0.009999999999999981,0.0
m5,0.09,0.13,0.13,-0.04000000000000001,0.0
m5,0.11,0.13,0.13,-0.020000000000000004,0.0
h1,0.62,0.63,0.63,-0.010000000000000009,0.0
m5,0.13,0.18,0.18,-0.04999999999999999,0.0
m15,0.84,0.84,0.86,0.0,0.020000000000000018
h1,0.62,0.63,0.63,-0.010000000000000009,0.0
m15,0.2,0.22,0.22,-0.01999999999999999,0.0
h1,0.63,0.66,0.66,-0.030000000000000027,0.0
h1,0.65,0.64,0.66,0.010000000000000009,0.020000000000000018
h1,0.66,0.64,0.64,0.020000000000000018,0.0
m5,0.89,0.9,0.9,-0.010000000000000009,0.0
m15,0.87,0.89,0.88,-0.020000000000000018,-0.010000000000000009
m15,0.17,0.19,0.17,-0.01999999999999999,-0.01999999999999999
h1,0.64,0.65,0.65,-0.010000000000000009,0.0
h1,0.64,0.66,0.66,-0.020000000000000018,0.0
m15,0.19,0.19,0.19,0.0,0.0
m5,0.85,0.87,0.87,-0.020000000000000018,0.0
h1,0.63,0.61,0.61,0.020000000000000018,0.0
h1,0.61,0.61,0.61,0.0,0.0
h1,0.61,0.61,0.61,0.0,0.0
h1,0.6,0.61,0.62,-0.010000000000000009,0.010000000000000009
h1,0.6,0.61,0.62,-0.010000000000000009,0.010000000000000009
h1,0.61,0.61,0.62,0.0,0.010000000000000009
h1,0.6,0.61,0.62,-0.010000000000000009,0.010000000000000009
h1,0.6,0.61,0.61,-0.010000000000000009,0.0
h1,0.6,0.61,0.61,-0.010000000000000009,0.0
h1,0.6,0.61,0.61,-0.010000000000000009,0.0
h1,0.6,0.61,0.61,-0.010000000000000009,0.0
h1,0.6,0.61,0.61,-0.010000000000000009,0.0
h1,0.6,0.61,0.61,-0.010000000000000009,0.0
h1,0.6,0.61,0.61,-0.010000000000000009,0.0
h1,0.6,0.61,0.61,-0.010000000000000009,0.0
h1,0.6,0.61,0.61,-0.010000000000000009,0.0
h1,0.6,0.61,0.61,-0.010000000000000009,0.0
h1,0.6,0.61,0.61,-0.010000000000000009,0.0
h1,0.6,0.61,0.61,-0.010000000000000009,0.0
h1,0.6,0.61,0.61,-0.010000000000000009,0.0
h1,0.6,0.61,0.61,-0.010000000000000009,0.0
m5,0.9,0.92,0.91,-0.020000000000000018,-0.010000000000000009
h1,0.6,0.6,0.61,0.0,0.010000000000000009
h1,0.6,0.6,0.61,0.0,0.010000000000000009
h1,0.6,0.6,0.61,0.0,0.010000000000000009
h1,0.6,0.6,0.61,0.0,0.010000000000000009
h1,0.6,0.6,0.61,0.0,0.010000000000000009
h1,0.6,0.6,0.61,0.0,0.010000000000000009
h1,0.6,0.6,0.61,0.0,0.010000000000000009
h1,0.6,0.6,0.61,0.0,0.010000000000000009
h1,0.6,0.6,0.61,0.0,0.010000000000000009
h1,0.6,0.6,0.61,0.0,0.010000000000000009
h1,0.6,0.6,0.61,0.0,0.010000000000000009
h1,0.6,0.6,0.61,0.0,0.010000000000000009
h1,0.6,0.6,0.61,0.0,0.010000000000000009
h1,0.6,0.6,0.61,0.0,0.010000000000000009
h1,0.6,0.6,0.61,0.0,0.010000000000000009
h1,0.6,0.6,0.61,0.0,0.010000000000000009
h1,0.6,0.6,0.61,0.0,0.010000000000000009
h1,0.6,0.6,0.61,0.0,0.010000000000000009
h1,0.6,0.6,0.61,0.0,0.010000000000000009
h1,0.6,0.6,0.61,0.0,0.010000000000000009
h1,0.6,0.6,0.61,0.0,0.010000000000000009
h1,0.6,0.6,0.61,0.0,0.010000000000000009
h1,0.6,0.6,0.61,0.0,0.010000000000000009
h1,0.6,0.6,0.61,0.0,0.010000000000000009
h1,0.6,0.6,0.61,0.0,0.010000000000000009
h1,0.6,0.6,0.61,0.0,0.010000000000000009
h1,0.6,0.6,0.61,0.0,0.010000000000000009
h1,0.6,0.6,0.61,0.0,0.010000000000000009
h1,0.6,0.6,0.61,0.0,0.010000000000000009
h1,0.59,0.58,0.58,0.010000000000000009,0.0
h1,0.59,0.58,0.58,0.010000000000000009,0.0
h1,0.59,0.58,0.58,0.010000000000000009,0.0
h1,0.59,0.58,0.58,0.010000000000000009,0.0
h1,0.59,0.58,0.58,0.010000000000000009,0.0
h1,0.59,0.58,0.58,0.010000000000000009,0.0
h1,0.59,0.58,0.58,0.010000000000000009,0.0
h1,0.59,0.58,0.58,0.010000000000000009,0.0
h1,0.59,0.58,0.58,0.010000000000000009,0.0
h1,0.59,0.58,0.58,0.010000000000000009,0.0
h1,0.59,0.58,0.58,0.010000000000000009,0.0
h1,0.59,0.58,0.58,0.010000000000000009,0.0
h1,0.59,0.58,0.58,0.010000000000000009,0.0
h1,0.59,0.58,0.58,0.010000000000000009,0.0
h1,0.59,0.58,0.58,0.010000000000000009,0.0
h1,0.59,0.58,0.58,0.010000000000000009,0.0
h1,0.59,0.58,0.58,0.010000000000000009,0.0
h1,0.59,0.58,0.58,0.010000000000000009,0.0
h1,0.59,0.58,0.58,0.010000000000000009,0.0
h1,0.59,0.58,0.58,0.010000000000000009,0.0
h1,0.59,0.58,0.58,0.010000000000000009,0.0
h1,0.59,0.58,0.58,0.010000000000000009,0.0
h1,0.59,0.58,0.58,0.010000000000000009,0.0
h1,0.59,0.58,0.58,0.010000000000000009,0.0
h1,0.59,0.58,0.58,0.010000000000000009,0.0
h1,0.59,0.58,0.58,0.010000000000000009,0.0
h1,0.59,0.58,0.58,0.010000000000000009,0.0
h1,0.59,0.58,0.58,0.010000000000000009,0.0
h1,0.59,0.58,0.58,0.010000000000000009,0.0
h1,0.59,0.58,0.58,0.010000000000000009,0.0
h1,0.59,0.58,0.58,0.010000000000000009,0.0
h1,0.59,0.58,0.58,0.010000000000000009,0.0
h1,0.59,0.58,0.58,0.010000000000000009,0.0
h1,0.59,0.58,0.58,0.010000000000000009,0.0
h1,0.59,0.58,0.58,0.010000000000000009,0.0
h1,0.59,0.58,0.58,0.010000000000000009,0.0
h1,0.59,0.58,0.58,0.010000000000000009,0.0
h1,0.59,0.58,0.58,0.010000000000000009,0.0
h1,0.59,0.58,0.58,0.010000000000000009,0.0
h1,0.59,0.58,0.58,0.010000000000000009,0.0
h1,0.59,0.58,0.58,0.010000000000000009,0.0
h1,0.59,0.58,0.58,0.010000000000000009,0.0
h1,0.59,0.58,0.58,0.010000000000000009,0.0
h1,0.59,0.58,0.58,0.010000000000000009,0.0
h1,0.59,0.58,0.58,0.010000000000000009,0.0
h1,0.59,0.58,0.58,0.010000000000000009,0.0
h1,0.59,0.58,0.58,0.010000000000000009,0.0
h1,0.59,0.58,0.58,0.010000000000000009,0.0
h1,0.59,0.58,0.58,0.010000000000000009,0.0
h1,0.59,0.58,0.58,0.010000000000000009,0.0
h1,0.59,0.58,0.58,0.010000000000000009,0.0
h1,0.59,0.58,0.58,0.010000000000000009,0.0
h1,0.59,0.58,0.58,0.010000000000000009,0.0
h1,0.59,0.58,0.58,0.010000000000000009,0.0
h1,0.59,0.58,0.58,0.010000000000000009,0.0
h1,0.5735,0.59,0.59,-0.01649999999999996,0.0
m15,0.94,0.95,0.95,-0.010000000000000009,0.0
h1,0.57,0.6,0.63,-0.030000000000000027,0.030000000000000027
h1,0.57,0.6,0.63,-0.030000000000000027,0.030000000000000027
h1,0.57,0.6,0.63,-0.030000000000000027,0.030000000000000027
h1,0.57,0.6,0.63,-0.030000000000000027,0.030000000000000027
h1,0.57,0.6,0.63,-0.030000000000000027,0.030000000000000027
h1,0.57,0.6,0.63,-0.030000000000000027,0.030000000000000027
h1,0.57,0.6,0.63,-0.030000000000000027,0.030000000000000027
h1,0.57,0.6,0.63,-0.030000000000000027,0.030000000000000027
h1,0.57,0.6,0.63,-0.030000000000000027,0.030000000000000027
h1,0.57,0.6,0.63,-0.030000000000000027,0.030000000000000027
h1,0.57,0.6,0.63,-0.030000000000000027,0.030000000000000027
h1,0.57,0.6,0.63,-0.030000000000000027,0.030000000000000027
h1,0.57,0.6,0.63,-0.030000000000000027,0.030000000000000027
h1,0.57,0.6,0.63,-0.030000000000000027,0.030000000000000027
h1,0.57,0.6,0.63,-0.030000000000000027,0.030000000000000027
h1,0.57,0.6,0.63,-0.030000000000000027,0.030000000000000027
h1,0.57,0.6,0.63,-0.030000000000000027,0.030000000000000027
h1,0.57,0.6,0.63,-0.030000000000000027,0.030000000000000027
h1,0.57,0.6,0.63,-0.030000000000000027,0.030000000000000027
h1,0.57,0.6,0.63,-0.030000000000000027,0.030000000000000027
h1,0.57,0.6,0.63,-0.030000000000000027,0.030000000000000027
h1,0.57,0.6,0.63,-0.030000000000000027,0.030000000000000027
h1,0.57,0.6,0.63,-0.030000000000000027,0.030000000000000027
h1,0.57,0.6,0.63,-0.030000000000000027,0.030000000000000027
h1,0.57,0.6,0.63,-0.030000000000000027,0.030000000000000027
h1,0.57,0.6,0.63,-0.030000000000000027,0.030000000000000027
h1,0.57,0.6,0.63,-0.030000000000000027,0.030000000000000027
h1,0.57,0.6,0.63,-0.030000000000000027,0.030000000000000027
h1,0.57,0.6,0.63,-0.030000000000000027,0.030000000000000027
h1,0.57,0.6,0.63,-0.030000000000000027,0.030000000000000027
h1,0.57,0.6,0.63,-0.030000000000000027,0.030000000000000027
h1,0.57,0.6,0.63,-0.030000000000000027,0.030000000000000027
h1,0.57,0.6,0.63,-0.030000000000000027,0.030000000000000027
h1,0.57,0.6,0.63,-0.030000000000000027,0.030000000000000027
h1,0.57,0.6,0.63,-0.030000000000000027,0.030000000000000027
h1,0.57,0.6,0.63,-0.030000000000000027,0.030000000000000027
h1,0.57,0.6,0.63,-0.030000000000000027,0.030000000000000027
h1,0.57,0.6,0.63,-0.030000000000000027,0.030000000000000027
h1,0.57,0.6,0.63,-0.030000000000000027,0.030000000000000027
h1,0.57,0.6,0.63,-0.030000000000000027,0.030000000000000027
h1,0.57,0.6,0.63,-0.030000000000000027,0.030000000000000027
h1,0.57,0.6,0.63,-0.030000000000000027,0.030000000000000027
h1,0.57,0.6,0.63,-0.030000000000000027,0.030000000000000027
h1,0.57,0.6,0.63,-0.030000000000000027,0.030000000000000027
h1,0.57,0.6,0.63,-0.030000000000000027,0.030000000000000027
h1,0.57,0.6,0.63,-0.030000000000000027,0.030000000000000027
h1,0.57,0.6,0.63,-0.030000000000000027,0.030000000000000027
h1,0.57,0.6,0.63,-0.030000000000000027,0.030000000000000027
h1,0.57,0.6,0.63,-0.030000000000000027,0.030000000000000027
h1,0.57,0.6,0.63,-0.030000000000000027,0.030000000000000027
h1,0.57,0.6,0.63,-0.030000000000000027,0.030000000000000027
h1,0.57,0.6,0.63,-0.030000000000000027,0.030000000000000027
h1,0.57,0.6,0.63,-0.030000000000000027,0.030000000000000027
h1,0.57,0.6,0.63,-0.030000000000000027,0.030000000000000027
h1,0.57,0.6,0.63,-0.030000000000000027,0.030000000000000027
h1,0.57,0.6,0.63,-0.030000000000000027,0.030000000000000027
h1,0.57,0.6,0.63,-0.030000000000000027,0.030000000000000027
h1,0.57,0.6,0.63,-0.030000000000000027,0.030000000000000027
h1,0.57,0.6,0.63,-0.030000000000000027,0.030000000000000027
h1,0.57,0.6,0.63,-0.030000000000000027,0.030000000000000027
h1,0.57,0.6,0.63,-0.030000000000000027,0.030000000000000027
h1,0.57,0.6,0.63,-0.030000000000000027,0.030000000000000027
h1,0.57,0.6,0.63,-0.030000000000000027,0.030000000000000027
h1,0.57,0.6,0.63,-0.030000000000000027,0.030000000000000027
h1,0.57,0.6,0.63,-0.030000000000000027,0.030000000000000027
h1,0.57,0.6,0.63,-0.030000000000000027,0.030000000000000027
h1,0.57,0.6,0.63,-0.030000000000000027,0.030000000000000027
h1,0.57,0.6,0.63,-0.030000000000000027,0.030000000000000027
h1,0.57,0.6,0.63,-0.030000000000000027,0.030000000000000027
h1,0.57,0.6,0.63,-0.030000000000000027,0.030000000000000027
h1,0.57,0.6,0.63,-0.030000000000000027,0.030000000000000027
h1,0.57,0.6,0.63,-0.030000000000000027,0.030000000000000027
h1,0.57,0.6,0.63,-0.030000000000000027,0.030000000000000027
h1,0.57,0.6,0.63,-0.030000000000000027,0.030000000000000027
h1,0.57,0.6,0.63,-0.030000000000000027,0.030000000000000027
h1,0.57,0.6,0.63,-0.030000000000000027,0.030000000000000027
h1,0.57,0.6,0.63,-0.030000000000000027,0.030000000000000027
h1,0.57,0.6,0.63,-0.030000000000000027,0.030000000000000027
h1,0.57,0.6,0.63,-0.030000000000000027,0.030000000000000027
h1,0.57,0.61,0.6,-0.040000000000000036,-0.010000000000000009
h1,0.63,0.61,0.6,0.020000000000000018,-0.010000000000000009
h1,0.58,0.61,0.6,-0.030000000000000027,-0.010000000000000009
h1,0.57,0.61,0.6,-0.040000000000000036,-0.010000000000000009
h1,0.59,0.59,0.59,0.0,0.0
h1,0.6,0.59,0.59,0.010000000000000009,0.0
h1,0.59,0.59,0.59,0.0,0.0
h1,0.59,0.59,0.59,0.0,0.0
h1,0.59,0.59,0.59,0.0,0.0
h1,0.59,0.59,0.59,0.0,0.0
h1,0.6011,0.59,0.59,0.011099999999999999,0.0
h1,0.59,0.59,0.59,0.0,0.0
h1,0.59,0.59,0.59,0.0,0.0
h1,0.59,0.59,0.59,0.0,0.0
h1,0.59,0.59,0.59,0.0,0.0
h1,0.59,0.59,0.59,0.0,0.0
h1,0.59,0.59,0.59,0.0,0.0
h1,0.59,0.59,0.59,0.0,0.0
h1,0.59,0.59,0.59,0.0,0.0
h1,0.59,0.59,0.59,0.0,0.0
h1,0.59,0.59,0.59,0.0,0.0
h1,0.59,0.59,0.59,0.0,0.0
h1,0.59,0.62,0.61,-0.030000000000000027,-0.010000000000000009
h1,0.5928,0.62,0.61,-0.027200000000000002,-0.010000000000000009
m5,0.6,0.64,0.6,-0.040000000000000036,-0.040000000000000036
m5,0.6,0.66,0.65,-0.06000000000000005,-0.010000000000000009
h1,0.67,0.69,0.68,-0.019999999999999907,-0.009999999999999898
h1,0.6798000000000001,0.7,0.7,-0.020199999999999885,0.0
h1,0.3261,0.41,0.41,-0.08389999999999997,0.0
m5,0.5945,0.58,0.58,0.014500000000000068,0.0
h1,0.41,0.41,0.41,0.0,0.0
m5,0.6,0.58,0.58,0.020000000000000018,0.0
h1,0.4,0.41,0.41,-0.009999999999999953,0.0
m5,0.43450000000000005,0.41,0.42,0.024500000000000077,0.010000000000000009
m15,0.44,0.44,0.44,0.0,0.0
h1,0.67,0.67,0.67,0.0,0.0
h1,0.66,0.67,0.64,-0.010000000000000009,-0.030000000000000027
h1,0.6463,0.68,0.68,-0.03370000000000006,0.0
h1,0.68,0.67,0.69,0.010000000000000009,0.019999999999999907
h1,0.68,0.67,0.69,0.010000000000000009,0.019999999999999907
h1,0.69,0.67,0.69,0.019999999999999907,0.019999999999999907
m5,0.31,0.32,0.32,-0.010000000000000009,0.0
m5,0.69,0.74,0.74,-0.050000000000000044,0.0
m15,0.67,0.69,0.69,-0.019999999999999907,0.0
m15,0.74,0.72,0.73,0.020000000000000018,0.010000000000000009
m5,0.18,0.19,0.19,-0.010000000000000009,0.0
m5,0.18,0.19,0.19,-0.010000000000000009,0.0
m5,0.19,0.19,0.19,0.0,0.0
h1,0.23,0.22,0.22,0.010000000000000009,0.0
h1,0.22,0.22,0.22,0.0,0.0
h1,0.21,0.22,0.22,-0.010000000000000009,0.0
h1,0.21,0.22,0.22,-0.010000000000000009,0.0
h1,0.21,0.22,0.22,-0.010000000000000009,0.0
h1,0.21,0.22,0.22,-0.010000000000000009,0.0
h1,0.21,0.22,0.22,-0.010000000000000009,0.0
h1,0.21,0.22,0.22,-0.010000000000000009,0.0
h1,0.21,0.22,0.22,-0.010000000000000009,0.0
h1,0.21,0.22,0.22,-0.010000000000000009,0.0
h1,0.21,0.21,0.22,0.0,0.010000000000000009
h1,0.21,0.21,0.22,0.0,0.010000000000000009
h1,0.21,0.21,0.21,0.0,0.0
h1,0.21,0.21,0.21,0.0,0.0
h1,0.2,0.21,0.21,-0.009999999999999981,0.0
h1,0.2,0.22,0.21,-0.01999999999999999,-0.010000000000000009
h1,0.2,0.22,0.21,-0.01999999999999999,-0.010000000000000009
h1,0.2,0.25,0.22,-0.04999999999999999,-0.03
h1,0.21,0.25,0.22,-0.04000000000000001,-0.03
h1,0.2,0.25,0.22,-0.04999999999999999,-0.03
h1,0.2,0.25,0.22,-0.04999999999999999,-0.03
h1,0.2,0.25,0.22,-0.04999999999999999,-0.03
h1,0.2,0.25,0.22,-0.04999999999999999,-0.03
h1,0.2,0.25,0.22,-0.04999999999999999,-0.03
h1,0.2,0.25,0.22,-0.04999999999999999,-0.03
m5,0.1867,0.22,0.22,-0.033299999999999996,0.0
m5,0.21,0.22,0.22,-0.010000000000000009,0.0
m5,0.2046,0.22,0.22,-0.015399999999999997,0.0
h1,0.22,0.25,0.25,-0.03,0.0
m5,0.79,0.87,0.87,-0.07999999999999996,0.0
h1,0.79,0.83,0.81,-0.039999999999999925,-0.019999999999999907
h1,0.79,0.83,0.81,-0.039999999999999925,-0.019999999999999907
h1,0.17,0.18,0.18,-0.009999999999999981,0.0
h1,0.17,0.18,0.18,-0.009999999999999981,0.0
h1,0.17,0.18,0.18,-0.009999999999999981,0.0
m5,0.94,0.96,0.96,-0.020000000000000018,0.0
h1,0.81,0.82,0.82,-0.009999999999999898,0.0
h1,0.81,0.84,0.83,-0.029999999999999916,-0.010000000000000009
h1,0.2,0.21,0.21,-0.009999999999999981,0.0
h1,0.2,0.18,0.17,0.020000000000000018,-0.009999999999999981
h1,0.2,0.18,0.17,0.020000000000000018,-0.009999999999999981
h1,0.2,0.18,0.17,0.020000000000000018,-0.009999999999999981
h1,0.2,0.18,0.17,0.020000000000000018,-0.009999999999999981
h1,0.2,0.18,0.17,0.020000000000000018,-0.009999999999999981
h1,0.78,0.85,0.82,-0.06999999999999995,-0.030000000000000027
h1,0.82,0.86,0.85,-0.040000000000000036,-0.010000000000000009
h1,0.13,0.15,0.14,-0.01999999999999999,-0.009999999999999981
h1,0.13,0.15,0.15,-0.01999999999999999,0.0
h1,0.13,0.15,0.15,-0.01999999999999999,0.0
h1,0.13,0.15,0.15,-0.01999999999999999,0.0
h1,0.13,0.15,0.15,-0.01999999999999999,0.0
h1,0.13,0.15,0.15,-0.01999999999999999,0.0
h1,0.13,0.15,0.15,-0.01999999999999999,0.0
h1,0.13,0.15,0.15,-0.01999999999999999,0.0
h1,0.13,0.15,0.15,-0.01999999999999999,0.0
h1,0.13,0.15,0.15,-0.01999999999999999,0.0
h1,0.13,0.15,0.15,-0.01999999999999999,0.0
h1,0.13,0.15,0.15,-0.01999999999999999,0.0
h1,0.13,0.15,0.15,-0.01999999999999999,0.0
h1,0.13,0.15,0.15,-0.01999999999999999,0.0
h1,0.13,0.15,0.15,-0.01999999999999999,0.0
h1,0.13,0.15,0.15,-0.01999999999999999,0.0
h1,0.13,0.15,0.15,-0.01999999999999999,0.0
h1,0.13,0.14,0.14,-0.010000000000000009,0.0
h1,0.13,0.15,0.14,-0.01999999999999999,-0.009999999999999981
m5,0.42,0.44,0.44,-0.020000000000000018,0.0
h1,0.85,0.86,0.86,-0.010000000000000009,0.0
m5,0.44,0.47,0.47,-0.02999999999999997,0.0
m5,0.46,0.47,0.47,-0.009999999999999953,0.0
m5,0.54,0.54,0.54,0.0,0.0
h1,0.14,0.19,0.17,-0.04999999999999999,-0.01999999999999999
h1,0.17,0.25,0.23,-0.07999999999999999,-0.01999999999999999
h1,0.15,0.25,0.23,-0.1,-0.01999999999999999
m5,0.5992000000000001,0.76,0.76,-0.16079999999999994,0.0
m15,0.39,0.42,0.42,-0.02999999999999997,0.0
h1,0.24,0.25,0.25,-0.010000000000000009,0.0
h1,0.24,0.25,0.25,-0.010000000000000009,0.0
m5,0.25,0.28,0.28,-0.030000000000000027,0.0
m5,0.26,0.28,0.28,-0.020000000000000018,0.0
m5,0.29,0.33,0.33,-0.040000000000000036,0.0
h1,0.23,0.24,0.24,-0.009999999999999981,0.0
h1,0.23,0.24,0.24,-0.009999999999999981,0.0
h1,0.23,0.24,0.24,-0.009999999999999981,0.0
h1,0.23,0.24,0.24,-0.009999999999999981,0.0
h1,0.23,0.24,0.24,-0.009999999999999981,0.0
h1,0.74,0.74,0.74,0.0,0.0
m5,0.7245999999999999,0.77,0.76,-0.04540000000000011,-0.010000000000000009
m5,0.6775,0.8,0.77,-0.12250000000000005,-0.030000000000000027
h1,0.73,0.7,0.74,0.030000000000000027,0.040000000000000036
h1,0.27,0.31,0.31,-0.03999999999999998,0.0
m15,0.42,0.47,0.47,-0.04999999999999999,0.0
h1,0.32,0.35,0.34,-0.02999999999999997,-0.009999999999999953
h1,0.34,0.33,0.33,0.010000000000000009,0.0
m15,0.5423,0.61,0.61,-0.06769999999999998,0.0
m5,0.23,0.31,0.31,-0.07999999999999999,0.0
h1,0.68,0.75,0.75,-0.06999999999999995,0.0
h1,0.72,0.73,0.73,-0.010000000000000009,0.0
h1,0.72,0.73,0.73,-0.010000000000000009,0.0
h1,0.72,0.73,0.73,-0.010000000000000009,0.0
h1,0.72,0.73,0.73,-0.010000000000000009,0.0
h1,0.72,0.73,0.73,-0.010000000000000009,0.0
h1,0.72,0.73,0.73,-0.010000000000000009,0.0
h1,0.72,0.73,0.73,-0.010000000000000009,0.0
h1,0.72,0.73,0.73,-0.010000000000000009,0.0
h1,0.72,0.73,0.73,-0.010000000000000009,0.0
h1,0.72,0.73,0.73,-0.010000000000000009,0.0
h1,0.72,0.73,0.73,-0.010000000000000009,0.0
h1,0.72,0.73,0.73,-0.010000000000000009,0.0
h1,0.72,0.73,0.73,-0.010000000000000009,0.0
m5,0.22,0.32,0.31,-0.1,-0.010000000000000009
h1,0.72,0.73,0.73,-0.010000000000000009,0.0
h1,0.72,0.73,0.73,-0.010000000000000009,0.0
h1,0.72,0.73,0.73,-0.010000000000000009,0.0
h1,0.72,0.73,0.73,-0.010000000000000009,0.0
h1,0.72,0.73,0.73,-0.010000000000000009,0.0
h1,0.72,0.73,0.73,-0.010000000000000009,0.0
h1,0.73,0.73,0.73,0.0,0.0
h1,0.72,0.73,0.73,-0.010000000000000009,0.0
h1,0.73,0.73,0.73,0.0,0.0
h1,0.72,0.73,0.73,-0.010000000000000009,0.0
h1,0.72,0.73,0.73,-0.010000000000000009,0.0
m15,0.69,0.74,0.74,-0.050000000000000044,0.0
m5,0.32,0.47,0.43,-0.14999999999999997,-0.03999999999999998
m5,0.48,0.53,0.51,-0.050000000000000044,-0.020000000000000018
m15,0.76,0.75,0.75,0.010000000000000009,0.0
m5,0.54,0.54,0.54,0.0,0.0
m5,0.5329,0.54,0.54,-0.007099999999999995,0.0
m5,0.55,0.56,0.56,-0.010000000000000009,0.0
m5,0.57,0.6,0.61,-0.030000000000000027,0.010000000000000009
m5,0.6,0.61,0.61,-0.010000000000000009,0.0
m5,0.5,0.5,0.5,0.0,0.0
m5,0.5032,0.5,0.5,0.0031999999999999806,0.0
m15,0.23,0.25,0.25,-0.01999999999999999,0.0
m5,0.6,0.66,0.65,-0.06000000000000005,-0.010000000000000009
m15,0.25,0.27,0.26,-0.020000000000000018,-0.010000000000000009
m5,0.88,0.88,0.88,0.0,0.0
m15,0.65,0.66,0.66,-0.010000000000000009,0.0
m5,0.87,0.87,0.88,0.0,0.010000000000000009
m5,0.15,0.11,0.13,0.039999999999999994,0.020000000000000004
m5,0.8154,0.89,0.87,-0.0746,-0.020000000000000018
m5,0.2113,0.12,0.14,0.09129999999999999,0.020000000000000018
m5,0.12,0.08,0.14,0.039999999999999994,0.06000000000000001
m5,0.59,0.59,0.59,0.0,0.0
m15,0.2447,0.24,0.23,0.00470000000000001,-0.009999999999999981
m5,0.4119,0.55,0.55,-0.13810000000000006,0.0
m15,0.86,0.87,0.87,-0.010000000000000009,0.0
m5,0.53,0.53,0.53,0.0,0.0
m5,0.6,0.68,0.68,-0.08000000000000007,0.0
m15,0.87,0.91,0.91,-0.040000000000000036,0.0
m15,0.87,0.91,0.91,-0.040000000000000036,0.0
m15,0.87,0.91,0.91,-0.040000000000000036,0.0
m5,0.53,0.68,0.68,-0.15000000000000002,0.0
m5,0.43,0.47,0.47,-0.03999999999999998,0.0
m5,0.47,0.47,0.47,0.0,0.0
m15,0.13,0.11,0.13,0.020000000000000004,0.020000000000000004
m5,0.54,0.61,0.61,-0.06999999999999995,0.0
m5,0.5708,0.6,0.6,-0.029200000000000004,0.0
m5,0.6,0.61,0.6,-0.010000000000000009,-0.010000000000000009
m15,0.9,0.9,0.9,0.0,0.0
m5,0.67,0.68,0.68,-0.010000000000000009,0.0
m5,0.78,0.83,0.83,-0.04999999999999993,0.0
m5,0.18,0.18,0.18,0.0,0.0
h1,0.01,0.02,0.02,-0.01,0.0
m5,0.19,0.19,0.19,0.0,0.0
m5,0.21,0.17,0.22,0.03999999999999998,0.04999999999999999
h1,0.01,0.01,0.01,0.0,0.0
h1,0.01,0.01,0.01,0.0,0.0
m5,0.17,0.19,0.19,-0.01999999999999999,0.0
m5,0.83,0.86,0.86,-0.030000000000000027,0.0
h1,0.46,0.47,0.47,-0.009999999999999953,0.0
m15,0.48,0.47,0.47,0.010000000000000009,0.0
h1,0.47,0.47,0.47,0.0,0.0
h1,0.46,0.47,0.47,-0.009999999999999953,0.0
h1,0.47,0.47,0.47,0.0,0.0
h1,0.47,0.47,0.47,0.0,0.0
m5,0.6,0.61,0.61,-0.010000000000000009,0.0
m5,0.62,0.63,0.64,-0.010000000000000009,0.010000000000000009
h1,0.5,0.5,0.5,0.0,0.0
m5,0.49,0.51,0.51,-0.020000000000000018,0.0
m5,0.39,0.51,0.51,-0.12,0.0
m5,0.51,0.51,0.52,0.0,0.010000000000000009
m15,0.55,0.63,0.61,-0.07999999999999996,-0.020000000000000018
m5,0.54,0.62,0.6,-0.07999999999999996,-0.020000000000000018
h1,0.51,0.52,0.52,-0.010000000000000009,0.0
m5,0.62,0.63,0.63,-0.010000000000000009,0.0
m5,0.4521,0.45,0.45,0.0020999999999999908,0.0
h1,0.49,0.5,0.5,-0.010000000000000009,0.0
m5,0.48,0.54,0.54,-0.06000000000000005,0.0
h1,0.5,0.5,0.5,0.0,0.0
m5,0.51,0.48,0.51,0.030000000000000027,0.030000000000000027
h1,0.5,0.51,0.51,-0.010000000000000009,0.0
h1,0.5,0.51,0.51,-0.010000000000000009,0.0
m5,0.46,0.48,0.48,-0.019999999999999962,0.0
m5,0.46,0.51,0.5,-0.04999999999999999,-0.010000000000000009
m5,0.51,0.54,0.55,-0.030000000000000027,0.010000000000000009
h1,0.51,0.54,0.52,-0.030000000000000027,-0.020000000000000018
m5,0.55,0.54,0.54,0.010000000000000009,0.0
m5,0.54,0.52,0.53,0.020000000000000018,0.010000000000000009
m5,0.5292,0.54,0.54,-0.010800000000000032,0.0
m5,0.54,0.51,0.55,0.030000000000000027,0.040000000000000036
m5,0.5,0.54,0.53,-0.040000000000000036,-0.010000000000000009
m5,0.55,0.46,0.55,0.09000000000000002,0.09000000000000002
m5,0.57,0.6,0.58,-0.030000000000000027,-0.020000000000000018
m5,0.6,0.61,0.61,-0.010000000000000009,0.0
m5,0.61,0.7,0.68,-0.08999999999999997,-0.019999999999999907
h1,0.47,0.51,0.51,-0.040000000000000036,0.0
h1,0.51,0.52,0.52,-0.010000000000000009,0.0
h1,0.51,0.52,0.52,-0.010000000000000009,0.0
m5,0.23,0.26,0.23,-0.03,-0.03
m5,0.28,0.26,0.28,0.020000000000000018,0.020000000000000018
h1,0.52,0.52,0.52,0.0,0.0
m5,0.75,0.75,0.75,0.0,0.0
h1,0.52,0.52,0.52,0.0,0.0
h1,0.52,0.52,0.52,0.0,0.0
m15,0.63,0.62,0.63,0.010000000000000009,0.010000000000000009
h1,0.52,0.52,0.52,0.0,0.0
m5,0.26,0.28,0.28,-0.020000000000000018,0.0
m5,0.68,0.67,0.68,0.010000000000000009,0.010000000000000009
m5,0.7,0.7,0.7,0.0,0.0
m5,0.66,0.7,0.7,-0.039999999999999925,0.0
m5,0.7,0.7,0.7,0.0,0.0
m5,0.7,0.7,0.7,0.0,0.0
h1,0.53,0.53,0.53,0.0,0.0
h1,0.53,0.53,0.53,0.0,0.0
h1,0.53,0.53,0.53,0.0,0.0
h1,0.5398,0.54,0.54,-0.000200000000000089,0.0
h1,0.54,0.54,0.54,0.0,0.0
h1,0.54,0.54,0.54,0.0,0.0
m5,0.2384,0.25,0.25,-0.0116,0.0
h1,0.48,0.49,0.49,-0.010000000000000009,0.0
m5,0.72,0.8,0.79,-0.08000000000000007,-0.010000000000000009
m5,0.2155,0.21,0.23,0.005500000000000005,0.020000000000000018
m5,0.07,0.05,0.05,0.020000000000000004,0.0
h1,0.47,0.48,0.47,-0.010000000000000009,-0.010000000000000009
