timestamp,spot_price,m5_up_ask,m5_up_bid,m5_down_ask,m5_down_bid,m5_up_volume,m5_down_volume,m15_up_ask,m15_up_bid,m15_down_ask,m15_down_bid,m15_up_volume,m15_down_volume,h1_up_ask,h1_up_bid,h1_down_ask,h1_down_bid,daily_up_ask,daily_up_bid,daily_down_ask,daily_down_bid
2026-02-14T16:46:32.681Z,69600.82,0.37,0.35,0.65,0.63,117.21,50.59,0.40,0.39,0.61,0.60,111.50,18.00,0.11,0.09,0.91,0.89,1.00,1.00,0.00,0.00
2026-02-14T16:46:32.881Z,69600.83,0.37,0.35,0.65,0.63,0.00,21.54,0.40,0.39,0.61,0.60,0.00,0.00,0.11,0.09,0.91,0.89,1.00,1.00,0.00,0.00
2026-02-14T16:46:33.185Z,69600.83,0.40,0.39,0.61,0.60,212.72,26.64,0.40,0.39,0.61,0.60,0.00,0.00,0.11,0.09,0.91,0.89,1.00,1.00,0.00,0.00
2026-02-14T16:46:33.285Z,69600.83,0.40,0.37,0.63,0.60,19.50,0.00,0.40,0.39,0.61,0.60,0.00,0.00,0.11,0.09,0.91,0.89,1.00,1.00,0.00,0.00
2026-02-14T16:46:33.386Z,69600.83,0.36,0.35,0.65,0.64,0.00,250.17,0.40,0.39,0.61,0.60,0.00,5.00,0.11,0.09,0.91,0.89,1.00,1.00,0.00,0.00
2026-02-14T16:46:33.586Z,69600.82,0.36,0.35,0.65,0.64,15.00,30.56,0.40,0.39,0.61,0.60,0.00,0.00,0.10,0.09,0.91,0.90,1.00,1.00,0.00,0.00
2026-02-14T16:46:33.786Z,69600.82,0.36,0.34,0.66,0.64,33.78,0.00,0.40,0.39,0.61,0.60,0.00,0.00,0.10,0.09,0.91,0.90,1.00,1.00,0.00,0.00
2026-02-14T16:46:34.187Z,69600.82,0.36,0.34,0.66,0.64,5.00,8.67,0.40,0.39,0.61,0.60,0.00,0.00,0.11,0.09,0.91,0.89,1.00,1.00,0.00,0.00
2026-02-14T16:46:34.496Z,69600.83,0.36,0.34,0.66,0.64,2.70,0.97,0.40,0.39,0.61,0.60,2.44,5.00,0.11,0.09,0.91,0.89,1.00,1.00,0.00,0.00
2026-02-14T16:46:34.997Z,69600.83,0.36,0.33,0.67,0.64,37.49,149.10,0.40,0.39,0.61,0.60,0.00,0.00,0.11,0.09,0.91,0.89,1.00,1.00,0.00,0.00
2026-02-14T16:46:35.198Z,69600.83,0.36,0.35,0.65,0.64,4.07,12.69,0.40,0.39,0.61,0.60,0.00,0.00,0.11,0.10,0.90,0.89,1.00,1.00,0.00,0.00
2026-02-14T16:46:35.298Z,69600.82,0.36,0.35,0.65,0.64,0.00,0.00,0.40,0.39,0.61,0.60,8.20,0.00,0.11,0.10,0.90,0.89,1.00,1.00,0.00,0.00
2026-02-14T16:46:36.324Z,69598.81,0.36,0.35,0.65,0.64,26.77,35.21,0.40,0.39,0.61,0.60,55.67,51.81,0.11,0.10,0.90,0.89,1.00,1.00,0.00,0.00
2026-02-14T16:46:37.426Z,69598.80,0.36,0.35,0.65,0.64,25.39,19.91,0.40,0.39,0.61,0.60,7.50,72.20,0.11,0.10,0.90,0.89,1.00,1.00,0.00,0.00
2026-02-14T16:46:37.526Z,69598.80,0.35,0.34,0.66,0.65,5.56,34.16,0.40,0.39,0.61,0.60,0.00,0.00,0.11,0.10,0.90,0.89,1.00,1.00,0.00,0.00
2026-02-14T16:46:37.727Z,69596.71,0.35,0.34,0.66,0.65,0.00,0.00,0.40,0.39,0.61,0.60,0.00,40.59,0.11,0.10,0.90,0.89,1.00,1.00,0.00,0.00
2026-02-14T16:46:38.226Z,69596.70,0.36,0.34,0.66,0.64,103.91,0.00,0.40,0.39,0.61,0.60,0.00,157.19,0.11,0.10,0.90,0.89,1.00,1.00,0.00,0.00
2026-02-14T16:46:38.327Z,69596.70,0.35,0.34,0.66,0.65,0.00,0.00,0.40,0.39,0.61,0.60,0.00,14.55,0.11,0.10,0.90,0.89,1.00,1.00,0.00,0.00
2026-02-14T16:46:39.330Z,69596.71,0.35,0.34,0.66,0.65,59.52,9.06,0.40,0.39,0.61,0.60,10.02,14.61,0.11,0.10,0.90,0.89,1.00,1.00,0.00,0.00
2026-02-14T16:46:39.431Z,69596.71,0.33,0.32,0.68,0.67,5.00,0.00,0.40,0.39,0.61,0.60,0.00,1.75,0.11,0.10,0.90,0.89,1.00,1.00,0.00,0.00
2026-02-14T16:46:40.131Z,69596.71,0.33,0.32,0.68,0.67,144.24,23.09,0.39,0.38,0.62,0.61,6.00,63.89,0.11,0.10,0.90,0.89,1.00,1.00,0.00,0.00
2026-02-14T16:46:40.431Z,69595.75,0.33,0.32,0.68,0.67,0.00,0.00,0.39,0.38,0.62,0.61,0.00,0.00,0.11,0.10,0.90,0.89,1.00,1.00,0.00,0.00
2026-02-14T16:46:41.835Z,69595.11,0.33,0.32,0.68,0.67,24.33,41.17,0.39,0.38,0.62,0.61,244.02,3.77,0.11,0.10,0.90,0.89,1.00,1.00,0.00,0.00
2026-02-14T16:46:41.935Z,69595.11,0.33,0.32,0.68,0.67,0.00,0.00,0.38,0.37,0.63,0.62,0.00,147.00,0.11,0.10,0.90,0.89,1.00,1.00,0.00,0.00
2026-02-14T16:46:42.135Z,69595.10,0.33,0.32,0.68,0.67,0.00,0.00,0.38,0.37,0.63,0.62,3.16,0.00,0.11,0.10,0.90,0.89,1.00,1.00,0.00,0.00
2026-02-14T16:46:42.236Z,69595.11,0.33,0.32,0.68,0.67,0.00,0.00,0.38,0.37,0.63,0.62,0.00,7.75,0.10,0.09,0.91,0.90,1.00,1.00,0.00,0.00
2026-02-14T16:46:43.038Z,69593.03,0.33,0.32,0.68,0.67,3.27,7.01,0.38,0.37,0.63,0.62,30.00,3.33,0.10,0.09,0.91,0.90,1.00,1.00,0.00,0.00
2026-02-14T16:46:43.138Z,69593.02,0.33,0.32,0.68,0.67,0.00,0.00,0.38,0.37,0.63,0.62,0.00,0.00,0.10,0.09,0.91,0.90,1.00,1.00,0.00,0.00
2026-02-14T16:46:44.140Z,69593.03,0.33,0.32,0.68,0.67,42.48,12.76,0.38,0.37,0.63,0.62,21.05,8.54,0.10,0.09,0.91,0.90,1.00,1.00,0.00,0.00
2026-02-14T16:46:44.341Z,69593.02,0.33,0.32,0.68,0.67,0.00,0.00,0.38,0.37,0.63,0.62,0.00,0.00,0.10,0.09,0.91,0.90,1.00,1.00,0.00,0.00
2026-02-14T16:46:45.441Z,69593.03,0.33,0.32,0.68,0.67,49.11,6.47,0.38,0.37,0.63,0.62,38.00,2.13,0.10,0.09,0.91,0.90,1.00,1.00,0.00,0.00
2026-02-14T16:46:45.855Z,69593.02,0.33,0.32,0.68,0.67,16.99,1.62,0.38,0.37,0.63,0.62,0.00,0.00,0.10,0.09,0.91,0.90,1.00,1.00,0.00,0.00
2026-02-14T16:46:47.159Z,69593.02,0.33,0.31,0.69,0.67,37.26,47.55,0.38,0.37,0.63,0.62,98.97,7.73,0.10,0.09,0.91,0.90,1.00,1.00,0.00,0.00
2026-02-14T16:46:47.259Z,69593.02,0.32,0.31,0.69,0.68,0.00,0.00,0.38,0.37,0.63,0.62,0.00,0.00,0.10,0.09,0.91,0.90,1.00,1.00,0.00,0.00
2026-02-14T16:46:47.463Z,69593.03,0.32,0.31,0.69,0.68,0.00,0.00,0.38,0.37,0.63,0.62,8.45,0.00,0.10,0.09,0.91,0.90,1.00,1.00,0.00,0.00
2026-02-14T16:46:47.663Z,69593.03,0.33,0.31,0.69,0.67,6.94,0.00,0.38,0.37,0.63,0.62,0.00,0.00,0.10,0.09,0.91,0.90,1.00,1.00,0.00,0.00
2026-02-14T16:46:47.763Z,69593.02,0.33,0.31,0.69,0.67,0.00,0.00,0.38,0.37,0.63,0.62,0.00,0.00,0.10,0.09,0.91,0.90,1.00,1.00,0.00,0.00
2026-02-14T16:46:48.063Z,69593.02,0.34,0.32,0.68,0.66,3.27,1.45,0.38,0.37,0.63,0.62,0.00,0.00,0.10,0.09,0.91,0.90,1.00,1.00,0.00,0.00
2026-02-14T16:46:48.263Z,69593.02,0.33,0.32,0.68,0.67,14.90,9.47,0.38,0.37,0.63,0.62,0.00,0.00,0.10,0.09,0.91,0.90,1.00,1.00,0.00,0.00
2026-02-14T16:46:48.363Z,69593.02,0.35,0.32,0.68,0.65,0.00,0.00,0.38,0.37,0.63,0.62,0.00,0.00,0.10,0.09,0.91,0.90,1.00,1.00,0.00,0.00
2026-02-14T16:46:48.464Z,69593.02,0.34,0.32,0.68,0.66,146.68,0.00,0.38,0.37,0.63,0.62,0.00,0.00,0.10,0.09,0.91,0.90,1.00,1.00,0.00,0.00
2026-02-14T16:46:48.663Z,69593.02,0.33,0.32,0.68,0.67,0.00,0.00,0.38,0.37,0.63,0.62,0.00,0.00,0.10,0.09,0.91,0.90,1.00,1.00,0.00,0.00
2026-02-14T16:46:48.768Z,69593.02,0.33,0.31,0.69,0.67,0.00,0.00,0.38,0.37,0.63,0.62,0.00,0.00,0.10,0.09,0.91,0.90,1.00,1.00,0.00,0.00
2026-02-14T16:46:48.869Z,69589.90,0.32,0.30,0.70,0.68,37.80,0.00,0.38,0.37,0.63,0.62,0.00,0.00,0.09,0.08,0.92,0.91,1.00,1.00,0.00,0.00
2026-02-14T16:46:48.986Z,69589.90,0.31,0.30,0.70,0.69,6.00,60.71,0.38,0.37,0.63,0.62,0.00,0.00,0.09,0.08,0.92,0.91,1.00,1.00,0.00,0.00
2026-02-14T16:46:49.087Z,69584.86,0.31,0.30,0.70,0.69,0.00,0.00,0.38,0.37,0.63,0.62,0.00,0.00,0.09,0.08,0.92,0.91,1.00,1.00,0.00,0.00
2026-02-14T16:46:49.389Z,69584.86,0.31,0.30,0.70,0.69,0.00,120.31,0.37,0.36,0.64,0.63,37.00,46.03,0.09,0.08,0.92,0.91,1.00,1.00,0.00,0.00
2026-02-14T16:46:49.589Z,69584.85,0.31,0.30,0.70,0.69,39.98,0.00,0.36,0.35,0.65,0.64,0.00,65.07,0.09,0.08,0.92,0.91,1.00,1.00,0.00,0.00
2026-02-14T16:46:49.689Z,69584.86,0.32,0.30,0.70,0.68,32.16,0.00,0.36,0.35,0.65,0.64,15.00,0.00,0.09,0.08,0.92,0.91,1.00,1.00,0.00,0.00
2026-02-14T16:46:49.790Z,69584.85,0.32,0.30,0.70,0.68,0.00,0.00,0.36,0.35,0.65,0.64,0.00,0.00,0.09,0.08,0.92,0.91,1.00,1.00,0.00,0.00
2026-02-14T16:46:50.190Z,69584.86,0.31,0.30,0.70,0.69,35.69,21.82,0.36,0.35,0.65,0.64,4.83,20.00,0.09,0.08,0.92,0.91,1.00,1.00,0.00,0.00
2026-02-14T16:46:51.597Z,69584.85,0.31,0.30,0.70,0.69,23.06,30.20,0.36,0.35,0.65,0.64,15.44,4.85,0.09,0.08,0.92,0.91,1.00,1.00,0.00,0.00
2026-02-14T16:46:51.797Z,69584.85,0.34,0.31,0.69,0.66,306.55,0.00,0.36,0.35,0.65,0.64,6.71,0.00,0.09,0.08,0.92,0.91,1.00,1.00,0.00,0.00
2026-02-14T16:46:51.998Z,69584.85,0.32,0.31,0.69,0.68,5.00,0.00,0.36,0.35,0.65,0.64,0.00,10.00,0.09,0.08,0.92,0.91,1.00,1.00,0.00,0.00
2026-02-14T16:46:52.600Z,69584.86,0.32,0.31,0.69,0.68,0.00,11.61,0.36,0.35,0.65,0.64,0.00,112.52,0.09,0.08,0.92,0.91,1.00,1.00,0.00,0.00
2026-02-14T16:46:52.800Z,69584.44,0.32,0.31,0.69,0.68,0.00,5.01,0.36,0.35,0.65,0.64,0.00,0.00,0.09,0.08,0.92,0.91,1.00,1.00,0.00,0.00
2026-02-14T16:46:53.201Z,69584.44,0.33,0.31,0.69,0.67,6.25,62.98,0.36,0.35,0.65,0.64,11.51,4.62,0.09,0.08,0.92,0.91,1.00,1.00,0.00,0.00
2026-02-14T16:46:53.401Z,69584.44,0.33,0.32,0.68,0.67,10.00,0.00,0.36,0.35,0.65,0.64,0.00,0.00,0.09,0.08,0.92,0.91,1.00,1.00,0.00,0.00
2026-02-14T16:46:53.701Z,69584.44,0.34,0.32,0.68,0.66,62.35,3.59,0.36,0.35,0.65,0.64,0.00,0.00,0.09,0.08,0.92,0.91,1.00,1.00,0.00,0.00
2026-02-14T16:46:53.900Z,69584.44,0.34,0.31,0.69,0.66,0.00,12.15,0.36,0.35,0.65,0.64,0.00,0.00,0.09,0.08,0.92,0.91,1.00,1.00,0.00,0.00
2026-02-14T16:46:54.201Z,69584.44,0.33,0.31,0.69,0.67,0.00,3.99,0.36,0.35,0.65,0.64,0.00,0.00,0.09,0.08,0.92,0.91,1.00,1.00,0.00,0.00
2026-02-14T16:46:54.502Z,69580.86,0.33,0.31,0.69,0.67,6.06,20.19,0.36,0.35,0.65,0.64,0.00,1.54,0.09,0.08,0.92,0.91,1.00,1.00,0.00,0.00
2026-02-14T16:46:54.603Z,69580.86,0.33,0.30,0.70,0.67,0.00,50.29,0.36,0.35,0.65,0.64,0.00,0.00,0.09,0.08,0.92,0.91,1.00,1.00,0.00,0.00
2026-02-14T16:46:54.802Z,69580.86,0.32,0.31,0.69,0.68,40.46,80.11,0.36,0.35,0.65,0.64,0.00,0.00,0.09,0.08,0.92,0.91,1.00,1.00,0.00,0.00
2026-02-14T16:46:55.002Z,69580.86,0.31,0.30,0.70,0.69,0.00,10.11,0.36,0.35,0.65,0.64,0.00,8.28,0.09,0.08,0.92,0.91,1.00,1.00,0.00,0.00
2026-02-14T16:46:55.102Z,69580.86,0.31,0.30,0.70,0.69,0.00,21.43,0.35,0.34,0.66,0.65,0.00,0.00,0.08,0.07,0.93,0.92,1.00,1.00,0.00,0.00
2026-02-14T16:46:55.203Z,69578.97,0.31,0.30,0.70,0.69,0.00,0.00,0.35,0.34,0.66,0.65,0.00,33.87,0.08,0.07,0.93,0.92,1.00,1.00,0.00,0.00
2026-02-14T16:46:55.303Z,69578.97,0.30,0.29,0.71,0.70,0.00,2.29,0.35,0.34,0.66,0.65,0.00,0.00,0.08,0.07,0.93,0.92,1.00,1.00,0.00,0.00
2026-02-14T16:46:56.204Z,69578.96,0.30,0.29,0.71,0.70,47.72,8.25,0.35,0.34,0.66,0.65,0.00,2.09,0.08,0.07,0.93,0.92,1.00,1.00,0.00,0.00
2026-02-14T16:46:56.906Z,69578.97,0.31,0.29,0.71,0.69,152.05,0.00,0.35,0.34,0.66,0.65,0.00,3.33,0.08,0.07,0.93,0.92,1.00,1.00,0.00,0.00
2026-02-14T16:46:57.216Z,69578.96,0.30,0.29,0.71,0.70,8.24,44.38,0.35,0.34,0.66,0.65,0.00,0.00,0.08,0.07,0.93,0.92,1.00,1.00,0.00,0.00
2026-02-14T16:46:57.516Z,69578.97,0.30,0.29,0.71,0.70,5.00,5.00,0.35,0.34,0.66,0.65,0.00,6.52,0.08,0.07,0.93,0.92,1.00,1.00,0.00,0.00
2026-02-14T16:46:57.616Z,69578.97,0.31,0.29,0.71,0.69,0.00,9.95,0.35,0.34,0.66,0.65,0.00,0.00,0.08,0.07,0.93,0.92,1.00,1.00,0.00,0.00
2026-02-14T16:46:57.717Z,69577.03,0.31,0.29,0.71,0.69,15.00,0.00,0.35,0.34,0.66,0.65,0.00,0.00,0.08,0.07,0.93,0.92,1.00,1.00,0.00,0.00
2026-02-14T16:46:57.916Z,69577.03,0.30,0.29,0.71,0.70,0.00,0.00,0.35,0.34,0.66,0.65,0.00,0.00,0.08,0.07,0.93,0.92,1.00,1.00,0.00,0.00
2026-02-14T16:46:58.926Z,69577.03,0.31,0.30,0.70,0.69,114.31,53.83,0.35,0.34,0.66,0.65,0.00,0.00,0.08,0.07,0.93,0.92,1.00,1.00,0.00,0.00
2026-02-14T16:46:59.127Z,69577.03,0.29,0.28,0.72,0.71,3.45,663.35,0.35,0.34,0.66,0.65,0.00,30.00,0.08,0.07,0.93,0.92,1.00,1.00,0.00,0.00
2026-02-14T16:46:59.227Z,69577.02,0.29,0.28,0.72,0.71,0.00,0.00,0.35,0.34,0.66,0.65,0.00,0.00,0.08,0.07,0.93,0.92,1.00,1.00,0.00,0.00
2026-02-14T16:46:59.827Z,69570.79,0.29,0.28,0.72,0.71,35.69,30.56,0.35,0.34,0.66,0.65,0.00,0.00,0.08,0.07,0.93,0.92,1.00,1.00,0.00,0.00
2026-02-14T16:47:00.230Z,69570.78,0.30,0.29,0.71,0.70,53.12,138.91,0.35,0.34,0.66,0.65,309.72,11.27,0.08,0.07,0.93,0.92,1.00,1.00,0.00,0.00
2026-02-14T16:47:00.430Z,69580.00,0.33,0.29,0.71,0.67,14.84,1.81,0.35,0.34,0.66,0.65,0.00,40.29,0.08,0.07,0.93,0.92,1.00,1.00,0.00,0.00
2026-02-14T16:47:00.531Z,69580.00,0.33,0.31,0.69,0.67,108.95,78.34,0.35,0.34,0.66,0.65,0.00,8.17,0.08,0.07,0.93,0.92,1.00,1.00,0.00,0.00
2026-02-14T16:47:00.631Z,69580.00,0.33,0.32,0.68,0.67,0.00,12.13,0.35,0.34,0.66,0.65,0.00,14.30,0.08,0.07,0.93,0.92,1.00,1.00,0.00,0.00
2026-02-14T16:47:00.832Z,69580.01,0.33,0.32,0.68,0.67,0.00,12.47,0.35,0.34,0.66,0.65,2.77,18.14,0.08,0.07,0.93,0.92,1.00,1.00,0.00,0.00
2026-02-14T16:47:00.933Z,69580.00,0.33,0.32,0.68,0.67,0.00,0.00,0.35,0.34,0.66,0.65,0.00,17.01,0.08,0.07,0.93,0.92,1.00,1.00,0.00,0.00
2026-02-14T16:47:01.134Z,69580.00,0.33,0.31,0.69,0.67,0.00,102.80,0.35,0.34,0.66,0.65,43.26,0.00,0.08,0.07,0.93,0.92,1.00,1.00,0.00,0.00
2026-02-14T16:47:01.235Z,69580.00,0.36,0.31,0.69,0.64,10.36,0.00,0.35,0.34,0.66,0.65,58.71,7.58,0.08,0.07,0.93,0.92,1.00,1.00,0.00,0.00
2026-02-14T16:47:01.335Z,69580.00,0.33,0.31,0.69,0.67,1183.53,1.45,0.35,0.34,0.66,0.65,0.00,26.42,0.08,0.07,0.93,0.92,1.00,1.00,0.00,0.00
2026-02-14T16:47:01.936Z,69580.00,0.33,0.32,0.68,0.67,0.00,6.06,0.35,0.34,0.66,0.65,152.34,14.24,0.08,0.07,0.93,0.92,1.00,1.00,0.00,0.00
2026-02-14T16:47:02.136Z,69580.02,0.36,0.35,0.65,0.64,0.00,108.00,0.35,0.34,0.66,0.65,4.76,0.00,0.08,0.07,0.93,0.92,1.00,1.00,0.00,0.00
2026-02-14T16:47:02.237Z,69580.22,0.36,0.35,0.65,0.64,126.49,0.00,0.35,0.34,0.66,0.65,0.00,0.00,0.08,0.07,0.93,0.92,1.00,1.00,0.00,0.00
2026-02-14T16:47:02.437Z,69580.22,0.36,0.35,0.65,0.64,0.00,5.00,0.36,0.35,0.65,0.64,100.93,5.00,0.08,0.07,0.93,0.92,1.00,1.00,0.00,0.00
2026-02-14T16:47:02.637Z,69580.22,0.36,0.35,0.65,0.64,0.38,1.45,0.36,0.35,0.65,0.64,3.61,0.00,0.09,0.08,0.92,0.91,1.00,1.00,0.00,0.00
2026-02-14T16:47:02.737Z,69584.33,0.36,0.35,0.65,0.64,17.33,0.00,0.36,0.35,0.65,0.64,50.00,5.00,0.09,0.08,0.92,0.91,1.00,1.00,0.00,0.00
2026-02-14T16:47:02.837Z,69592.00,0.36,0.35,0.65,0.64,180.67,1.57,0.36,0.35,0.65,0.64,0.00,0.00,0.09,0.08,0.92,0.91,1.00,1.00,0.00,0.00
2026-02-14T16:47:02.938Z,69592.00,0.36,0.35,0.65,0.64,20.00,1.69,0.37,0.36,0.64,0.63,64.73,0.00,0.09,0.08,0.92,0.91,1.00,1.00,0.00,0.00
2026-02-14T16:47:03.139Z,69592.00,0.36,0.35,0.65,0.64,54.92,0.00,0.37,0.36,0.64,0.63,0.00,0.00,0.10,0.09,0.91,0.90,1.00,1.00,0.00,0.00
2026-02-14T16:47:03.339Z,69592.00,0.36,0.35,0.65,0.64,18.89,0.00,0.38,0.37,0.63,0.62,40.75,8.10,0.10,0.09,0.91,0.90,1.00,1.00,0.00,0.00
2026-02-14T16:47:03.839Z,69591.99,0.36,0.35,0.65,0.64,19.23,10.45,0.38,0.37,0.63,0.62,5.13,45.00,0.10,0.09,0.91,0.90,1.00,1.00,0.00,0.00
2026-02-14T16:47:04.139Z,69592.00,0.36,0.35,0.65,0.64,0.00,15.73,0.38,0.37,0.63,0.62,0.00,0.00,0.10,0.09,0.91,0.90,1.00,1.00,0.00,0.00
2026-02-14T16:47:04.439Z,69592.00,0.36,0.35,0.65,0.64,6.03,2.09,0.38,0.37,0.63,0.62,5.00,17.96,0.09,0.08,0.92,0.91,1.00,1.00,0.00,0.00
2026-02-14T16:47:04.539Z,69589.91,0.36,0.35,0.65,0.64,10.00,40.00,0.38,0.37,0.63,0.62,0.00,0.00,0.08,0.07,0.93,0.92,1.00,1.00,0.00,0.00
2026-02-14T16:47:04.640Z,69584.63,0.36,0.34,0.66,0.64,0.00,4.90,0.38,0.37,0.63,0.62,7.79,0.00,0.08,0.07,0.93,0.92,1.00,1.00,0.00,0.00
2026-02-14T16:47:04.762Z,69584.63,0.34,0.33,0.67,0.66,320.57,119.67,0.38,0.37,0.63,0.62,0.00,15.87,0.08,0.07,0.93,0.92,1.00,1.00,0.00,0.00
2026-02-14T16:47:04.961Z,69584.62,0.33,0.32,0.68,0.67,0.00,2.94,0.37,0.35,0.65,0.63,32.77,47.20,0.08,0.07,0.93,0.92,1.00,1.00,0.00,0.00
2026-02-14T16:47:05.168Z,69578.87,0.32,0.31,0.69,0.68,0.00,20.00,0.36,0.35,0.65,0.64,0.00,16.80,0.08,0.07,0.93,0.92,1.00,1.00,0.00,0.00
2026-02-14T16:47:05.268Z,69578.86,0.32,0.31,0.69,0.68,0.00,27.04,0.36,0.35,0.65,0.64,100.00,4.90,0.08,0.07,0.93,0.92,1.00,1.00,0.00,0.00
2026-02-14T16:47:05.369Z,69578.87,0.32,0.31,0.69,0.68,0.00,0.00,0.36,0.35,0.65,0.64,6.33,0.00,0.08,0.07,0.93,0.92,1.00,1.00,0.00,0.00
2026-02-14T16:47:06.272Z,69574.71,0.32,0.31,0.69,0.68,8.12,3.04,0.36,0.35,0.65,0.64,23.84,38.25,0.08,0.07,0.93,0.92,1.00,1.00,0.00,0.00
2026-02-14T16:47:06.572Z,69574.70,0.32,0.30,0.70,0.68,3.13,8.14,0.36,0.35,0.65,0.64,0.00,51.00,0.08,0.07,0.93,0.92,1.00,1.00,0.00,0.00
2026-02-14T16:47:06.772Z,69573.98,0.32,0.30,0.70,0.68,3.81,55.26,0.36,0.35,0.65,0.64,0.00,10.92,0.08,0.07,0.93,0.92,1.00,1.00,0.00,0.00
2026-02-14T16:47:07.171Z,69573.98,0.31,0.30,0.70,0.69,6.00,28.80,0.36,0.35,0.65,0.64,0.00,29.38,0.08,0.07,0.93,0.92,1.00,1.00,0.00,0.00
2026-02-14T16:47:07.573Z,69573.99,0.31,0.30,0.70,0.69,0.00,4.85,0.36,0.35,0.65,0.64,27.75,0.00,0.08,0.07,0.93,0.92,1.00,1.00,0.00,0.00
2026-02-14T16:47:08.175Z,69572.00,0.31,0.30,0.70,0.69,106.13,0.14,0.36,0.35,0.65,0.64,0.00,17.63,0.08,0.07,0.93,0.92,1.00,1.00,0.00,0.00
2026-02-14T16:47:09.283Z,69571.25,0.31,0.30,0.70,0.69,21.13,40.82,0.36,0.35,0.65,0.64,0.00,397.00,0.08,0.07,0.93,0.92,1.00,1.00,0.00,0.00
2026-02-14T16:47:09.483Z,69571.24,0.31,0.30,0.70,0.69,36.13,0.00,0.36,0.35,0.65,0.64,0.00,0.00,0.08,0.07,0.93,0.92,1.00,1.00,0.00,0.00
2026-02-14T16:47:10.287Z,69571.25,0.31,0.30,0.70,0.69,10.65,9.12,0.36,0.35,0.65,0.64,5.56,158.12,0.08,0.07,0.93,0.92,1.00,1.00,0.00,0.00
2026-02-14T16:47:10.788Z,69571.25,0.31,0.29,0.71,0.69,0.00,111.33,0.36,0.35,0.65,0.64,14.81,213.15,0.08,0.07,0.93,0.92,1.00,1.00,0.00,0.00
2026-02-14T16:47:10.889Z,69571.25,0.31,0.30,0.70,0.69,0.00,0.00,0.36,0.35,0.65,0.64,0.00,19.85,0.08,0.07,0.93,0.92,1.00,1.00,0.00,0.00
2026-02-14T16:47:10.989Z,69571.24,0.31,0.30,0.70,0.69,15.00,4.29,0.36,0.35,0.65,0.64,0.00,5.43,0.08,0.07,0.93,0.92,1.00,1.00,0.00,0.00
2026-02-14T16:47:11.889Z,69571.25,0.31,0.30,0.70,0.69,0.00,1.57,0.36,0.35,0.65,0.64,6.75,4.79,0.08,0.07,0.93,0.92,1.00,1.00,0.00,0.00
2026-02-14T16:47:12.289Z,69571.24,0.31,0.30,0.70,0.69,0.00,0.00,0.36,0.35,0.65,0.64,0.00,26.34,0.08,0.07,0.93,0.92,1.00,1.00,0.00,0.00
2026-02-14T16:47:12.594Z,69571.25,0.31,0.30,0.70,0.69,6.29,300.00,0.36,0.35,0.65,0.64,0.00,1.55,0.08,0.07,0.93,0.92,1.00,1.00,0.00,0.00
2026-02-14T16:47:13.595Z,69571.24,0.31,0.30,0.70,0.69,30.00,30.56,0.36,0.35,0.65,0.64,55.49,5.38,0.08,0.07,0.93,0.92,1.00,1.00,0.00,0.00
2026-02-14T16:47:13.796Z,69571.25,0.31,0.30,0.70,0.69,0.00,5.00,0.36,0.35,0.65,0.64,0.00,2.00,0.08,0.07,0.93,0.92,1.00,1.00,0.00,0.00
2026-02-14T16:47:13.995Z,69571.24,0.31,0.30,0.70,0.69,0.00,14.00,0.36,0.35,0.65,0.64,0.00,1.92,0.08,0.07,0.93,0.92,1.00,1.00,0.00,0.00
2026-02-14T16:47:14.196Z,69571.25,0.31,0.30,0.70,0.69,9.68,14.29,0.36,0.35,0.65,0.64,0.00,5.34,0.08,0.07,0.93,0.92,1.00,1.00,0.00,0.00
2026-02-14T16:47:14.595Z,69571.24,0.31,0.30,0.70,0.69,8.23,44.29,0.36,0.35,0.65,0.64,0.00,6.33,0.08,0.07,0.93,0.92,1.00,1.00,0.00,0.00
2026-02-14T16:47:14.896Z,69571.24,0.32,0.30,0.70,0.68,0.00,8.57,0.36,0.35,0.65,0.64,0.00,3.92,0.08,0.07,0.93,0.92,1.00,1.00,0.00,0.00
2026-02-14T16:47:15.607Z,69571.24,0.31,0.30,0.70,0.69,97.56,3.51,0.36,0.35,0.65,0.64,0.00,8.92,0.08,0.07,0.93,0.92,1.00,1.00,0.00,0.00
2026-02-14T16:47:15.909Z,69571.24,0.32,0.31,0.69,0.68,0.00,0.00,0.36,0.35,0.65,0.64,0.00,1.00,0.08,0.07,0.93,0.92,1.00,1.00,0.00,0.00
2026-02-14T16:47:16.916Z,69571.24,0.33,0.31,0.69,0.67,77.75,32.39,0.36,0.35,0.65,0.64,5.78,617.92,0.08,0.07,0.93,0.92,1.00,1.00,0.00,0.00
2026-02-14T16:47:17.416Z,69571.25,0.33,0.31,0.69,0.67,39.15,30.43,0.36,0.35,0.65,0.64,0.00,107.00,0.08,0.07,0.93,0.92,1.00,1.00,0.00,0.00
2026-02-14T16:47:18.419Z,69571.24,0.33,0.31,0.69,0.67,1.96,75.32,0.36,0.35,0.65,0.64,16.67,33.71,0.08,0.07,0.93,0.92,1.00,1.00,0.00,0.00
2026-02-14T16:47:18.520Z,69571.25,0.32,0.31,0.69,0.68,0.00,0.00,0.36,0.35,0.65,0.64,5.56,213.39,0.08,0.07,0.93,0.92,1.00,1.00,0.00,0.00
2026-02-14T16:47:18.721Z,69571.24,0.32,0.31,0.69,0.68,0.00,1.59,0.36,0.35,0.65,0.64,0.00,6.69,0.08,0.07,0.93,0.92,1.00,1.00,0.00,0.00
2026-02-14T16:47:19.323Z,69571.25,0.32,0.31,0.69,0.68,12.03,12.90,0.36,0.35,0.65,0.64,9.11,116.92,0.08,0.07,0.93,0.92,1.00,1.00,0.00,0.00
2026-02-14T16:47:19.823Z,69571.25,0.33,0.31,0.69,0.67,15.47,20.00,0.36,0.35,0.65,0.64,0.00,16.92,0.08,0.07,0.93,0.92,1.00,1.00,0.00,0.00
2026-02-14T16:47:20.022Z,69571.25,0.32,0.31,0.69,0.68,0.00,0.00,0.36,0.35,0.65,0.64,0.00,8.00,0.08,0.07,0.93,0.92,1.00,1.00,0.00,0.00
2026-02-14T16:47:20.222Z,69571.24,0.32,0.31,0.69,0.68,0.00,0.00,0.36,0.35,0.65,0.64,0.00,0.00,0.08,0.07,0.93,0.92,1.00,1.00,0.00,0.00
2026-02-14T16:47:20.322Z,69571.24,0.33,0.32,0.68,0.67,25.00,0.00,0.36,0.35,0.65,0.64,0.00,0.00,0.08,0.07,0.93,0.92,1.00,1.00,0.00,0.00
2026-02-14T16:47:20.423Z,69571.25,0.33,0.32,0.68,0.67,0.00,5.00,0.36,0.35,0.65,0.64,0.00,100.00,0.08,0.07,0.93,0.92,1.00,1.00,0.00,0.00
2026-02-14T16:47:20.724Z,69571.24,0.32,0.31,0.69,0.68,3.18,8.59,0.36,0.35,0.65,0.64,2.78,3.62,0.08,0.07,0.93,0.92,1.00,1.00,0.00,0.00
2026-02-14T16:47:20.824Z,69571.24,0.32,0.30,0.70,0.68,0.00,7.25,0.36,0.35,0.65,0.64,0.00,0.00,0.08,0.07,0.93,0.92,1.00,1.00,0.00,0.00
2026-02-14T16:47:20.924Z,69569.90,0.31,0.30,0.70,0.69,0.00,28.77,0.36,0.35,0.65,0.64,0.00,0.00,0.08,0.07,0.93,0.92,1.00,1.00,0.00,0.00
2026-02-14T16:47:21.225Z,69569.91,0.31,0.30,0.70,0.69,154.36,0.00,0.36,0.35,0.65,0.64,0.00,7.12,0.08,0.07,0.93,0.92,1.00,1.00,0.00,0.00
2026-02-14T16:47:21.524Z,69569.90,0.31,0.30,0.70,0.69,0.00,0.00,0.36,0.35,0.65,0.64,0.00,100.00,0.08,0.07,0.93,0.92,1.00,1.00,0.00,0.00
2026-02-14T16:47:22.025Z,69569.91,0.31,0.30,0.70,0.69,0.00,15.71,0.36,0.35,0.65,0.64,207.07,3.82,0.08,0.07,0.93,0.92,1.00,1.00,0.00,0.00
2026-02-14T16:47:22.326Z,69569.91,0.32,0.30,0.70,0.68,252.63,2.82,0.36,0.35,0.65,0.64,0.00,0.00,0.08,0.07,0.93,0.92,1.00,1.00,0.00,0.00
2026-02-14T16:47:22.726Z,69568.01,0.32,0.30,0.70,0.68,0.00,10.00,0.36,0.35,0.65,0.64,0.00,5.62,0.08,0.07,0.93,0.92,1.00,1.00,0.00,0.00
2026-02-14T16:47:23.629Z,69568.01,0.31,0.30,0.70,0.69,4.51,29.86,0.36,0.35,0.65,0.64,5.00,124.31,0.08,0.07,0.93,0.92,1.00,1.00,0.00,0.00
2026-02-14T16:47:23.829Z,69568.00,0.31,0.30,0.70,0.69,10.74,0.00,0.36,0.35,0.65,0.64,0.00,35.77,0.08,0.07,0.93,0.92,1.00,1.00,0.00,0.00
2026-02-14T16:47:23.929Z,69568.01,0.31,0.30,0.70,0.69,0.00,0.00,0.36,0.35,0.65,0.64,8.33,1.92,0.08,0.07,0.93,0.92,1.00,1.00,0.00,0.00
2026-02-14T16:47:24.329Z,69568.00,0.31,0.30,0.70,0.69,0.00,5.00,0.36,0.35,0.65,0.64,54.89,131.54,0.08,0.07,0.93,0.92,1.00,1.00,0.00,0.00
2026-02-14T16:47:25.036Z,69568.01,0.31,0.30,0.70,0.69,9.13,103.54,0.36,0.35,0.65,0.64,21.33,19.94,0.08,0.07,0.93,0.92,1.00,1.00,0.00,0.00
2026-02-14T16:47:25.338Z,69568.00,0.31,0.30,0.70,0.69,0.00,0.00,0.36,0.35,0.65,0.64,0.00,1.92,0.08,0.07,0.93,0.92,1.00,1.00,0.00,0.00
2026-02-14T16:47:25.740Z,69564.21,0.31,0.30,0.70,0.69,0.00,20.00,0.36,0.35,0.65,0.64,0.00,20.48,0.08,0.07,0.93,0.92,1.00,1.00,0.00,0.00
2026-02-14T16:47:26.142Z,69564.22,0.31,0.29,0.71,0.69,23.66,151.37,0.36,0.35,0.65,0.64,11.00,105.92,0.08,0.07,0.93,0.92,1.00,1.00,0.00,0.00
2026-02-14T16:47:26.261Z,69564.22,0.31,0.30,0.70,0.69,3.24,99.30,0.36,0.35,0.65,0.64,0.00,0.00,0.08,0.07,0.93,0.92,1.00,1.00,0.00,0.00
2026-02-14T16:47:26.460Z,69564.22,0.30,0.29,0.71,0.70,6.47,0.00,0.36,0.35,0.65,0.64,9.90,0.00,0.08,0.06,0.94,0.92,1.00,1.00,0.00,0.00
2026-02-14T16:47:26.561Z,69564.22,0.30,0.29,0.71,0.70,0.00,10.05,0.36,0.35,0.65,0.64,0.00,0.00,0.07,0.06,0.94,0.93,1.00,1.00,0.00,0.00
2026-02-14T16:47:26.662Z,69562.37,0.30,0.28,0.72,0.70,0.00,0.00,0.36,0.35,0.65,0.64,0.00,1.92,0.07,0.06,0.94,0.93,1.00,1.00,0.00,0.00
2026-02-14T16:47:26.862Z,69562.37,0.29,0.28,0.72,0.71,10.00,0.00,0.36,0.35,0.65,0.64,0.00,65.08,0.07,0.06,0.94,0.93,1.00,1.00,0.00,0.00
2026-02-14T16:47:26.963Z,69562.36,0.29,0.27,0.73,0.71,3.45,2.74,0.36,0.35,0.65,0.64,130.00,624.80,0.07,0.06,0.94,0.93,1.00,1.00,0.00,0.00
2026-02-14T16:47:27.162Z,69562.36,0.28,0.27,0.73,0.72,0.00,45.95,0.36,0.35,0.65,0.64,0.00,0.00,0.07,0.06,0.94,0.93,1.00,1.00,0.00,0.00
2026-02-14T16:47:27.263Z,69558.69,0.28,0.27,0.73,0.72,0.00,0.00,0.36,0.35,0.65,0.64,0.00,194.09,0.07,0.06,0.94,0.93,1.00,1.00,0.00,0.00
2026-02-14T16:47:27.364Z,69558.69,0.28,0.26,0.74,0.72,0.00,24.33,0.36,0.35,0.65,0.64,0.00,35.00,0.07,0.06,0.94,0.93,1.00,1.00,0.00,0.00
2026-02-14T16:47:27.564Z,69558.69,0.27,0.26,0.74,0.73,40.49,31.35,0.36,0.35,0.65,0.64,0.00,36.92,0.07,0.06,0.94,0.93,1.00,1.00,0.00,0.00
2026-02-14T16:47:27.764Z,69552.01,0.27,0.25,0.75,0.73,0.00,40.97,0.36,0.35,0.65,0.64,30.00,61.15,0.07,0.06,0.94,0.93,1.00,1.00,0.00,0.00
2026-02-14T16:47:27.963Z,69552.01,0.24,0.23,0.77,0.76,37.59,1429.52,0.36,0.35,0.65,0.64,0.00,145.25,0.07,0.06,0.94,0.93,1.00,1.00,0.00,0.00
2026-02-14T16:47:28.270Z,69552.01,0.23,0.22,0.78,0.77,0.00,75.18,0.36,0.35,0.65,0.64,0.00,297.63,0.07,0.06,0.94,0.93,1.00,1.00,0.00,0.00
2026-02-14T16:47:28.371Z,69552.00,0.23,0.22,0.78,0.77,21.61,0.00,0.36,0.35,0.65,0.64,0.00,210.28,0.07,0.06,0.94,0.93,1.00,1.00,0.00,0.00
2026-02-14T16:47:28.570Z,69552.01,0.23,0.22,0.78,0.77,0.00,0.00,0.36,0.35,0.65,0.64,43.89,117.45,0.07,0.06,0.94,0.93,1.00,1.00,0.00,0.00
2026-02-14T16:47:29.071Z,69552.01,0.23,0.21,0.79,0.77,10.00,15.35,0.36,0.35,0.65,0.64,0.00,503.51,0.07,0.06,0.94,0.93,1.00,1.00,0.00,0.00
2026-02-14T16:47:29.171Z,69552.00,0.22,0.21,0.79,0.78,0.00,0.00,0.36,0.35,0.65,0.64,0.00,5.00,0.07,0.06,0.94,0.93,1.00,1.00,0.00,0.00
2026-02-14T16:47:29.572Z,69552.01,0.22,0.21,0.79,0.78,0.00,1.25,0.36,0.35,0.65,0.64,0.00,81.37,0.07,0.06,0.94,0.93,1.00,1.00,0.00,0.00
2026-02-14T16:47:30.071Z,69552.00,0.22,0.21,0.79,0.78,73.00,5.23,0.36,0.35,0.65,0.64,0.00,291.60,0.07,0.06,0.94,0.93,1.00,1.00,0.00,0.00
2026-02-14T16:47:30.372Z,69552.00,0.23,0.21,0.79,0.77,3.23,6.02,0.36,0.35,0.65,0.64,0.00,7.74,0.07,0.06,0.94,0.93,1.00,1.00,0.00,0.00
2026-02-14T16:47:30.672Z,69552.00,0.22,0.21,0.79,0.78,20.39,2.08,0.36,0.35,0.65,0.64,0.00,35.00,0.07,0.06,0.94,0.93,1.00,1.00,0.00,0.00
2026-02-14T16:47:30.872Z,69552.00,0.22,0.20,0.80,0.78,4.52,16.29,0.36,0.35,0.65,0.64,0.00,40.82,0.07,0.06,0.94,0.93,1.00,1.00,0.00,0.00
2026-02-14T16:47:30.973Z,69552.00,0.21,0.20,0.80,0.79,0.00,18.37,0.36,0.35,0.65,0.64,0.00,1.92,0.07,0.06,0.94,0.93,1.00,1.00,0.00,0.00
2026-02-14T16:47:31.376Z,69552.00,0.21,0.20,0.80,0.79,0.00,5.96,0.36,0.35,0.65,0.64,0.00,119.37,0.06,0.05,0.95,0.94,1.00,1.00,0.00,0.00
2026-02-14T16:47:31.575Z,69552.01,0.22,0.20,0.80,0.78,29.12,0.00,0.36,0.35,0.65,0.64,0.00,11.26,0.07,0.05,0.95,0.93,1.00,1.00,0.00,0.00
2026-02-14T16:47:31.675Z,69552.01,0.23,0.20,0.80,0.77,0.00,68.70,0.36,0.35,0.65,0.64,0.00,1.92,0.06,0.05,0.95,0.94,1.00,1.00,0.00,0.00
2026-02-14T16:47:31.776Z,69552.01,0.22,0.20,0.80,0.78,0.00,4.10,0.36,0.35,0.65,0.64,0.00,0.00,0.06,0.05,0.95,0.94,1.00,1.00,0.00,0.00
2026-02-14T16:47:31.876Z,69552.01,0.22,0.20,0.80,0.78,0.00,0.00,0.36,0.34,0.66,0.64,0.00,105.00,0.06,0.05,0.95,0.94,1.00,1.00,0.00,0.00
2026-02-14T16:47:32.076Z,69552.01,0.22,0.20,0.80,0.78,0.00,0.81,0.35,0.34,0.66,0.65,0.00,21.41,0.06,0.05,0.95,0.94,1.00,1.00,0.00,0.00
2026-02-14T16:47:32.177Z,69552.01,0.21,0.20,0.80,0.79,0.00,0.00,0.35,0.34,0.66,0.65,0.00,0.00,0.06,0.05,0.95,0.94,1.00,1.00,0.00,0.00
2026-02-14T16:47:32.677Z,69552.01,0.22,0.21,0.79,0.78,56.21,13.05,0.35,0.34,0.66,0.65,0.00,43.59,0.06,0.05,0.95,0.94,1.00,1.00,0.00,0.00
2026-02-14T16:47:32.778Z,69552.01,0.22,0.21,0.79,0.78,0.00,0.00,0.34,0.33,0.67,0.66,0.00,0.00,0.06,0.05,0.95,0.94,1.00,1.00,0.00,0.00
2026-02-14T16:47:33.178Z,69552.00,0.22,0.21,0.79,0.78,0.00,1.39,0.34,0.33,0.67,0.66,0.00,33.31,0.06,0.05,0.95,0.94,1.00,1.00,0.00,0.00
2026-02-14T16:47:33.379Z,69552.01,0.23,0.21,0.79,0.77,0.00,17.24,0.34,0.33,0.67,0.66,0.00,0.00,0.06,0.05,0.95,0.94,1.00,1.00,0.00,0.00
2026-02-14T16:47:33.580Z,69552.01,0.22,0.21,0.79,0.78,0.00,3.92,0.34,0.33,0.67,0.66,5.00,158.26,0.06,0.05,0.95,0.94,1.00,1.00,0.00,0.00
2026-02-14T16:47:33.882Z,69552.00,0.23,0.21,0.79,0.77,135.50,11.65,0.34,0.33,0.67,0.66,5.00,8.42,0.06,0.05,0.95,0.94,1.00,1.00,0.00,0.00
2026-02-14T16:47:34.083Z,69548.41,0.22,0.21,0.79,0.78,0.00,1.37,0.34,0.33,0.67,0.66,0.00,0.00,0.06,0.05,0.95,0.94,1.00,1.00,0.00,0.00
2026-02-14T16:47:34.283Z,69548.40,0.22,0.21,0.79,0.78,0.00,1.27,0.34,0.33,0.67,0.66,0.00,4.37,0.06,0.05,0.95,0.94,1.00,1.00,0.00,0.00
2026-02-14T16:47:34.583Z,69548.40,0.22,0.21,0.79,0.78,0.00,19.62,0.32,0.31,0.69,0.68,0.00,36.44,0.06,0.05,0.95,0.94,1.00,1.00,0.00,0.00
2026-02-14T16:47:34.683Z,69548.40,0.22,0.18,0.82,0.78,0.00,0.00,0.32,0.31,0.69,0.68,100.00,112.83,0.06,0.05,0.95,0.94,1.00,1.00,0.00,0.00
2026-02-14T16:47:34.783Z,69548.41,0.21,0.18,0.82,0.79,4.55,248.56,0.32,0.31,0.69,0.68,0.00,0.00,0.06,0.05,0.95,0.94,1.00,1.00,0.00,0.00
2026-02-14T16:47:35.084Z,69548.40,0.21,0.19,0.81,0.79,431.30,1.23,0.32,0.31,0.69,0.68,0.00,1.81,0.06,0.05,0.95,0.94,1.00,1.00,0.00,0.00
2026-02-14T16:47:35.184Z,69548.40,0.20,0.19,0.81,0.80,0.00,2.47,0.32,0.31,0.69,0.68,0.00,27.44,0.06,0.05,0.95,0.94,1.00,1.00,0.00,0.00
2026-02-14T16:47:35.385Z,69545.31,0.21,0.19,0.81,0.79,0.00,13.95,0.32,0.31,0.69,0.68,0.00,0.00,0.06,0.05,0.95,0.94,1.00,1.00,0.00,0.00
2026-02-14T16:47:35.585Z,69545.31,0.20,0.19,0.81,0.80,19.35,0.00,0.32,0.31,0.69,0.68,0.00,0.00,0.06,0.05,0.95,0.94,1.00,1.00,0.00,0.00
2026-02-14T16:47:35.886Z,69545.31,0.20,0.18,0.82,0.80,0.00,8.63,0.32,0.31,0.69,0.68,0.00,34.25,0.06,0.05,0.95,0.94,1.00,1.00,0.00,0.00
2026-02-14T16:47:36.087Z,69545.31,0.19,0.18,0.82,0.81,0.00,0.00,0.32,0.31,0.69,0.68,0.00,103.13,0.06,0.05,0.95,0.94,1.00,1.00,0.00,0.00
2026-02-14T16:47:36.788Z,69545.31,0.19,0.18,0.82,0.81,53.42,6.82,0.31,0.30,0.70,0.69,0.00,92.74,0.06,0.05,0.95,0.94,1.00,1.00,0.00,0.00
2026-02-14T16:47:37.189Z,69545.31,0.19,0.15,0.85,0.81,20.00,1.32,0.31,0.30,0.70,0.69,245.16,1.79,0.06,0.05,0.95,0.94,1.00,1.00,0.00,0.00
2026-02-14T16:47:37.289Z,69545.31,0.16,0.15,0.85,0.84,0.00,359.07,0.31,0.30,0.70,0.69,0.00,0.00,0.06,0.05,0.95,0.94,1.00,1.00,0.00,0.00
2026-02-14T16:47:37.792Z,69545.31,0.18,0.15,0.85,0.82,46.63,42.44,0.31,0.30,0.70,0.69,11.19,8.03,0.06,0.05,0.95,0.94,1.00,1.00,0.00,0.00
2026-02-14T16:47:37.892Z,69545.31,0.16,0.15,0.85,0.84,0.00,0.00,0.31,0.30,0.70,0.69,0.00,6.79,0.06,0.05,0.95,0.94,1.00,1.00,0.00,0.00
2026-02-14T16:47:38.091Z,69545.31,0.18,0.15,0.85,0.82,0.00,1.66,0.31,0.30,0.70,0.69,25.09,0.00,0.06,0.05,0.95,0.94,1.00,1.00,0.00,0.00
2026-02-14T16:47:38.392Z,69545.31,0.17,0.15,0.85,0.83,0.00,7.36,0.31,0.30,0.70,0.69,0.00,0.00,0.06,0.05,0.95,0.94,1.00,1.00,0.00,0.00
2026-02-14T16:47:39.093Z,69545.31,0.16,0.15,0.85,0.84,77.30,25.46,0.31,0.30,0.70,0.69,0.00,1.79,0.06,0.05,0.95,0.94,1.00,1.00,0.00,0.00
2026-02-14T16:47:39.300Z,69545.32,0.16,0.15,0.85,0.84,0.00,0.99,0.31,0.30,0.70,0.69,0.00,1.79,0.06,0.05,0.95,0.94,1.00,1.00,0.00,0.00
2026-02-14T16:47:39.500Z,69545.32,0.20,0.15,0.85,0.80,218.10,0.00,0.31,0.30,0.70,0.69,0.00,0.00,0.06,0.05,0.95,0.94,1.00,1.00,0.00,0.00
2026-02-14T16:47:39.601Z,69545.32,0.20,0.16,0.84,0.80,0.00,0.00,0.31,0.30,0.70,0.69,3.23,0.00,0.06,0.05,0.95,0.94,1.00,1.00,0.00,0.00
2026-02-14T16:47:39.702Z,69545.32,0.20,0.19,0.81,0.80,0.00,0.00,0.31,0.30,0.70,0.69,0.00,2.86,0.06,0.05,0.95,0.94,1.00,1.00,0.00,0.00
2026-02-14T16:47:40.201Z,69541.53,0.19,0.18,0.82,0.81,0.00,35.75,0.31,0.30,0.70,0.69,5.00,1.79,0.06,0.05,0.95,0.94,1.00,1.00,0.00,0.00
2026-02-14T16:47:40.302Z,69539.26,0.19,0.18,0.82,0.81,0.00,0.00,0.31,0.30,0.70,0.69,0.00,0.00,0.06,0.05,0.95,0.94,1.00,1.00,0.00,0.00
2026-02-14T16:47:40.501Z,69539.27,0.19,0.18,0.82,0.81,0.00,2.56,0.31,0.30,0.70,0.69,0.00,0.00,0.07,0.06,0.94,0.93,1.00,1.00,0.00,0.00
2026-02-14T16:47:40.902Z,69539.27,0.19,0.17,0.83,0.81,0.00,60.41,0.31,0.30,0.70,0.69,0.00,22.89,0.07,0.06,0.94,0.93,1.00,1.00,0.00,0.00
2026-02-14T16:47:41.706Z,69539.27,0.18,0.17,0.83,0.82,42.73,14.30,0.31,0.30,0.70,0.69,3.24,18.90,0.07,0.06,0.94,0.93,1.00,1.00,0.00,0.00
2026-02-14T16:47:42.809Z,69539.27,0.19,0.18,0.82,0.81,87.00,57.93,0.31,0.30,0.70,0.69,16.93,39.55,0.07,0.06,0.94,0.93,1.00,1.00,0.00,0.00
2026-02-14T16:47:44.012Z,69539.26,0.19,0.18,0.82,0.81,5.26,39.88,0.31,0.30,0.70,0.69,28.98,11.58,0.07,0.06,0.94,0.93,1.00,1.00,0.00,0.00
2026-02-14T16:47:44.214Z,69539.27,0.19,0.18,0.82,0.81,5.26,87.96,0.31,0.30,0.70,0.69,5.68,1.79,0.07,0.06,0.94,0.93,1.00,1.00,0.00,0.00
2026-02-14T16:47:44.315Z,69546.10,0.19,0.18,0.82,0.81,15.53,0.00,0.31,0.30,0.70,0.69,0.00,0.00,0.07,0.06,0.94,0.93,1.00,1.00,0.00,0.00
2026-02-14T16:47:44.514Z,69546.10,0.20,0.19,0.81,0.80,24.89,0.00,0.31,0.30,0.70,0.69,0.00,0.00,0.07,0.06,0.94,0.93,1.00,1.00,0.00,0.00
2026-02-14T16:47:44.614Z,69552.56,0.20,0.19,0.81,0.80,139.99,6.17,0.31,0.30,0.70,0.69,12.00,5.00,0.07,0.06,0.94,0.93,1.00,1.00,0.00,0.00
2026-02-14T16:47:44.714Z,69552.56,0.24,0.22,0.78,0.76,290.53,63.00,0.31,0.30,0.70,0.69,0.00,0.00,0.07,0.06,0.94,0.93,1.00,1.00,0.00,0.00
2026-02-14T16:47:44.814Z,69556.00,0.24,0.22,0.78,0.76,0.00,92.56,0.31,0.30,0.70,0.69,0.00,0.00,0.07,0.06,0.94,0.93,1.00,1.00,0.00,0.00
2026-02-14T16:47:44.914Z,69555.99,0.24,0.22,0.78,0.76,5.00,11.52,0.31,0.30,0.70,0.69,46.51,0.00,0.07,0.06,0.94,0.93,1.00,1.00,0.00,0.00
2026-02-14T16:47:45.115Z,69555.99,0.23,0.22,0.78,0.77,10.00,1.07,0.32,0.31,0.69,0.68,51.30,1.79,0.07,0.06,0.94,0.93,1.00,1.00,0.00,0.00
2026-02-14T16:47:45.314Z,69562.39,0.24,0.22,0.78,0.76,37.50,1.52,0.33,0.32,0.68,0.67,165.54,24.34,0.07,0.06,0.94,0.93,1.00,1.00,0.00,0.00
2026-02-14T16:47:45.414Z,69562.39,0.20,0.19,0.81,0.80,18.09,35.00,0.33,0.32,0.68,0.67,0.00,0.00,0.07,0.06,0.94,0.93,1.00,1.00,0.00,0.00
2026-02-14T16:47:45.614Z,69562.39,0.20,0.19,0.81,0.80,23.40,497.27,0.33,0.32,0.68,0.67,0.00,0.00,0.08,0.07,0.93,0.92,1.00,1.00,0.00,0.00
2026-02-14T16:47:46.015Z,69562.39,0.20,0.19,0.81,0.80,76.00,31.93,0.34,0.33,0.67,0.66,51.99,20.34,0.08,0.07,0.93,0.92,1.00,1.00,0.00,0.00
2026-02-14T16:47:46.415Z,69562.38,0.20,0.19,0.81,0.80,0.00,115.06,0.34,0.33,0.67,0.66,7.86,10.84,0.08,0.07,0.93,0.92,1.00,1.00,0.00,0.00
2026-02-14T16:47:47.319Z,69562.39,0.20,0.19,0.81,0.80,22.06,46.50,0.34,0.33,0.67,0.66,18.12,18.57,0.08,0.07,0.93,0.92,1.00,1.00,0.00,0.00
2026-02-14T16:47:47.621Z,69562.38,0.20,0.19,0.81,0.80,10.05,0.00,0.34,0.33,0.67,0.66,0.00,13.99,0.08,0.07,0.93,0.92,1.00,1.00,0.00,0.00
2026-02-14T16:47:47.923Z,69562.38,0.21,0.20,0.80,0.79,99.75,7.30,0.34,0.33,0.67,0.66,5.73,1.87,0.08,0.07,0.93,0.92,1.00,1.00,0.00,0.00
2026-02-14T16:47:48.222Z,69562.39,0.21,0.20,0.80,0.79,0.00,1.25,0.34,0.33,0.67,0.66,0.00,2.99,0.08,0.07,0.93,0.92,1.00,1.00,0.00,0.00
2026-02-14T16:47:48.323Z,69562.38,0.21,0.20,0.80,0.79,0.00,27.81,0.34,0.33,0.67,0.66,0.00,0.00,0.08,0.07,0.93,0.92,1.00,1.00,0.00,0.00
2026-02-14T16:47:48.423Z,69562.38,0.21,0.18,0.82,0.79,0.00,0.00,0.34,0.33,0.67,0.66,5.15,0.00,0.08,0.07,0.93,0.92,1.00,1.00,0.00,0.00
2026-02-14T16:47:48.523Z,69562.38,0.20,0.19,0.81,0.80,20.00,818.31,0.34,0.33,0.67,0.66,0.00,1.87,0.08,0.07,0.93,0.92,1.00,1.00,0.00,0.00
2026-02-14T16:47:49.123Z,69562.38,0.22,0.21,0.79,0.78,279.13,46.06,0.34,0.33,0.67,0.66,2.94,3.36,0.08,0.07,0.93,0.92,1.00,1.00,0.00,0.00
2026-02-14T16:47:49.223Z,69567.05,0.23,0.21,0.79,0.77,0.00,0.00,0.34,0.33,0.67,0.66,0.00,0.00,0.08,0.07,0.93,0.92,1.00,1.00,0.00,0.00
2026-02-14T16:47:49.422Z,69567.04,0.23,0.22,0.78,0.77,19.99,11.78,0.34,0.33,0.67,0.66,11.00,0.00,0.08,0.07,0.93,0.92,1.00,1.00,0.00,0.00
2026-02-14T16:47:49.523Z,69567.05,0.23,0.22,0.78,0.77,9.69,0.00,0.34,0.33,0.67,0.66,0.00,0.00,0.08,0.07,0.93,0.92,1.00,1.00,0.00,0.00
2026-02-14T16:47:49.724Z,69567.04,0.23,0.21,0.79,0.77,49.48,63.05,0.34,0.33,0.67,0.66,15.00,1.49,0.08,0.07,0.93,0.92,1.00,1.00,0.00,0.00
2026-02-14T16:47:49.824Z,69567.05,0.22,0.21,0.79,0.78,0.00,0.00,0.34,0.33,0.67,0.66,0.00,0.00,0.08,0.07,0.93,0.92,1.00,1.00,0.00,0.00
2026-02-14T16:47:49.924Z,69567.04,0.22,0.21,0.79,0.78,0.00,1.39,0.34,0.33,0.67,0.66,0.00,1.87,0.08,0.07,0.93,0.92,1.00,1.00,0.00,0.00
2026-02-14T16:47:50.124Z,69567.04,0.21,0.20,0.80,0.79,8.09,6.46,0.34,0.33,0.67,0.66,0.00,0.00,0.08,0.07,0.93,0.92,1.00,1.00,0.00,0.00
2026-02-14T16:47:50.325Z,69567.05,0.24,0.20,0.80,0.76,11.25,38.11,0.34,0.33,0.67,0.66,0.00,20.00,0.08,0.07,0.93,0.92,1.00,1.00,0.00,0.00
2026-02-14T16:47:50.425Z,69567.05,0.24,0.21,0.79,0.76,20.00,137.49,0.34,0.33,0.67,0.66,0.00,0.00,0.08,0.07,0.93,0.92,1.00,1.00,0.00,0.00
2026-02-14T16:47:50.526Z,69567.05,0.23,0.21,0.79,0.77,0.00,0.00,0.34,0.33,0.67,0.66,0.00,1.87,0.08,0.07,0.93,0.92,1.00,1.00,0.00,0.00
2026-02-14T16:47:50.726Z,69567.05,0.22,0.21,0.79,0.78,0.00,0.00,0.34,0.33,0.67,0.66,0.00,0.00,0.08,0.07,0.93,0.92,1.00,1.00,0.00,0.00
2026-02-14T16:47:51.225Z,69567.05,0.22,0.20,0.80,0.78,101.65,4.94,0.34,0.33,0.67,0.66,0.00,31.70,0.08,0.07,0.93,0.92,1.00,1.00,0.00,0.00
2026-02-14T16:47:51.426Z,69567.05,0.21,0.20,0.80,0.79,17.36,5.00,0.34,0.33,0.67,0.66,0.00,0.00,0.08,0.07,0.93,0.92,1.00,1.00,0.00,0.00
2026-02-14T16:47:51.926Z,69567.04,0.21,0.20,0.80,0.79,0.00,0.00,0.34,0.33,0.67,0.66,16.00,1.87,0.08,0.07,0.93,0.92,1.00,1.00,0.00,0.00
2026-02-14T16:47:52.226Z,69567.04,0.22,0.20,0.80,0.78,4.76,0.00,0.34,0.33,0.67,0.66,0.00,0.00,0.08,0.07,0.93,0.92,1.00,1.00,0.00,0.00
2026-02-14T16:47:52.426Z,69567.04,0.22,0.17,0.83,0.78,96.39,147.72,0.34,0.33,0.67,0.66,0.00,0.00,0.08,0.07,0.93,0.92,1.00,1.00,0.00,0.00
2026-02-14T16:47:52.526Z,69567.04,0.22,0.20,0.80,0.78,0.00,0.00,0.34,0.33,0.67,0.66,0.00,0.00,0.08,0.07,0.93,0.92,1.00,1.00,0.00,0.00
2026-02-14T16:47:52.627Z,69567.05,0.22,0.17,0.83,0.78,0.00,0.80,0.34,0.33,0.67,0.66,0.00,1.87,0.08,0.07,0.93,0.92,1.00,1.00,0.00,0.00
2026-02-14T16:47:52.728Z,69567.04,0.19,0.18,0.82,0.81,7.00,0.01,0.34,0.33,0.67,0.66,0.00,0.00,0.08,0.07,0.93,0.92,1.00,1.00,0.00,0.00
2026-02-14T16:47:52.828Z,69567.05,0.19,0.18,0.82,0.81,0.00,0.00,0.34,0.33,0.67,0.66,0.00,0.00,0.08,0.07,0.93,0.92,1.00,1.00,0.00,0.00
2026-02-14T16:47:53.127Z,69567.05,0.19,0.16,0.84,0.81,0.00,60.34,0.34,0.33,0.67,0.66,0.00,0.00,0.08,0.07,0.93,0.92,1.00,1.00,0.00,0.00
2026-02-14T16:47:53.229Z,69567.04,0.19,0.18,0.82,0.81,10.00,0.00,0.34,0.33,0.67,0.66,0.00,9.13,0.08,0.07,0.93,0.92,1.00,1.00,0.00,0.00
2026-02-14T16:47:53.329Z,69567.04,0.19,0.15,0.85,0.81,0.00,97.06,0.34,0.33,0.67,0.66,0.00,1.87,0.08,0.07,0.93,0.92,1.00,1.00,0.00,0.00
2026-02-14T16:47:53.529Z,69567.05,0.19,0.16,0.84,0.81,0.00,0.00,0.34,0.33,0.67,0.66,0.00,0.00,0.08,0.07,0.93,0.92,1.00,1.00,0.00,0.00
2026-02-14T16:47:53.629Z,69567.05,0.17,0.16,0.84,0.83,0.00,0.00,0.34,0.33,0.67,0.66,0.00,0.00,0.08,0.07,0.93,0.92,1.00,1.00,0.00,0.00
2026-02-14T16:47:53.829Z,69567.05,0.17,0.16,0.84,0.83,27.00,0.00,0.34,0.33,0.67,0.66,0.00,0.00,0.07,0.06,0.94,0.93,1.00,1.00,0.00,0.00
2026-02-14T16:47:54.130Z,69567.04,0.17,0.16,0.84,0.83,20.00,0.00,0.34,0.33,0.67,0.66,0.00,1.87,0.07,0.06,0.94,0.93,1.00,1.00,0.00,0.00
2026-02-14T16:47:54.230Z,69567.04,0.18,0.16,0.84,0.82,54.32,0.00,0.34,0.33,0.67,0.66,11.00,0.00,0.07,0.06,0.94,0.93,1.00,1.00,0.00,0.00
2026-02-14T16:47:54.630Z,69565.31,0.18,0.16,0.84,0.82,0.00,0.72,0.34,0.33,0.67,0.66,0.00,1.87,0.07,0.06,0.94,0.93,1.00,1.00,0.00,0.00
2026-02-14T16:47:54.731Z,69562.38,0.17,0.16,0.84,0.83,0.00,0.00,0.34,0.33,0.67,0.66,0.00,0.00,0.07,0.06,0.94,0.93,1.00,1.00,0.00,0.00
2026-02-14T16:47:54.831Z,69559.27,0.17,0.16,0.84,0.83,0.00,4.85,0.34,0.33,0.67,0.66,0.00,0.00,0.07,0.06,0.94,0.93,1.00,1.00,0.00,0.00
2026-02-14T16:47:55.130Z,69559.27,0.17,0.16,0.84,0.83,0.00,1.25,0.33,0.32,0.68,0.67,0.00,33.92,0.07,0.06,0.94,0.93,1.00,1.00,0.00,0.00
2026-02-14T16:47:55.432Z,69559.26,0.18,0.16,0.84,0.82,29.29,0.00,0.33,0.32,0.68,0.67,0.00,54.52,0.07,0.06,0.94,0.93,1.00,1.00,0.00,0.00
2026-02-14T16:47:55.532Z,69559.26,0.17,0.16,0.84,0.83,0.00,0.00,0.33,0.32,0.68,0.67,0.00,11.21,0.07,0.06,0.94,0.93,1.00,1.00,0.00,0.00
2026-02-14T16:47:56.133Z,69559.27,0.17,0.16,0.84,0.83,0.00,0.00,0.33,0.32,0.68,0.67,4.90,1.84,0.07,0.06,0.94,0.93,1.00,1.00,0.00,0.00
2026-02-14T16:47:56.233Z,69559.27,0.18,0.17,0.83,0.82,0.00,0.00,0.33,0.32,0.68,0.67,0.00,0.00,0.07,0.06,0.94,0.93,1.00,1.00,0.00,0.00
2026-02-14T16:47:56.633Z,69559.26,0.18,0.17,0.83,0.82,20.08,7.69,0.33,0.32,0.68,0.67,20.26,0.00,0.07,0.06,0.94,0.93,1.00,1.00,0.00,0.00
2026-02-14T16:47:57.535Z,69559.27,0.18,0.17,0.83,0.82,0.00,9.76,0.33,0.32,0.68,0.67,8.03,13.68,0.07,0.06,0.94,0.93,1.00,1.00,0.00,0.00
2026-02-14T16:47:57.735Z,69559.27,0.20,0.17,0.83,0.80,27.82,5.69,0.33,0.32,0.68,0.67,0.00,0.00,0.07,0.06,0.94,0.93,1.00,1.00,0.00,0.00
2026-02-14T16:47:57.936Z,69559.27,0.19,0.17,0.83,0.81,156.96,0.00,0.33,0.32,0.68,0.67,1.00,0.00,0.07,0.06,0.94,0.93,1.00,1.00,0.00,0.00
2026-02-14T16:47:58.137Z,69559.27,0.19,0.18,0.82,0.81,0.00,5.71,0.33,0.32,0.68,0.67,0.00,1.84,0.07,0.06,0.94,0.93,1.00,1.00,0.00,0.00
2026-02-14T16:47:58.639Z,69559.26,0.19,0.18,0.82,0.81,0.00,0.00,0.33,0.32,0.68,0.67,4.55,7.11,0.07,0.06,0.94,0.93,1.00,1.00,0.00,0.00
2026-02-14T16:47:58.839Z,69559.26,0.20,0.18,0.82,0.80,103.65,0.00,0.33,0.32,0.68,0.67,0.00,31.25,0.07,0.06,0.94,0.93,1.00,1.00,0.00,0.00
2026-02-14T16:47:59.040Z,69559.27,0.20,0.17,0.83,0.80,118.31,49.43,0.33,0.32,0.68,0.67,12.00,0.00,0.07,0.06,0.94,0.93,1.00,1.00,0.00,0.00
2026-02-14T16:47:59.240Z,69559.27,0.19,0.17,0.83,0.81,0.00,0.00,0.33,0.32,0.68,0.67,0.00,6.00,0.07,0.06,0.94,0.93,1.00,1.00,0.00,0.00
2026-02-14T16:47:59.340Z,69559.27,0.18,0.17,0.83,0.82,0.00,50.00,0.33,0.32,0.68,0.67,9.09,1.49,0.07,0.06,0.94,0.93,1.00,1.00,0.00,0.00
2026-02-14T16:47:59.641Z,69559.26,0.18,0.17,0.83,0.82,24.00,0.00,0.33,0.32,0.68,0.67,5.17,1.84,0.07,0.06,0.94,0.93,1.00,1.00,0.00,0.00
2026-02-14T16:47:59.840Z,69559.27,0.18,0.17,0.83,0.82,5.93,3.69,0.33,0.32,0.68,0.67,0.00,0.00,0.07,0.06,0.94,0.93,1.00,1.00,0.00,0.00
2026-02-14T16:47:59.941Z,69559.27,0.17,0.16,0.84,0.83,0.00,34.60,0.33,0.32,0.68,0.67,0.00,0.00,0.07,0.06,0.94,0.93,1.00,1.00,0.00,0.00
2026-02-14T16:48:00.142Z,69559.26,0.17,0.16,0.84,0.83,0.00,0.00,0.33,0.32,0.68,0.67,0.00,1.84,0.07,0.06,0.94,0.93,1.00,1.00,0.00,0.00
2026-02-14T16:48:00.341Z,69559.27,0.17,0.16,0.84,0.83,0.00,4.80,0.33,0.32,0.68,0.67,3.03,5.00,0.07,0.06,0.94,0.93,1.00,1.00,0.00,0.00
2026-02-14T16:48:00.743Z,69559.26,0.17,0.16,0.84,0.83,17.65,10.10,0.33,0.32,0.68,0.67,0.00,0.00,0.07,0.06,0.94,0.93,1.00,1.00,0.00,0.00
2026-02-14T16:48:01.143Z,69559.26,0.16,0.15,0.85,0.84,196.51,42.51,0.33,0.32,0.68,0.67,0.00,1.84,0.07,0.06,0.94,0.93,1.00,1.00,0.00,0.00
2026-02-14T16:48:01.244Z,69559.27,0.16,0.15,0.85,0.84,0.00,0.00,0.33,0.32,0.68,0.67,0.00,3.04,0.07,0.06,0.94,0.93,1.00,1.00,0.00,0.00
2026-02-14T16:48:01.743Z,69557.52,0.16,0.15,0.85,0.84,0.00,118.22,0.33,0.32,0.68,0.67,212.00,30.21,0.07,0.06,0.94,0.93,1.00,1.00,0.00,0.00
2026-02-14T16:48:02.143Z,69557.51,0.16,0.15,0.85,0.84,200.00,0.00,0.33,0.32,0.68,0.67,1.10,0.00,0.07,0.06,0.94,0.93,1.00,1.00,0.00,0.00
2026-02-14T16:48:02.244Z,69557.51,0.17,0.15,0.85,0.83,80.00,0.00,0.33,0.32,0.68,0.67,0.00,1.84,0.07,0.06,0.94,0.93,1.00,1.00,0.00,0.00
2026-02-14T16:48:02.443Z,69557.51,0.16,0.15,0.85,0.84,0.00,5.88,0.33,0.32,0.68,0.67,0.00,13.62,0.07,0.06,0.94,0.93,1.00,1.00,0.00,0.00
2026-02-14T16:48:03.144Z,69557.52,0.16,0.15,0.85,0.84,0.00,33.02,0.33,0.32,0.68,0.67,0.00,4.78,0.07,0.06,0.94,0.93,1.00,1.00,0.00,0.00
2026-02-14T16:48:03.344Z,69557.52,0.17,0.16,0.84,0.83,15.00,22.25,0.33,0.32,0.68,0.67,0.00,0.00,0.07,0.06,0.94,0.93,1.00,1.00,0.00,0.00
2026-02-14T16:48:03.544Z,69562.18,0.17,0.16,0.84,0.83,20.40,0.00,0.33,0.32,0.68,0.67,0.00,0.00,0.07,0.06,0.94,0.93,1.00,1.00,0.00,0.00
2026-02-14T16:48:03.745Z,69567.04,0.17,0.16,0.84,0.83,152.47,26.41,0.33,0.32,0.68,0.67,0.00,28.74,0.07,0.06,0.94,0.93,1.00,1.00,0.00,0.00
2026-02-14T16:48:03.945Z,69567.04,0.17,0.16,0.84,0.83,0.00,5.30,0.35,0.34,0.66,0.65,101.00,0.00,0.07,0.06,0.94,0.93,1.00,1.00,0.00,0.00
2026-02-14T16:48:04.145Z,69567.03,0.17,0.16,0.84,0.83,0.00,0.00,0.35,0.34,0.66,0.65,10.29,0.00,0.08,0.07,0.93,0.92,1.00,1.00,0.00,0.00
2026-02-14T16:48:04.344Z,69568.00,0.17,0.16,0.84,0.83,64.00,0.00,0.35,0.34,0.66,0.65,9.51,8.10,0.08,0.07,0.93,0.92,1.00,1.00,0.00,0.00
2026-02-14T16:48:04.444Z,69568.01,0.17,0.16,0.84,0.83,0.00,0.00,0.35,0.34,0.66,0.65,0.00,3.41,0.08,0.07,0.93,0.92,1.00,1.00,0.00,0.00
2026-02-14T16:48:04.544Z,69568.40,0.17,0.16,0.84,0.83,117.65,0.00,0.35,0.34,0.66,0.65,0.00,6.00,0.08,0.07,0.93,0.92,1.00,1.00,0.00,0.00
2026-02-14T16:48:04.644Z,69572.51,0.17,0.16,0.84,0.83,150.00,26.81,0.35,0.34,0.66,0.65,0.00,0.00,0.08,0.07,0.93,0.92,1.00,1.00,0.00,0.00
2026-02-14T16:48:04.945Z,69584.90,0.17,0.16,0.84,0.83,374.41,0.00,0.35,0.34,0.66,0.65,36.09,0.00,0.08,0.07,0.93,0.92,1.00,1.00,0.00,0.00
2026-02-14T16:48:05.046Z,69592.24,0.17,0.16,0.84,0.83,306.76,25.00,0.35,0.34,0.66,0.65,0.00,0.00,0.08,0.07,0.93,0.92,1.00,1.00,0.00,0.00
2026-02-14T16:48:05.245Z,69601.03,0.28,0.24,0.76,0.72,1134.50,0.00,0.36,0.35,0.65,0.64,21.00,1.89,0.08,0.07,0.93,0.92,1.00,1.00,0.00,0.00
2026-02-14T16:48:05.345Z,69601.03,0.27,0.24,0.76,0.73,59.67,0.00,0.36,0.35,0.65,0.64,0.00,0.00,0.08,0.07,0.93,0.92,1.00,1.00,0.00,0.00
2026-02-14T16:48:05.446Z,69601.02,0.28,0.26,0.74,0.72,38.37,13.00,0.36,0.35,0.65,0.64,1.40,0.00,0.09,0.08,0.92,0.91,1.00,1.00,0.00,0.00
2026-02-14T16:48:05.645Z,69603.80,0.28,0.27,0.73,0.72,34.33,0.00,0.37,0.35,0.65,0.63,50.56,0.00,0.09,0.08,0.92,0.91,1.00,1.00,0.00,0.00
2026-02-14T16:48:05.746Z,69609.34,0.28,0.27,0.73,0.72,0.00,35.11,0.40,0.39,0.61,0.60,146.59,25.00,0.09,0.08,0.92,0.91,1.00,1.00,0.00,0.00
2026-02-14T16:48:05.846Z,69609.35,0.30,0.29,0.71,0.70,27.00,0.00,0.40,0.39,0.61,0.60,0.00,0.00,0.09,0.08,0.92,0.91,1.00,1.00,0.00,0.00
2026-02-14T16:48:06.045Z,69609.34,0.30,0.29,0.71,0.70,5.90,79.88,0.40,0.39,0.61,0.60,21.65,29.95,0.09,0.08,0.92,0.91,1.00,1.00,0.00,0.00
2026-02-14T16:48:06.145Z,69609.34,0.30,0.26,0.74,0.70,0.00,191.70,0.40,0.39,0.61,0.60,269.00,0.00,0.09,0.08,0.92,0.91,1.00,1.00,0.00,0.00
2026-02-14T16:48:06.246Z,69609.35,0.30,0.25,0.75,0.70,0.00,308.39,0.40,0.39,0.61,0.60,575.00,0.00,0.09,0.08,0.92,0.91,1.00,1.00,0.00,0.00
2026-02-14T16:48:06.347Z,69609.35,0.30,0.24,0.76,0.70,0.00,71.37,0.40,0.39,0.61,0.60,78.75,0.00,0.09,0.08,0.92,0.91,1.00,1.00,0.00,0.00
2026-02-14T16:48:06.546Z,69625.06,0.30,0.29,0.71,0.70,88.73,246.53,0.40,0.39,0.61,0.60,60.00,9.33,0.10,0.09,0.91,0.90,1.00,1.00,0.00,0.00
2026-02-14T16:48:06.646Z,69625.05,0.30,0.29,0.71,0.70,288.00,56.34,0.40,0.39,0.61,0.60,115.25,0.00,0.10,0.09,0.91,0.90,1.00,1.00,0.00,0.00
2026-02-14T16:48:06.746Z,69625.06,0.30,0.29,0.71,0.70,103.57,0.00,0.40,0.39,0.61,0.60,0.00,5.86,0.10,0.09,0.91,0.90,1.00,1.00,0.00,0.00
2026-02-14T16:48:06.846Z,69625.06,0.32,0.30,0.70,0.68,57.75,17.70,0.42,0.41,0.59,0.58,45.00,72.00,0.10,0.09,0.91,0.90,1.00,1.00,0.00,0.00
2026-02-14T16:48:06.947Z,69625.06,0.32,0.30,0.70,0.68,0.00,0.00,0.43,0.41,0.59,0.57,23.67,5.09,0.10,0.09,0.91,0.90,1.00,1.00,0.00,0.00
2026-02-14T16:48:07.147Z,69625.06,0.35,0.31,0.69,0.65,149.85,704.87,0.44,0.43,0.57,0.56,238.02,19.96,0.10,0.09,0.91,0.90,1.00,1.00,0.00,0.00
2026-02-14T16:48:07.247Z,69626.00,0.35,0.34,0.66,0.65,447.27,5.00,0.44,0.43,0.57,0.56,0.00,11.08,0.11,0.10,0.90,0.89,1.00,1.00,0.00,0.00
2026-02-14T16:48:07.446Z,69638.63,0.39,0.34,0.66,0.61,40.99,32.40,0.45,0.44,0.56,0.55,7.00,0.00,0.11,0.10,0.90,0.89,1.00,1.00,0.00,0.00
2026-02-14T16:48:07.547Z,69638.63,0.39,0.35,0.65,0.61,44.76,1.91,0.45,0.44,0.56,0.55,0.00,0.00,0.11,0.10,0.90,0.89,1.00,1.00,0.00,0.00
2026-02-14T16:48:07.746Z,69638.64,0.40,0.37,0.63,0.60,5.98,1.39,0.47,0.46,0.54,0.53,32.04,5.00,0.11,0.10,0.90,0.89,1.00,1.00,0.00,0.00
2026-02-14T16:48:07.847Z,69638.64,0.41,0.39,0.61,0.59,128.56,1.25,0.47,0.46,0.54,0.53,186.62,0.00,0.11,0.10,0.90,0.89,1.00,1.00,0.00,0.00
2026-02-14T16:48:07.947Z,69643.20,0.42,0.39,0.61,0.58,0.00,8.28,0.47,0.46,0.54,0.53,6.35,0.00,0.11,0.10,0.90,0.89,1.00,1.00,0.00,0.00
2026-02-14T16:48:08.047Z,69651.19,0.40,0.39,0.61,0.60,155.06,0.00,0.47,0.46,0.54,0.53,2.13,0.00,0.11,0.10,0.90,0.89,1.00,1.00,0.00,0.00
2026-02-14T16:48:08.148Z,69651.19,0.44,0.40,0.60,0.56,13.12,0.00,0.47,0.46,0.54,0.53,0.00,0.00,0.11,0.10,0.90,0.89,1.00,1.00,0.00,0.00
2026-02-14T16:48:08.248Z,69651.19,0.44,0.43,0.57,0.56,110.59,26.67,0.47,0.46,0.54,0.53,0.00,5.19,0.11,0.10,0.90,0.89,1.00,1.00,0.00,0.00
2026-02-14T16:48:08.348Z,69651.18,0.46,0.44,0.56,0.54,229.56,51.89,0.47,0.46,0.54,0.53,0.00,0.00,0.11,0.10,0.90,0.89,1.00,1.00,0.00,0.00
2026-02-14T16:48:08.547Z,69651.18,0.46,0.44,0.56,0.54,25.00,0.00,0.48,0.47,0.53,0.52,7.00,27.45,0.14,0.13,0.87,0.86,1.00,1.00,0.00,0.00
2026-02-14T16:48:08.647Z,69651.18,0.45,0.44,0.56,0.55,4.30,12.18,0.50,0.48,0.52,0.50,0.00,0.00,0.14,0.13,0.87,0.86,1.00,1.00,0.00,0.00
2026-02-14T16:48:08.748Z,69651.18,0.45,0.44,0.56,0.55,0.00,0.00,0.50,0.49,0.51,0.50,225.29,39.00,0.14,0.13,0.87,0.86,1.00,1.00,0.00,0.00
2026-02-14T16:48:08.948Z,69651.18,0.47,0.45,0.55,0.53,29.70,18.41,0.50,0.49,0.51,0.50,13.74,6.00,0.14,0.13,0.87,0.86,1.00,1.00,0.00,0.00
2026-02-14T16:48:09.147Z,69651.18,0.47,0.46,0.54,0.53,117.17,24.18,0.52,0.51,0.49,0.48,173.86,0.00,0.14,0.13,0.87,0.86,1.00,1.00,0.00,0.00
2026-02-14T16:48:09.247Z,69647.69,0.47,0.43,0.57,0.53,46.20,91.58,0.54,0.52,0.48,0.46,205.00,23.00,0.14,0.13,0.87,0.86,1.00,1.00,0.00,0.00
2026-02-14T16:48:09.347Z,69645.76,0.47,0.42,0.58,0.53,72.76,113.47,0.54,0.52,0.48,0.46,185.00,0.00,0.14,0.13,0.87,0.86,1.00,1.00,0.00,0.00
2026-02-14T16:48:09.448Z,69636.92,0.42,0.41,0.59,0.58,21.45,10.40,0.54,0.52,0.48,0.46,12.49,7.59,0.14,0.13,0.87,0.86,1.00,1.00,0.00,0.00
2026-02-14T16:48:09.647Z,69636.93,0.38,0.37,0.63,0.62,139.37,284.39,0.53,0.52,0.48,0.47,0.00,13.89,0.14,0.13,0.87,0.86,1.00,1.00,0.00,0.00
2026-02-14T16:48:09.748Z,69636.93,0.39,0.38,0.62,0.61,83.15,29.00,0.53,0.52,0.48,0.47,6.06,0.00,0.14,0.12,0.88,0.86,1.00,1.00,0.00,0.00
2026-02-14T16:48:09.948Z,69648.93,0.42,0.38,0.62,0.58,30.95,6.30,0.50,0.49,0.51,0.50,0.00,532.29,0.14,0.13,0.87,0.86,1.00,1.00,0.00,0.00
2026-02-14T16:48:10.048Z,69648.94,0.46,0.45,0.55,0.54,156.98,0.00,0.51,0.49,0.51,0.49,0.00,40.29,0.14,0.13,0.87,0.86,1.00,1.00,0.00,0.00
2026-02-14T16:48:10.148Z,69651.19,0.47,0.45,0.55,0.53,70.04,93.62,0.51,0.49,0.51,0.49,164.39,0.00,0.15,0.14,0.86,0.85,1.00,1.00,0.00,0.00
2026-02-14T16:48:10.248Z,69651.19,0.47,0.46,0.54,0.53,0.15,2.15,0.51,0.49,0.51,0.49,24.82,0.00,0.15,0.14,0.86,0.85,1.00,1.00,0.00,0.00
2026-02-14T16:48:10.349Z,69651.19,0.47,0.46,0.54,0.53,0.01,24.45,0.51,0.48,0.52,0.49,0.00,4.60,0.15,0.14,0.86,0.85,1.00,1.00,0.00,0.00
2026-02-14T16:48:10.549Z,69656.85,0.49,0.47,0.53,0.51,179.78,46.47,0.49,0.48,0.52,0.51,2.04,47.51,0.15,0.14,0.86,0.85,1.00,1.00,0.00,0.00
2026-02-14T16:48:10.749Z,69665.34,0.50,0.47,0.53,0.50,344.96,29.66,0.51,0.50,0.50,0.49,61.10,63.19,0.15,0.14,0.86,0.85,1.00,1.00,0.00,0.00
2026-02-14T16:48:10.948Z,69665.34,0.51,0.49,0.51,0.49,372.62,7.91,0.52,0.50,0.50,0.48,5.20,10.00,0.16,0.15,0.85,0.84,1.00,1.00,0.00,0.00
2026-02-14T16:48:11.150Z,69665.34,0.51,0.49,0.51,0.49,4.31,51.32,0.52,0.50,0.50,0.48,34.99,0.00,0.17,0.16,0.84,0.83,1.00,1.00,0.00,0.00
2026-02-14T16:48:11.250Z,69662.45,0.51,0.50,0.50,0.49,39.26,95.76,0.53,0.50,0.50,0.47,2.65,15.00,0.17,0.16,0.84,0.83,1.00,1.00,0.00,0.00
2026-02-14T16:48:11.351Z,69657.03,0.51,0.49,0.51,0.49,30.80,39.28,0.54,0.51,0.49,0.46,93.23,10.00,0.17,0.16,0.84,0.83,1.00,1.00,0.00,0.00
2026-02-14T16:48:11.551Z,69657.03,0.50,0.49,0.51,0.50,149.76,74.69,0.54,0.52,0.48,0.46,11.56,24.09,0.17,0.15,0.85,0.83,1.00,1.00,0.00,0.00
2026-02-14T16:48:11.751Z,69651.18,0.50,0.45,0.55,0.50,10.22,177.02,0.55,0.52,0.48,0.45,169.01,6.00,0.16,0.15,0.85,0.84,1.00,1.00,0.00,0.00
2026-02-14T16:48:11.950Z,69651.18,0.45,0.44,0.56,0.55,178.30,96.90,0.53,0.52,0.48,0.47,28.67,239.92,0.15,0.14,0.86,0.85,1.00,1.00,0.00,0.00
2026-02-14T16:48:12.051Z,69651.18,0.45,0.43,0.57,0.55,41.25,40.56,0.53,0.52,0.48,0.47,82.02,8.17,0.15,0.13,0.87,0.85,1.00,1.00,0.00,0.00
2026-02-14T16:48:12.250Z,69651.18,0.44,0.43,0.57,0.56,23.53,2.04,0.53,0.52,0.48,0.47,36.45,0.00,0.14,0.13,0.87,0.86,1.00,1.00,0.00,0.00
2026-02-14T16:48:12.350Z,69649.19,0.44,0.43,0.57,0.56,2.27,0.00,0.53,0.52,0.48,0.47,0.00,0.00,0.14,0.13,0.87,0.86,1.00,1.00,0.00,0.00
2026-02-14T16:48:12.450Z,69649.11,0.44,0.40,0.60,0.56,0.00,49.15,0.53,0.52,0.48,0.47,0.00,0.00,0.14,0.13,0.87,0.86,1.00,1.00,0.00,0.00
2026-02-14T16:48:12.550Z,69642.76,0.44,0.43,0.57,0.56,97.79,0.00,0.53,0.52,0.48,0.47,0.00,0.00,0.14,0.13,0.87,0.86,1.00,1.00,0.00,0.00
2026-02-14T16:48:12.651Z,69642.75,0.41,0.39,0.61,0.59,66.52,76.83,0.53,0.52,0.48,0.47,10.00,34.50,0.14,0.13,0.87,0.86,1.00,1.00,0.00,0.00
2026-02-14T16:48:12.751Z,69636.93,0.42,0.40,0.60,0.58,18.50,0.00,0.53,0.52,0.48,0.47,2.02,0.00,0.14,0.13,0.87,0.86,1.00,1.00,0.00,0.00
2026-02-14T16:48:12.851Z,69636.92,0.42,0.40,0.60,0.58,15.24,3.95,0.53,0.52,0.48,0.47,8.64,0.00,0.14,0.13,0.87,0.86,1.00,1.00,0.00,0.00
2026-02-14T16:48:12.951Z,69636.92,0.43,0.42,0.58,0.57,53.98,27.00,0.54,0.52,0.48,0.46,0.00,20.44,0.14,0.13,0.87,0.86,1.00,1.00,0.00,0.00
2026-02-14T16:48:13.051Z,69636.92,0.43,0.42,0.58,0.57,22.16,84.81,0.53,0.52,0.48,0.47,201.49,193.56,0.14,0.13,0.87,0.86,1.00,1.00,0.00,0.00
2026-02-14T16:48:13.250Z,69636.92,0.42,0.41,0.59,0.58,72.39,9.59,0.51,0.50,0.50,0.49,251.88,102.17,0.13,0.12,0.88,0.87,1.00,1.00,0.00,0.00
2026-02-14T16:48:13.350Z,69636.92,0.41,0.40,0.60,0.59,7.69,20.86,0.51,0.50,0.50,0.49,0.00,0.00,0.13,0.12,0.88,0.87,1.00,1.00,0.00,0.00
2026-02-14T16:48:13.450Z,69636.92,0.41,0.40,0.60,0.59,14.10,5.25,0.53,0.52,0.48,0.47,152.01,4.00,0.13,0.12,0.88,0.87,1.00,1.00,0.00,0.00
2026-02-14T16:48:13.551Z,69636.92,0.41,0.40,0.60,0.59,19.05,25.00,0.53,0.50,0.50,0.47,10.00,51.56,0.13,0.12,0.88,0.87,1.00,1.00,0.00,0.00
2026-02-14T16:48:13.651Z,69636.93,0.43,0.40,0.60,0.57,182.54,16.15,0.50,0.49,0.51,0.50,57.55,31.00,0.13,0.12,0.88,0.87,1.00,1.00,0.00,0.00
2026-02-14T16:48:13.751Z,69636.93,0.43,0.40,0.60,0.57,26.30,8.96,0.48,0.47,0.53,0.52,0.00,20.00,0.13,0.12,0.88,0.87,1.00,1.00,0.00,0.00
2026-02-14T16:48:13.852Z,69636.92,0.42,0.39,0.61,0.58,0.00,18.44,0.48,0.47,0.53,0.52,22.19,153.57,0.13,0.12,0.88,0.87,1.00,1.00,0.00,0.00
2026-02-14T16:48:13.957Z,69636.92,0.41,0.38,0.62,0.59,15.15,17.21,0.47,0.46,0.54,0.53,15.34,9.80,0.13,0.12,0.88,0.87,1.00,1.00,0.00,0.00
2026-02-14T16:48:14.158Z,69636.92,0.41,0.40,0.60,0.59,26.80,18.58,0.47,0.46,0.54,0.53,79.93,48.94,0.13,0.12,0.88,0.87,1.00,1.00,0.00,0.00
2026-02-14T16:48:14.258Z,69636.93,0.41,0.40,0.60,0.59,8.74,0.00,0.47,0.46,0.54,0.53,11.36,47.87,0.13,0.12,0.88,0.87,1.00,1.00,0.00,0.00
2026-02-14T16:48:14.358Z,69636.93,0.41,0.39,0.61,0.59,44.90,5.00,0.47,0.46,0.54,0.53,25.74,0.00,0.13,0.12,0.88,0.87,1.00,1.00,0.00,0.00
2026-02-14T16:48:14.458Z,69636.92,0.42,0.39,0.61,0.58,22.04,1.00,0.47,0.46,0.54,0.53,0.00,1.72,0.13,0.12,0.88,0.87,1.00,1.00,0.00,0.00
2026-02-14T16:48:14.559Z,69636.92,0.42,0.40,0.60,0.58,6.37,5.56,0.47,0.46,0.54,0.53,2.53,0.00,0.13,0.12,0.88,0.87,1.00,1.00,0.00,0.00
2026-02-14T16:48:14.659Z,69636.92,0.42,0.39,0.61,0.58,9.81,11.08,0.47,0.46,0.54,0.53,13.49,1.85,0.13,0.12,0.88,0.87,1.00,1.00,0.00,0.00
2026-02-14T16:48:14.759Z,69636.92,0.42,0.40,0.60,0.58,2.62,14.60,0.47,0.46,0.54,0.53,7.00,0.00,0.13,0.12,0.88,0.87,1.00,1.00,0.00,0.00
2026-02-14T16:48:14.859Z,69636.92,0.40,0.37,0.63,0.60,300.00,4.99,0.47,0.46,0.54,0.53,10.00,9.41,0.13,0.12,0.88,0.87,1.00,1.00,0.00,0.00
2026-02-14T16:48:14.959Z,69636.92,0.39,0.37,0.63,0.61,10.57,159.44,0.47,0.46,0.54,0.53,29.73,3.00,0.13,0.12,0.88,0.87,1.00,1.00,0.00,0.00
2026-02-14T16:48:15.060Z,69636.93,0.39,0.37,0.63,0.61,0.00,0.00,0.47,0.46,0.54,0.53,0.00,0.00,0.13,0.12,0.88,0.87,1.00,1.00,0.00,0.00
2026-02-14T16:48:15.260Z,69636.92,0.39,0.38,0.62,0.61,10.13,29.56,0.47,0.46,0.54,0.53,43.36,0.00,0.13,0.12,0.88,0.87,1.00,1.00,0.00,0.00
2026-02-14T16:48:15.360Z,69636.92,0.39,0.37,0.63,0.61,13.48,40.99,0.47,0.46,0.54,0.53,57.57,3.96,0.12,0.11,0.89,0.88,1.00,1.00,0.00,0.00
2026-02-14T16:48:15.460Z,69636.76,0.38,0.37,0.63,0.62,0.00,84.56,0.47,0.46,0.54,0.53,0.00,2.93,0.12,0.11,0.89,0.88,1.00,1.00,0.00,0.00
2026-02-14T16:48:15.560Z,69636.00,0.37,0.36,0.64,0.63,0.00,0.00,0.47,0.46,0.54,0.53,0.00,6.98,0.12,0.11,0.89,0.88,1.00,1.00,0.00,0.00
2026-02-14T16:48:15.761Z,69635.99,0.38,0.35,0.65,0.62,55.06,100.24,0.47,0.46,0.54,0.53,177.87,46.37,0.12,0.11,0.89,0.88,1.00,1.00,0.00,0.00
2026-02-14T16:48:15.861Z,69635.78,0.36,0.34,0.66,0.64,104.68,25.00,0.47,0.46,0.54,0.53,21.32,0.00,0.12,0.11,0.89,0.88,1.00,1.00,0.00,0.00
2026-02-14T16:48:16.060Z,69634.25,0.36,0.34,0.66,0.64,5.00,32.99,0.47,0.46,0.54,0.53,60.33,20.83,0.12,0.11,0.89,0.88,1.00,1.00,0.00,0.00
2026-02-14T16:48:16.169Z,69634.26,0.36,0.34,0.66,0.64,29.70,20.00,0.46,0.45,0.55,0.54,0.00,16.98,0.12,0.11,0.89,0.88,1.00,1.00,0.00,0.00
2026-02-14T16:48:16.469Z,69634.00,0.36,0.34,0.66,0.64,29.67,18.09,0.46,0.45,0.55,0.54,0.00,48.95,0.12,0.11,0.89,0.88,1.00,1.00,0.00,0.00
2026-02-14T16:48:16.669Z,69634.01,0.36,0.33,0.67,0.64,0.00,48.00,0.46,0.45,0.55,0.54,5.00,15.38,0.12,0.11,0.89,0.88,1.00,1.00,0.00,0.00
2026-02-14T16:48:16.769Z,69628.59,0.34,0.31,0.69,0.66,18.90,260.46,0.46,0.45,0.55,0.54,3.65,0.00,0.12,0.11,0.89,0.88,1.00,1.00,0.00,0.00
2026-02-14T16:48:16.870Z,69628.60,0.32,0.31,0.69,0.68,506.33,5.00,0.46,0.45,0.55,0.54,22.20,0.00,0.12,0.11,0.89,0.88,1.00,1.00,0.00,0.00
2026-02-14T16:48:17.069Z,69627.37,0.32,0.31,0.69,0.68,56.28,26.84,0.46,0.45,0.55,0.54,46.63,1.86,0.12,0.11,0.89,0.88,1.00,1.00,0.00,0.00
2026-02-14T16:48:17.178Z,69627.36,0.31,0.30,0.70,0.69,0.00,0.00,0.46,0.45,0.55,0.54,12.01,6.85,0.12,0.11,0.89,0.88,1.00,1.00,0.00,0.00
2026-02-14T16:48:17.278Z,69627.36,0.31,0.30,0.70,0.69,0.00,0.00,0.45,0.44,0.56,0.55,0.00,25.01,0.11,0.10,0.90,0.89,1.00,1.00,0.00,0.00
2026-02-14T16:48:17.479Z,69627.37,0.31,0.30,0.70,0.69,12.50,0.00,0.45,0.44,0.56,0.55,6.00,4.14,0.11,0.10,0.90,0.89,1.00,1.00,0.00,0.00
2026-02-14T16:48:17.679Z,69627.37,0.32,0.31,0.69,0.68,188.71,31.34,0.45,0.44,0.56,0.55,65.09,20.93,0.11,0.10,0.90,0.89,1.00,1.00,0.00,0.00
2026-02-14T16:48:17.779Z,69627.37,0.32,0.30,0.70,0.68,0.00,1.45,0.45,0.44,0.56,0.55,0.00,0.00,0.11,0.10,0.90,0.89,1.00,1.00,0.00,0.00
2026-02-14T16:48:18.185Z,69627.37,0.31,0.30,0.70,0.69,23.44,6.09,0.45,0.44,0.56,0.55,8.11,0.00,0.11,0.10,0.90,0.89,1.00,1.00,0.00,0.00
2026-02-14T16:48:18.285Z,69627.37,0.31,0.30,0.70,0.69,0.00,5.00,0.45,0.43,0.57,0.55,0.00,20.23,0.11,0.10,0.90,0.89,1.00,1.00,0.00,0.00
2026-02-14T16:48:18.385Z,69627.37,0.32,0.30,0.70,0.68,16.09,0.00,0.44,0.43,0.57,0.56,5.09,4.55,0.11,0.10,0.90,0.89,1.00,1.00,0.00,0.00
2026-02-14T16:48:18.486Z,69627.37,0.31,0.30,0.70,0.69,0.00,0.00,0.44,0.43,0.57,0.56,0.00,0.00,0.11,0.10,0.90,0.89,1.00,1.00,0.00,0.00
2026-02-14T16:48:18.586Z,69627.36,0.31,0.30,0.70,0.69,0.00,1.57,0.44,0.43,0.57,0.56,18.33,1.93,0.11,0.10,0.90,0.89,1.00,1.00,0.00,0.00
2026-02-14T16:48:18.787Z,69627.37,0.31,0.30,0.70,0.69,8.55,3.31,0.44,0.43,0.57,0.56,2.75,1.93,0.11,0.10,0.90,0.89,1.00,1.00,0.00,0.00
2026-02-14T16:48:19.087Z,69627.37,0.31,0.30,0.70,0.69,10.00,1.83,0.45,0.44,0.56,0.55,165.39,107.90,0.11,0.10,0.90,0.89,1.00,1.00,0.00,0.00
2026-02-14T16:48:19.287Z,69627.37,0.31,0.30,0.70,0.69,0.00,1.57,0.45,0.44,0.56,0.55,0.05,15.00,0.12,0.10,0.90,0.88,1.00,1.00,0.00,0.00
2026-02-14T16:48:19.388Z,69620.18,0.31,0.29,0.71,0.69,19.35,0.00,0.45,0.44,0.56,0.55,0.00,0.00,0.12,0.11,0.89,0.88,1.00,1.00,0.00,0.00
2026-02-14T16:48:19.488Z,69620.00,0.30,0.28,0.72,0.70,3.22,250.71,0.45,0.44,0.56,0.55,0.00,0.00,0.12,0.11,0.89,0.88,1.00,1.00,0.00,0.00
2026-02-14T16:48:19.588Z,69615.33,0.29,0.28,0.72,0.71,20.00,5.00,0.45,0.44,0.56,0.55,0.00,0.00,0.12,0.11,0.89,0.88,1.00,1.00,0.00,0.00
2026-02-14T16:48:19.688Z,69615.33,0.29,0.28,0.72,0.71,0.00,1.39,0.45,0.44,0.56,0.55,0.00,0.00,0.11,0.10,0.90,0.89,1.00,1.00,0.00,0.00
2026-02-14T16:48:19.789Z,69615.33,0.30,0.28,0.72,0.70,115.00,0.00,0.45,0.44,0.56,0.55,0.00,0.00,0.11,0.10,0.90,0.89,1.00,1.00,0.00,0.00
2026-02-14T16:48:19.889Z,69615.33,0.29,0.28,0.72,0.71,10.00,1.39,0.45,0.44,0.56,0.55,0.00,1.96,0.11,0.10,0.90,0.89,1.00,1.00,0.00,0.00
2026-02-14T16:48:20.090Z,69615.33,0.29,0.28,0.72,0.71,0.00,4.11,0.44,0.43,0.57,0.56,2.52,38.42,0.11,0.10,0.90,0.89,1.00,1.00,0.00,0.00
2026-02-14T16:48:20.590Z,69615.33,0.31,0.28,0.72,0.69,583.09,36.83,0.44,0.43,0.57,0.56,14.43,31.75,0.11,0.10,0.90,0.89,1.00,1.00,0.00,0.00
2026-02-14T16:48:20.690Z,69615.34,0.29,0.28,0.72,0.71,0.00,6.77,0.44,0.43,0.57,0.56,0.00,0.00,0.11,0.10,0.90,0.89,1.00,1.00,0.00,0.00
2026-02-14T16:48:20.791Z,69615.34,0.29,0.28,0.72,0.71,0.00,4.17,0.44,0.43,0.57,0.56,28.32,0.00,0.11,0.09,0.91,0.89,1.00,1.00,0.00,0.00
2026-02-14T16:48:20.991Z,69615.34,0.29,0.28,0.72,0.71,17.24,0.00,0.44,0.43,0.57,0.56,26.68,4.85,0.10,0.09,0.91,0.90,1.00,1.00,0.00,0.00
2026-02-14T16:48:21.791Z,69615.33,0.29,0.28,0.72,0.71,8.62,39.51,0.44,0.43,0.57,0.56,1.65,44.73,0.10,0.09,0.91,0.90,1.00,1.00,0.00,0.00
2026-02-14T16:48:21.892Z,69615.34,0.29,0.28,0.72,0.71,0.00,0.00,0.44,0.43,0.57,0.56,0.00,0.00,0.10,0.09,0.91,0.90,1.00,1.00,0.00,0.00
2026-02-14T16:48:22.293Z,69615.34,0.29,0.27,0.73,0.71,19.28,5.10,0.44,0.43,0.57,0.56,67.99,7.54,0.10,0.09,0.91,0.90,1.00,1.00,0.00,0.00
2026-02-14T16:48:22.393Z,69615.34,0.33,0.27,0.73,0.67,300.00,60.00,0.44,0.43,0.57,0.56,5.00,1.93,0.10,0.09,0.91,0.90,1.00,1.00,0.00,0.00
2026-02-14T16:48:22.593Z,69615.34,0.30,0.28,0.72,0.70,0.00,8.29,0.44,0.43,0.57,0.56,181.14,10.00,0.10,0.09,0.91,0.90,1.00,1.00,0.00,0.00
2026-02-14T16:48:23.294Z,69615.34,0.32,0.28,0.72,0.68,117.51,8.60,0.44,0.43,0.57,0.56,2.27,95.15,0.10,0.09,0.91,0.90,1.00,1.00,0.00,0.00
2026-02-14T16:48:23.394Z,69615.33,0.30,0.28,0.72,0.70,40.00,1.53,0.44,0.43,0.57,0.56,0.00,0.00,0.10,0.09,0.91,0.90,1.00,1.00,0.00,0.00
2026-02-14T16:48:23.494Z,69615.33,0.32,0.28,0.72,0.68,29.70,0.00,0.44,0.43,0.57,0.56,0.00,4.98,0.10,0.09,0.91,0.90,1.00,1.00,0.00,0.00
2026-02-14T16:48:23.694Z,69615.33,0.32,0.28,0.72,0.68,0.00,4.50,0.44,0.43,0.57,0.56,6.68,0.00,0.10,0.08,0.92,0.90,1.00,1.00,0.00,0.00
2026-02-14T16:48:23.795Z,69615.33,0.31,0.28,0.72,0.69,0.00,0.00,0.44,0.43,0.57,0.56,0.00,0.00,0.10,0.08,0.92,0.90,1.00,1.00,0.00,0.00
2026-02-14T16:48:23.895Z,69615.33,0.30,0.29,0.71,0.70,0.00,56.99,0.44,0.43,0.57,0.56,0.00,0.80,0.10,0.08,0.92,0.90,1.00,1.00,0.00,0.00
2026-02-14T16:48:23.995Z,69615.33,0.30,0.28,0.72,0.70,0.00,0.00,0.44,0.43,0.57,0.56,0.00,0.00,0.10,0.09,0.91,0.90,1.00,1.00,0.00,0.00
2026-02-14T16:48:24.194Z,69615.34,0.30,0.28,0.72,0.70,8.10,0.00,0.44,0.43,0.57,0.56,5.44,0.00,0.10,0.09,0.91,0.90,1.00,1.00,0.00,0.00
2026-02-14T16:48:24.295Z,69615.33,0.30,0.28,0.72,0.70,0.00,0.00,0.44,0.43,0.57,0.56,0.00,0.00,0.10,0.09,0.91,0.90,1.00,1.00,0.00,0.00
2026-02-14T16:48:24.494Z,69615.33,0.30,0.29,0.71,0.70,0.00,0.05,0.44,0.43,0.57,0.56,0.00,0.00,0.10,0.09,0.91,0.90,1.00,1.00,0.00,0.00
2026-02-14T16:48:24.594Z,69615.34,0.30,0.29,0.71,0.70,0.00,1.46,0.44,0.43,0.57,0.56,0.00,0.00,0.10,0.09,0.91,0.90,1.00,1.00,0.00,0.00
2026-02-14T16:48:24.695Z,69615.33,0.30,0.29,0.71,0.70,0.00,1.55,0.44,0.43,0.57,0.56,0.00,0.00,0.10,0.09,0.91,0.90,1.00,1.00,0.00,0.00
2026-02-14T16:48:25.596Z,69615.33,0.31,0.30,0.70,0.69,0.00,29.21,0.44,0.43,0.57,0.56,30.84,21.12,0.10,0.09,0.91,0.90,1.00,1.00,0.00,0.00
2026-02-14T16:48:25.797Z,69615.33,0.32,0.30,0.70,0.68,156.88,2.98,0.44,0.43,0.57,0.56,0.00,6.00,0.10,0.09,0.91,0.90,1.00,1.00,0.00,0.00
2026-02-14T16:48:26.000Z,69615.34,0.31,0.30,0.70,0.69,17.87,20.57,0.44,0.43,0.57,0.56,6.13,0.00,0.10,0.09,0.91,0.90,1.00,1.00,0.00,0.00
2026-02-14T16:48:26.502Z,69615.34,0.32,0.30,0.70,0.68,9.68,45.26,0.44,0.43,0.57,0.56,20.72,3.88,0.10,0.09,0.91,0.90,1.00,1.00,0.00,0.00
2026-02-14T16:48:26.703Z,69615.34,0.32,0.29,0.71,0.68,0.00,5.89,0.44,0.43,0.57,0.56,6.91,5.00,0.10,0.09,0.91,0.90,1.00,1.00,0.00,0.00
2026-02-14T16:48:27.004Z,69615.33,0.32,0.29,0.71,0.68,3.44,2.05,0.44,0.43,0.57,0.56,2.20,0.00,0.10,0.09,0.91,0.90,1.00,1.00,0.00,0.00
2026-02-14T16:48:27.407Z,69615.34,0.32,0.29,0.71,0.68,15.63,2.82,0.44,0.43,0.57,0.56,10.80,1.93,0.10,0.09,0.91,0.90,1.00,1.00,0.00,0.00
2026-02-14T16:48:27.708Z,69615.34,0.30,0.29,0.71,0.70,194.70,3.51,0.44,0.43,0.57,0.56,9.07,0.00,0.10,0.09,0.91,0.90,1.00,1.00,0.00,0.00
2026-02-14T16:48:27.907Z,69615.33,0.31,0.29,0.71,0.69,3.33,0.00,0.44,0.43,0.57,0.56,6.00,0.00,0.10,0.09,0.91,0.90,1.00,1.00,0.00,0.00
2026-02-14T16:48:28.007Z,69615.34,0.31,0.29,0.71,0.69,16.66,4.48,0.44,0.43,0.57,0.56,8.41,1.75,0.10,0.09,0.91,0.90,1.00,1.00,0.00,0.00
2026-02-14T16:48:28.207Z,69615.34,0.31,0.29,0.71,0.69,0.00,1.41,0.44,0.43,0.57,0.56,2.96,0.00,0.09,0.08,0.92,0.91,1.00,1.00,0.00,0.00
2026-02-14T16:48:28.308Z,69609.59,0.30,0.29,0.71,0.70,25.00,15.00,0.44,0.43,0.57,0.56,0.00,0.00,0.09,0.08,0.92,0.91,1.00,1.00,0.00,0.00
2026-02-14T16:48:28.709Z,69609.58,0.30,0.29,0.71,0.70,106.16,414.65,0.43,0.42,0.58,0.57,34.00,38.99,0.09,0.08,0.92,0.91,1.00,1.00,0.00,0.00
2026-02-14T16:48:28.809Z,69609.58,0.30,0.28,0.72,0.70,10.00,40.00,0.43,0.42,0.58,0.57,2.56,0.00,0.09,0.08,0.92,0.91,1.00,1.00,0.00,0.00
2026-02-14T16:48:28.910Z,69609.58,0.29,0.28,0.72,0.71,25.34,0.00,0.43,0.42,0.58,0.57,16.97,47.24,0.09,0.08,0.92,0.91,1.00,1.00,0.00,0.00
2026-02-14T16:48:29.110Z,69609.11,0.29,0.28,0.72,0.71,0.00,0.00,0.43,0.42,0.58,0.57,0.00,24.48,0.09,0.08,0.92,0.91,1.00,1.00,0.00,0.00
2026-02-14T16:48:29.210Z,69609.11,0.31,0.28,0.72,0.69,0.00,0.00,0.43,0.42,0.58,0.57,0.00,0.00,0.09,0.08,0.92,0.91,1.00,1.00,0.00,0.00
2026-02-14T16:48:29.310Z,69609.11,0.31,0.28,0.72,0.69,34.59,0.00,0.42,0.41,0.59,0.58,11.38,0.00,0.09,0.08,0.92,0.91,1.00,1.00,0.00,0.00
2026-02-14T16:48:29.611Z,69609.11,0.32,0.28,0.72,0.68,109.45,0.00,0.42,0.41,0.59,0.58,10.00,2.90,0.09,0.08,0.92,0.91,1.00,1.00,0.00,0.00
2026-02-14T16:48:29.811Z,69609.11,0.32,0.30,0.70,0.68,0.00,4.14,0.42,0.41,0.59,0.58,19.45,0.00,0.09,0.08,0.92,0.91,1.00,1.00,0.00,0.00
2026-02-14T16:48:29.911Z,69609.11,0.31,0.30,0.70,0.69,0.00,0.00,0.42,0.41,0.59,0.58,0.00,0.00,0.09,0.08,0.92,0.91,1.00,1.00,0.00,0.00
2026-02-14T16:48:30.110Z,69609.11,0.30,0.28,0.72,0.70,44.47,1.43,0.42,0.41,0.59,0.58,31.23,12.85,0.09,0.08,0.92,0.91,1.00,1.00,0.00,0.00
2026-02-14T16:48:30.310Z,69609.11,0.30,0.29,0.71,0.70,836.55,0.00,0.42,0.41,0.59,0.58,0.00,37.31,0.09,0.08,0.92,0.91,1.00,1.00,0.00,0.00
2026-02-14T16:48:30.411Z,69609.12,0.30,0.29,0.71,0.70,5.00,0.00,0.42,0.41,0.59,0.58,5.11,6.86,0.09,0.08,0.92,0.91,1.00,1.00,0.00,0.00
2026-02-14T16:48:30.610Z,69609.11,0.30,0.29,0.71,0.70,13.09,8.35,0.42,0.41,0.59,0.58,25.31,16.92,0.09,0.08,0.92,0.91,1.00,1.00,0.00,0.00
2026-02-14T16:48:30.810Z,69609.11,0.32,0.31,0.69,0.68,83.00,7.82,0.42,0.41,0.59,0.58,96.36,1.69,0.09,0.08,0.92,0.91,1.00,1.00,0.00,0.00
2026-02-14T16:48:30.911Z,69609.11,0.37,0.32,0.68,0.63,14.00,1.47,0.42,0.41,0.59,0.58,6.32,3.00,0.09,0.08,0.92,0.91,1.00,1.00,0.00,0.00
2026-02-14T16:48:31.113Z,69609.11,0.37,0.30,0.70,0.63,30.78,175.49,0.42,0.41,0.59,0.58,0.34,0.00,0.09,0.08,0.92,0.91,1.00,1.00,0.00,0.00
2026-02-14T16:48:31.312Z,69609.11,0.37,0.34,0.66,0.63,1.85,0.00,0.42,0.41,0.59,0.58,2.47,0.00,0.09,0.08,0.92,0.91,1.00,1.00,0.00,0.00
2026-02-14T16:48:31.413Z,69609.11,0.39,0.34,0.66,0.61,21.87,3.68,0.42,0.41,0.59,0.58,5.00,1.87,0.09,0.08,0.92,0.91,1.00,1.00,0.00,0.00
2026-02-14T16:48:31.513Z,69609.11,0.38,0.34,0.66,0.62,3.04,10.78,0.42,0.41,0.59,0.58,0.00,4.00,0.09,0.08,0.92,0.91,1.00,1.00,0.00,0.00
2026-02-14T16:48:31.614Z,69609.11,0.38,0.28,0.72,0.62,14.69,1.52,0.42,0.41,0.59,0.58,0.00,0.00,0.09,0.08,0.92,0.91,1.00,1.00,0.00,0.00
2026-02-14T16:48:31.813Z,69609.11,0.37,0.32,0.68,0.63,15.00,287.54,0.42,0.41,0.59,0.58,3.92,0.00,0.09,0.08,0.92,0.91,1.00,1.00,0.00,0.00
2026-02-14T16:48:31.913Z,69609.11,0.34,0.32,0.68,0.66,4.43,2.03,0.42,0.41,0.59,0.58,5.41,3.40,0.09,0.08,0.92,0.91,1.00,1.00,0.00,0.00
2026-02-14T16:48:32.014Z,69609.11,0.38,0.37,0.63,0.62,31.00,9.22,0.42,0.41,0.59,0.58,0.34,0.00,0.09,0.08,0.92,0.91,1.00,0.99,0.01,0.00
2026-02-14T16:48:32.213Z,69617.08,0.37,0.32,0.68,0.63,0.00,0.00,0.42,0.41,0.59,0.58,0.48,0.00,0.10,0.09,0.91,0.90,1.00,0.99,0.01,0.00
2026-02-14T16:48:32.414Z,69617.08,0.38,0.37,0.63,0.62,28.63,25.00,0.42,0.41,0.59,0.58,0.00,0.00,0.10,0.09,0.91,0.90,1.00,0.99,0.01,0.00
2026-02-14T16:48:32.814Z,69617.08,0.38,0.33,0.67,0.62,6.22,0.00,0.43,0.41,0.59,0.57,0.07,0.00,0.11,0.10,0.90,0.89,1.00,0.99,0.01,0.00
2026-02-14T16:48:32.914Z,69617.08,0.38,0.34,0.66,0.62,1.23,6.67,0.43,0.42,0.58,0.57,34.58,11.34,0.11,0.10,0.90,0.89,1.00,0.99,0.01,0.00
2026-02-14T16:48:33.014Z,69617.08,0.37,0.34,0.66,0.63,0.46,3.62,0.43,0.42,0.58,0.57,132.57,0.00,0.11,0.10,0.90,0.89,1.00,0.99,0.01,0.00
2026-02-14T16:48:33.114Z,69617.08,0.37,0.34,0.66,0.63,7.43,0.00,0.44,0.42,0.58,0.56,0.00,0.00,0.11,0.10,0.90,0.89,1.00,0.99,0.01,0.00
2026-02-14T16:48:33.315Z,69617.08,0.37,0.36,0.64,0.63,0.00,21.97,0.44,0.43,0.57,0.56,32.70,10.61,0.11,0.10,0.90,0.89,1.00,0.99,0.01,0.00
2026-02-14T16:48:33.515Z,69617.07,0.37,0.36,0.64,0.63,9.78,0.10,0.44,0.43,0.57,0.56,0.06,1.75,0.11,0.10,0.90,0.89,1.00,0.99,0.01,0.00
2026-02-14T16:48:33.914Z,69617.07,0.37,0.34,0.66,0.63,25.34,24.09,0.44,0.43,0.57,0.56,2.64,8.55,0.11,0.10,0.90,0.89,1.00,0.99,0.01,0.00
2026-02-14T16:48:34.214Z,69617.07,0.37,0.35,0.65,0.63,16.37,0.00,0.44,0.43,0.57,0.56,3.40,8.77,0.11,0.10,0.90,0.89,1.00,0.99,0.01,0.00
2026-02-14T16:48:34.314Z,69617.07,0.36,0.35,0.65,0.64,0.00,0.00,0.44,0.43,0.57,0.56,2.27,0.80,0.11,0.10,0.90,0.89,1.00,0.99,0.01,0.00
2026-02-14T16:48:34.615Z,69617.08,0.36,0.35,0.65,0.64,8.89,25.09,0.44,0.43,0.57,0.56,10.00,10.37,0.11,0.10,0.90,0.89,1.00,0.99,0.01,0.00
2026-02-14T16:48:34.816Z,69617.07,0.36,0.35,0.65,0.64,6.06,6.01,0.44,0.43,0.57,0.56,8.29,8.00,0.11,0.10,0.90,0.89,1.00,0.99,0.01,0.00
2026-02-14T16:48:35.017Z,69617.07,0.36,0.34,0.66,0.64,0.00,10.48,0.44,0.43,0.57,0.56,0.00,0.00,0.11,0.10,0.90,0.89,1.00,0.99,0.01,0.00
2026-02-14T16:48:35.618Z,69617.07,0.37,0.34,0.66,0.63,79.81,2.75,0.44,0.43,0.57,0.56,0.34,57.80,0.11,0.10,0.90,0.89,1.00,0.99,0.01,0.00
2026-02-14T16:48:35.819Z,69617.08,0.37,0.35,0.65,0.63,0.00,1.52,0.44,0.43,0.57,0.56,0.00,0.00,0.11,0.10,0.90,0.89,1.00,0.99,0.01,0.00
2026-02-14T16:48:35.923Z,69617.08,0.36,0.35,0.65,0.64,0.00,0.00,0.44,0.43,0.57,0.56,25.70,0.00,0.11,0.10,0.90,0.89,1.00,0.99,0.01,0.00
2026-02-14T16:48:36.122Z,69617.08,0.36,0.35,0.65,0.64,0.00,3.23,0.45,0.44,0.56,0.55,5.00,0.00,0.11,0.10,0.90,0.89,1.00,0.99,0.01,0.00
2026-02-14T16:48:36.924Z,69617.08,0.37,0.36,0.64,0.63,44.91,1.54,0.45,0.44,0.56,0.55,26.82,6.00,0.11,0.10,0.90,0.89,1.00,0.99,0.01,0.00
2026-02-14T16:48:37.124Z,69617.07,0.39,0.38,0.62,0.61,107.03,1.56,0.45,0.44,0.56,0.55,0.15,5.00,0.11,0.10,0.90,0.89,1.00,0.99,0.01,0.00
2026-02-14T16:48:37.224Z,69617.07,0.40,0.39,0.61,0.60,4.18,17.00,0.45,0.44,0.56,0.55,0.00,0.00,0.11,0.10,0.90,0.89,1.00,0.99,0.01,0.00
2026-02-14T16:48:37.324Z,69617.07,0.39,0.38,0.62,0.61,9.88,66.75,0.45,0.44,0.56,0.55,0.00,0.00,0.11,0.10,0.90,0.89,1.00,0.99,0.01,0.00
2026-02-14T16:48:37.826Z,69617.07,0.39,0.36,0.64,0.61,2.56,37.97,0.45,0.44,0.56,0.55,11.16,6.00,0.11,0.10,0.90,0.89,1.00,0.99,0.01,0.00
2026-02-14T16:48:38.026Z,69617.07,0.39,0.35,0.65,0.61,54.41,0.00,0.44,0.43,0.57,0.56,29.13,26.32,0.11,0.10,0.90,0.89,1.00,0.99,0.01,0.00
2026-02-14T16:48:38.227Z,69617.07,0.38,0.35,0.65,0.62,0.00,2.05,0.44,0.43,0.57,0.56,0.00,5.75,0.11,0.10,0.90,0.89,1.00,0.99,0.01,0.00
2026-02-14T16:48:38.429Z,69617.08,0.38,0.35,0.65,0.62,29.70,3.22,0.44,0.43,0.57,0.56,0.00,0.00,0.11,0.10,0.90,0.89,1.00,0.99,0.01,0.00
2026-02-14T16:48:38.529Z,69617.08,0.39,0.35,0.65,0.61,101.46,7.69,0.44,0.43,0.57,0.56,0.15,0.00,0.11,0.10,0.90,0.89,1.00,0.99,0.01,0.00
2026-02-14T16:48:38.729Z,69611.36,0.36,0.35,0.65,0.64,10.50,5.30,0.44,0.42,0.58,0.56,0.12,7.72,0.10,0.09,0.91,0.90,1.00,0.99,0.01,0.00
2026-02-14T16:48:38.929Z,69611.36,0.36,0.35,0.65,0.64,0.00,19.94,0.43,0.42,0.58,0.57,5.81,0.00,0.10,0.09,0.91,0.90,1.00,0.99,0.01,0.00
2026-02-14T16:48:39.830Z,69611.36,0.39,0.35,0.65,0.61,298.41,7.74,0.43,0.42,0.58,0.57,16.99,2.07,0.10,0.09,0.91,0.90,1.00,0.99,0.01,0.00
2026-02-14T16:48:39.930Z,69611.36,0.40,0.39,0.61,0.60,5.27,0.00,0.43,0.42,0.58,0.57,0.00,0.00,0.10,0.09,0.91,0.90,1.00,0.99,0.01,0.00
2026-02-14T16:48:40.131Z,69611.36,0.40,0.37,0.63,0.60,84.34,20.00,0.43,0.42,0.58,0.57,0.00,1.91,0.10,0.09,0.91,0.90,1.00,0.99,0.01,0.00
2026-02-14T16:48:40.231Z,69611.36,0.40,0.36,0.64,0.60,2.50,33.66,0.43,0.42,0.58,0.57,33.35,1.72,0.10,0.09,0.91,0.90,1.00,0.99,0.01,0.00
2026-02-14T16:48:40.431Z,69611.36,0.39,0.36,0.64,0.61,0.39,0.00,0.43,0.42,0.58,0.57,5.11,0.00,0.10,0.09,0.91,0.90,1.00,0.99,0.01,0.00
2026-02-14T16:48:40.631Z,69611.37,0.39,0.36,0.64,0.61,2.74,0.00,0.43,0.42,0.58,0.57,39.43,6.19,0.10,0.09,0.91,0.90,1.00,0.99,0.01,0.00
2026-02-14T16:48:40.731Z,69611.37,0.39,0.36,0.64,0.61,3.33,0.00,0.42,0.41,0.59,0.58,0.00,4.29,0.10,0.09,0.91,0.90,1.00,0.99,0.01,0.00
2026-02-14T16:48:40.831Z,69611.36,0.39,0.36,0.64,0.61,6.06,0.00,0.42,0.41,0.59,0.58,0.64,0.00,0.10,0.09,0.91,0.90,1.00,0.99,0.01,0.00
2026-02-14T16:48:41.132Z,69611.36,0.39,0.37,0.63,0.61,0.00,12.00,0.42,0.41,0.59,0.58,0.33,1.72,0.10,0.09,0.91,0.90,1.00,0.99,0.01,0.00
2026-02-14T16:48:41.633Z,69611.36,0.46,0.45,0.55,0.54,64.21,1.59,0.42,0.41,0.59,0.58,0.03,0.00,0.10,0.09,0.91,0.90,1.00,0.99,0.01,0.00
2026-02-14T16:48:41.734Z,69611.36,0.45,0.42,0.58,0.55,276.14,23.86,0.42,0.41,0.59,0.58,0.01,0.00,0.10,0.09,0.91,0.90,1.00,0.99,0.01,0.00
2026-02-14T16:48:41.834Z,69611.36,0.45,0.41,0.59,0.55,0.00,0.00,0.42,0.41,0.59,0.58,21.31,0.00,0.10,0.09,0.91,0.90,1.00,0.99,0.01,0.00
2026-02-14T16:48:42.234Z,69611.37,0.45,0.40,0.60,0.55,3.08,37.08,0.42,0.41,0.59,0.58,2.71,0.00,0.10,0.09,0.91,0.90,1.00,0.99,0.01,0.00
2026-02-14T16:48:42.735Z,69611.36,0.45,0.41,0.59,0.55,10.36,10.00,0.42,0.41,0.59,0.58,0.00,0.00,0.10,0.09,0.91,0.90,1.00,0.99,0.01,0.00
2026-02-14T16:48:42.935Z,69611.36,0.45,0.40,0.60,0.55,0.00,6.86,0.42,0.41,0.59,0.58,2.41,0.00,0.10,0.09,0.91,0.90,1.00,0.99,0.01,0.00
2026-02-14T16:48:43.036Z,69611.37,0.45,0.41,0.59,0.55,0.00,15.13,0.42,0.41,0.59,0.58,0.00,0.00,0.10,0.09,0.91,0.90,1.00,0.99,0.01,0.00
2026-02-14T16:48:43.136Z,69611.37,0.45,0.40,0.60,0.55,0.00,0.00,0.42,0.41,0.59,0.58,0.00,0.00,0.10,0.09,0.91,0.90,1.00,0.99,0.01,0.00
2026-02-14T16:48:43.237Z,69611.37,0.46,0.45,0.55,0.54,30.55,12.00,0.42,0.41,0.59,0.58,0.00,0.00,0.10,0.09,0.91,0.90,1.00,0.99,0.01,0.00
2026-02-14T16:48:43.438Z,69611.37,0.46,0.45,0.55,0.54,2.53,0.00,0.42,0.41,0.59,0.58,0.00,0.00,0.09,0.08,0.92,0.91,1.00,0.98,0.02,0.00
2026-02-14T16:48:43.538Z,69602.53,0.46,0.45,0.55,0.54,37.09,96.08,0.42,0.41,0.59,0.58,0.30,0.00,0.09,0.08,0.92,0.91,1.00,0.98,0.02,0.00
2026-02-14T16:48:43.638Z,69602.53,0.46,0.42,0.58,0.54,0.00,0.00,0.42,0.41,0.59,0.58,0.00,3.25,0.09,0.08,0.92,0.91,1.00,0.98,0.02,0.00
2026-02-14T16:48:43.937Z,69602.53,0.45,0.41,0.59,0.55,0.00,69.68,0.42,0.41,0.59,0.58,5.13,0.00,0.09,0.08,0.92,0.91,1.00,0.98,0.02,0.00
2026-02-14T16:48:44.137Z,69602.53,0.47,0.46,0.54,0.53,86.96,0.00,0.42,0.41,0.59,0.58,0.00,14.90,0.09,0.08,0.92,0.91,1.00,0.98,0.02,0.00
2026-02-14T16:48:44.337Z,69602.53,0.47,0.45,0.55,0.53,0.00,7.00,0.42,0.41,0.59,0.58,0.00,0.00,0.09,0.08,0.92,0.91,1.00,0.98,0.02,0.00
2026-02-14T16:48:44.438Z,69615.39,0.50,0.46,0.54,0.50,69.89,106.28,0.42,0.41,0.59,0.58,0.00,0.00,0.11,0.10,0.90,0.89,1.00,0.98,0.02,0.00
2026-02-14T16:48:44.638Z,69615.40,0.50,0.49,0.51,0.50,20.80,15.31,0.42,0.41,0.59,0.58,0.00,0.00,0.11,0.10,0.90,0.89,1.00,0.98,0.02,0.00
2026-02-14T16:48:44.738Z,69616.17,0.50,0.49,0.51,0.50,58.30,118.58,0.42,0.41,0.59,0.58,0.00,36.24,0.11,0.10,0.90,0.89,1.00,0.98,0.02,0.00
2026-02-14T16:48:44.937Z,69616.17,0.50,0.47,0.53,0.50,89.53,0.00,0.43,0.41,0.59,0.57,14.62,11.34,0.11,0.10,0.90,0.89,1.00,0.98,0.02,0.00
2026-02-14T16:48:45.038Z,69620.86,0.50,0.49,0.51,0.50,0.00,11.16,0.43,0.41,0.59,0.57,0.00,0.00,0.11,0.10,0.90,0.89,1.00,0.98,0.02,0.00
2026-02-14T16:48:45.138Z,69620.86,0.51,0.50,0.50,0.49,0.00,0.00,0.46,0.45,0.55,0.54,0.00,0.00,0.11,0.10,0.90,0.89,1.00,0.98,0.02,0.00
2026-02-14T16:48:46.241Z,69620.86,0.51,0.49,0.51,0.49,123.15,118.84,0.46,0.45,0.55,0.54,149.72,6.00,0.11,0.10,0.90,0.89,1.00,0.98,0.02,0.00
2026-02-14T16:48:46.341Z,69620.86,0.51,0.50,0.50,0.49,32.71,0.00,0.46,0.45,0.55,0.54,0.00,0.00,0.11,0.10,0.90,0.89,1.00,0.98,0.02,0.00
2026-02-14T16:48:46.441Z,69620.86,0.51,0.49,0.51,0.49,0.00,2.00,0.46,0.45,0.55,0.54,2.17,0.00,0.11,0.10,0.90,0.89,1.00,0.98,0.02,0.00
2026-02-14T16:48:46.642Z,69620.86,0.51,0.48,0.52,0.49,48.11,50.97,0.46,0.45,0.55,0.54,47.81,0.00,0.11,0.10,0.90,0.89,1.00,0.98,0.02,0.00
2026-02-14T16:48:46.742Z,69620.86,0.50,0.48,0.52,0.50,0.00,3.85,0.46,0.45,0.55,0.54,0.00,0.00,0.11,0.10,0.90,0.89,1.00,0.98,0.02,0.00
2026-02-14T16:48:47.143Z,69620.85,0.50,0.48,0.52,0.50,2.76,8.78,0.46,0.45,0.55,0.54,0.30,5.00,0.11,0.10,0.90,0.89,1.00,0.98,0.02,0.00
2026-02-14T16:48:47.244Z,69620.85,0.52,0.46,0.54,0.48,34.37,0.00,0.46,0.45,0.55,0.54,0.00,3.00,0.11,0.10,0.90,0.89,1.00,0.98,0.02,0.00
2026-02-14T16:48:47.345Z,69620.86,0.52,0.48,0.52,0.48,90.08,200.00,0.46,0.45,0.55,0.54,2.17,0.00,0.11,0.10,0.90,0.89,1.00,0.98,0.02,0.00
2026-02-14T16:48:47.445Z,69620.86,0.53,0.48,0.52,0.47,71.57,24.75,0.46,0.45,0.55,0.54,0.00,0.00,0.11,0.10,0.90,0.89,1.00,0.98,0.02,0.00
2026-02-14T16:48:47.546Z,69620.86,0.52,0.48,0.52,0.48,5.96,0.00,0.46,0.45,0.55,0.54,0.00,0.00,0.11,0.10,0.90,0.89,1.00,0.98,0.02,0.00
2026-02-14T16:48:47.646Z,69620.86,0.50,0.48,0.52,0.50,0.00,9.62,0.46,0.45,0.55,0.54,15.75,0.00,0.11,0.10,0.90,0.89,1.00,0.98,0.02,0.00
2026-02-14T16:48:47.846Z,69620.86,0.50,0.47,0.53,0.50,27.20,37.83,0.46,0.45,0.55,0.54,0.00,0.34,0.11,0.10,0.90,0.89,1.00,0.99,0.01,0.00
2026-02-14T16:48:47.946Z,69620.86,0.50,0.46,0.54,0.50,7.00,0.00,0.46,0.45,0.55,0.54,0.00,9.99,0.10,0.09,0.91,0.90,1.00,0.99,0.01,0.00
2026-02-14T16:48:48.046Z,69620.85,0.51,0.47,0.53,0.49,49.13,0.00,0.46,0.45,0.55,0.54,0.03,0.00,0.10,0.09,0.91,0.90,1.00,0.99,0.01,0.00
2026-02-14T16:48:48.147Z,69620.85,0.50,0.47,0.53,0.50,2.42,0.00,0.46,0.45,0.55,0.54,0.00,0.00,0.10,0.09,0.91,0.90,1.00,0.99,0.01,0.00
2026-02-14T16:48:48.248Z,69620.86,0.49,0.47,0.53,0.51,1.15,2.08,0.46,0.45,0.55,0.54,0.00,0.00,0.10,0.09,0.91,0.90,1.00,0.99,0.01,0.00
2026-02-14T16:48:48.448Z,69624.00,0.51,0.50,0.50,0.49,83.11,30.80,0.46,0.45,0.55,0.54,0.00,0.00,0.11,0.10,0.90,0.89,1.00,0.99,0.01,0.00
2026-02-14T16:48:48.647Z,69623.99,0.52,0.51,0.49,0.48,7.12,190.00,0.46,0.45,0.55,0.54,0.00,0.00,0.11,0.10,0.90,0.89,1.00,0.99,0.01,0.00
2026-02-14T16:48:48.747Z,69623.99,0.52,0.50,0.50,0.48,1.92,0.00,0.46,0.45,0.55,0.54,0.02,0.00,0.11,0.10,0.90,0.89,1.00,0.99,0.01,0.00
2026-02-14T16:48:48.847Z,69624.00,0.52,0.50,0.50,0.48,0.00,0.00,0.46,0.45,0.55,0.54,0.00,0.00,0.11,0.10,0.90,0.89,1.00,0.99,0.01,0.00
2026-02-14T16:48:48.948Z,69624.13,0.52,0.50,0.50,0.48,5.31,414.47,0.47,0.46,0.54,0.53,15.72,0.00,0.11,0.10,0.90,0.89,1.00,0.99,0.01,0.00
2026-02-14T16:48:49.149Z,69624.13,0.51,0.50,0.50,0.49,0.00,0.00,0.47,0.46,0.54,0.53,0.00,0.00,0.11,0.10,0.90,0.89,1.00,0.99,0.01,0.00
2026-02-14T16:48:49.450Z,69624.93,0.51,0.50,0.50,0.49,9.73,0.00,0.47,0.46,0.54,0.53,47.47,0.00,0.11,0.10,0.90,0.89,1.00,0.99,0.01,0.00
2026-02-14T16:48:49.750Z,69626.83,0.53,0.52,0.48,0.47,49.86,22.00,0.47,0.46,0.54,0.53,0.00,0.00,0.11,0.10,0.90,0.89,1.00,0.99,0.01,0.00
2026-02-14T16:48:49.950Z,69628.00,0.53,0.52,0.48,0.47,0.00,51.30,0.47,0.46,0.54,0.53,0.80,0.00,0.11,0.10,0.90,0.89,1.00,0.99,0.01,0.00
2026-02-14T16:48:50.052Z,69627.99,0.53,0.52,0.48,0.47,0.00,63.75,0.47,0.46,0.54,0.53,49.19,0.00,0.11,0.10,0.90,0.89,1.00,0.99,0.01,0.00
2026-02-14T16:48:50.253Z,69634.46,0.53,0.52,0.48,0.47,0.00,45.00,0.49,0.46,0.54,0.51,9.32,0.00,0.11,0.10,0.90,0.89,1.00,0.99,0.01,0.00
2026-02-14T16:48:50.353Z,69634.46,0.53,0.52,0.48,0.47,17.00,2.08,0.49,0.48,0.52,0.51,30.00,0.00,0.11,0.10,0.90,0.89,1.00,0.99,0.01,0.00
2026-02-14T16:48:50.652Z,69634.46,0.53,0.51,0.49,0.47,3.00,11.43,0.49,0.48,0.52,0.51,26.12,0.00,0.11,0.10,0.90,0.89,1.00,0.99,0.01,0.00
2026-02-14T16:48:50.752Z,69634.46,0.53,0.51,0.49,0.47,0.00,36.94,0.49,0.48,0.52,0.51,10.00,0.00,0.12,0.11,0.89,0.88,1.00,0.99,0.01,0.00
2026-02-14T16:48:51.360Z,69634.46,0.55,0.54,0.46,0.45,122.00,26.67,0.49,0.48,0.52,0.51,21.44,8.87,0.12,0.11,0.89,0.88,1.00,0.99,0.01,0.00
2026-02-14T16:48:51.559Z,69634.45,0.55,0.54,0.46,0.45,0.00,2.17,0.50,0.49,0.51,0.50,25.20,5.00,0.12,0.11,0.89,0.88,1.00,0.99,0.01,0.00
2026-02-14T16:48:51.660Z,69634.45,0.55,0.49,0.51,0.45,61.82,0.00,0.50,0.49,0.51,0.50,4.22,0.00,0.12,0.11,0.89,0.88,1.00,0.99,0.01,0.00
2026-02-14T16:48:51.760Z,69634.46,0.54,0.49,0.51,0.46,192.39,0.00,0.50,0.49,0.51,0.50,0.00,0.00,0.12,0.11,0.89,0.88,1.00,0.99,0.01,0.00
2026-02-14T16:48:51.860Z,69634.45,0.54,0.49,0.51,0.46,13.22,4.12,0.50,0.49,0.51,0.50,13.60,0.00,0.12,0.11,0.89,0.88,1.00,0.99,0.01,0.00
2026-02-14T16:48:52.461Z,69634.45,0.55,0.54,0.46,0.45,0.02,6.11,0.50,0.49,0.51,0.50,14.81,0.00,0.12,0.10,0.90,0.88,1.00,0.99,0.01,0.00
2026-02-14T16:48:52.562Z,69634.45,0.55,0.54,0.46,0.45,49.04,5.00,0.50,0.49,0.51,0.50,5.00,0.00,0.12,0.11,0.89,0.88,1.00,0.99,0.01,0.00
2026-02-14T16:48:53.364Z,69634.46,0.55,0.54,0.46,0.45,111.43,100.39,0.50,0.49,0.51,0.50,1.09,6.62,0.12,0.11,0.89,0.88,1.00,0.99,0.01,0.00
2026-02-14T16:48:53.564Z,69634.46,0.55,0.51,0.49,0.45,95.78,2.23,0.50,0.49,0.51,0.50,0.01,5.13,0.12,0.11,0.89,0.88,1.00,0.99,0.01,0.00
2026-02-14T16:48:54.165Z,69634.46,0.52,0.50,0.50,0.48,40.64,156.00,0.50,0.49,0.51,0.50,32.06,0.00,0.12,0.11,0.89,0.88,1.00,0.99,0.01,0.00
2026-02-14T16:48:54.365Z,69632.65,0.50,0.49,0.51,0.50,39.23,28.27,0.50,0.49,0.51,0.50,0.00,0.00,0.12,0.11,0.89,0.88,1.00,0.99,0.01,0.00
2026-02-14T16:48:54.564Z,69632.65,0.51,0.50,0.50,0.49,20.01,17.16,0.48,0.47,0.53,0.52,9.24,0.00,0.12,0.11,0.89,0.88,1.00,0.99,0.01,0.00
2026-02-14T16:48:54.864Z,69632.64,0.51,0.50,0.50,0.49,30.19,2.00,0.48,0.47,0.53,0.52,104.93,104.00,0.12,0.11,0.89,0.88,1.00,0.99,0.01,0.00
2026-02-14T16:48:55.064Z,69632.65,0.51,0.50,0.50,0.49,7.12,5.00,0.48,0.47,0.53,0.52,150.00,4.96,0.12,0.11,0.89,0.88,1.00,0.99,0.01,0.00
2026-02-14T16:48:55.264Z,69632.65,0.52,0.50,0.50,0.48,57.20,0.00,0.48,0.47,0.53,0.52,0.00,1.96,0.12,0.11,0.89,0.88,1.00,0.99,0.01,0.00
2026-02-14T16:48:55.464Z,69632.64,0.56,0.55,0.45,0.44,268.90,84.00,0.48,0.47,0.53,0.52,4.69,14.17,0.11,0.10,0.90,0.89,1.00,0.99,0.01,0.00
2026-02-14T16:48:55.565Z,69628.10,0.56,0.55,0.45,0.44,4.87,63.11,0.47,0.46,0.54,0.53,0.00,30.00,0.11,0.10,0.90,0.89,1.00,0.99,0.01,0.00
2026-02-14T16:48:55.764Z,69628.10,0.53,0.49,0.51,0.47,136.65,77.00,0.47,0.46,0.54,0.53,0.00,0.00,0.11,0.10,0.90,0.89,1.00,0.99,0.01,0.00
2026-02-14T16:48:56.165Z,69628.09,0.53,0.49,0.51,0.47,0.00,22.41,0.47,0.46,0.54,0.53,9.94,9.11,0.11,0.10,0.90,0.89,1.00,0.99,0.01,0.00
2026-02-14T16:48:56.664Z,69628.10,0.53,0.49,0.51,0.47,95.27,122.04,0.47,0.46,0.54,0.53,0.00,0.00,0.11,0.10,0.90,0.89,1.00,0.99,0.01,0.00
2026-02-14T16:48:57.065Z,69628.09,0.53,0.49,0.51,0.47,17.66,1.96,0.47,0.46,0.54,0.53,14.29,0.00,0.11,0.10,0.90,0.89,1.00,0.99,0.01,0.00
2026-02-14T16:48:57.264Z,69628.10,0.54,0.50,0.50,0.46,0.00,2.20,0.47,0.46,0.54,0.53,0.00,0.00,0.11,0.10,0.90,0.89,1.00,0.99,0.01,0.00
2026-02-14T16:48:57.365Z,69628.10,0.53,0.50,0.50,0.47,98.12,0.00,0.47,0.46,0.54,0.53,0.00,0.00,0.11,0.10,0.90,0.89,1.00,0.99,0.01,0.00
2026-02-14T16:48:57.565Z,69628.10,0.53,0.51,0.49,0.47,25.93,10.22,0.47,0.46,0.54,0.53,0.00,8.87,0.11,0.10,0.90,0.89,1.00,0.99,0.01,0.00
2026-02-14T16:48:57.666Z,69628.10,0.52,0.51,0.49,0.48,0.00,5.00,0.47,0.46,0.54,0.53,0.00,0.00,0.11,0.10,0.90,0.89,1.00,0.99,0.01,0.00
2026-02-14T16:48:57.865Z,69628.10,0.53,0.51,0.49,0.47,22.77,5.23,0.47,0.46,0.54,0.53,2.17,0.00,0.11,0.10,0.90,0.89,1.00,0.99,0.01,0.00
2026-02-14T16:48:57.965Z,69628.09,0.53,0.50,0.50,0.47,26.33,5.80,0.47,0.46,0.54,0.53,0.00,0.00,0.11,0.10,0.90,0.89,1.00,0.99,0.01,0.00
2026-02-14T16:48:58.066Z,69628.09,0.53,0.51,0.49,0.47,0.00,0.00,0.47,0.46,0.54,0.53,0.00,0.00,0.11,0.10,0.90,0.89,1.00,0.99,0.01,0.00
2026-02-14T16:48:58.166Z,69628.09,0.54,0.53,0.47,0.46,0.00,0.00,0.47,0.46,0.54,0.53,1.51,0.00,0.11,0.10,0.90,0.89,1.00,0.99,0.01,0.00
2026-02-14T16:48:58.365Z,69628.10,0.54,0.53,0.47,0.46,0.00,21.28,0.47,0.46,0.54,0.53,0.00,46.22,0.11,0.10,0.90,0.89,1.00,0.99,0.01,0.00
2026-02-14T16:48:59.165Z,69628.10,0.55,0.53,0.47,0.45,18.85,46.05,0.47,0.46,0.54,0.53,4.09,0.00,0.11,0.10,0.90,0.89,1.00,0.99,0.01,0.00
2026-02-14T16:48:59.768Z,69628.09,0.55,0.53,0.47,0.45,10.56,41.47,0.47,0.46,0.54,0.53,3.69,0.00,0.11,0.10,0.90,0.89,1.00,0.99,0.01,0.00
2026-02-14T16:48:59.969Z,69628.10,0.55,0.53,0.47,0.45,7.99,18.00,0.47,0.46,0.54,0.53,2.79,0.00,0.11,0.10,0.90,0.89,1.00,0.99,0.01,0.00
2026-02-14T16:49:00.671Z,69628.09,0.55,0.53,0.47,0.45,46.67,62.40,0.47,0.46,0.54,0.53,1.71,0.00,0.11,0.10,0.90,0.89,1.00,0.99,0.01,0.00
2026-02-14T16:49:00.772Z,69628.10,0.55,0.53,0.47,0.45,31.46,5.00,0.47,0.46,0.54,0.53,0.80,0.00,0.11,0.10,0.90,0.89,1.00,0.99,0.01,0.00
2026-02-14T16:49:01.372Z,69628.10,0.53,0.50,0.50,0.47,130.18,270.85,0.47,0.46,0.54,0.53,5.08,138.88,0.11,0.10,0.90,0.89,1.00,0.99,0.01,0.00
2026-02-14T16:49:01.473Z,69628.10,0.54,0.50,0.50,0.46,2.17,2.00,0.47,0.46,0.54,0.53,0.00,0.00,0.11,0.10,0.90,0.89,1.00,0.99,0.01,0.00
2026-02-14T16:49:01.573Z,69628.09,0.54,0.50,0.50,0.46,0.00,0.00,0.47,0.46,0.54,0.53,0.00,0.00,0.11,0.10,0.90,0.89,1.00,0.99,0.01,0.00
2026-02-14T16:49:02.073Z,69628.10,0.54,0.50,0.50,0.46,22.80,2.13,0.47,0.46,0.54,0.53,0.25,0.00,0.11,0.10,0.90,0.89,1.00,0.99,0.01,0.00
2026-02-14T16:49:02.175Z,69628.10,0.54,0.53,0.47,0.46,0.00,25.00,0.47,0.46,0.54,0.53,0.00,0.00,0.12,0.11,0.89,0.88,1.00,0.99,0.01,0.00
2026-02-14T16:49:02.275Z,69631.48,0.54,0.53,0.47,0.46,0.00,3.55,0.47,0.46,0.54,0.53,0.00,0.00,0.12,0.11,0.89,0.88,1.00,0.99,0.01,0.00
2026-02-14T16:49:02.375Z,69631.47,0.58,0.56,0.44,0.42,70.43,46.20,0.47,0.46,0.54,0.53,0.00,0.00,0.12,0.11,0.89,0.88,1.00,0.99,0.01,0.00
2026-02-14T16:49:02.574Z,69635.97,0.58,0.57,0.43,0.42,5.17,33.86,0.48,0.47,0.53,0.52,0.00,0.00,0.12,0.11,0.89,0.88,1.00,0.99,0.01,0.00
2026-02-14T16:49:02.674Z,69635.97,0.60,0.59,0.41,0.40,0.00,8.64,0.49,0.47,0.53,0.51,18.17,0.00,0.12,0.11,0.89,0.88,1.00,0.99,0.01,0.00
2026-02-14T16:49:02.775Z,69638.00,0.60,0.59,0.41,0.40,20.00,0.00,0.49,0.48,0.52,0.51,0.00,0.00,0.12,0.11,0.89,0.88,1.00,0.99,0.01,0.00
2026-02-14T16:49:03.181Z,69638.00,0.60,0.59,0.41,0.40,0.00,32.32,0.50,0.49,0.51,0.50,33.23,14.34,0.13,0.12,0.88,0.87,1.00,0.99,0.01,0.00
2026-02-14T16:49:03.781Z,69647.60,0.65,0.59,0.41,0.35,17.50,33.13,0.51,0.50,0.50,0.49,19.18,0.00,0.13,0.12,0.88,0.87,1.00,0.99,0.01,0.00
2026-02-14T16:49:03.881Z,69647.60,0.65,0.62,0.38,0.35,235.77,27.64,0.51,0.50,0.50,0.49,0.00,0.00,0.13,0.12,0.88,0.87,1.00,0.99,0.01,0.00
2026-02-14T16:49:03.981Z,69647.60,0.64,0.62,0.38,0.36,25.00,0.00,0.51,0.50,0.50,0.49,16.73,0.00,0.13,0.12,0.88,0.87,1.00,0.99,0.01,0.00
2026-02-14T16:49:04.082Z,69647.60,0.65,0.63,0.37,0.35,0.00,0.00,0.51,0.50,0.50,0.49,0.00,0.00,0.13,0.12,0.88,0.87,1.00,0.99,0.01,0.00
2026-02-14T16:49:04.183Z,69647.60,0.64,0.63,0.37,0.36,1.54,1.16,0.51,0.50,0.50,0.49,9.80,0.00,0.14,0.13,0.87,0.86,1.00,0.99,0.01,0.00
2026-02-14T16:49:04.283Z,69647.60,0.65,0.63,0.37,0.35,37.82,23.03,0.51,0.50,0.50,0.49,21.04,0.00,0.14,0.13,0.87,0.86,1.00,0.99,0.01,0.00
2026-02-14T16:49:04.482Z,69647.62,0.65,0.64,0.36,0.35,35.54,0.00,0.52,0.51,0.49,0.48,14.15,7.55,0.15,0.14,0.86,0.85,1.00,0.99,0.01,0.00
2026-02-14T16:49:04.683Z,69649.44,0.65,0.64,0.36,0.35,17.69,6.25,0.52,0.51,0.49,0.48,0.00,0.00,0.15,0.14,0.86,0.85,1.00,0.99,0.01,0.00
2026-02-14T16:49:04.985Z,69649.44,0.65,0.63,0.37,0.35,246.72,34.39,0.52,0.51,0.49,0.48,80.27,0.00,0.15,0.14,0.86,0.85,1.00,0.99,0.01,0.00
2026-02-14T16:49:05.486Z,69649.44,0.65,0.64,0.36,0.35,20.55,2.70,0.52,0.51,0.49,0.48,9.62,4.92,0.15,0.14,0.86,0.85,1.00,0.99,0.01,0.00
2026-02-14T16:49:05.886Z,69649.44,0.65,0.64,0.36,0.35,63.85,143.16,0.53,0.52,0.48,0.47,5.00,20.41,0.15,0.14,0.86,0.85,1.00,0.99,0.01,0.00
2026-02-14T16:49:05.986Z,69657.71,0.70,0.66,0.34,0.30,347.31,0.00,0.53,0.52,0.48,0.47,0.00,0.00,0.15,0.14,0.86,0.85,1.00,0.99,0.01,0.00
2026-02-14T16:49:06.087Z,69657.70,0.70,0.66,0.34,0.30,40.18,0.00,0.53,0.52,0.48,0.47,0.00,0.00,0.15,0.14,0.86,0.85,1.00,0.99,0.01,0.00
2026-02-14T16:49:06.287Z,69662.26,0.73,0.69,0.31,0.27,106.10,10.00,0.53,0.52,0.48,0.47,0.00,12.00,0.15,0.14,0.86,0.85,1.00,0.99,0.01,0.00
2026-02-14T16:49:06.387Z,69670.33,0.77,0.76,0.24,0.23,76.39,0.00,0.54,0.52,0.48,0.46,0.00,0.00,0.15,0.14,0.86,0.85,1.00,0.99,0.01,0.00
2026-02-14T16:49:06.488Z,69670.32,0.79,0.76,0.24,0.21,29.99,0.00,0.54,0.53,0.47,0.46,37.59,0.00,0.16,0.15,0.85,0.84,1.00,0.99,0.01,0.00
2026-02-14T16:49:06.687Z,69670.32,0.79,0.76,0.24,0.21,1.39,0.00,0.55,0.54,0.46,0.45,32.84,13.68,0.16,0.15,0.85,0.84,1.00,0.99,0.01,0.00
2026-02-14T16:49:06.788Z,69670.32,0.80,0.76,0.24,0.20,9.26,15.26,0.55,0.54,0.46,0.45,10.00,0.00,0.17,0.16,0.84,0.83,1.00,0.99,0.01,0.00
2026-02-14T16:49:06.888Z,69670.33,0.81,0.76,0.24,0.19,17.14,9.58,0.57,0.56,0.44,0.43,27.40,254.31,0.17,0.16,0.84,0.83,1.00,0.99,0.01,0.00
2026-02-14T16:49:06.988Z,69670.33,0.83,0.77,0.23,0.17,14.98,0.00,0.57,0.56,0.44,0.43,0.00,0.00,0.17,0.16,0.84,0.83,1.00,0.99,0.01,0.00
2026-02-14T16:49:07.089Z,69670.33,0.84,0.77,0.23,0.16,0.00,32.00,0.57,0.56,0.44,0.43,0.00,0.00,0.17,0.16,0.84,0.83,1.00,0.99,0.01,0.00
2026-02-14T16:49:07.189Z,69670.01,0.79,0.76,0.24,0.21,0.00,26.17,0.57,0.56,0.44,0.43,0.00,0.00,0.17,0.16,0.84,0.83,1.00,0.99,0.01,0.00
2026-02-14T16:49:07.290Z,69667.92,0.78,0.77,0.23,0.22,0.00,0.00,0.57,0.56,0.44,0.43,0.00,0.00,0.17,0.16,0.84,0.83,1.00,0.99,0.01,0.00
2026-02-14T16:49:07.390Z,69657.71,0.76,0.74,0.26,0.24,21.77,44.18,0.57,0.56,0.44,0.43,0.00,0.00,0.17,0.16,0.84,0.83,1.00,0.99,0.01,0.00
2026-02-14T16:49:07.591Z,69657.71,0.76,0.71,0.29,0.24,80.57,25.65,0.57,0.56,0.44,0.43,12.09,196.00,0.17,0.16,0.84,0.83,1.00,0.99,0.01,0.00
2026-02-14T16:49:07.691Z,69657.71,0.78,0.72,0.28,0.22,4.05,5.00,0.57,0.56,0.44,0.43,40.29,0.00,0.17,0.16,0.84,0.83,1.00,0.99,0.01,0.00
2026-02-14T16:49:07.890Z,69657.72,0.78,0.73,0.27,0.22,11.41,71.68,0.57,0.54,0.46,0.43,10.40,68.52,0.16,0.15,0.85,0.84,1.00,0.99,0.01,0.00
2026-02-14T16:49:07.990Z,69657.71,0.79,0.73,0.27,0.21,6.28,49.99,0.57,0.54,0.46,0.43,0.00,154.50,0.16,0.14,0.86,0.84,1.00,0.99,0.01,0.00
2026-02-14T16:49:08.090Z,69657.71,0.78,0.73,0.27,0.22,0.00,10.00,0.54,0.53,0.47,0.46,0.00,0.00,0.16,0.15,0.85,0.84,1.00,0.99,0.01,0.00
2026-02-14T16:49:08.190Z,69657.72,0.78,0.73,0.27,0.22,4.26,0.00,0.54,0.53,0.47,0.46,0.00,0.00,0.16,0.15,0.85,0.84,1.00,0.99,0.01,0.00
2026-02-14T16:49:08.290Z,69657.72,0.78,0.74,0.26,0.22,6.41,0.00,0.55,0.53,0.47,0.45,0.00,2.00,0.16,0.15,0.85,0.84,1.00,0.99,0.01,0.00
2026-02-14T16:49:08.390Z,69657.72,0.75,0.74,0.26,0.25,14.01,34.99,0.55,0.54,0.46,0.45,14.43,0.32,0.16,0.15,0.85,0.84,1.00,0.99,0.01,0.00
2026-02-14T16:49:08.490Z,69657.72,0.76,0.74,0.26,0.24,0.16,34.23,0.55,0.54,0.46,0.45,9.09,0.00,0.16,0.15,0.85,0.84,1.00,0.99,0.01,0.00
2026-02-14T16:49:08.590Z,69657.72,0.78,0.75,0.25,0.22,5.04,19.99,0.55,0.54,0.46,0.45,1.87,0.00,0.16,0.15,0.85,0.84,1.00,0.99,0.01,0.00
2026-02-14T16:49:08.691Z,69657.72,0.76,0.74,0.26,0.24,0.00,35.00,0.55,0.54,0.46,0.45,0.00,16.00,0.16,0.15,0.85,0.84,1.00,0.99,0.01,0.00
2026-02-14T16:49:08.792Z,69657.72,0.79,0.75,0.25,0.21,25.25,32.19,0.56,0.55,0.45,0.44,138.02,843.59,0.16,0.15,0.85,0.84,1.00,0.99,0.01,0.00
2026-02-14T16:49:08.991Z,69663.24,0.82,0.75,0.25,0.18,11.60,16.87,0.56,0.55,0.45,0.44,0.00,2.22,0.17,0.15,0.85,0.83,1.00,0.99,0.01,0.00
2026-02-14T16:49:09.092Z,69663.24,0.84,0.75,0.25,0.16,0.00,0.00,0.56,0.55,0.45,0.44,0.00,0.00,0.17,0.16,0.84,0.83,1.00,0.99,0.01,0.00
2026-02-14T16:49:09.192Z,69664.57,0.85,0.76,0.24,0.15,1.26,18.00,0.56,0.55,0.45,0.44,0.00,30.82,0.18,0.16,0.84,0.82,1.00,0.99,0.01,0.00
2026-02-14T16:49:09.391Z,69664.62,0.85,0.79,0.21,0.15,245.44,19.77,0.56,0.55,0.45,0.44,0.00,12.50,0.18,0.17,0.83,0.82,1.00,0.99,0.01,0.00
2026-02-14T16:49:09.492Z,69671.41,0.85,0.79,0.21,0.15,0.00,5.00,0.56,0.55,0.45,0.44,0.00,16.00,0.18,0.17,0.83,0.82,1.00,0.99,0.01,0.00
2026-02-14T16:49:09.592Z,69671.42,0.85,0.79,0.21,0.15,7.70,29.57,0.57,0.55,0.45,0.43,0.00,66.38,0.18,0.17,0.83,0.82,1.00,0.99,0.01,0.00
2026-02-14T16:49:09.693Z,69671.42,0.85,0.84,0.16,0.15,0.00,55.98,0.57,0.55,0.45,0.43,0.00,0.00,0.18,0.17,0.83,0.82,1.00,0.99,0.01,0.00
2026-02-14T16:49:09.892Z,69671.42,0.85,0.84,0.16,0.15,1.86,5.00,0.57,0.56,0.44,0.43,5.54,0.00,0.18,0.17,0.83,0.82,1.00,0.99,0.01,0.00
2026-02-14T16:49:09.993Z,69671.42,0.85,0.84,0.16,0.15,1.67,279.10,0.58,0.56,0.44,0.42,8.59,49.15,0.18,0.16,0.84,0.82,1.00,0.99,0.01,0.00
2026-02-14T16:49:10.193Z,69667.48,0.81,0.77,0.23,0.19,55.89,53.33,0.58,0.57,0.43,0.42,15.08,0.00,0.16,0.15,0.85,0.84,1.00,0.99,0.01,0.00
2026-02-14T16:49:10.392Z,69667.45,0.81,0.78,0.22,0.19,34.71,233.22,0.57,0.56,0.44,0.43,5.80,2.40,0.16,0.15,0.85,0.84,1.00,0.99,0.01,0.00
2026-02-14T16:49:10.493Z,69667.45,0.79,0.78,0.22,0.21,11.33,5.00,0.57,0.56,0.44,0.43,17.00,37.60,0.16,0.15,0.85,0.84,1.00,0.99,0.01,0.00
2026-02-14T16:49:10.593Z,69667.45,0.81,0.75,0.25,0.19,9.84,21.86,0.57,0.56,0.44,0.43,75.90,0.00,0.16,0.15,0.85,0.84,1.00,0.99,0.01,0.00
2026-02-14T16:49:10.693Z,69657.71,0.81,0.76,0.24,0.19,2.61,5.00,0.57,0.55,0.45,0.43,0.00,15.58,0.15,0.14,0.86,0.85,1.00,0.99,0.01,0.00
2026-02-14T16:49:10.794Z,69657.71,0.81,0.75,0.25,0.19,115.73,25.20,0.56,0.55,0.45,0.44,1.95,27.22,0.15,0.14,0.86,0.85,1.00,0.99,0.01,0.00
2026-02-14T16:49:10.894Z,69657.71,0.81,0.76,0.24,0.19,16.44,4.58,0.56,0.55,0.45,0.44,0.00,0.00,0.15,0.14,0.86,0.85,1.00,0.99,0.01,0.00
2026-02-14T16:49:10.994Z,69657.72,0.81,0.76,0.24,0.19,10.59,15.00,0.55,0.53,0.47,0.45,8.64,30.58,0.15,0.14,0.86,0.85,1.00,0.99,0.01,0.00
2026-02-14T16:49:11.193Z,69657.71,0.78,0.75,0.25,0.22,29.85,8.00,0.54,0.52,0.48,0.46,25.19,89.00,0.15,0.14,0.86,0.85,1.00,0.99,0.01,0.00
2026-02-14T16:49:11.293Z,69657.71,0.78,0.75,0.25,0.22,15.69,0.00,0.53,0.52,0.48,0.47,5.00,19.58,0.15,0.14,0.86,0.85,1.00,0.99,0.01,0.00
2026-02-14T16:49:11.394Z,69657.71,0.79,0.75,0.25,0.21,0.00,4.40,0.53,0.52,0.48,0.47,0.00,0.00,0.15,0.14,0.86,0.85,1.00,0.99,0.01,0.00
2026-02-14T16:49:11.593Z,69657.71,0.78,0.76,0.24,0.22,54.28,28.98,0.53,0.52,0.48,0.47,11.21,3.23,0.15,0.14,0.86,0.85,1.00,0.99,0.01,0.00
2026-02-14T16:49:11.694Z,69657.71,0.79,0.76,0.24,0.21,8.92,4.50,0.53,0.52,0.48,0.47,0.00,5.16,0.15,0.14,0.86,0.85,1.00,0.99,0.01,0.00
2026-02-14T16:49:11.893Z,69657.71,0.79,0.76,0.24,0.21,79.11,0.00,0.54,0.53,0.47,0.46,0.00,80.30,0.15,0.14,0.86,0.85,1.00,0.99,0.01,0.00
2026-02-14T16:49:11.993Z,69657.71,0.78,0.77,0.23,0.22,0.49,60.45,0.54,0.53,0.47,0.46,0.00,0.00,0.15,0.14,0.86,0.85,1.00,0.99,0.01,0.00
2026-02-14T16:49:12.093Z,69657.71,0.81,0.77,0.23,0.19,0.00,0.00,0.54,0.53,0.47,0.46,0.00,0.00,0.15,0.14,0.86,0.85,1.00,0.99,0.01,0.00
2026-02-14T16:49:12.193Z,69657.71,0.78,0.77,0.23,0.22,1.36,0.00,0.54,0.53,0.47,0.46,0.00,6.00,0.15,0.14,0.86,0.85,1.00,0.99,0.01,0.00
2026-02-14T16:49:12.394Z,69657.71,0.78,0.77,0.23,0.22,36.05,28.26,0.55,0.54,0.46,0.45,9.53,0.00,0.16,0.15,0.85,0.84,1.00,0.99,0.01,0.00
2026-02-14T16:49:12.593Z,69657.71,0.78,0.77,0.23,0.22,11.62,14.99,0.56,0.55,0.45,0.44,1.95,65.82,0.16,0.15,0.85,0.84,1.00,0.99,0.01,0.00
2026-02-14T16:49:12.694Z,69659.00,0.78,0.77,0.23,0.22,0.00,0.00,0.56,0.55,0.45,0.44,5.69,0.00,0.16,0.15,0.85,0.84,1.00,0.99,0.01,0.00
2026-02-14T16:49:12.796Z,69659.04,0.83,0.80,0.20,0.17,38.17,5.00,0.56,0.55,0.45,0.44,0.00,0.00,0.16,0.15,0.85,0.84,1.00,0.99,0.01,0.00
2026-02-14T16:49:12.995Z,69659.05,0.82,0.81,0.19,0.18,47.99,0.00,0.56,0.55,0.45,0.44,31.43,0.00,0.16,0.15,0.85,0.84,1.00,0.99,0.01,0.00
2026-02-14T16:49:13.096Z,69659.05,0.82,0.80,0.20,0.18,0.00,11.49,0.56,0.55,0.45,0.44,5.00,11.55,0.16,0.15,0.85,0.84,1.00,0.99,0.01,0.00
2026-02-14T16:49:13.295Z,69664.22,0.84,0.80,0.20,0.16,48.66,24.52,0.56,0.55,0.45,0.44,1.91,3.87,0.17,0.15,0.85,0.83,1.00,0.99,0.01,0.00
2026-02-14T16:49:13.496Z,69664.22,0.83,0.80,0.20,0.17,3.00,0.00,0.56,0.55,0.45,0.44,5.84,0.00,0.17,0.15,0.85,0.83,1.00,0.99,0.01,0.00
2026-02-14T16:49:13.596Z,69664.22,0.84,0.80,0.20,0.16,47.98,0.00,0.56,0.55,0.45,0.44,3.93,0.00,0.17,0.16,0.84,0.83,1.00,0.99,0.01,0.00
2026-02-14T16:49:13.796Z,69664.21,0.83,0.81,0.19,0.17,1.71,49.30,0.57,0.56,0.44,0.43,14.73,0.00,0.17,0.16,0.84,0.83,1.00,0.99,0.01,0.00
2026-02-14T16:49:13.897Z,69664.21,0.84,0.80,0.20,0.16,77.22,0.00,0.57,0.56,0.44,0.43,0.00,0.00,0.17,0.16,0.84,0.83,1.00,0.99,0.01,0.00
2026-02-14T16:49:13.997Z,69664.21,0.85,0.79,0.21,0.15,14.26,5.48,0.57,0.56,0.44,0.43,6.93,0.00,0.17,0.16,0.84,0.83,1.00,0.99,0.01,0.00
2026-02-14T16:49:14.197Z,69664.21,0.83,0.81,0.19,0.17,28.60,0.00,0.57,0.56,0.44,0.43,0.00,6.46,0.16,0.15,0.85,0.84,1.00,0.99,0.01,0.00
2026-02-14T16:49:14.297Z,69664.21,0.83,0.79,0.21,0.17,5.22,11.00,0.56,0.55,0.45,0.44,2.54,0.00,0.16,0.15,0.85,0.84,1.00,0.99,0.01,0.00
2026-02-14T16:49:14.397Z,69664.21,0.82,0.77,0.23,0.18,1.69,15.00,0.56,0.55,0.45,0.44,8.93,0.00,0.16,0.15,0.85,0.84,1.00,0.99,0.01,0.00
2026-02-14T16:49:14.497Z,69664.21,0.82,0.79,0.21,0.18,0.00,0.00,0.56,0.55,0.45,0.44,0.00,12.05,0.16,0.15,0.85,0.84,1.00,0.99,0.01,0.00
2026-02-14T16:49:14.597Z,69664.22,0.82,0.79,0.21,0.18,6.73,0.00,0.56,0.55,0.45,0.44,0.00,0.00,0.16,0.15,0.85,0.84,1.00,0.99,0.01,0.00
2026-02-14T16:49:14.697Z,69664.22,0.81,0.77,0.23,0.19,15.21,27.53,0.56,0.55,0.45,0.44,0.00,0.56,0.16,0.15,0.85,0.84,1.00,0.99,0.01,0.00
2026-02-14T16:49:14.897Z,69664.22,0.81,0.77,0.23,0.19,2.47,4.90,0.56,0.54,0.46,0.44,5.00,0.00,0.16,0.15,0.85,0.84,1.00,0.99,0.01,0.00
2026-02-14T16:49:14.997Z,69664.22,0.81,0.77,0.23,0.19,0.00,4.37,0.55,0.54,0.46,0.45,79.50,5.11,0.16,0.15,0.85,0.84,1.00,0.99,0.01,0.00
2026-02-14T16:49:15.198Z,69664.22,0.80,0.77,0.23,0.20,0.00,0.21,0.55,0.54,0.46,0.45,2.40,0.00,0.16,0.15,0.85,0.84,1.00,0.99,0.01,0.00
2026-02-14T16:49:15.397Z,69664.22,0.80,0.78,0.22,0.20,3.82,0.00,0.55,0.54,0.46,0.45,3.82,0.00,0.16,0.15,0.85,0.84,1.00,0.99,0.01,0.00
2026-02-14T16:49:15.497Z,69664.22,0.81,0.78,0.22,0.19,1.25,5.00,0.55,0.54,0.46,0.45,0.00,18.09,0.16,0.15,0.85,0.84,1.00,0.99,0.01,0.00
2026-02-14T16:49:15.598Z,69664.22,0.80,0.78,0.22,0.20,8.77,9.09,0.55,0.54,0.46,0.45,0.00,5.00,0.16,0.15,0.85,0.84,1.00,0.99,0.01,0.00
2026-02-14T16:49:15.798Z,69664.22,0.81,0.78,0.22,0.19,0.00,10.55,0.55,0.54,0.46,0.45,0.00,30.00,0.16,0.15,0.85,0.84,1.00,0.99,0.01,0.00
2026-02-14T16:49:15.898Z,69664.22,0.80,0.78,0.22,0.20,1.44,0.00,0.55,0.54,0.46,0.45,0.00,2.17,0.16,0.15,0.85,0.84,1.00,0.99,0.01,0.00
2026-02-14T16:49:16.097Z,69664.21,0.80,0.78,0.22,0.20,0.00,5.00,0.55,0.54,0.46,0.45,1.93,0.00,0.16,0.15,0.85,0.84,1.00,0.99,0.01,0.00
2026-02-14T16:49:16.399Z,69664.21,0.80,0.79,0.21,0.20,20.13,30.00,0.55,0.54,0.46,0.45,0.26,5.00,0.16,0.15,0.85,0.84,1.00,0.99,0.01,0.00
2026-02-14T16:49:16.901Z,69664.22,0.80,0.79,0.21,0.20,123.20,0.04,0.55,0.54,0.46,0.45,7.10,0.00,0.16,0.15,0.85,0.84,1.00,0.99,0.01,0.00
2026-02-14T16:49:17.201Z,69664.22,0.80,0.79,0.21,0.20,15.35,69.22,0.56,0.55,0.45,0.44,26.05,14.69,0.16,0.15,0.85,0.84,1.00,0.99,0.01,0.00
2026-02-14T16:49:17.401Z,69664.22,0.85,0.78,0.22,0.15,448.16,5.07,0.56,0.55,0.45,0.44,0.00,0.00,0.16,0.15,0.85,0.84,1.00,0.99,0.01,0.00
2026-02-14T16:49:17.501Z,69664.22,0.85,0.82,0.18,0.15,1.29,0.00,0.56,0.55,0.45,0.44,0.00,0.00,0.16,0.15,0.85,0.84,1.00,0.99,0.01,0.00
2026-02-14T16:49:17.602Z,69664.21,0.85,0.82,0.18,0.15,6.82,1.04,0.56,0.55,0.45,0.44,0.00,0.00,0.16,0.15,0.85,0.84,1.00,0.99,0.01,0.00
2026-02-14T16:49:17.802Z,69664.22,0.85,0.82,0.18,0.15,1.29,16.67,0.56,0.55,0.45,0.44,0.00,0.00,0.16,0.15,0.85,0.84,1.00,0.99,0.01,0.00
2026-02-14T16:49:18.102Z,69664.22,0.85,0.80,0.20,0.15,2.59,106.65,0.56,0.55,0.45,0.44,0.00,0.00,0.16,0.15,0.85,0.84,1.00,0.99,0.01,0.00
2026-02-14T16:49:18.203Z,69664.21,0.84,0.80,0.20,0.16,0.00,41.05,0.56,0.55,0.45,0.44,0.00,0.00,0.16,0.15,0.85,0.84,1.00,0.99,0.01,0.00
2026-02-14T16:49:18.402Z,69664.21,0.84,0.81,0.19,0.16,0.00,5.00,0.56,0.55,0.45,0.44,17.86,0.00,0.16,0.15,0.85,0.84,1.00,0.99,0.01,0.00
2026-02-14T16:49:18.503Z,69664.21,0.83,0.81,0.19,0.17,22.27,0.00,0.56,0.55,0.45,0.44,0.00,0.00,0.16,0.15,0.85,0.84,1.00,0.99,0.01,0.00
2026-02-14T16:49:18.703Z,69664.21,0.82,0.80,0.20,0.18,1.22,5.00,0.56,0.55,0.45,0.44,2.00,9.00,0.16,0.15,0.85,0.84,1.00,0.99,0.01,0.00
2026-02-14T16:49:18.904Z,69664.21,0.83,0.79,0.21,0.17,21.49,3.23,0.56,0.55,0.45,0.44,5.00,0.00,0.16,0.15,0.85,0.84,1.00,0.99,0.01,0.00
2026-02-14T16:49:19.103Z,69664.21,0.81,0.79,0.21,0.19,48.96,0.00,0.56,0.55,0.45,0.44,0.00,0.00,0.16,0.15,0.85,0.84,1.00,0.99,0.01,0.00
2026-02-14T16:49:19.204Z,69664.21,0.80,0.79,0.21,0.20,2.88,0.00,0.56,0.55,0.45,0.44,1.79,0.00,0.16,0.15,0.85,0.84,1.00,0.99,0.01,0.00
2026-02-14T16:49:19.404Z,69664.21,0.80,0.77,0.23,0.20,2.90,60.51,0.57,0.56,0.44,0.43,0.00,0.00,0.16,0.15,0.85,0.84,1.00,0.99,0.01,0.00
2026-02-14T16:49:19.604Z,69664.21,0.80,0.78,0.22,0.20,1.38,93.03,0.57,0.56,0.44,0.43,9.00,1014.07,0.16,0.15,0.85,0.84,1.00,0.99,0.01,0.00
2026-02-14T16:49:19.704Z,69664.21,0.80,0.78,0.22,0.20,2.63,0.00,0.57,0.55,0.45,0.43,0.00,116.10,0.16,0.15,0.85,0.84,1.00,0.99,0.01,0.00
2026-02-14T16:49:19.903Z,69664.22,0.80,0.78,0.22,0.20,1.38,1.69,0.56,0.55,0.45,0.44,0.00,0.00,0.16,0.15,0.85,0.84,1.00,0.99,0.01,0.00
2026-02-14T16:49:20.003Z,69664.22,0.81,0.80,0.20,0.19,0.00,23.62,0.56,0.55,0.45,0.44,0.00,0.00,0.16,0.15,0.85,0.84,1.00,0.99,0.01,0.00
2026-02-14T16:49:20.203Z,69664.22,0.81,0.78,0.22,0.19,43.10,0.00,0.56,0.55,0.45,0.44,0.00,0.00,0.16,0.15,0.85,0.84,1.00,0.99,0.01,0.00
2026-02-14T16:49:20.403Z,69664.22,0.81,0.79,0.21,0.19,4.59,96.60,0.56,0.55,0.45,0.44,0.00,0.00,0.16,0.15,0.85,0.84,1.00,0.99,0.01,0.00
2026-02-14T16:49:20.603Z,69669.35,0.84,0.80,0.20,0.16,15.11,18.90,0.56,0.55,0.45,0.44,0.00,0.00,0.16,0.15,0.85,0.84,1.00,0.99,0.01,0.00
2026-02-14T16:49:20.804Z,69669.34,0.85,0.81,0.19,0.15,160.18,94.60,0.56,0.55,0.45,0.44,23.95,25.00,0.16,0.15,0.85,0.84,1.00,0.99,0.01,0.00
2026-02-14T16:49:21.004Z,69669.34,0.85,0.80,0.20,0.15,4.58,26.90,0.56,0.55,0.45,0.44,4.00,0.00,0.16,0.15,0.85,0.84,1.00,0.99,0.01,0.00
2026-02-14T16:49:21.204Z,69669.34,0.84,0.80,0.20,0.16,0.00,0.29,0.57,0.56,0.44,0.43,11.67,0.00,0.17,0.16,0.84,0.83,1.00,0.99,0.01,0.00
2026-02-14T16:49:21.404Z,69669.35,0.84,0.81,0.19,0.16,42.87,0.00,0.57,0.56,0.44,0.43,0.00,2.50,0.17,0.16,0.84,0.83,1.00,0.99,0.01,0.00
2026-02-14T16:49:21.604Z,69669.35,0.84,0.81,0.19,0.16,1.31,23.26,0.57,0.56,0.44,0.43,0.00,20.07,0.18,0.16,0.84,0.82,1.00,0.99,0.01,0.00
2026-02-14T16:49:21.705Z,69669.35,0.83,0.81,0.19,0.17,6.31,5.41,0.57,0.56,0.44,0.43,0.00,8.00,0.18,0.16,0.84,0.82,1.00,0.99,0.01,0.00
2026-02-14T16:49:21.805Z,69669.35,0.84,0.82,0.18,0.16,0.00,0.00,0.57,0.56,0.44,0.43,12.91,0.00,0.18,0.16,0.84,0.82,1.00,0.99,0.01,0.00
2026-02-14T16:49:21.905Z,69669.34,0.84,0.82,0.18,0.16,0.00,0.00,0.57,0.56,0.44,0.43,0.00,0.00,0.17,0.16,0.84,0.83,1.00,0.99,0.01,0.00
2026-02-14T16:49:22.108Z,69667.33,0.84,0.81,0.19,0.16,14.44,146.77,0.57,0.56,0.44,0.43,0.00,9.66,0.17,0.16,0.84,0.83,1.00,0.99,0.01,0.00
2026-02-14T16:49:22.208Z,69667.33,0.83,0.82,0.18,0.17,0.00,0.00,0.57,0.56,0.44,0.43,0.00,27.98,0.17,0.16,0.84,0.83,1.00,0.99,0.01,0.00
2026-02-14T16:49:22.309Z,69667.33,0.83,0.81,0.19,0.17,0.00,0.00,0.57,0.56,0.44,0.43,0.00,10.00,0.17,0.16,0.84,0.83,1.00,0.99,0.01,0.00
2026-02-14T16:49:22.508Z,69667.33,0.84,0.78,0.22,0.16,46.13,32.42,0.57,0.56,0.44,0.43,0.00,0.00,0.18,0.17,0.83,0.82,1.00,0.99,0.01,0.00
2026-02-14T16:49:22.609Z,69671.41,0.84,0.83,0.17,0.16,0.00,98.84,0.57,0.56,0.44,0.43,0.00,0.00,0.18,0.17,0.83,0.82,1.00,0.99,0.01,0.00
2026-02-14T16:49:22.710Z,69671.41,0.84,0.81,0.19,0.16,38.89,16.80,0.57,0.56,0.44,0.43,8.77,0.00,0.18,0.17,0.83,0.82,1.00,0.99,0.01,0.00
2026-02-14T16:49:22.811Z,69671.42,0.84,0.83,0.17,0.16,2.78,6.11,0.57,0.56,0.44,0.43,0.00,6.04,0.18,0.17,0.83,0.82,1.00,0.99,0.01,0.00
2026-02-14T16:49:22.912Z,69671.41,0.84,0.83,0.17,0.16,9.87,0.00,0.57,0.56,0.44,0.43,0.00,0.00,0.18,0.17,0.83,0.82,1.00,0.99,0.01,0.00
2026-02-14T16:49:23.113Z,69671.42,0.85,0.83,0.17,0.15,18.91,0.00,0.58,0.57,0.43,0.42,10.22,0.00,0.18,0.17,0.83,0.82,1.00,0.99,0.01,0.00
2026-02-14T16:49:23.312Z,69671.41,0.85,0.82,0.18,0.15,108.76,20.00,0.58,0.57,0.43,0.42,119.26,0.00,0.18,0.17,0.83,0.82,1.00,0.99,0.01,0.00
2026-02-14T16:49:23.412Z,69671.41,0.85,0.81,0.19,0.15,1.18,17.22,0.58,0.57,0.43,0.42,0.00,0.00,0.18,0.17,0.83,0.82,1.00,0.99,0.01,0.00
2026-02-14T16:49:23.512Z,69671.41,0.85,0.82,0.18,0.15,1.19,40.82,0.58,0.57,0.43,0.42,0.00,6.00,0.18,0.17,0.83,0.82,1.00,0.99,0.01,0.00
2026-02-14T16:49:23.812Z,69671.42,0.85,0.81,0.19,0.15,35.84,0.00,0.58,0.57,0.43,0.42,0.00,0.00,0.18,0.17,0.83,0.82,1.00,0.99,0.01,0.00
2026-02-14T16:49:23.913Z,69671.41,0.85,0.81,0.19,0.15,5.88,31.79,0.58,0.57,0.43,0.42,0.00,0.00,0.18,0.17,0.83,0.82,1.00,0.99,0.01,0.00
2026-02-14T16:49:24.013Z,69671.41,0.85,0.79,0.21,0.15,83.12,5.23,0.58,0.57,0.43,0.42,1.73,0.00,0.18,0.17,0.83,0.82,1.00,0.99,0.01,0.00
2026-02-14T16:49:24.113Z,69671.41,0.85,0.81,0.19,0.15,0.00,5.26,0.58,0.57,0.43,0.42,8.64,0.00,0.18,0.17,0.83,0.82,1.00,0.99,0.01,0.00
2026-02-14T16:49:24.213Z,69671.41,0.84,0.78,0.22,0.16,61.31,0.00,0.58,0.57,0.43,0.42,0.00,0.00,0.18,0.17,0.83,0.82,1.00,0.99,0.01,0.00
2026-02-14T16:49:24.313Z,69671.41,0.86,0.79,0.21,0.14,5.00,0.00,0.58,0.57,0.43,0.42,0.00,0.00,0.18,0.17,0.83,0.82,1.00,0.99,0.01,0.00
2026-02-14T16:49:24.413Z,69671.41,0.86,0.81,0.19,0.14,55.97,0.00,0.58,0.57,0.43,0.42,0.00,0.00,0.18,0.17,0.83,0.82,1.00,0.99,0.01,0.00
2026-02-14T16:49:24.613Z,69671.41,0.86,0.79,0.21,0.14,4.14,19.79,0.58,0.57,0.43,0.42,0.00,0.00,0.18,0.17,0.83,0.82,1.00,0.99,0.01,0.00
2026-02-14T16:49:24.814Z,69671.41,0.80,0.78,0.22,0.20,11.41,12.86,0.58,0.57,0.43,0.42,0.00,10.35,0.18,0.17,0.83,0.82,1.00,0.99,0.01,0.00
2026-02-14T16:49:25.115Z,69671.41,0.80,0.77,0.23,0.20,5.44,33.35,0.58,0.57,0.43,0.42,17.24,5.00,0.18,0.17,0.83,0.82,1.00,0.99,0.01,0.00
2026-02-14T16:49:25.315Z,69671.41,0.80,0.79,0.21,0.20,0.00,44.37,0.58,0.57,0.43,0.42,0.00,0.00,0.18,0.17,0.83,0.82,1.00,0.99,0.01,0.00
2026-02-14T16:49:25.515Z,69671.41,0.84,0.79,0.21,0.16,29.33,0.00,0.58,0.57,0.43,0.42,49.33,0.00,0.18,0.17,0.83,0.82,1.00,0.99,0.01,0.00
2026-02-14T16:49:25.616Z,69671.41,0.85,0.79,0.21,0.15,0.02,0.29,0.58,0.57,0.43,0.42,0.00,0.00,0.18,0.17,0.83,0.82,1.00,0.99,0.01,0.00
2026-02-14T16:49:25.816Z,69671.42,0.85,0.79,0.21,0.15,0.33,15.26,0.58,0.57,0.43,0.42,0.00,4.65,0.18,0.17,0.83,0.82,1.00,0.99,0.01,0.00
2026-02-14T16:49:26.017Z,69671.41,0.86,0.83,0.17,0.14,45.76,9.52,0.58,0.57,0.43,0.42,0.00,0.00,0.18,0.17,0.83,0.82,1.00,0.99,0.01,0.00
2026-02-14T16:49:26.216Z,69671.42,0.89,0.83,0.17,0.11,67.44,0.00,0.58,0.57,0.43,0.42,5.00,0.00,0.18,0.17,0.83,0.82,1.00,0.99,0.01,0.00
2026-02-14T16:49:26.317Z,69671.42,0.88,0.84,0.16,0.12,20.00,0.00,0.58,0.57,0.43,0.42,0.00,0.00,0.18,0.17,0.83,0.82,1.00,0.99,0.01,0.00
2026-02-14T16:49:26.817Z,69671.42,0.89,0.84,0.16,0.11,15.33,23.83,0.58,0.57,0.43,0.42,11.61,0.00,0.18,0.17,0.83,0.82,1.00,0.99,0.01,0.00
2026-02-14T16:49:27.121Z,69671.42,0.90,0.84,0.16,0.10,97.64,3.66,0.58,0.57,0.43,0.42,0.00,0.00,0.18,0.17,0.83,0.82,1.00,0.99,0.01,0.00
2026-02-14T16:49:27.321Z,69671.41,0.89,0.85,0.15,0.11,1.22,5.00,0.59,0.58,0.42,0.41,6.31,0.00,0.18,0.17,0.83,0.82,1.00,0.99,0.01,0.00
2026-02-14T16:49:27.422Z,69671.41,0.90,0.85,0.15,0.10,22.22,0.00,0.59,0.58,0.42,0.41,45.47,10.12,0.18,0.17,0.83,0.82,1.00,0.99,0.01,0.00
2026-02-14T16:49:27.822Z,69671.42,0.90,0.85,0.15,0.10,55.51,11.80,0.59,0.58,0.42,0.41,18.64,63.61,0.18,0.17,0.83,0.82,1.00,0.99,0.01,0.00
2026-02-14T16:49:27.922Z,69671.41,0.90,0.87,0.13,0.10,39.20,0.00,0.59,0.58,0.42,0.41,0.00,2.38,0.18,0.17,0.83,0.82,1.00,0.99,0.01,0.00
2026-02-14T16:49:28.123Z,69671.41,0.89,0.87,0.13,0.11,386.56,0.00,0.59,0.58,0.42,0.41,19.73,0.00,0.18,0.17,0.83,0.82,1.00,0.99,0.01,0.00
2026-02-14T16:49:28.223Z,69671.41,0.89,0.88,0.12,0.11,0.00,0.00,0.59,0.58,0.42,0.41,42.29,0.00,0.18,0.17,0.83,0.82,1.00,0.99,0.01,0.00
2026-02-14T16:49:28.422Z,69671.41,0.88,0.87,0.13,0.12,0.40,7.59,0.59,0.58,0.42,0.41,0.00,0.00,0.18,0.17,0.83,0.82,1.00,0.99,0.01,0.00
2026-02-14T16:49:28.522Z,69671.41,0.89,0.88,0.12,0.11,6.00,0.00,0.59,0.58,0.42,0.41,0.00,1.00,0.18,0.17,0.83,0.82,1.00,0.99,0.01,0.00
2026-02-14T16:49:28.822Z,69671.41,0.89,0.87,0.13,0.11,172.37,0.00,0.59,0.58,0.42,0.41,0.00,0.00,0.18,0.17,0.83,0.82,1.00,0.99,0.01,0.00
2026-02-14T16:49:29.022Z,69671.42,0.89,0.87,0.13,0.11,123.47,17.31,0.59,0.58,0.42,0.41,4.10,0.00,0.18,0.17,0.83,0.82,1.00,0.99,0.01,0.00
2026-02-14T16:49:29.123Z,69671.42,0.89,0.83,0.17,0.11,0.00,0.00,0.59,0.58,0.42,0.41,0.00,0.00,0.18,0.17,0.83,0.82,1.00,0.99,0.01,0.00
2026-02-14T16:49:29.223Z,69671.42,0.88,0.83,0.17,0.12,0.00,0.00,0.59,0.58,0.42,0.41,0.00,11.62,0.18,0.17,0.83,0.82,1.00,0.99,0.01,0.00
2026-02-14T16:49:29.324Z,69671.42,0.88,0.82,0.18,0.12,0.00,0.00,0.59,0.58,0.42,0.41,1.69,0.00,0.18,0.17,0.83,0.82,1.00,0.99,0.01,0.00
2026-02-14T16:49:29.524Z,69671.42,0.87,0.82,0.18,0.13,20.06,0.00,0.59,0.58,0.42,0.41,0.00,0.00,0.18,0.17,0.83,0.82,1.00,0.99,0.01,0.00
2026-02-14T16:49:29.725Z,69671.42,0.90,0.87,0.13,0.10,0.00,0.00,0.59,0.58,0.42,0.41,0.00,0.00,0.18,0.17,0.83,0.82,1.00,0.99,0.01,0.00
2026-02-14T16:49:29.825Z,69671.42,0.89,0.87,0.13,0.11,91.58,98.61,0.59,0.58,0.42,0.41,16.95,0.00,0.18,0.17,0.83,0.82,1.00,0.99,0.01,0.00
2026-02-14T16:49:29.926Z,69671.42,0.90,0.87,0.13,0.10,51.33,0.00,0.59,0.58,0.42,0.41,0.00,0.00,0.18,0.17,0.83,0.82,1.00,0.99,0.01,0.00
2026-02-14T16:49:30.127Z,69671.41,0.90,0.87,0.13,0.10,2.19,0.00,0.59,0.58,0.42,0.41,0.00,2.38,0.18,0.17,0.83,0.82,1.00,0.99,0.01,0.00
2026-02-14T16:49:30.227Z,69671.41,0.90,0.87,0.13,0.10,29.47,0.00,0.59,0.58,0.42,0.41,0.00,0.00,0.19,0.18,0.82,0.81,1.00,0.99,0.01,0.00
2026-02-14T16:49:30.527Z,69671.42,0.90,0.89,0.11,0.10,49.72,10.00,0.59,0.58,0.42,0.41,59.63,0.00,0.19,0.18,0.82,0.81,1.00,0.99,0.01,0.00
